#
# There is insufficient memory for the Java Runtime Environment to continue.
# Native memory allocation (mmap) failed to map 8388608 bytes. Error detail: G1 virtual space
# Possible reasons:
#   The system is out of physical RAM or swap space
#   This process is running with CompressedOops enabled, and the Java Heap may be blocking the growth of the native heap
# Possible solutions:
#   Reduce memory load on the system
#   Increase physical memory or swap space
#   Check if swap backing store is full
#   Decrease Java heap size (-Xmx/-Xms)
#   Decrease number of Java threads
#   Decrease Java thread stack sizes (-Xss)
#   Set larger code cache with -XX:ReservedCodeCacheSize=
#   JVM is running with Unscaled Compressed Oops mode in which the Java heap is
#     placed in the first 4GB address space. The Java Heap base address is the
#     maximum limit for the native heap growth. Please use -XX:HeapBaseMinAddress
#     to set the Java Heap base and to place the Java Heap above 4GB virtual address.
# This output file may be truncated or incomplete.
#
#  Out of Memory Error (os_windows.cpp:3925), pid=8724, tid=27160
#
# JRE version: OpenJDK Runtime Environment (21.0.9) (build 21.0.9+-14787801-b1163.94)
# Java VM: OpenJDK 64-Bit Server VM (21.0.9+-14787801-b1163.94, mixed mode, tiered, compressed oops, compressed class ptrs, g1 gc, windows-amd64)
# No core dump will be written. Minidumps are not enabled by default on client versions of Windows
#

---------------  S U M M A R Y ------------

Command Line: --add-opens=java.base/java.lang=ALL-UNNAMED --add-opens=java.base/java.lang.invoke=ALL-UNNAMED --add-opens=java.base/java.util=ALL-UNNAMED --add-opens=java.prefs/java.util.prefs=ALL-UNNAMED --add-exports=jdk.compiler/com.sun.tools.javac.api=ALL-UNNAMED --add-exports=jdk.compiler/com.sun.tools.javac.util=ALL-UNNAMED --add-opens=java.base/java.util=ALL-UNNAMED --add-opens=java.prefs/java.util.prefs=ALL-UNNAMED --add-opens=java.base/java.nio.charset=ALL-UNNAMED --add-opens=java.base/java.net=ALL-UNNAMED --add-opens=java.base/java.util.concurrent.atomic=ALL-UNNAMED --add-opens=java.xml/javax.xml.namespace=ALL-UNNAMED -Xmx1536m -Dfile.encoding=UTF-8 -Duser.country=US -Duser.language=en -Duser.variant -javaagent:C:\Users\admoi\.gradle\wrapper\dists\gradle-8.14.3-all\10utluxaxniiv4wxiphsi49nj\gradle-8.14.3\lib\agents\gradle-instrumentation-agent-8.14.3.jar org.gradle.launcher.daemon.bootstrap.GradleDaemon 8.14.3

Host: 12th Gen Intel(R) Core(TM) i5-12500H, 16 cores, 15G,  Windows 11 , 64 bit Build 26100 (10.0.26100.9444)
Time: Wed Sep  9 14:30:18 2026 SE Asia Standard Time elapsed time: 665.548716 seconds (0d 0h 11m 5s)

---------------  T H R E A D  ---------------

Current thread (0x0000023ae96f6bf0):  VMThread "VM Thread"          [id=27160, stack(0x0000005664d00000,0x0000005664e00000) (1024K)]

Stack: [0x0000005664d00000,0x0000005664e00000]
Native frames: (J=compiled Java code, j=interpreted, Vv=VM code, C=native code)
V  [jvm.dll+0x6d6c99]
V  [jvm.dll+0x866b83]
V  [jvm.dll+0x8691ae]
V  [jvm.dll+0x869893]
V  [jvm.dll+0x280776]
V  [jvm.dll+0x6d3555]
V  [jvm.dll+0x6c6bea]
V  [jvm.dll+0x3587fb]
V  [jvm.dll+0x360476]
V  [jvm.dll+0x3b2646]
V  [jvm.dll+0x3b2918]
V  [jvm.dll+0x32af0c]
V  [jvm.dll+0x32d916]
V  [jvm.dll+0x3377ed]
V  [jvm.dll+0x36ef55]
V  [jvm.dll+0x86f618]
V  [jvm.dll+0x870994]
V  [jvm.dll+0x870ed0]
V  [jvm.dll+0x871163]
V  [jvm.dll+0x80f118]
V  [jvm.dll+0x6d54ed]
C  [ucrtbase.dll+0x2cd30]
C  [KERNEL32.DLL+0x2cd87]
C  [ntdll.dll+0xacaec]

VM_Operation (0x00000056648ff5c0): G1PauseRemark, mode: safepoint, requested by thread 0x0000023ad1eeac50


---------------  P R O C E S S  ---------------

Threads class SMR info:
_java_thread_list=0x0000023aefba5240, length=114, elements={
0x0000023ad1e952a0, 0x0000023ae9751c10, 0x0000023ae9774f80, 0x0000023ae97779f0,
0x0000023ae9778bf0, 0x0000023ae975f280, 0x0000023ae9779650, 0x0000023ae977a0b0,
0x0000023ae975d9b0, 0x0000023ae9761900, 0x0000023aee086710, 0x0000023aef3202c0,
0x0000023aef498af0, 0x0000023aee4796f0, 0x0000023aee666d60, 0x0000023aef742c30,
0x0000023aef8a7f20, 0x0000023aef8ab3a0, 0x0000023aef8aad10, 0x0000023aef8a85b0,
0x0000023aef8a8c40, 0x0000023aef8aa680, 0x0000023aef8a92d0, 0x0000023aef8a9960,
0x0000023af06bd380, 0x0000023af06bda10, 0x0000023af06bbfd0, 0x0000023af06be0a0,
0x0000023af06bf450, 0x0000023af06be730, 0x0000023af06c28d0, 0x0000023af06c1520,
0x0000023af06c0800, 0x0000023af06c2240, 0x0000023af06c0170, 0x0000023af06c2f60,
0x0000023af06c35f0, 0x0000023af10307c0, 0x0000023af102ed80, 0x0000023af102d340,
0x0000023af1030e50, 0x0000023af102e6f0, 0x0000023af1032890, 0x0000023af1032200,
0x0000023af102f410, 0x0000023af10314e0, 0x0000023af1032f20, 0x0000023af102faa0,
0x0000023af1034960, 0x0000023af10342d0, 0x0000023af10335b0, 0x0000023af1033c40,
0x0000023af1031b70, 0x0000023af0730c60, 0x0000023af07333c0, 0x0000023af0732d30,
0x0000023af0732010, 0x0000023af072ff40, 0x0000023af0733a50, 0x0000023af07305d0,
0x0000023af07326a0, 0x0000023af07312f0, 0x0000023af0734e00, 0x0000023af0734770,
0x0000023af07340e0, 0x0000023af0731980, 0x0000023af0736840, 0x0000023af0736ed0,
0x0000023af0737560, 0x0000023af0735490, 0x0000023af0735b20, 0x0000023af07361b0,
0x0000023af0430240, 0x0000023af042fbb0, 0x0000023af0430f60, 0x0000023af0432310,
0x0000023af04308d0, 0x0000023af04329a0, 0x0000023af042f520, 0x0000023af04315f0,
0x0000023af0431c80, 0x0000023af27b2eb0, 0x0000023af27b2820, 0x0000023af27b3540,
0x0000023af27b1470, 0x0000023af27b00c0, 0x0000023af27b3bd0, 0x0000023af27b0de0,
0x0000023af27b1b00, 0x0000023af27b0750, 0x0000023af27b5ca0, 0x0000023af27b6330,
0x0000023af27b5610, 0x0000023af27b4260, 0x0000023af27b69c0, 0x0000023af03c4b80,
0x0000023af03c37d0, 0x0000023af03c65c0, 0x0000023af03c58a0, 0x0000023af03c6c50,
0x0000023af03c3e60, 0x0000023af03c5f30, 0x0000023af27b76e0, 0x0000023aef8a9ff0,
0x0000023af06bfae0, 0x0000023af34fea90, 0x0000023af34ff7b0, 0x0000023af34fd6e0,
0x0000023af35004d0, 0x0000023af34ff120, 0x0000023af0c94390, 0x0000023af2774800,
0x0000023aef7a4220, 0x0000023af254dc80
}

Java Threads: ( => current thread )
  0x0000023ad1e952a0 JavaThread "main"                              [_thread_blocked, id=28656, stack(0x0000005664600000,0x0000005664700000) (1024K)]
  0x0000023ae9751c10 JavaThread "Common-Cleaner"             daemon [_thread_blocked, id=27032, stack(0x0000005664e00000,0x0000005664f00000) (1024K)]
  0x0000023ae9774f80 JavaThread "Reference Handler"          daemon [_thread_blocked, id=27152, stack(0x0000005664f00000,0x0000005665000000) (1024K)]
  0x0000023ae97779f0 JavaThread "Finalizer"                  daemon [_thread_blocked, id=27640, stack(0x0000005665000000,0x0000005665100000) (1024K)]
  0x0000023ae9778bf0 JavaThread "Signal Dispatcher"          daemon [_thread_blocked, id=28668, stack(0x0000005665100000,0x0000005665200000) (1024K)]
  0x0000023ae975f280 JavaThread "Attach Listener"            daemon [_thread_blocked, id=28612, stack(0x0000005665200000,0x0000005665300000) (1024K)]
  0x0000023ae9779650 JavaThread "Service Thread"             daemon [_thread_blocked, id=28624, stack(0x0000005665300000,0x0000005665400000) (1024K)]
  0x0000023ae977a0b0 JavaThread "Monitor Deflation Thread"   daemon [_thread_blocked, id=28620, stack(0x0000005665400000,0x0000005665500000) (1024K)]
  0x0000023ae975d9b0 JavaThread "C2 CompilerThread0"         daemon [_thread_blocked, id=28616, stack(0x0000005665500000,0x0000005665600000) (1024K)]
  0x0000023ae9761900 JavaThread "C1 CompilerThread0"         daemon [_thread_blocked, id=28584, stack(0x0000005665600000,0x0000005665700000) (1024K)]
  0x0000023aee086710 JavaThread "Notification Thread"        daemon [_thread_blocked, id=22776, stack(0x0000005665a00000,0x0000005665b00000) (1024K)]
  0x0000023aef3202c0 JavaThread "Daemon health stats"               [_thread_blocked, id=30264, stack(0x0000005666000000,0x0000005666100000) (1024K)]
  0x0000023aef498af0 JavaThread "Incoming local TCP Connector on port 59074"        [_thread_in_native, id=25692, stack(0x0000005665700000,0x0000005665800000) (1024K)]
  0x0000023aee4796f0 JavaThread "Daemon periodic checks"            [_thread_blocked, id=25704, stack(0x0000005665800000,0x0000005665900000) (1024K)]
  0x0000023aee666d60 JavaThread "Daemon"                            [_thread_blocked, id=29636, stack(0x0000005665900000,0x0000005665a00000) (1024K)]
  0x0000023aef742c30 JavaThread "Handler for socket connection from /127.0.0.1:59074 to /127.0.0.1:59075"        [_thread_in_native, id=29372, stack(0x0000005666100000,0x0000005666200000) (1024K)]
  0x0000023aef8a7f20 JavaThread "Cancel handler"                    [_thread_blocked, id=29992, stack(0x0000005666200000,0x0000005666300000) (1024K)]
  0x0000023aef8ab3a0 JavaThread "Daemon worker"                     [_thread_blocked, id=30020, stack(0x0000005666300000,0x0000005666400000) (1024K)]
  0x0000023aef8aad10 JavaThread "Asynchronous log dispatcher for DefaultDaemonConnection: socket connection from /127.0.0.1:59074 to /127.0.0.1:59075"        [_thread_blocked, id=30164, stack(0x0000005666400000,0x0000005666500000) (1024K)]
  0x0000023aef8a85b0 JavaThread "Stdin handler"                     [_thread_blocked, id=30156, stack(0x0000005666500000,0x0000005666600000) (1024K)]
  0x0000023aef8a8c40 JavaThread "Daemon client event forwarder"        [_thread_blocked, id=30004, stack(0x0000005666600000,0x0000005666700000) (1024K)]
  0x0000023aef8aa680 JavaThread "Cache worker for journal cache (C:\Users\admoi\.gradle\caches\journal-1)"        [_thread_blocked, id=29276, stack(0x0000005667000000,0x0000005667100000) (1024K)]
  0x0000023aef8a92d0 JavaThread "File lock request listener"        [_thread_blocked, id=28544, stack(0x0000005667100000,0x0000005667200000) (1024K)]
  0x0000023aef8a9960 JavaThread "Cache worker for file hash cache (C:\Users\admoi\.gradle\caches\8.14.3\fileHashes)"        [_thread_blocked, id=27828, stack(0x0000005667200000,0x0000005667300000) (1024K)]
  0x0000023af06bd380 JavaThread "Cache worker for file hash cache (D:\BankSystemApp\frontend\android\.gradle\8.14.3\fileHashes)"        [_thread_blocked, id=29340, stack(0x0000005667500000,0x0000005667600000) (1024K)]
  0x0000023af06bda10 JavaThread "Cache worker for Build Output Cleanup Cache (D:\BankSystemApp\frontend\android\.gradle\buildOutputCleanup)"        [_thread_blocked, id=5384, stack(0x0000005667600000,0x0000005667700000) (1024K)]
  0x0000023af06bbfd0 JavaThread "File watcher server"        daemon [_thread_in_native, id=14752, stack(0x0000005667700000,0x0000005667800000) (1024K)]
  0x0000023af06be0a0 JavaThread "File watcher consumer"      daemon [_thread_blocked, id=3796, stack(0x0000005667800000,0x0000005667900000) (1024K)]
  0x0000023af06bf450 JavaThread "jar transforms"                    [_thread_blocked, id=30520, stack(0x0000005667900000,0x0000005667a00000) (1024K)]
  0x0000023af06be730 JavaThread "jar transforms Thread 2"           [_thread_blocked, id=30420, stack(0x0000005667400000,0x0000005667500000) (1024K)]
  0x0000023af06c28d0 JavaThread "Cache worker for checksums cache (D:\BankSystemApp\frontend\android\.gradle\8.14.3\checksums)"        [_thread_blocked, id=15844, stack(0x0000005667b00000,0x0000005667c00000) (1024K)]
  0x0000023af06c1520 JavaThread "Cache worker for file content cache (C:\Users\admoi\.gradle\caches\8.14.3\fileContent)"        [_thread_blocked, id=30488, stack(0x0000005667c00000,0x0000005667d00000) (1024K)]
  0x0000023af06c0800 JavaThread "jar transforms Thread 3"           [_thread_blocked, id=11192, stack(0x0000005667d00000,0x0000005667e00000) (1024K)]
  0x0000023af06c2240 JavaThread "jar transforms Thread 4"           [_thread_blocked, id=32904, stack(0x0000005667e00000,0x0000005667f00000) (1024K)]
  0x0000023af06c0170 JavaThread "jar transforms Thread 5"           [_thread_blocked, id=35112, stack(0x0000005667a00000,0x0000005667b00000) (1024K)]
  0x0000023af06c2f60 JavaThread "jar transforms Thread 6"           [_thread_blocked, id=24580, stack(0x0000005664400000,0x0000005664500000) (1024K)]
  0x0000023af06c35f0 JavaThread "Cache worker for cache directory md-supplier (C:\Users\admoi\.gradle\caches\8.14.3\md-supplier)"        [_thread_blocked, id=4464, stack(0x0000005664500000,0x0000005664600000) (1024K)]
  0x0000023af10307c0 JavaThread "Cache worker for cache directory md-rule (C:\Users\admoi\.gradle\caches\8.14.3\md-rule)"        [_thread_blocked, id=15100, stack(0x0000005667f00000,0x0000005668000000) (1024K)]
  0x0000023af102ed80 JavaThread "jar transforms Thread 7"           [_thread_blocked, id=21692, stack(0x0000005668000000,0x0000005668100000) (1024K)]
  0x0000023af102d340 JavaThread "Unconstrained build operations"        [_thread_blocked, id=36388, stack(0x0000005668200000,0x0000005668300000) (1024K)]
  0x0000023af1030e50 JavaThread "Unconstrained build operations Thread 2"        [_thread_blocked, id=36392, stack(0x0000005668300000,0x0000005668400000) (1024K)]
  0x0000023af102e6f0 JavaThread "Unconstrained build operations Thread 3"        [_thread_blocked, id=36396, stack(0x0000005668400000,0x0000005668500000) (1024K)]
  0x0000023af1032890 JavaThread "Unconstrained build operations Thread 4"        [_thread_blocked, id=36400, stack(0x0000005668500000,0x0000005668600000) (1024K)]
  0x0000023af1032200 JavaThread "Unconstrained build operations Thread 5"        [_thread_blocked, id=36404, stack(0x0000005668600000,0x0000005668700000) (1024K)]
  0x0000023af102f410 JavaThread "Unconstrained build operations Thread 6"        [_thread_blocked, id=36408, stack(0x0000005668700000,0x0000005668800000) (1024K)]
  0x0000023af10314e0 JavaThread "Unconstrained build operations Thread 7"        [_thread_blocked, id=36412, stack(0x0000005668800000,0x0000005668900000) (1024K)]
  0x0000023af1032f20 JavaThread "Unconstrained build operations Thread 8"        [_thread_blocked, id=36416, stack(0x0000005668900000,0x0000005668a00000) (1024K)]
  0x0000023af102faa0 JavaThread "Unconstrained build operations Thread 9"        [_thread_blocked, id=36420, stack(0x0000005668a00000,0x0000005668b00000) (1024K)]
  0x0000023af1034960 JavaThread "Unconstrained build operations Thread 10"        [_thread_blocked, id=36424, stack(0x0000005668b00000,0x0000005668c00000) (1024K)]
  0x0000023af10342d0 JavaThread "Unconstrained build operations Thread 11"        [_thread_blocked, id=36428, stack(0x0000005668c00000,0x0000005668d00000) (1024K)]
  0x0000023af10335b0 JavaThread "Unconstrained build operations Thread 12"        [_thread_blocked, id=36432, stack(0x0000005668d00000,0x0000005668e00000) (1024K)]
  0x0000023af1033c40 JavaThread "Unconstrained build operations Thread 13"        [_thread_blocked, id=36436, stack(0x0000005668e00000,0x0000005668f00000) (1024K)]
  0x0000023af1031b70 JavaThread "Unconstrained build operations Thread 14"        [_thread_blocked, id=36440, stack(0x0000005668f00000,0x0000005669000000) (1024K)]
  0x0000023af0730c60 JavaThread "Unconstrained build operations Thread 15"        [_thread_blocked, id=36444, stack(0x0000005669000000,0x0000005669100000) (1024K)]
  0x0000023af07333c0 JavaThread "Unconstrained build operations Thread 16"        [_thread_blocked, id=29352, stack(0x0000005668100000,0x0000005668200000) (1024K)]
  0x0000023af0732d30 JavaThread "Unconstrained build operations Thread 17"        [_thread_blocked, id=29476, stack(0x0000005669100000,0x0000005669200000) (1024K)]
  0x0000023af0732010 JavaThread "Unconstrained build operations Thread 18"        [_thread_blocked, id=29384, stack(0x0000005669200000,0x0000005669300000) (1024K)]
  0x0000023af072ff40 JavaThread "Unconstrained build operations Thread 19"        [_thread_blocked, id=29456, stack(0x0000005669300000,0x0000005669400000) (1024K)]
  0x0000023af0733a50 JavaThread "Unconstrained build operations Thread 20"        [_thread_blocked, id=29528, stack(0x0000005669400000,0x0000005669500000) (1024K)]
  0x0000023af07305d0 JavaThread "Unconstrained build operations Thread 21"        [_thread_blocked, id=25816, stack(0x0000005669500000,0x0000005669600000) (1024K)]
  0x0000023af07326a0 JavaThread "Unconstrained build operations Thread 22"        [_thread_blocked, id=18952, stack(0x0000005669600000,0x0000005669700000) (1024K)]
  0x0000023af07312f0 JavaThread "Unconstrained build operations Thread 23"        [_thread_blocked, id=29092, stack(0x0000005669700000,0x0000005669800000) (1024K)]
  0x0000023af0734e00 JavaThread "Unconstrained build operations Thread 24"        [_thread_blocked, id=29272, stack(0x0000005669800000,0x0000005669900000) (1024K)]
  0x0000023af0734770 JavaThread "Unconstrained build operations Thread 25"        [_thread_blocked, id=29512, stack(0x0000005669900000,0x0000005669a00000) (1024K)]
  0x0000023af07340e0 JavaThread "Unconstrained build operations Thread 26"        [_thread_blocked, id=12500, stack(0x0000005669a00000,0x0000005669b00000) (1024K)]
  0x0000023af0731980 JavaThread "Unconstrained build operations Thread 27"        [_thread_blocked, id=29524, stack(0x0000005669b00000,0x0000005669c00000) (1024K)]
  0x0000023af0736840 JavaThread "Unconstrained build operations Thread 28"        [_thread_blocked, id=29332, stack(0x0000005669c00000,0x0000005669d00000) (1024K)]
  0x0000023af0736ed0 JavaThread "Unconstrained build operations Thread 29"        [_thread_blocked, id=29336, stack(0x0000005669d00000,0x0000005669e00000) (1024K)]
  0x0000023af0737560 JavaThread "Unconstrained build operations Thread 30"        [_thread_blocked, id=29556, stack(0x0000005669e00000,0x0000005669f00000) (1024K)]
  0x0000023af0735490 JavaThread "Unconstrained build operations Thread 31"        [_thread_blocked, id=29532, stack(0x0000005669f00000,0x000000566a000000) (1024K)]
  0x0000023af0735b20 JavaThread "Unconstrained build operations Thread 32"        [_thread_blocked, id=29320, stack(0x000000566a000000,0x000000566a100000) (1024K)]
  0x0000023af07361b0 JavaThread "Unconstrained build operations Thread 33"        [_thread_blocked, id=33976, stack(0x000000566a100000,0x000000566a200000) (1024K)]
  0x0000023af0430240 JavaThread "Unconstrained build operations Thread 34"        [_thread_blocked, id=33988, stack(0x000000566a200000,0x000000566a300000) (1024K)]
  0x0000023af042fbb0 JavaThread "Unconstrained build operations Thread 35"        [_thread_blocked, id=29224, stack(0x000000566a300000,0x000000566a400000) (1024K)]
  0x0000023af0430f60 JavaThread "Unconstrained build operations Thread 36"        [_thread_blocked, id=29504, stack(0x000000566a400000,0x000000566a500000) (1024K)]
  0x0000023af0432310 JavaThread "Unconstrained build operations Thread 37"        [_thread_blocked, id=34056, stack(0x000000566a500000,0x000000566a600000) (1024K)]
  0x0000023af04308d0 JavaThread "Unconstrained build operations Thread 38"        [_thread_blocked, id=29508, stack(0x000000566a600000,0x000000566a700000) (1024K)]
  0x0000023af04329a0 JavaThread "Unconstrained build operations Thread 39"        [_thread_blocked, id=34072, stack(0x000000566a700000,0x000000566a800000) (1024K)]
  0x0000023af042f520 JavaThread "Unconstrained build operations Thread 40"        [_thread_blocked, id=29520, stack(0x000000566a800000,0x000000566a900000) (1024K)]
  0x0000023af04315f0 JavaThread "Unconstrained build operations Thread 41"        [_thread_blocked, id=27996, stack(0x000000566a900000,0x000000566aa00000) (1024K)]
  0x0000023af0431c80 JavaThread "Unconstrained build operations Thread 42"        [_thread_blocked, id=27992, stack(0x000000566aa00000,0x000000566ab00000) (1024K)]
  0x0000023af27b2eb0 JavaThread "Unconstrained build operations Thread 43"        [_thread_blocked, id=27988, stack(0x000000566ab00000,0x000000566ac00000) (1024K)]
  0x0000023af27b2820 JavaThread "Unconstrained build operations Thread 44"        [_thread_blocked, id=26972, stack(0x000000566ac00000,0x000000566ad00000) (1024K)]
  0x0000023af27b3540 JavaThread "Unconstrained build operations Thread 45"        [_thread_blocked, id=15604, stack(0x000000566ad00000,0x000000566ae00000) (1024K)]
  0x0000023af27b1470 JavaThread "jar transforms Thread 8"           [_thread_blocked, id=38172, stack(0x000000566ae00000,0x000000566af00000) (1024K)]
  0x0000023af27b00c0 JavaThread "jar transforms Thread 9"           [_thread_blocked, id=38528, stack(0x000000566af00000,0x000000566b000000) (1024K)]
  0x0000023af27b3bd0 JavaThread "jar transforms Thread 10"          [_thread_blocked, id=28680, stack(0x000000566b000000,0x000000566b100000) (1024K)]
  0x0000023af27b0de0 JavaThread "jar transforms Thread 11"          [_thread_blocked, id=38316, stack(0x000000566b100000,0x000000566b200000) (1024K)]
  0x0000023af27b1b00 JavaThread "jar transforms Thread 12"          [_thread_blocked, id=40800, stack(0x000000566b200000,0x000000566b300000) (1024K)]
  0x0000023af27b0750 JavaThread "Memory manager"                    [_thread_blocked, id=39980, stack(0x000000566b300000,0x000000566b400000) (1024K)]
  0x0000023af27b5ca0 JavaThread "jar transforms Thread 13"          [_thread_blocked, id=39792, stack(0x000000566b400000,0x000000566b500000) (1024K)]
  0x0000023af27b6330 JavaThread "jar transforms Thread 14"          [_thread_blocked, id=30988, stack(0x000000566b700000,0x000000566b800000) (1024K)]
  0x0000023af27b5610 JavaThread "jar transforms Thread 15"          [_thread_blocked, id=11968, stack(0x000000566b500000,0x000000566b600000) (1024K)]
  0x0000023af27b4260 JavaThread "File lock release action executor Thread 5"        [_thread_blocked, id=26804, stack(0x0000005667300000,0x0000005667400000) (1024K)]
  0x0000023af27b69c0 JavaThread "jar transforms Thread 16"          [_thread_blocked, id=31192, stack(0x000000566b600000,0x000000566b700000) (1024K)]
  0x0000023af03c4b80 JavaThread "Unconstrained build operations Thread 46"        [_thread_blocked, id=39776, stack(0x000000566b800000,0x000000566b900000) (1024K)]
  0x0000023af03c37d0 JavaThread "Unconstrained build operations Thread 47"        [_thread_blocked, id=55620, stack(0x000000566ba00000,0x000000566bb00000) (1024K)]
  0x0000023af03c65c0 JavaThread "Unconstrained build operations Thread 48"        [_thread_blocked, id=40400, stack(0x000000566bb00000,0x000000566bc00000) (1024K)]
  0x0000023af03c58a0 JavaThread "Unconstrained build operations Thread 49"        [_thread_blocked, id=53564, stack(0x000000566bc00000,0x000000566bd00000) (1024K)]
  0x0000023af03c6c50 JavaThread "Unconstrained build operations Thread 50"        [_thread_blocked, id=55580, stack(0x000000566bd00000,0x000000566be00000) (1024K)]
  0x0000023af03c3e60 JavaThread "Unconstrained build operations Thread 51"        [_thread_blocked, id=42392, stack(0x000000566be00000,0x000000566bf00000) (1024K)]
  0x0000023af03c5f30 JavaThread "Unconstrained build operations Thread 52"        [_thread_blocked, id=21628, stack(0x000000566bf00000,0x000000566c000000) (1024K)]
  0x0000023af27b76e0 JavaThread "Unconstrained build operations Thread 53"        [_thread_blocked, id=56228, stack(0x000000566c000000,0x000000566c100000) (1024K)]
  0x0000023aef8a9ff0 JavaThread "Unconstrained build operations Thread 54"        [_thread_blocked, id=46196, stack(0x000000566c100000,0x000000566c200000) (1024K)]
  0x0000023af06bfae0 JavaThread "Unconstrained build operations Thread 55"        [_thread_blocked, id=56076, stack(0x000000566c200000,0x000000566c300000) (1024K)]
  0x0000023af34fea90 JavaThread "Unconstrained build operations Thread 56"        [_thread_blocked, id=55676, stack(0x000000566c300000,0x000000566c400000) (1024K)]
  0x0000023af34ff7b0 JavaThread "Unconstrained build operations Thread 57"        [_thread_blocked, id=41876, stack(0x000000566c400000,0x000000566c500000) (1024K)]
  0x0000023af34fd6e0 JavaThread "Unconstrained build operations Thread 58"        [_thread_blocked, id=56204, stack(0x000000566c500000,0x000000566c600000) (1024K)]
  0x0000023af35004d0 JavaThread "Unconstrained build operations Thread 59"        [_thread_blocked, id=55420, stack(0x000000566c600000,0x000000566c700000) (1024K)]
  0x0000023af34ff120 JavaThread "Unconstrained build operations Thread 60"        [_thread_blocked, id=55664, stack(0x000000566c700000,0x000000566c800000) (1024K)]
  0x0000023af0c94390 JavaThread "C2 CompilerThread1"         daemon [_thread_blocked, id=56120, stack(0x000000566c800000,0x000000566c900000) (1024K)]
  0x0000023af2774800 JavaThread "C1 CompilerThread1"         daemon [_thread_blocked, id=45076, stack(0x000000566ca00000,0x000000566cb00000) (1024K)]
  0x0000023aef7a4220 JavaThread "C1 CompilerThread2"         daemon [_thread_blocked, id=42268, stack(0x000000566cb00000,0x000000566cc00000) (1024K)]
  0x0000023af254dc80 JavaThread "C1 CompilerThread3"         daemon [_thread_blocked, id=39892, stack(0x000000566cc00000,0x000000566cd00000) (1024K)]
Total: 114

Other Threads:
=>0x0000023ae96f6bf0 VMThread "VM Thread"                           [id=27160, stack(0x0000005664d00000,0x0000005664e00000) (1024K)]
  0x0000023ae9665150 WatcherThread "VM Periodic Task Thread"        [id=26884, stack(0x0000005664c00000,0x0000005664d00000) (1024K)]
  0x0000023ad1edcc60 WorkerThread "GC Thread#0"                     [id=28660, stack(0x0000005664700000,0x0000005664800000) (1024K)]
  0x0000023aee5c4410 WorkerThread "GC Thread#1"                     [id=28904, stack(0x0000005665b00000,0x0000005665c00000) (1024K)]
  0x0000023aee5c47b0 WorkerThread "GC Thread#2"                     [id=28908, stack(0x0000005665c00000,0x0000005665d00000) (1024K)]
  0x0000023aee5c4b50 WorkerThread "GC Thread#3"                     [id=28912, stack(0x0000005665d00000,0x0000005665e00000) (1024K)]
  0x0000023aee5c4ef0 WorkerThread "GC Thread#4"                     [id=28916, stack(0x0000005665e00000,0x0000005665f00000) (1024K)]
  0x0000023aee4cecc0 WorkerThread "GC Thread#5"                     [id=28920, stack(0x0000005665f00000,0x0000005666000000) (1024K)]
  0x0000023aee634ed0 WorkerThread "GC Thread#6"                     [id=27140, stack(0x0000005666700000,0x0000005666800000) (1024K)]
  0x0000023aee634b30 WorkerThread "GC Thread#7"                     [id=30104, stack(0x0000005666800000,0x0000005666900000) (1024K)]
  0x0000023aee635270 WorkerThread "GC Thread#8"                     [id=30124, stack(0x0000005666900000,0x0000005666a00000) (1024K)]
  0x0000023aee6343f0 WorkerThread "GC Thread#9"                     [id=30120, stack(0x0000005666a00000,0x0000005666b00000) (1024K)]
  0x0000023aee633910 WorkerThread "GC Thread#10"                    [id=30084, stack(0x0000005666b00000,0x0000005666c00000) (1024K)]
  0x0000023aee633cb0 WorkerThread "GC Thread#11"                    [id=30048, stack(0x0000005666c00000,0x0000005666d00000) (1024K)]
  0x0000023aee634050 WorkerThread "GC Thread#12"                    [id=28628, stack(0x0000005666d00000,0x0000005666e00000) (1024K)]
  0x0000023ad1eeac50 ConcurrentGCThread "G1 Main Marker"            [id=11580, stack(0x0000005664800000,0x0000005664900000) (1024K)]
  0x0000023ad1eebf60 WorkerThread "G1 Conc#0"                       [id=27376, stack(0x0000005664900000,0x0000005664a00000) (1024K)]
  0x0000023aee634790 WorkerThread "G1 Conc#1"                       [id=30016, stack(0x0000005666e00000,0x0000005666f00000) (1024K)]
  0x0000023aee2d1300 WorkerThread "G1 Conc#2"                       [id=28640, stack(0x0000005666f00000,0x0000005667000000) (1024K)]
  0x0000023ae95346b0 ConcurrentGCThread "G1 Refine#0"               [id=27088, stack(0x0000005664a00000,0x0000005664b00000) (1024K)]
  0x0000023ae9535030 ConcurrentGCThread "G1 Service"                [id=27824, stack(0x0000005664b00000,0x0000005664c00000) (1024K)]
Total: 21

Threads with active compile tasks:
Total: 0

VM state: at safepoint (normal execution)

VM Mutex/Monitor currently owned by a thread:  ([mutex/lock_event])
[0x00007ffc3ca58690] Threads_lock - owner thread: 0x0000023ae96f6bf0
[0x00007ffc3ca58790] Heap_lock - owner thread: 0x0000023ad1eeac50

Heap address: 0x00000000a0000000, size: 1536 MB, Compressed Oops mode: 32-bit

CDS archive(s) not mapped
Compressed class space mapped at: 0x0000000100000000-0x0000000140000000, reserved size: 1073741824
Narrow klass base: 0x0000000000000000, Narrow klass shift: 3, Narrow klass range: 0x140000000

GC Precious Log:
 CardTable entry size: 512
 Card Set container configuration: InlinePtr #cards 5 size 8 Array Of Cards #cards 12 size 40 Howl #buckets 4 coarsen threshold 1843 Howl Bitmap #cards 512 size 80 coarsen threshold 460 Card regions per heap region 1 cards per card region 2048
 CPUs: 16 total, 16 available
 Memory: 16051M
 Large Page Support: Disabled
 NUMA Support: Disabled
 Compressed Oops: Enabled (32-bit)
 Heap Region Size: 1M
 Heap Min Capacity: 8M
 Heap Initial Capacity: 252M
 Heap Max Capacity: 1536M
 Pre-touch: Disabled
 Parallel Workers: 13
 Concurrent Workers: 3
 Concurrent Refinement Workers: 13
 Periodic GC: Disabled

Heap:
 garbage-first heap   total 132096K, used 92332K [0x00000000a0000000, 0x0000000100000000)
  region size 1024K, 13 young (13312K), 3 survivors (3072K)
 Metaspace       used 89633K, committed 91584K, reserved 1179648K
  class space    used 12513K, committed 13440K, reserved 1048576K

Heap Regions: E=young(eden), S=young(survivor), O=old, HS=humongous(starts), HC=humongous(continues), CS=collection set, F=free, TAMS=top-at-mark-start, PB=parsable bottom
|   0|0x00000000a0000000, 0x00000000a0100000, 0x00000000a0100000|100%|HS|  |TAMS 0x00000000a0100000| PB 0x00000000a0000000| Complete 
|   1|0x00000000a0100000, 0x00000000a0200000, 0x00000000a0200000|100%|HC|  |TAMS 0x00000000a0200000| PB 0x00000000a0100000| Complete 
|   2|0x00000000a0200000, 0x00000000a0300000, 0x00000000a0300000|100%|HC|  |TAMS 0x00000000a0300000| PB 0x00000000a0200000| Complete 
|   3|0x00000000a0300000, 0x00000000a0400000, 0x00000000a0400000|100%| O|  |TAMS 0x00000000a0400000| PB 0x00000000a0400000| Untracked 
|   4|0x00000000a0400000, 0x00000000a0500000, 0x00000000a0500000|100%| O|  |TAMS 0x00000000a0500000| PB 0x00000000a0500000| Untracked 
|   5|0x00000000a0500000, 0x00000000a0600000, 0x00000000a0600000|100%| O|  |TAMS 0x00000000a0600000| PB 0x00000000a0600000| Untracked 
|   6|0x00000000a0600000, 0x00000000a0700000, 0x00000000a0700000|100%|HS|  |TAMS 0x00000000a0700000| PB 0x00000000a0600000| Complete 
|   7|0x00000000a0700000, 0x00000000a0800000, 0x00000000a0800000|100%| O|  |TAMS 0x00000000a0800000| PB 0x00000000a0800000| Untracked 
|   8|0x00000000a0800000, 0x00000000a0900000, 0x00000000a0900000|100%| O|  |TAMS 0x00000000a0900000| PB 0x00000000a0900000| Untracked 
|   9|0x00000000a0900000, 0x00000000a0a00000, 0x00000000a0a00000|100%| O|  |TAMS 0x00000000a0a00000| PB 0x00000000a0a00000| Untracked 
|  10|0x00000000a0a00000, 0x00000000a0b00000, 0x00000000a0b00000|100%| O|  |TAMS 0x00000000a0b00000| PB 0x00000000a0b00000| Untracked 
|  11|0x00000000a0b00000, 0x00000000a0c00000, 0x00000000a0c00000|100%| O|  |TAMS 0x00000000a0c00000| PB 0x00000000a0c00000| Untracked 
|  12|0x00000000a0c00000, 0x00000000a0d00000, 0x00000000a0d00000|100%| O|  |TAMS 0x00000000a0d00000| PB 0x00000000a0d00000| Untracked 
|  13|0x00000000a0d00000, 0x00000000a0e00000, 0x00000000a0e00000|100%| O|  |TAMS 0x00000000a0e00000| PB 0x00000000a0e00000| Untracked 
|  14|0x00000000a0e00000, 0x00000000a0f00000, 0x00000000a0f00000|100%| O|  |TAMS 0x00000000a0f00000| PB 0x00000000a0f00000| Untracked 
|  15|0x00000000a0f00000, 0x00000000a1000000, 0x00000000a1000000|100%| O|  |TAMS 0x00000000a1000000| PB 0x00000000a1000000| Untracked 
|  16|0x00000000a1000000, 0x00000000a1100000, 0x00000000a1100000|100%| O|  |TAMS 0x00000000a1100000| PB 0x00000000a1100000| Untracked 
|  17|0x00000000a1100000, 0x00000000a1200000, 0x00000000a1200000|100%| O|  |TAMS 0x00000000a1200000| PB 0x00000000a1200000| Updating 
|  18|0x00000000a1200000, 0x00000000a1300000, 0x00000000a1300000|100%| O|  |TAMS 0x00000000a1300000| PB 0x00000000a1300000| Untracked 
|  19|0x00000000a1300000, 0x00000000a1400000, 0x00000000a1400000|100%| O|  |TAMS 0x00000000a1400000| PB 0x00000000a1400000| Untracked 
|  20|0x00000000a1400000, 0x00000000a1500000, 0x00000000a1500000|100%| O|  |TAMS 0x00000000a1500000| PB 0x00000000a1500000| Untracked 
|  21|0x00000000a1500000, 0x00000000a1600000, 0x00000000a1600000|100%| O|  |TAMS 0x00000000a1600000| PB 0x00000000a1600000| Untracked 
|  22|0x00000000a1600000, 0x00000000a1700000, 0x00000000a1700000|100%| O|  |TAMS 0x00000000a1700000| PB 0x00000000a1700000| Updating 
|  23|0x00000000a1700000, 0x00000000a1800000, 0x00000000a1800000|100%| O|  |TAMS 0x00000000a1800000| PB 0x00000000a1800000| Untracked 
|  24|0x00000000a1800000, 0x00000000a1900000, 0x00000000a1900000|100%| O|  |TAMS 0x00000000a1900000| PB 0x00000000a1900000| Untracked 
|  25|0x00000000a1900000, 0x00000000a1a00000, 0x00000000a1a00000|100%| O|  |TAMS 0x00000000a1a00000| PB 0x00000000a1a00000| Untracked 
|  26|0x00000000a1a00000, 0x00000000a1b00000, 0x00000000a1b00000|100%| O|  |TAMS 0x00000000a1b00000| PB 0x00000000a1b00000| Untracked 
|  27|0x00000000a1b00000, 0x00000000a1c00000, 0x00000000a1c00000|100%| O|  |TAMS 0x00000000a1c00000| PB 0x00000000a1c00000| Untracked 
|  28|0x00000000a1c00000, 0x00000000a1d00000, 0x00000000a1d00000|100%|HS|  |TAMS 0x00000000a1d00000| PB 0x00000000a1c00000| Complete 
|  29|0x00000000a1d00000, 0x00000000a1e00000, 0x00000000a1e00000|100%|HS|  |TAMS 0x00000000a1e00000| PB 0x00000000a1d00000| Complete 
|  30|0x00000000a1e00000, 0x00000000a1f00000, 0x00000000a1f00000|100%| O|  |TAMS 0x00000000a1f00000| PB 0x00000000a1f00000| Untracked 
|  31|0x00000000a1f00000, 0x00000000a2000000, 0x00000000a2000000|100%| O|  |TAMS 0x00000000a2000000| PB 0x00000000a2000000| Untracked 
|  32|0x00000000a2000000, 0x00000000a2100000, 0x00000000a2100000|100%| O|  |TAMS 0x00000000a2100000| PB 0x00000000a2100000| Untracked 
|  33|0x00000000a2100000, 0x00000000a2200000, 0x00000000a2200000|100%| O|  |TAMS 0x00000000a2200000| PB 0x00000000a2200000| Untracked 
|  34|0x00000000a2200000, 0x00000000a2300000, 0x00000000a2300000|100%|HS|  |TAMS 0x00000000a2300000| PB 0x00000000a2200000| Complete 
|  35|0x00000000a2300000, 0x00000000a2400000, 0x00000000a2400000|100%|HS|  |TAMS 0x00000000a2400000| PB 0x00000000a2300000| Complete 
|  36|0x00000000a2400000, 0x00000000a2500000, 0x00000000a2500000|100%| O|  |TAMS 0x00000000a2500000| PB 0x00000000a2500000| Untracked 
|  37|0x00000000a2500000, 0x00000000a2600000, 0x00000000a2600000|100%| O|  |TAMS 0x00000000a2600000| PB 0x00000000a2600000| Untracked 
|  38|0x00000000a2600000, 0x00000000a2700000, 0x00000000a2700000|100%| O|  |TAMS 0x00000000a2700000| PB 0x00000000a2700000| Untracked 
|  39|0x00000000a2700000, 0x00000000a2800000, 0x00000000a2800000|100%| O|  |TAMS 0x00000000a2800000| PB 0x00000000a2800000| Updating 
|  40|0x00000000a2800000, 0x00000000a2900000, 0x00000000a2900000|100%| O|  |TAMS 0x00000000a2900000| PB 0x00000000a2900000| Untracked 
|  41|0x00000000a2900000, 0x00000000a2a00000, 0x00000000a2a00000|100%| O|  |TAMS 0x00000000a2a00000| PB 0x00000000a2a00000| Untracked 
|  42|0x00000000a2a00000, 0x00000000a2b00000, 0x00000000a2b00000|100%| O|  |TAMS 0x00000000a2b00000| PB 0x00000000a2b00000| Untracked 
|  43|0x00000000a2b00000, 0x00000000a2c00000, 0x00000000a2c00000|100%| O|  |TAMS 0x00000000a2c00000| PB 0x00000000a2c00000| Untracked 
|  44|0x00000000a2c00000, 0x00000000a2d00000, 0x00000000a2d00000|100%|HS|  |TAMS 0x00000000a2d00000| PB 0x00000000a2c00000| Complete 
|  45|0x00000000a2d00000, 0x00000000a2e00000, 0x00000000a2e00000|100%|HS|  |TAMS 0x00000000a2e00000| PB 0x00000000a2d00000| Complete 
|  46|0x00000000a2e00000, 0x00000000a2f00000, 0x00000000a2f00000|100%| O|  |TAMS 0x00000000a2f00000| PB 0x00000000a2f00000| Untracked 
|  47|0x00000000a2f00000, 0x00000000a3000000, 0x00000000a3000000|100%| O|  |TAMS 0x00000000a3000000| PB 0x00000000a3000000| Untracked 
|  48|0x00000000a3000000, 0x00000000a3100000, 0x00000000a3100000|100%| O|  |TAMS 0x00000000a3100000| PB 0x00000000a3100000| Untracked 
|  49|0x00000000a3100000, 0x00000000a3200000, 0x00000000a3200000|100%| O|  |TAMS 0x00000000a3200000| PB 0x00000000a3200000| Untracked 
|  50|0x00000000a3200000, 0x00000000a3300000, 0x00000000a3300000|100%| O|  |TAMS 0x00000000a3300000| PB 0x00000000a3300000| Untracked 
|  51|0x00000000a3300000, 0x00000000a3400000, 0x00000000a3400000|100%|HS|  |TAMS 0x00000000a3400000| PB 0x00000000a3300000| Complete 
|  52|0x00000000a3400000, 0x00000000a3500000, 0x00000000a3500000|100%| O|  |TAMS 0x00000000a3500000| PB 0x00000000a3500000| Untracked 
|  53|0x00000000a3500000, 0x00000000a3600000, 0x00000000a3600000|100%| O|  |TAMS 0x00000000a3600000| PB 0x00000000a3600000| Untracked 
|  54|0x00000000a3600000, 0x00000000a3700000, 0x00000000a3700000|100%| O|  |TAMS 0x00000000a3700000| PB 0x00000000a3700000| Untracked 
|  55|0x00000000a3700000, 0x00000000a3800000, 0x00000000a3800000|100%| O|  |TAMS 0x00000000a3800000| PB 0x00000000a3800000| Untracked 
|  56|0x00000000a3800000, 0x00000000a3900000, 0x00000000a3900000|100%| O|  |TAMS 0x00000000a3900000| PB 0x00000000a3900000| Untracked 
|  57|0x00000000a3900000, 0x00000000a3a00000, 0x00000000a3a00000|100%| O|  |TAMS 0x00000000a3a00000| PB 0x00000000a3a00000| Updating 
|  58|0x00000000a3a00000, 0x00000000a3b00000, 0x00000000a3b00000|100%| O|  |TAMS 0x00000000a3b00000| PB 0x00000000a3b00000| Untracked 
|  59|0x00000000a3b00000, 0x00000000a3c00000, 0x00000000a3c00000|100%| O|  |TAMS 0x00000000a3c00000| PB 0x00000000a3c00000| Untracked 
|  60|0x00000000a3c00000, 0x00000000a3d00000, 0x00000000a3d00000|100%| O|  |TAMS 0x00000000a3d00000| PB 0x00000000a3d00000| Untracked 
|  61|0x00000000a3d00000, 0x00000000a3e00000, 0x00000000a3e00000|100%| O|  |TAMS 0x00000000a3d00000| PB 0x00000000a3d00000| Untracked 
|  62|0x00000000a3e00000, 0x00000000a3f00000, 0x00000000a3f00000|100%| O|  |TAMS 0x00000000a3f00000| PB 0x00000000a3f00000| Updating 
|  63|0x00000000a3f00000, 0x00000000a4000000, 0x00000000a4000000|100%| O|  |TAMS 0x00000000a4000000| PB 0x00000000a4000000| Untracked 
|  64|0x00000000a4000000, 0x00000000a4100000, 0x00000000a4100000|100%| O|  |TAMS 0x00000000a4039c30| PB 0x00000000a4039c30| Untracked 
|  65|0x00000000a4100000, 0x00000000a4200000, 0x00000000a4200000|100%| O|  |TAMS 0x00000000a4100000| PB 0x00000000a4100000| Untracked 
|  66|0x00000000a4200000, 0x00000000a424ec20, 0x00000000a4300000| 30%| O|  |TAMS 0x00000000a4200000| PB 0x00000000a4200000| Updating 
|  67|0x00000000a4300000, 0x00000000a4300000, 0x00000000a4400000|  0%| F|  |TAMS 0x00000000a4300000| PB 0x00000000a4300000| Untracked 
|  68|0x00000000a4400000, 0x00000000a4400000, 0x00000000a4500000|  0%| F|  |TAMS 0x00000000a4400000| PB 0x00000000a4400000| Untracked 
|  69|0x00000000a4500000, 0x00000000a4500000, 0x00000000a4600000|  0%| F|  |TAMS 0x00000000a4500000| PB 0x00000000a4500000| Untracked 
|  70|0x00000000a4600000, 0x00000000a4600000, 0x00000000a4700000|  0%| F|  |TAMS 0x00000000a4600000| PB 0x00000000a4600000| Untracked 
|  71|0x00000000a4700000, 0x00000000a4700000, 0x00000000a4800000|  0%| F|  |TAMS 0x00000000a4700000| PB 0x00000000a4700000| Untracked 
|  72|0x00000000a4800000, 0x00000000a4800000, 0x00000000a4900000|  0%| F|  |TAMS 0x00000000a4800000| PB 0x00000000a4800000| Untracked 
|  73|0x00000000a4900000, 0x00000000a4900000, 0x00000000a4a00000|  0%| F|  |TAMS 0x00000000a4900000| PB 0x00000000a4900000| Untracked 
|  74|0x00000000a4a00000, 0x00000000a4a00000, 0x00000000a4b00000|  0%| F|  |TAMS 0x00000000a4a00000| PB 0x00000000a4a00000| Untracked 
|  75|0x00000000a4b00000, 0x00000000a4b00000, 0x00000000a4c00000|  0%| F|  |TAMS 0x00000000a4b00000| PB 0x00000000a4b00000| Untracked 
|  76|0x00000000a4c00000, 0x00000000a4c00000, 0x00000000a4d00000|  0%| F|  |TAMS 0x00000000a4c00000| PB 0x00000000a4c00000| Untracked 
|  77|0x00000000a4d00000, 0x00000000a4d00000, 0x00000000a4e00000|  0%| F|  |TAMS 0x00000000a4d00000| PB 0x00000000a4d00000| Untracked 
|  78|0x00000000a4e00000, 0x00000000a4e00000, 0x00000000a4f00000|  0%| F|  |TAMS 0x00000000a4e00000| PB 0x00000000a4e00000| Untracked 
|  79|0x00000000a4f00000, 0x00000000a4f00000, 0x00000000a5000000|  0%| F|  |TAMS 0x00000000a4f00000| PB 0x00000000a4f00000| Untracked 
|  80|0x00000000a5000000, 0x00000000a50dc670, 0x00000000a5100000| 86%| S|CS|TAMS 0x00000000a5000000| PB 0x00000000a5000000| Complete 
|  81|0x00000000a5100000, 0x00000000a5200000, 0x00000000a5200000|100%| S|CS|TAMS 0x00000000a5100000| PB 0x00000000a5100000| Complete 
|  82|0x00000000a5200000, 0x00000000a5300000, 0x00000000a5300000|100%| S|CS|TAMS 0x00000000a5200000| PB 0x00000000a5200000| Complete 
|  83|0x00000000a5300000, 0x00000000a5300000, 0x00000000a5400000|  0%| F|  |TAMS 0x00000000a5300000| PB 0x00000000a5300000| Untracked 
|  84|0x00000000a5400000, 0x00000000a5400000, 0x00000000a5500000|  0%| F|  |TAMS 0x00000000a5400000| PB 0x00000000a5400000| Untracked 
|  85|0x00000000a5500000, 0x00000000a5500000, 0x00000000a5600000|  0%| F|  |TAMS 0x00000000a5500000| PB 0x00000000a5500000| Untracked 
|  86|0x00000000a5600000, 0x00000000a5600000, 0x00000000a5700000|  0%| F|  |TAMS 0x00000000a5600000| PB 0x00000000a5600000| Untracked 
|  87|0x00000000a5700000, 0x00000000a5700000, 0x00000000a5800000|  0%| F|  |TAMS 0x00000000a5700000| PB 0x00000000a5700000| Untracked 
|  88|0x00000000a5800000, 0x00000000a5800000, 0x00000000a5900000|  0%| F|  |TAMS 0x00000000a5800000| PB 0x00000000a5800000| Untracked 
|  89|0x00000000a5900000, 0x00000000a5900000, 0x00000000a5a00000|  0%| F|  |TAMS 0x00000000a5900000| PB 0x00000000a5900000| Untracked 
|  90|0x00000000a5a00000, 0x00000000a5a00000, 0x00000000a5b00000|  0%| F|  |TAMS 0x00000000a5a00000| PB 0x00000000a5a00000| Untracked 
|  91|0x00000000a5b00000, 0x00000000a5b00000, 0x00000000a5c00000|  0%| F|  |TAMS 0x00000000a5b00000| PB 0x00000000a5b00000| Untracked 
|  92|0x00000000a5c00000, 0x00000000a5c00000, 0x00000000a5d00000|  0%| F|  |TAMS 0x00000000a5c00000| PB 0x00000000a5c00000| Untracked 
|  93|0x00000000a5d00000, 0x00000000a5d00000, 0x00000000a5e00000|  0%| F|  |TAMS 0x00000000a5d00000| PB 0x00000000a5d00000| Untracked 
|  94|0x00000000a5e00000, 0x00000000a5e00000, 0x00000000a5f00000|  0%| F|  |TAMS 0x00000000a5e00000| PB 0x00000000a5e00000| Untracked 
|  95|0x00000000a5f00000, 0x00000000a5f00000, 0x00000000a6000000|  0%| F|  |TAMS 0x00000000a5f00000| PB 0x00000000a5f00000| Untracked 
|  96|0x00000000a6000000, 0x00000000a6000000, 0x00000000a6100000|  0%| F|  |TAMS 0x00000000a6000000| PB 0x00000000a6000000| Untracked 
|  97|0x00000000a6100000, 0x00000000a6100000, 0x00000000a6200000|  0%| F|  |TAMS 0x00000000a6100000| PB 0x00000000a6100000| Untracked 
|  98|0x00000000a6200000, 0x00000000a6200000, 0x00000000a6300000|  0%| F|  |TAMS 0x00000000a6200000| PB 0x00000000a6200000| Untracked 
|  99|0x00000000a6300000, 0x00000000a6300000, 0x00000000a6400000|  0%| F|  |TAMS 0x00000000a6300000| PB 0x00000000a6300000| Untracked 
| 100|0x00000000a6400000, 0x00000000a6400000, 0x00000000a6500000|  0%| F|  |TAMS 0x00000000a6400000| PB 0x00000000a6400000| Untracked 
| 101|0x00000000a6500000, 0x00000000a6500000, 0x00000000a6600000|  0%| F|  |TAMS 0x00000000a6500000| PB 0x00000000a6500000| Untracked 
| 102|0x00000000a6600000, 0x00000000a6600000, 0x00000000a6700000|  0%| F|  |TAMS 0x00000000a6600000| PB 0x00000000a6600000| Untracked 
| 103|0x00000000a6700000, 0x00000000a6700000, 0x00000000a6800000|  0%| F|  |TAMS 0x00000000a6700000| PB 0x00000000a6700000| Untracked 
| 104|0x00000000a6800000, 0x00000000a6800000, 0x00000000a6900000|  0%| F|  |TAMS 0x00000000a6800000| PB 0x00000000a6800000| Untracked 
| 105|0x00000000a6900000, 0x00000000a6900000, 0x00000000a6a00000|  0%| F|  |TAMS 0x00000000a6900000| PB 0x00000000a6900000| Untracked 
| 106|0x00000000a6a00000, 0x00000000a6a00000, 0x00000000a6b00000|  0%| F|  |TAMS 0x00000000a6a00000| PB 0x00000000a6a00000| Untracked 
| 107|0x00000000a6b00000, 0x00000000a6b557e0, 0x00000000a6c00000| 33%| E|  |TAMS 0x00000000a6b00000| PB 0x00000000a6b00000| Complete 
| 108|0x00000000a6c00000, 0x00000000a6d00000, 0x00000000a6d00000|100%| E|CS|TAMS 0x00000000a6c00000| PB 0x00000000a6c00000| Complete 
| 109|0x00000000a6d00000, 0x00000000a6e00000, 0x00000000a6e00000|100%| E|CS|TAMS 0x00000000a6d00000| PB 0x00000000a6d00000| Complete 
| 110|0x00000000a6e00000, 0x00000000a6f00000, 0x00000000a6f00000|100%| E|CS|TAMS 0x00000000a6e00000| PB 0x00000000a6e00000| Complete 
| 111|0x00000000a6f00000, 0x00000000a7000000, 0x00000000a7000000|100%| E|CS|TAMS 0x00000000a6f00000| PB 0x00000000a6f00000| Complete 
| 112|0x00000000a7000000, 0x00000000a7100000, 0x00000000a7100000|100%| E|CS|TAMS 0x00000000a7000000| PB 0x00000000a7000000| Complete 
| 113|0x00000000a7100000, 0x00000000a7200000, 0x00000000a7200000|100%| E|CS|TAMS 0x00000000a7100000| PB 0x00000000a7100000| Complete 
| 114|0x00000000a7200000, 0x00000000a7300000, 0x00000000a7300000|100%| E|CS|TAMS 0x00000000a7200000| PB 0x00000000a7200000| Complete 
| 251|0x00000000afb00000, 0x00000000afc00000, 0x00000000afc00000|100%| E|CS|TAMS 0x00000000afb00000| PB 0x00000000afb00000| Complete 
|1523|0x00000000ff300000, 0x00000000ff400000, 0x00000000ff400000|100%| E|CS|TAMS 0x00000000ff300000| PB 0x00000000ff300000| Complete 
|1524|0x00000000ff400000, 0x00000000ff500000, 0x00000000ff500000|100%| O|  |TAMS 0x00000000ff500000| PB 0x00000000ff500000| Untracked 
|1525|0x00000000ff500000, 0x00000000ff600000, 0x00000000ff600000|100%| O|  |TAMS 0x00000000ff600000| PB 0x00000000ff600000| Untracked 
|1526|0x00000000ff600000, 0x00000000ff700000, 0x00000000ff700000|100%| O|  |TAMS 0x00000000ff700000| PB 0x00000000ff700000| Untracked 
|1527|0x00000000ff700000, 0x00000000ff800000, 0x00000000ff800000|100%| O|  |TAMS 0x00000000ff800000| PB 0x00000000ff800000| Untracked 
|1528|0x00000000ff800000, 0x00000000ff900000, 0x00000000ff900000|100%| O|  |TAMS 0x00000000ff900000| PB 0x00000000ff900000| Untracked 
|1529|0x00000000ff900000, 0x00000000ffa00000, 0x00000000ffa00000|100%| O|  |TAMS 0x00000000ffa00000| PB 0x00000000ffa00000| Untracked 
|1530|0x00000000ffa00000, 0x00000000ffb00000, 0x00000000ffb00000|100%| O|  |TAMS 0x00000000ffb00000| PB 0x00000000ffb00000| Untracked 
|1531|0x00000000ffb00000, 0x00000000ffc00000, 0x00000000ffc00000|100%| O|  |TAMS 0x00000000ffc00000| PB 0x00000000ffc00000| Untracked 
|1532|0x00000000ffc00000, 0x00000000ffd00000, 0x00000000ffd00000|100%| O|  |TAMS 0x00000000ffd00000| PB 0x00000000ffd00000| Untracked 
|1533|0x00000000ffd00000, 0x00000000ffe00000, 0x00000000ffe00000|100%| O|  |TAMS 0x00000000ffe00000| PB 0x00000000ffe00000| Untracked 
|1534|0x00000000ffe00000, 0x00000000fff00000, 0x00000000fff00000|100%| O|  |TAMS 0x00000000fff00000| PB 0x00000000fff00000| Untracked 
|1535|0x00000000fff00000, 0x0000000100000000, 0x0000000100000000|100%| O|  |TAMS 0x0000000100000000| PB 0x0000000100000000| Untracked 

Card table byte_map: [0x0000023ae4b70000,0x0000023ae4e70000] _byte_map_base: 0x0000023ae4670000

Marking Bits: (CMBitMap*) 0x0000023ad1ede370
 Bits: [0x0000023ae4e70000, 0x0000023ae6670000)

Polling page: 0x0000023acfc90000

Metaspace:

Usage:
  Non-class:     75.31 MB used.
      Class:     12.22 MB used.
       Both:     87.53 MB used.

Virtual space:
  Non-class space:      128.00 MB reserved,      76.31 MB ( 60%) committed,  2 nodes.
      Class space:        1.00 GB reserved,      13.12 MB (  1%) committed,  1 nodes.
             Both:        1.12 GB reserved,      89.44 MB (  8%) committed. 

Chunk freelists:
   Non-Class:  3.27 MB
       Class:  2.75 MB
        Both:  6.02 MB

MaxMetaspaceSize: unlimited
CompressedClassSpaceSize: 1.00 GB
Initial GC threshold: 21.00 MB
Current GC threshold: 142.12 MB
CDS: off
 - commit_granule_bytes: 65536.
 - commit_granule_words: 8192.
 - virtual_space_node_default_size: 8388608.
 - enlarge_chunks_in_place: 1.
 - use_allocation_guard: 0.


Internal statistics:

num_allocs_failed_limit: 9.
num_arena_births: 3842.
num_arena_deaths: 0.
num_vsnodes_births: 3.
num_vsnodes_deaths: 0.
num_space_committed: 1431.
num_space_uncommitted: 0.
num_chunks_returned_to_freelist: 9.
num_chunks_taken_from_freelist: 7649.
num_chunk_merges: 9.
num_chunk_splits: 4983.
num_chunks_enlarged: 3081.
num_inconsistent_stats: 0.

CodeHeap 'non-profiled nmethods': size=119168Kb used=5382Kb max_used=5608Kb free=113785Kb
 bounds [0x0000023adcb90000, 0x0000023add120000, 0x0000023ae3ff0000]
CodeHeap 'profiled nmethods': size=119104Kb used=13955Kb max_used=16726Kb free=105148Kb
 bounds [0x0000023ad4ff0000, 0x0000023ad6050000, 0x0000023adc440000]
CodeHeap 'non-nmethods': size=7488Kb used=4348Kb max_used=4392Kb free=3139Kb
 bounds [0x0000023adc440000, 0x0000023adc910000, 0x0000023adcb90000]
CodeCache: size=245760Kb, used=23685Kb, max_used=26726Kb, free=222072Kb
 total_blobs=8092, nmethods=7142, adapters=851, full_count=0
Compilation: enabled, stopped_count=0, restarted_count=0

Compilation events (20 events):
Event: 661.589 Thread 0x0000023ae975d9b0 nmethod 12762 0x0000023adceb0490 code [0x0000023adceb06c0, 0x0000023adceb1098]
Event: 661.589 Thread 0x0000023ae975d9b0 12763       4       org.gradle.internal.hash.Hashing::newHasher (9 bytes)
Event: 661.590 Thread 0x0000023ae9761900 nmethod 12768 0x0000023ad5f54590 code [0x0000023ad5f54860, 0x0000023ad5f55600]
Event: 661.591 Thread 0x0000023aef7a4220 nmethod 12770 0x0000023ad5e60510 code [0x0000023ad5e608c0, 0x0000023ad5e61f38]
Event: 661.595 Thread 0x0000023af254dc80 12774       3       com.google.common.collect.AbstractMapEntry::hashCode (36 bytes)
Event: 661.596 Thread 0x0000023af254dc80 nmethod 12774 0x0000023ad5f53c90 code [0x0000023ad5f53e60, 0x0000023ad5f541d0]
Event: 661.607 Thread 0x0000023af0c94390 nmethod 12760 0x0000023adcf4b410 code [0x0000023adcf4b600, 0x0000023adcf4bf88]
Event: 661.607 Thread 0x0000023af0c94390 12772       4       org.gradle.internal.snapshot.RegularFileSnapshot::getType (4 bytes)
Event: 661.608 Thread 0x0000023af0c94390 nmethod 12772 0x0000023adce79910 code [0x0000023adce79aa0, 0x0000023adce79b30]
Event: 661.633 Thread 0x0000023ae975d9b0 nmethod 12763 0x0000023adcdaec10 code [0x0000023adcdaee40, 0x0000023adcdafdf0]
Event: 661.660 Thread 0x0000023af2774800 12775   !   3       org.gradle.internal.classpath.DefaultClassPath::toURL (14 bytes)
Event: 661.660 Thread 0x0000023af2774800 nmethod 12775 0x0000023ad5ba4490 code [0x0000023ad5ba4680, 0x0000023ad5ba4988]
Event: 661.676 Thread 0x0000023af0c94390 12776       4       java.lang.String::<init> (99 bytes)
Event: 661.680 Thread 0x0000023af2774800 12777   !   3       java.io.File::toURI (69 bytes)
Event: 661.681 Thread 0x0000023aef7a4220 12778       3       java.io.File::getAbsoluteFile (38 bytes)
Event: 661.682 Thread 0x0000023aef7a4220 nmethod 12778 0x0000023ad5667a10 code [0x0000023ad5667c20, 0x0000023ad56682d8]
Event: 661.682 Thread 0x0000023af2774800 nmethod 12777 0x0000023ad5666490 code [0x0000023ad5666760, 0x0000023ad56672e8]
Event: 661.688 Thread 0x0000023af0c94390 nmethod 12776 0x0000023adcf89b90 code [0x0000023adcf89d80, 0x0000023adcf8a5b8]
Event: 661.694 Thread 0x0000023ae975d9b0 12779 %     4       java.net.URI$Parser::scan @ 3 (41 bytes)
Event: 661.699 Thread 0x0000023ae975d9b0 nmethod 12779% 0x0000023adcfa3290 code [0x0000023adcfa3460, 0x0000023adcfa38c0]

GC Heap History (20 events):
Event: 400.730 GC heap before
{Heap before GC invocations=31 (full 0):
 garbage-first heap   total 121856K, used 110104K [0x00000000a0000000, 0x0000000100000000)
  region size 1024K, 37 young (37888K), 3 survivors (3072K)
 Metaspace       used 79568K, committed 81408K, reserved 1179648K
  class space    used 10937K, committed 11840K, reserved 1048576K
}
Event: 400.968 GC heap after
{Heap after GC invocations=32 (full 0):
 garbage-first heap   total 121856K, used 75644K [0x00000000a0000000, 0x0000000100000000)
  region size 1024K, 3 young (3072K), 3 survivors (3072K)
 Metaspace       used 79568K, committed 81408K, reserved 1179648K
  class space    used 10937K, committed 11840K, reserved 1048576K
}
Event: 593.136 GC heap before
{Heap before GC invocations=32 (full 0):
 garbage-first heap   total 121856K, used 111484K [0x00000000a0000000, 0x0000000100000000)
  region size 1024K, 38 young (38912K), 3 survivors (3072K)
 Metaspace       used 80292K, committed 82240K, reserved 1179648K
  class space    used 11029K, committed 11968K, reserved 1048576K
}
Event: 594.228 GC heap after
{Heap after GC invocations=33 (full 0):
 garbage-first heap   total 121856K, used 76365K [0x00000000a0000000, 0x0000000100000000)
  region size 1024K, 4 young (4096K), 4 survivors (4096K)
 Metaspace       used 80292K, committed 82240K, reserved 1179648K
  class space    used 11029K, committed 11968K, reserved 1048576K
}
Event: 594.804 GC heap before
{Heap before GC invocations=33 (full 0):
 garbage-first heap   total 121856K, used 77389K [0x00000000a0000000, 0x0000000100000000)
  region size 1024K, 5 young (5120K), 4 survivors (4096K)
 Metaspace       used 80383K, committed 82304K, reserved 1179648K
  class space    used 11041K, committed 11968K, reserved 1048576K
}
Event: 595.160 GC heap after
{Heap after GC invocations=34 (full 0):
 garbage-first heap   total 121856K, used 76685K [0x00000000a0000000, 0x0000000100000000)
  region size 1024K, 1 young (1024K), 1 survivors (1024K)
 Metaspace       used 80383K, committed 82304K, reserved 1179648K
  class space    used 11041K, committed 11968K, reserved 1048576K
}
Event: 597.051 GC heap before
{Heap before GC invocations=35 (full 0):
 garbage-first heap   total 130048K, used 80781K [0x00000000a0000000, 0x0000000100000000)
  region size 1024K, 6 young (6144K), 1 survivors (1024K)
 Metaspace       used 80767K, committed 82624K, reserved 1179648K
  class space    used 11095K, committed 11968K, reserved 1048576K
}
Event: 597.054 GC heap after
{Heap after GC invocations=36 (full 0):
 garbage-first heap   total 130048K, used 76385K [0x00000000a0000000, 0x0000000100000000)
  region size 1024K, 1 young (1024K), 1 survivors (1024K)
 Metaspace       used 80767K, committed 82624K, reserved 1179648K
  class space    used 11095K, committed 11968K, reserved 1048576K
}
Event: 600.755 GC heap before
{Heap before GC invocations=36 (full 0):
 garbage-first heap   total 130048K, used 119393K [0x00000000a0000000, 0x0000000100000000)
  region size 1024K, 43 young (44032K), 1 survivors (1024K)
 Metaspace       used 84381K, committed 86272K, reserved 1179648K
  class space    used 11652K, committed 12544K, reserved 1048576K
}
Event: 600.851 GC heap after
{Heap after GC invocations=37 (full 0):
 garbage-first heap   total 130048K, used 77284K [0x00000000a0000000, 0x0000000100000000)
  region size 1024K, 2 young (2048K), 2 survivors (2048K)
 Metaspace       used 84381K, committed 86272K, reserved 1179648K
  class space    used 11652K, committed 12544K, reserved 1048576K
}
Event: 601.982 GC heap before
{Heap before GC invocations=37 (full 0):
 garbage-first heap   total 130048K, used 87524K [0x00000000a0000000, 0x0000000100000000)
  region size 1024K, 12 young (12288K), 2 survivors (2048K)
 Metaspace       used 85352K, committed 87232K, reserved 1179648K
  class space    used 11836K, committed 12736K, reserved 1048576K
}
Event: 602.052 GC heap after
{Heap after GC invocations=38 (full 0):
 garbage-first heap   total 130048K, used 77693K [0x00000000a0000000, 0x0000000100000000)
  region size 1024K, 1 young (1024K), 1 survivors (1024K)
 Metaspace       used 85352K, committed 87232K, reserved 1179648K
  class space    used 11836K, committed 12736K, reserved 1048576K
}
Event: 603.147 GC heap before
{Heap before GC invocations=39 (full 0):
 garbage-first heap   total 132096K, used 87933K [0x00000000a0000000, 0x0000000100000000)
  region size 1024K, 12 young (12288K), 1 survivors (1024K)
 Metaspace       used 86294K, committed 88128K, reserved 1179648K
  class space    used 12036K, committed 12928K, reserved 1048576K
}
Event: 603.150 GC heap after
{Heap after GC invocations=40 (full 0):
 garbage-first heap   total 132096K, used 78278K [0x00000000a0000000, 0x0000000100000000)
  region size 1024K, 1 young (1024K), 1 survivors (1024K)
 Metaspace       used 86294K, committed 88128K, reserved 1179648K
  class space    used 12036K, committed 12928K, reserved 1048576K
}
Event: 651.456 GC heap before
{Heap before GC invocations=40 (full 0):
 garbage-first heap   total 132096K, used 122310K [0x00000000a0000000, 0x0000000100000000)
  region size 1024K, 45 young (46080K), 1 survivors (1024K)
 Metaspace       used 89485K, committed 91456K, reserved 1179648K
  class space    used 12509K, committed 13440K, reserved 1048576K
}
Event: 651.495 GC heap after
{Heap after GC invocations=41 (full 0):
 garbage-first heap   total 132096K, used 80174K [0x00000000a0000000, 0x0000000100000000)
  region size 1024K, 4 young (4096K), 4 survivors (4096K)
 Metaspace       used 89485K, committed 91456K, reserved 1179648K
  class space    used 12509K, committed 13440K, reserved 1048576K
}
Event: 660.204 GC heap before
{Heap before GC invocations=41 (full 0):
 garbage-first heap   total 132096K, used 94510K [0x00000000a0000000, 0x0000000100000000)
  region size 1024K, 18 young (18432K), 4 survivors (4096K)
 Metaspace       used 89618K, committed 91584K, reserved 1179648K
  class space    used 12513K, committed 13440K, reserved 1048576K
}
Event: 660.502 GC heap after
{Heap after GC invocations=42 (full 0):
 garbage-first heap   total 132096K, used 81997K [0x00000000a0000000, 0x0000000100000000)
  region size 1024K, 2 young (2048K), 2 survivors (2048K)
 Metaspace       used 89618K, committed 91584K, reserved 1179648K
  class space    used 12513K, committed 13440K, reserved 1048576K
}
Event: 661.195 GC heap before
{Heap before GC invocations=42 (full 0):
 garbage-first heap   total 132096K, used 113741K [0x00000000a0000000, 0x0000000100000000)
  region size 1024K, 34 young (34816K), 2 survivors (2048K)
 Metaspace       used 89620K, committed 91584K, reserved 1179648K
  class space    used 12513K, committed 13440K, reserved 1048576K
}
Event: 661.230 GC heap after
{Heap after GC invocations=43 (full 0):
 garbage-first heap   total 132096K, used 83116K [0x00000000a0000000, 0x0000000100000000)
  region size 1024K, 3 young (3072K), 3 survivors (3072K)
 Metaspace       used 89620K, committed 91584K, reserved 1179648K
  class space    used 12513K, committed 13440K, reserved 1048576K
}

Dll operation events (3 events):
Event: 0.017 Loaded shared library C:\Program Files\Android\Android Studio\jbr\bin\java.dll
Event: 0.035 Loaded shared library C:\Program Files\Android\Android Studio\jbr\bin\zip.dll
Event: 3.415 Loaded shared library C:\Program Files\Android\Android Studio\jbr\bin\verify.dll

Deoptimization events (20 events):
Event: 651.945 Thread 0x0000023aef8ab3a0 Uncommon trap: trap_request=0xfffffff4 fr.pc=0x0000023adcf3ff74 relative=0x00000000000004d4
Event: 651.945 Thread 0x0000023aef8ab3a0 Uncommon trap: reason=null_check action=make_not_entrant pc=0x0000023adcf3ff74 method=org.gradle.util.internal.SimpleMapInterner.intern(Ljava/lang/Object;)Ljava/lang/Object; @ 2 c2
Event: 651.945 Thread 0x0000023aef8ab3a0 DEOPT PACKING pc=0x0000023adcf3ff74 sp=0x00000056663f81f0
Event: 651.946 Thread 0x0000023aef8ab3a0 DEOPT UNPACKING pc=0x0000023adc4943a2 sp=0x00000056663f81a8 mode 2
Event: 652.667 Thread 0x0000023aef3202c0 Uncommon trap: trap_request=0xffffff76 fr.pc=0x0000023adcbf0c68 relative=0x00000000000002c8
Event: 652.667 Thread 0x0000023aef3202c0 Uncommon trap: reason=predicate action=maybe_recompile pc=0x0000023adcbf0c68 method=java.util.ComparableTimSort.reverseRange([Ljava/lang/Object;II)V @ 5 c2
Event: 652.667 Thread 0x0000023aef3202c0 DEOPT PACKING pc=0x0000023adcbf0c68 sp=0x00000056660fe690
Event: 652.678 Thread 0x0000023aef3202c0 DEOPT UNPACKING pc=0x0000023adc4943a2 sp=0x00000056660fe648 mode 2
Event: 653.331 Thread 0x0000023aef8ab3a0 Uncommon trap: trap_request=0xffffff76 fr.pc=0x0000023add0824e8 relative=0x0000000000000da8
Event: 653.331 Thread 0x0000023aef8ab3a0 Uncommon trap: reason=predicate action=maybe_recompile pc=0x0000023add0824e8 method=java.util.ComparableTimSort.binarySort([Ljava/lang/Object;III)V @ 34 c2
Event: 653.331 Thread 0x0000023aef8ab3a0 DEOPT PACKING pc=0x0000023add0824e8 sp=0x00000056663f7dc0
Event: 653.332 Thread 0x0000023aef8ab3a0 DEOPT UNPACKING pc=0x0000023adc4943a2 sp=0x00000056663f7da8 mode 2
Event: 660.698 Thread 0x0000023af03c4b80 Uncommon trap: trap_request=0xffffff76 fr.pc=0x0000023adcbcd1e0 relative=0x0000000000000b80
Event: 660.698 Thread 0x0000023af03c4b80 Uncommon trap: reason=predicate action=maybe_recompile pc=0x0000023adcbcd1e0 method=com.google.common.collect.RegularImmutableMap.fromEntryArrayCheckingBucketOverflow(I[Ljava/util/Map$Entry;Z)Lcom/google/common/collect/ImmutableMap; @ 50 c2
Event: 660.698 Thread 0x0000023af03c4b80 DEOPT PACKING pc=0x0000023adcbcd1e0 sp=0x000000566b8fcf30
Event: 660.698 Thread 0x0000023af03c4b80 DEOPT UNPACKING pc=0x0000023adc4943a2 sp=0x000000566b8fced8 mode 2
Event: 661.239 Thread 0x0000023ae9774f80 Uncommon trap: trap_request=0xffffff45 fr.pc=0x0000023adcc0217c relative=0x000000000000147c
Event: 661.239 Thread 0x0000023ae9774f80 Uncommon trap: reason=unstable_if action=reinterpret pc=0x0000023adcc0217c method=java.util.concurrent.locks.AbstractQueuedSynchronizer.acquire(Ljava/util/concurrent/locks/AbstractQueuedSynchronizer$Node;IZZZJ)I @ 83 c2
Event: 661.239 Thread 0x0000023ae9774f80 DEOPT PACKING pc=0x0000023adcc0217c sp=0x0000005664fff0c0
Event: 661.239 Thread 0x0000023ae9774f80 DEOPT UNPACKING pc=0x0000023adc4943a2 sp=0x0000005664fff068 mode 2

Classes loaded (20 events):
Event: 589.867 Loading class java/io/ObjectOutputStream$BlockDataOutputStream
Event: 589.895 Loading class java/io/ObjectOutputStream$BlockDataOutputStream done
Event: 589.896 Loading class java/io/ObjectOutputStream$HandleTable
Event: 589.905 Loading class java/io/ObjectOutputStream$HandleTable done
Event: 589.905 Loading class java/io/ObjectOutputStream$ReplaceTable
Event: 589.907 Loading class java/io/ObjectOutputStream$ReplaceTable done
Event: 598.078 Loading class java/util/concurrent/atomic/AtomicIntegerArray
Event: 598.080 Loading class java/util/concurrent/atomic/AtomicIntegerArray done
Event: 598.084 Loading class java/util/Currency
Event: 598.087 Loading class java/util/Currency done
Event: 598.100 Loading class java/util/concurrent/atomic/AtomicLongArray
Event: 598.101 Loading class java/util/concurrent/atomic/AtomicLongArray done
Event: 598.249 Loading class sun/reflect/generics/repository/FieldRepository
Event: 598.249 Loading class sun/reflect/generics/repository/FieldRepository done
Event: 598.363 Loading class jdk/internal/vm/annotation/ForceInline
Event: 598.364 Loading class jdk/internal/vm/annotation/ForceInline done
Event: 598.960 Loading class java/util/regex/Pattern$Caret
Event: 598.960 Loading class java/util/regex/Pattern$Caret done
Event: 603.294 Loading class java/lang/invoke/BoundMethodHandle$Species_LLLJ
Event: 603.294 Loading class java/lang/invoke/BoundMethodHandle$Species_LLLJ done

Classes unloaded (0 events):
No events

Classes redefined (0 events):
No events

Internal exceptions (20 events):
Event: 649.218 Thread 0x0000023aef8ab3a0 Exception <a 'java/lang/ClassNotFoundException'{0x00000000a499c7e8}: build_pb5yo0u2lfltsct7l7n5yu72BeanInfo> (0x00000000a499c7e8) 
thrown [s\src\hotspot\share\classfile\systemDictionary.cpp, line 312]
Event: 649.223 Thread 0x0000023aef8ab3a0 Exception <a 'sun/nio/fs/WindowsException'{0x00000000a499e3b8}> (0x00000000a499e3b8) 
thrown [s\src\hotspot\share\prims\jni.cpp, line 537]
Event: 649.226 Thread 0x0000023aef8ab3a0 Exception <a 'java/lang/ClassNotFoundException'{0x00000000a49a4e18}: build_pb5yo0u2lfltsct7l7n5yu72Customizer> (0x00000000a49a4e18) 
thrown [s\src\hotspot\share\classfile\systemDictionary.cpp, line 312]
Event: 650.066 Thread 0x0000023aef8ab3a0 Exception <a 'java/lang/NoSuchMethodError'{0x00000000a49e2558}: 'java.lang.Object java.lang.invoke.DirectMethodHandle$Holder.newInvokeSpecial(java.lang.Object, java.lang.Object, java.lang.Object, java.lang.Object, java.lang.Object, java.lang.Object, java.lang.Object, java.lang.Object, java.lang.Object, java.lang.Object, java.lang.Object, java.lang.Object, java.lang.Object, java.lang.Object, java.lang.Object, java.lang.Object, java.lang.Object, java.lang.Object)'> (0x00000000a49e2558) 
thrown [s\src\hotspot
Event: 650.151 Thread 0x0000023aef8ab3a0 Exception <a 'java/lang/NoSuchMethodError'{0x00000000a49ec700}: 'java.lang.Object java.lang.invoke.DirectMethodHandle$Holder.invokeSpecial(java.lang.Object, java.lang.Object, java.lang.Object, java.lang.Object, java.lang.Object, java.lang.Object, java.lang.Object, java.lang.Object, java.lang.Object, java.lang.Object, java.lang.Object, java.lang.Object, java.lang.Object, java.lang.Object, java.lang.Object, java.lang.Object, java.lang.Object, java.lang.Object, java.lang.Object)'> (0x00000000a49ec700) 
thrown
Event: 650.164 Thread 0x0000023aef8ab3a0 Exception <a 'java/lang/NoSuchMethodError'{0x00000000a49f22e0}: 'java.lang.Object java.lang.invoke.DelegatingMethodHandle$Holder.reinvoke_L(java.lang.Object, java.lang.Object, java.lang.Object, java.lang.Object, java.lang.Object, java.lang.Object, java.lang.Object, java.lang.Object, java.lang.Object, java.lang.Object, java.lang.Object, java.lang.Object, java.lang.Object, java.lang.Object, java.lang.Object, java.lang.Object, java.lang.Object, java.lang.Object)'> (0x00000000a49f22e0) 
thrown [s\src\hotspot\s
Event: 651.436 Thread 0x0000023aef8ab3a0 Exception <a 'java/lang/ClassNotFoundException'{0x00000000a48ccf28}: org/gradle/api/internal/artifacts/repositories/DefaultMavenArtifactRepository_DecoratedBeanInfo> (0x00000000a48ccf28) 
thrown [s\src\hotspot\share\classfile\systemDictionary.cpp, line 312]
Event: 651.444 Thread 0x0000023aef8ab3a0 Exception <a 'java/lang/ClassNotFoundException'{0x00000000a48e3370}: org/gradle/api/internal/artifacts/repositories/DefaultMavenArtifactRepositoryBeanInfo> (0x00000000a48e3370) 
thrown [s\src\hotspot\share\classfile\systemDictionary.cpp, line 312]
Event: 651.450 Thread 0x0000023aef8ab3a0 Exception <a 'java/lang/ClassNotFoundException'{0x00000000a48f9f70}: org/gradle/api/internal/artifacts/repositories/AbstractAuthenticationSupportedRepositoryBeanInfo> (0x00000000a48f9f70) 
thrown [s\src\hotspot\share\classfile\systemDictionary.cpp, line 312]
Event: 651.499 Thread 0x0000023aef8ab3a0 Exception <a 'java/lang/ClassNotFoundException'{0x00000000ff310888}: org/gradle/api/internal/artifacts/repositories/AbstractAuthenticationSupportedRepositoryCustomizer> (0x00000000ff310888) 
thrown [s\src\hotspot\share\classfile\systemDictionary.cpp, line 312]
Event: 651.522 Thread 0x0000023aef8ab3a0 Exception <a 'java/lang/ClassNotFoundException'{0x00000000ff33d5f8}: org/gradle/api/internal/artifacts/repositories/DefaultMavenArtifactRepositoryCustomizer> (0x00000000ff33d5f8) 
thrown [s\src\hotspot\share\classfile\systemDictionary.cpp, line 312]
Event: 651.533 Thread 0x0000023aef8ab3a0 Exception <a 'java/lang/ClassNotFoundException'{0x00000000ff36dbd8}: org/gradle/api/internal/artifacts/repositories/DefaultMavenArtifactRepository_DecoratedCustomizer> (0x00000000ff36dbd8) 
thrown [s\src\hotspot\share\classfile\systemDictionary.cpp, line 312]
Event: 651.945 Thread 0x0000023aef8ab3a0 Implicit null exception at 0x0000023adcf3fadd to 0x0000023adcf3ff64
Event: 653.627 Thread 0x0000023af03c58a0 Exception <a 'sun/nio/fs/WindowsException'{0x00000000a6fa8f40}> (0x00000000a6fa8f40) 
thrown [s\src\hotspot\share\prims\jni.cpp, line 537]
Event: 654.012 Thread 0x0000023af03c58a0 Exception <a 'sun/nio/fs/WindowsException'{0x00000000a6e70530}> (0x00000000a6e70530) 
thrown [s\src\hotspot\share\prims\jni.cpp, line 537]
Event: 655.004 Thread 0x0000023aee4796f0 Exception <a 'sun/nio/fs/WindowsException'{0x00000000a6ea60d8}> (0x00000000a6ea60d8) 
thrown [s\src\hotspot\share\prims\jni.cpp, line 537]
Event: 655.006 Thread 0x0000023aee4796f0 Exception <a 'sun/nio/fs/WindowsException'{0x00000000a6ef54e0}> (0x00000000a6ef54e0) 
thrown [s\src\hotspot\share\prims\jni.cpp, line 537]
Event: 656.854 Thread 0x0000023af34fd6e0 Exception <a 'sun/nio/fs/WindowsException'{0x00000000a6e32538}> (0x00000000a6e32538) 
thrown [s\src\hotspot\share\prims\jni.cpp, line 537]
Event: 659.665 Thread 0x0000023af03c37d0 Exception <a 'sun/nio/fs/WindowsException'{0x00000000a6f91248}> (0x00000000a6f91248) 
thrown [s\src\hotspot\share\prims\jni.cpp, line 537]
Event: 661.787 Thread 0x0000023aef8ab3a0 Exception <a 'sun/nio/fs/WindowsException'{0x00000000a6b23a10}> (0x00000000a6b23a10) 
thrown [s\src\hotspot\share\prims\jni.cpp, line 537]

ZGC Phase Switch (0 events):
No events

VM Operations (20 events):
Event: 652.511 Executing VM operation: Cleanup done
Event: 653.259 Executing VM operation: ICBufferFull
Event: 653.260 Executing VM operation: ICBufferFull done
Event: 654.269 Executing VM operation: Cleanup
Event: 654.426 Executing VM operation: Cleanup done
Event: 655.436 Executing VM operation: Cleanup
Event: 655.545 Executing VM operation: Cleanup done
Event: 656.558 Executing VM operation: Cleanup
Event: 656.589 Executing VM operation: Cleanup done
Event: 657.596 Executing VM operation: Cleanup
Event: 657.596 Executing VM operation: Cleanup done
Event: 660.156 Executing VM operation: G1CollectForAllocation (G1 Evacuation Pause)
Event: 660.508 Executing VM operation: G1CollectForAllocation (G1 Evacuation Pause) done
Event: 661.180 Executing VM operation: G1CollectForAllocation (G1 Evacuation Pause)
Event: 661.230 Executing VM operation: G1CollectForAllocation (G1 Evacuation Pause) done
Event: 661.764 Executing VM operation: HandshakeAllThreads (HandshakeForDeflation)
Event: 661.778 Executing VM operation: HandshakeAllThreads (HandshakeForDeflation) done
Event: 661.779 Executing VM operation: RendezvousGCThreads
Event: 661.810 Executing VM operation: RendezvousGCThreads done
Event: 662.536 Executing VM operation: G1PauseRemark

Memory protections (0 events):
No events

Nmethod flushes (20 events):
Event: 664.821 Thread 0x0000023ae96f6bf0 flushing  nmethod 0x0000023ad528f810
Event: 664.821 Thread 0x0000023ae96f6bf0 flushing  nmethod 0x0000023ad573c090
Event: 664.821 Thread 0x0000023ae96f6bf0 flushing  nmethod 0x0000023ad5c80690
Event: 664.821 Thread 0x0000023ae96f6bf0 flushing  nmethod 0x0000023add0c1f90
Event: 664.821 Thread 0x0000023ae96f6bf0 flushing  nmethod 0x0000023add0eae90
Event: 664.821 Thread 0x0000023ae96f6bf0 flushing  nmethod 0x0000023ad5077e10
Event: 664.821 Thread 0x0000023ae96f6bf0 flushing  nmethod 0x0000023ad5228b10
Event: 664.821 Thread 0x0000023ae96f6bf0 flushing  nmethod 0x0000023ad555e890
Event: 664.821 Thread 0x0000023ae96f6bf0 flushing  nmethod 0x0000023ad5563c10
Event: 664.821 Thread 0x0000023ae96f6bf0 flushing  nmethod 0x0000023adcbbec10
Event: 664.821 Thread 0x0000023ae96f6bf0 flushing  nmethod 0x0000023adcbbf010
Event: 664.821 Thread 0x0000023ae96f6bf0 flushing  nmethod 0x0000023adcc4b510
Event: 664.821 Thread 0x0000023ae96f6bf0 flushing  nmethod 0x0000023ad503d610
Event: 664.821 Thread 0x0000023ae96f6bf0 flushing  nmethod 0x0000023ad51de590
Event: 664.834 Thread 0x0000023ae96f6bf0 flushing  nmethod 0x0000023ad5143f10
Event: 664.834 Thread 0x0000023ae96f6bf0 flushing  nmethod 0x0000023ad522d410
Event: 664.834 Thread 0x0000023ae96f6bf0 flushing  nmethod 0x0000023ad522e790
Event: 664.834 Thread 0x0000023ae96f6bf0 flushing  nmethod 0x0000023ad522ee90
Event: 664.834 Thread 0x0000023ae96f6bf0 flushing  nmethod 0x0000023ad5635010
Event: 664.834 Thread 0x0000023ae96f6bf0 flushing  nmethod 0x0000023ad58d9b10

Events (20 events):
Event: 653.589 Thread 0x0000023aef8ab3a0 Thread added: 0x0000023af03c37d0
Event: 653.592 Thread 0x0000023aef8ab3a0 Thread added: 0x0000023af03c65c0
Event: 653.594 Thread 0x0000023aef8ab3a0 Thread added: 0x0000023af03c58a0
Event: 653.597 Thread 0x0000023aef8ab3a0 Thread added: 0x0000023af03c6c50
Event: 653.599 Thread 0x0000023aef8ab3a0 Thread added: 0x0000023af03c3e60
Event: 653.599 Thread 0x0000023aef8ab3a0 Thread added: 0x0000023af03c5f30
Event: 653.600 Thread 0x0000023aef8ab3a0 Thread added: 0x0000023af27b76e0
Event: 653.602 Thread 0x0000023aef8ab3a0 Thread added: 0x0000023aef8a9ff0
Event: 653.603 Thread 0x0000023aef8ab3a0 Thread added: 0x0000023af06bfae0
Event: 653.604 Thread 0x0000023aef8ab3a0 Thread added: 0x0000023af34fea90
Event: 653.605 Thread 0x0000023aef8ab3a0 Thread added: 0x0000023af34ff7b0
Event: 653.606 Thread 0x0000023aef8ab3a0 Thread added: 0x0000023af34fd6e0
Event: 653.607 Thread 0x0000023aef8ab3a0 Thread added: 0x0000023af35004d0
Event: 653.608 Thread 0x0000023aef8ab3a0 Thread added: 0x0000023af34ff120
Event: 660.155 Thread 0x0000023ae9761900 Thread added: 0x0000023af0c94390
Event: 660.155 Thread 0x0000023ae9761900 Thread added: 0x0000023af1f92510
Event: 660.156 Thread 0x0000023ae9761900 Thread added: 0x0000023af2774800
Event: 660.156 Thread 0x0000023ae9761900 Thread added: 0x0000023aef7a4220
Event: 660.509 Thread 0x0000023ae9761900 Thread added: 0x0000023af254dc80
Event: 661.470 Thread 0x0000023af1f92510 Thread exited: 0x0000023af1f92510


Dynamic libraries:
0x00007ff6f5290000 - 0x00007ff6f529a000 	C:\Program Files\Android\Android Studio\jbr\bin\java.exe
0x00007ffd17b40000 - 0x00007ffd17da7000 	C:\WINDOWS\SYSTEM32\ntdll.dll
0x00007ffd16800000 - 0x00007ffd168cb000 	C:\WINDOWS\System32\KERNEL32.DLL
0x00007ffd14d70000 - 0x00007ffd15172000 	C:\WINDOWS\System32\KERNELBASE.dll
0x00007ffd155b0000 - 0x00007ffd156fc000 	C:\WINDOWS\System32\ucrtbase.dll
0x00007ffc8ce20000 - 0x00007ffc8ce38000 	C:\Program Files\Android\Android Studio\jbr\bin\jli.dll
0x00007ffd16170000 - 0x00007ffd1633f000 	C:\WINDOWS\System32\USER32.dll
0x00007ffd14d40000 - 0x00007ffd14d67000 	C:\WINDOWS\System32\win32u.dll
0x00007ffd16a80000 - 0x00007ffd16aab000 	C:\WINDOWS\System32\GDI32.dll
0x00007ffd153c0000 - 0x00007ffd154e9000 	C:\WINDOWS\System32\gdi32full.dll
0x00007ffd15180000 - 0x00007ffd15223000 	C:\WINDOWS\System32\msvcp_win.dll
0x00007ffc3d9a0000 - 0x00007ffc3d9bb000 	C:\Program Files\Android\Android Studio\jbr\bin\VCRUNTIME140.dll
0x00007ffcf76b0000 - 0x00007ffcf7940000 	C:\WINDOWS\WinSxS\amd64_microsoft.windows.common-controls_6595b64144ccf1df_6.0.26100.9278_none_3e0d1ba8e3303201\COMCTL32.dll
0x00007ffd171d0000 - 0x00007ffd17279000 	C:\WINDOWS\System32\msvcrt.dll
0x00007ffd17100000 - 0x00007ffd17131000 	C:\WINDOWS\System32\IMM32.DLL
0x00007ffca1830000 - 0x00007ffca183c000 	C:\Program Files\Android\Android Studio\jbr\bin\vcruntime140_1.dll
0x00007ffc3d910000 - 0x00007ffc3d99d000 	C:\Program Files\Android\Android Studio\jbr\bin\msvcp140.dll
0x00007ffc3bea0000 - 0x00007ffc3cb36000 	C:\Program Files\Android\Android Studio\jbr\bin\server\jvm.dll
0x00007ffd17280000 - 0x00007ffd1733c000 	C:\WINDOWS\System32\ADVAPI32.dll
0x00007ffd168e0000 - 0x00007ffd16989000 	C:\WINDOWS\System32\sechost.dll
0x00007ffd16050000 - 0x00007ffd16168000 	C:\WINDOWS\System32\RPCRT4.dll
0x00007ffd17140000 - 0x00007ffd171c0000 	C:\WINDOWS\System32\WS2_32.dll
0x00007ffd14ba0000 - 0x00007ffd14bfe000 	C:\WINDOWS\SYSTEM32\POWRPROF.dll
0x00007ffd06600000 - 0x00007ffd06636000 	C:\WINDOWS\SYSTEM32\WINMM.dll
0x00007ffd0aa20000 - 0x00007ffd0aa2b000 	C:\WINDOWS\SYSTEM32\VERSION.dll
0x00007ffd14b80000 - 0x00007ffd14b95000 	C:\WINDOWS\SYSTEM32\UMPDC.dll
0x00007ffd139f0000 - 0x00007ffd13a0b000 	C:\WINDOWS\SYSTEM32\kernel.appcore.dll
0x00007ffc99030000 - 0x00007ffc9903a000 	C:\Program Files\Android\Android Studio\jbr\bin\jimage.dll
0x00007ffd12350000 - 0x00007ffd1259c000 	C:\WINDOWS\SYSTEM32\DBGHELP.DLL
0x00007ffd16450000 - 0x00007ffd167d5000 	C:\WINDOWS\System32\combase.dll
0x00007ffd16b20000 - 0x00007ffd16bf9000 	C:\WINDOWS\System32\OLEAUT32.dll
0x00007ffcfa1c0000 - 0x00007ffcfa1fb000 	C:\WINDOWS\SYSTEM32\dbgcore.DLL
0x00007ffd157a0000 - 0x00007ffd1584c000 	C:\WINDOWS\System32\bcryptPrimitives.dll
0x00007ffc3db40000 - 0x00007ffc3db4e000 	C:\Program Files\Android\Android Studio\jbr\bin\instrument.dll
0x00007ffc3d8f0000 - 0x00007ffc3d910000 	C:\Program Files\Android\Android Studio\jbr\bin\java.dll
0x00007ffc3d8d0000 - 0x00007ffc3d8e8000 	C:\Program Files\Android\Android Studio\jbr\bin\zip.dll
0x00007ffd158b0000 - 0x00007ffd16048000 	C:\WINDOWS\System32\SHELL32.dll
0x00007ffd12760000 - 0x00007ffd1300e000 	C:\WINDOWS\SYSTEM32\windows.storage.dll
0x00007ffd17a00000 - 0x00007ffd17afb000 	C:\WINDOWS\System32\SHCORE.dll
0x00007ffd16350000 - 0x00007ffd163b6000 	C:\WINDOWS\System32\shlwapi.dll
0x00007ffd14c60000 - 0x00007ffd14c89000 	C:\WINDOWS\SYSTEM32\profapi.dll
0x00007ffc3d8c0000 - 0x00007ffc3d8d0000 	C:\Program Files\Android\Android Studio\jbr\bin\net.dll
0x00007ffd0b920000 - 0x00007ffd0ba4a000 	C:\WINDOWS\SYSTEM32\WINHTTP.dll
0x00007ffd13fd0000 - 0x00007ffd1403c000 	C:\WINDOWS\system32\mswsock.dll
0x00007ffc3d8a0000 - 0x00007ffc3d8b6000 	C:\Program Files\Android\Android Studio\jbr\bin\nio.dll
0x00007ffc3d890000 - 0x00007ffc3d8a0000 	C:\Program Files\Android\Android Studio\jbr\bin\verify.dll
0x00007ffc39eb0000 - 0x00007ffc39ed7000 	C:\Users\admoi\.gradle\native\1def1411415f61bf3af743bc5b6707747c0891f09f0c88961ee8f79bc544acac\windows-amd64\native-platform.dll
0x00007ffc3d700000 - 0x00007ffc3d778000 	C:\Users\admoi\.gradle\native\0.2.7\x86_64-windows-gnu\gradle-fileevents.dll
0x00007ffcf7a00000 - 0x00007ffcf7a09000 	C:\Program Files\Android\Android Studio\jbr\bin\management.dll
0x00007ffcf79f0000 - 0x00007ffcf79fb000 	C:\Program Files\Android\Android Studio\jbr\bin\management_ext.dll
0x00007ffd16ac0000 - 0x00007ffd16ac8000 	C:\WINDOWS\System32\PSAPI.DLL
0x00007ffd13380000 - 0x00007ffd133b3000 	C:\WINDOWS\SYSTEM32\IPHLPAPI.DLL
0x00007ffd168d0000 - 0x00007ffd168da000 	C:\WINDOWS\System32\NSI.dll
0x00007ffcf79e0000 - 0x00007ffcf79e9000 	C:\Program Files\Android\Android Studio\jbr\bin\extnet.dll
0x00007ffd142c0000 - 0x00007ffd142db000 	C:\WINDOWS\SYSTEM32\CRYPTSP.dll
0x00007ffd13940000 - 0x00007ffd13979000 	C:\WINDOWS\system32\rsaenh.dll
0x00007ffd14080000 - 0x00007ffd140b4000 	C:\WINDOWS\SYSTEM32\USERENV.dll
0x00007ffd14c30000 - 0x00007ffd14c5a000 	C:\WINDOWS\SYSTEM32\bcrypt.dll
0x00007ffd142e0000 - 0x00007ffd142ec000 	C:\WINDOWS\SYSTEM32\CRYPTBASE.dll
0x00007ffcf5400000 - 0x00007ffcf5408000 	C:\WINDOWS\system32\wshunix.dll

JVMTI agents:
C:\Users\admoi\.gradle\wrapper\dists\gradle-8.14.3-all\10utluxaxniiv4wxiphsi49nj\gradle-8.14.3\lib\agents\gradle-instrumentation-agent-8.14.3.jar path:C:\Program Files\Android\Android Studio\jbr\bin\instrument.dll, loaded, initialized, instrumentlib options:none

dbghelp: loaded successfully - version: 4.0.5 - missing functions: none
symbol engine: initialized successfully - sym options: 0x614 - pdb path: .;C:\Program Files\Android\Android Studio\jbr\bin;C:\WINDOWS\SYSTEM32;C:\WINDOWS\WinSxS\amd64_microsoft.windows.common-controls_6595b64144ccf1df_6.0.26100.9278_none_3e0d1ba8e3303201;C:\Program Files\Android\Android Studio\jbr\bin\server;C:\Users\admoi\.gradle\native\1def1411415f61bf3af743bc5b6707747c0891f09f0c88961ee8f79bc544acac\windows-amd64;C:\Users\admoi\.gradle\native\0.2.7\x86_64-windows-gnu

VM Arguments:
jvm_args: --add-opens=java.base/java.lang=ALL-UNNAMED --add-opens=java.base/java.lang.invoke=ALL-UNNAMED --add-opens=java.base/java.util=ALL-UNNAMED --add-opens=java.prefs/java.util.prefs=ALL-UNNAMED --add-exports=jdk.compiler/com.sun.tools.javac.api=ALL-UNNAMED --add-exports=jdk.compiler/com.sun.tools.javac.util=ALL-UNNAMED --add-opens=java.base/java.util=ALL-UNNAMED --add-opens=java.prefs/java.util.prefs=ALL-UNNAMED --add-opens=java.base/java.nio.charset=ALL-UNNAMED --add-opens=java.base/java.net=ALL-UNNAMED --add-opens=java.base/java.util.concurrent.atomic=ALL-UNNAMED --add-opens=java.xml/javax.xml.namespace=ALL-UNNAMED -Xmx1536m -Dfile.encoding=UTF-8 -Duser.country=US -Duser.language=en -Duser.variant -javaagent:C:\Users\admoi\.gradle\wrapper\dists\gradle-8.14.3-all\10utluxaxniiv4wxiphsi49nj\gradle-8.14.3\lib\agents\gradle-instrumentation-agent-8.14.3.jar 
java_command: org.gradle.launcher.daemon.bootstrap.GradleDaemon 8.14.3
java_class_path (initial): C:\Users\admoi\.gradle\wrapper\dists\gradle-8.14.3-all\10utluxaxniiv4wxiphsi49nj\gradle-8.14.3\lib\gradle-daemon-main-8.14.3.jar
Launcher Type: SUN_STANDARD

[Global flags]
     intx CICompilerCount                          = 12                                        {product} {ergonomic}
     uint ConcGCThreads                            = 3                                         {product} {ergonomic}
     uint G1ConcRefinementThreads                  = 13                                        {product} {ergonomic}
   size_t G1HeapRegionSize                         = 1048576                                   {product} {ergonomic}
    uintx GCDrainStackTargetSize                   = 64                                        {product} {ergonomic}
   size_t InitialHeapSize                          = 264241152                                 {product} {ergonomic}
   size_t MarkStackSize                            = 4194304                                   {product} {ergonomic}
   size_t MaxHeapSize                              = 1610612736                                {product} {command line}
   size_t MaxNewSize                               = 965738496                                 {product} {ergonomic}
   size_t MinHeapDeltaBytes                        = 1048576                                   {product} {ergonomic}
   size_t MinHeapSize                              = 8388608                                   {product} {ergonomic}
    uintx NonNMethodCodeHeapSize                   = 7602480                                {pd product} {ergonomic}
    uintx NonProfiledCodeHeapSize                  = 122027880                              {pd product} {ergonomic}
    uintx ProfiledCodeHeapSize                     = 122027880                              {pd product} {ergonomic}
    uintx ReservedCodeCacheSize                    = 251658240                              {pd product} {ergonomic}
     bool SegmentedCodeCache                       = true                                      {product} {ergonomic}
   size_t SoftMaxHeapSize                          = 1610612736                             {manageable} {ergonomic}
     bool UseCompressedOops                        = true                           {product lp64_product} {ergonomic}
     bool UseG1GC                                  = true                                      {product} {ergonomic}
     bool UseLargePagesIndividualAllocation        = false                                  {pd product} {ergonomic}

Logging:
Log output configuration:
 #0: stdout all=warning uptime,level,tags foldmultilines=false
 #1: stderr all=off uptime,level,tags foldmultilines=false

Release file:
JAVA_VERSION="21.0.9" 
MODULES="java.base java.compiler java.datatransfer java.xml java.prefs java.desktop java.instrument java.logging java.management java.security.sasl java.naming java.rmi java.management.rmi java.net.http java.scripting java.security.jgss java.transaction.xa java.sql java.sql.rowset java.xml.crypto java.se java.smartcardio jdk.accessibility jdk.internal.jvmstat jdk.attach jdk.charsets jdk.internal.opt jdk.zipfs jdk.compiler jdk.crypto.ec jdk.crypto.cryptoki jdk.dynalink jdk.hotspot.agent jdk.httpserver jdk.internal.ed jdk.internal.le jdk.internal.vm.ci jdk.jartool jdk.javadoc jdk.jcmd jdk.jdeps jdk.jdwp.agent jdk.jdi jdk.jfr jdk.jlink jdk.jsobject jdk.localedata jdk.management jdk.management.agent jdk.management.jfr jdk.naming.dns jdk.naming.rmi jdk.net jdk.sctp jdk.security.auth jdk.security.jgss jdk.unsupported jdk.unsupported.desktop jdk.xml.dom" 
IMPLEMENTOR="JetBrains s.r.o." 
JAVA_RUNTIME_VERSION="21.0.9+-14787801-b1163.94" 
LIBC="default" 
OS_ARCH="x86_64" 
OS_NAME="Windows" 
SOURCE=".:git:0c757ddc9f2f" 

Environment Variables:
PATH=C:\Users\admoi\AppData\Local\cloud-code\installer\google-cloud-sdk\bin;C:\Python314\Scripts\;C:\Python314\;C:\Program Files\Common Files\Oracle\Java\javapath;C:\WINDOWS\system32;C:\WINDOWS;C:\WINDOWS\System32\Wbem;C:\WINDOWS\System32\WindowsPowerShell\v1.0\;C:\WINDOWS\System32\OpenSSH\;C:\Program Files\Microsoft SQL Server\150\Tools\Binn\;C:\Program Files\Microsoft SQL Server\Client SDK\ODBC\170\Tools\Binn\;C:\Program Files\dotnet\;C:\Program Files (x86)\Windows Kits\10\Windows Performance Toolkit\;C:\Program Files (x86)\Microsoft SQL Server\160\Tools\Binn\;C:\Program Files\Microsoft SQL Server\160\Tools\Binn\;C:\Program Files\Microsoft SQL Server\160\DTS\Binn\;C:\Program Files\Docker\Docker\resources\bin;C:\Program Files\nodejs\;C:\ProgramData\chocolatey\bin;C:\xampp\php;C:\composer;C:\Program Files\Git\cmd;C:\Program Files\GitHub CLI\;C:\Python314\Scripts\;C:\Python314\;C:\Program Files\Common Files\Oracle\Java\javapath;C:\WINDOWS\system32;C:\WINDOWS;C:\WINDOWS\System32\Wbem;C:\WINDOWS\System32\WindowsPowerShell\v1.0\;C:\WINDOWS\System32\OpenSSH\;C:\Program Files\Microsoft SQL Server\150\Tools\Binn\;C:\Program Files\Microsoft SQL Server\Client SDK\ODBC\170\Tools\Binn\;C:\Program Files\dotnet\;C:\Program Files (x86)\Windows Kits\10\Windows Performance Toolkit\;C:\Program Files (x86)\Microsoft SQL Server\160\Tools\Binn\;C:\Program Files\Microsoft SQL Server\160\Tools\Binn\;C:\Program Files\Microsoft SQL Server\160\DTS\Binn\;C:\Program Files\Arduino PLC IDE Tools\;C:\Program Files\Docker\Docker\resources\bin;C:\Program Files\nodejs\;C:\ProgramData\chocolatey\bin;C:\xampp\php;C:\composer;C:\Program Files\Git\cmd;C:\Program Files\GitHub CLI\;c:\Users\admoi\AppData\Roaming\Code\User\globalStorage\github.copilot-chat\debugCommand;c:\Users\admoi\AppData\Roaming\Code\User\globalStorage\github.copilot-chat\copilotCli;D:\Microsoft VS Code;C:\Python314\Scripts\;C:\Python314\;C:\Program Files\Common Files\Oracle\Java\javapath;C:\WINDOWS\system32;C:\WINDOWS;C:\WINDOWS\System32\Wbem;C:\WINDOWS\System32\WindowsPowerShell\v1.0\;C:\WINDOWS\System32\OpenSSH\;C:\Program Files\Microsoft SQL Server\150\Tools\Binn\;C:\Program Files\Microsoft SQL Server\Client SDK\ODBC\170\Tools\Binn\;C:\Program Files\dotnet\;C:\Program Files (x86)\Windows Kits\10\Windows Performance Toolkit\;C:\Program Files (x86)\Microsoft SQL Server\160\Tools\Binn\;C:\Program Files\Microsoft SQL Server\160\Tools\Binn\;C:\Program Files\Microsoft SQL Server\160\DTS\Binn\;C:\Program Files\Arduino PLC IDE Tools\;C:\Program Files\Docker\Docker\resources\bin;C:\Program Files\nodejs\;C:\ProgramData\chocolatey\bin;C:\xampp\php;C:\composer;C:\Program Files\Git\cmd;C:\Users\admoi\AppData\Local\Microsoft\WindowsApps;;D:\IntelliJ IDEA 2025.1.1.1\bin;;D:\Microsoft VS Code\bin;C:\Users\admoi\.dotnet\tools;C:\Users\admoi\AppData\Local\Programs\mongosh\;D:\Antigravity\bin;C:\Users\admoi\AppData\Roaming\npm;C:\Users\admoi\AppData\Roaming\Composer\vendor\bin;C:\Users\admoi\.local\bin;C:\flutter\flutter\bin;C:\flutter\flutter\bin;;C:\flutter\flutter\bin;C:\Program Files (x86)\NVIDIA Corporation\PhysX\Common;C:\Program Files\NVIDIA Corporation\NVIDIA App\NvDLISR;C:\Program Files (x86)\Microsoft SQL Server\160\DTS\Binn\;D:\bin;C:\Program Files (x86)\cloudflared\;C:\Program Files\Microsoft SQL Server\170\Tools\Binn\;C:\Users\admoi\.local\bin;C:\Python314\Scripts\;C:\Python314\;C:\Program Files\Common Files\Oracle\Java\javapath;C:\WINDOWS\system32;C:\WINDOWS;C:\WINDOWS\System32\Wbem;C:\WINDOWS\System32\WindowsPowerShell\v1.0\;C:\WINDOWS\System32\OpenSSH\;C:\Program Files\Microsoft SQL Server\150\Tools\Binn\;C:\Program Files\Microsoft SQL Server\Client SDK\ODBC\170\Tools\Binn\;C:\Program Files\dotnet\;C:\Program Files (x86)\Windows Kits\10\Windows Performance Toolkit\;C:\Program Files (x86)\Microsoft SQL Server\160\Tools\Binn\;C:\Program Files\Microsoft SQL Server\160\Tools\Binn\;C:\Program Files\Microsoft SQL Server\160\DTS\Binn\;C:\Program Files\Docker\Docker\resources\bin;C:\Program Files\nodejs\;C:\ProgramData\chocolatey\bin;C:\xampp\php;C:\composer;C:\Program Files\Git\cmd;C:\Program Files\GitHub CLI\;C:\Python314\Scripts\;C:\Python314\;C:\Program Files\Common Files\Oracle\Java\javapath;C:\WINDOWS\system32;C:\WINDOWS;C:\WINDOWS\System32\Wbem;C:\WINDOWS\System32\WindowsPowerShell\v1.0\;C:\WINDOWS\System32\OpenSSH\;C:\Program Files\Microsoft SQL;C:\Users\admoi\AppData\Local\Programs\Antigravity IDE\bin;C:\Users\admoi\.dotnet\tools;E:\Microsoft VS Code\bin;C:\Users\admoi\AppData\Local\Microsoft\WinGet\Links;
USERNAME=admoi
OS=Windows_NT
PROCESSOR_IDENTIFIER=Intel64 Family 6 Model 154 Stepping 3, GenuineIntel
TMP=C:\Users\admoi\AppData\Local\Temp
TEMP=C:\Users\admoi\AppData\Local\Temp




Periodic native trim disabled

JNI global refs:
JNI global refs: 34, weak refs: 0

JNI global refs memory usage: 835, weak refs: 833

Process memory usage:
Resident Set Size: 212556K (1% of 16436640K total physical memory with 1043884K free physical memory)

OOME stack traces (most recent first):
Classloader memory used:
Loader org.gradle.internal.classloader.VisitableURLClassLoader                         : 34276K
Loader bootstrap                                                                       : 26281K
Loader org.gradle.internal.classloader.VisitableURLClassLoader$InstrumentingVisitableURLClassLoader: 18046K
Loader org.gradle.initialization.MixInLegacyTypesClassLoader                           : 9910K
Loader jdk.internal.loader.ClassLoaders$PlatformClassLoader                            : 526K
Loader org.gradle.groovy.scripts.internal.DefaultScriptCompilationHandler$ScriptClassLoader: 274K
Loader jdk.internal.loader.ClassLoaders$AppClassLoader                                 : 236K
Loader jdk.internal.reflect.DelegatingClassLoader                                      : 52776B
Loader org.codehaus.groovy.runtime.callsite.CallSiteClassLoader                        : 29824B

Classes loaded by more than one classloader:
Class com.google.common.base.PairwiseEquivalence                                      : loaded 2 times (x 83B)
Class com.google.common.base.Equivalence$Identity                                     : loaded 2 times (x 82B)
Class com.google.common.collect.RegularImmutableMap$KeySet                            : loaded 2 times (x 152B)
Class org.gradle.internal.classloader.FilteringClassLoader                            : loaded 2 times (x 105B)
Class [Lcom.google.common.base.AbstractIterator$State;                                : loaded 2 times (x 69B)
Class com.google.common.base.CharMatcher$IsEither                                     : loaded 2 times (x 111B)
Class org.gradle.internal.classloader.ClassLoaderHierarchy                            : loaded 2 times (x 70B)
Class com.google.common.collect.ImmutableEnumSet                                      : loaded 2 times (x 146B)
Class com.google.common.util.concurrent.ExecutionError                                : loaded 2 times (x 82B)
Class com.google.common.collect.ImmutableList$1                                       : loaded 2 times (x 97B)
Class org.gradle.api.internal.classpath.ManifestUtil                                  : loaded 2 times (x 71B)
Class com.google.common.collect.RegularImmutableMap                                   : loaded 2 times (x 121B)
Class com.google.common.collect.ImmutableMap$MapViewOfValuesAsSingletonSets           : loaded 2 times (x 126B)
Class [Lorg.objectweb.asm.Symbol;                                                     : loaded 2 times (x 69B)
Class org.objectweb.asm.ClassVisitor                                                  : loaded 2 times (x 88B)
Class com.google.common.collect.UnmodifiableListIterator                              : loaded 2 times (x 95B)
Class com.google.common.base.Platform$JdkPatternCompiler                              : loaded 2 times (x 75B)
Class org.objectweb.asm.MethodTooLargeException                                       : loaded 2 times (x 83B)
Class [Lcom.google.common.cache.CacheBuilder$OneWeigher;                              : loaded 2 times (x 69B)
Class com.google.common.base.Suppliers                                                : loaded 2 times (x 71B)
Class org.gradle.internal.classloader.DefaultClassLoaderFactory                       : loaded 2 times (x 82B)
Class com.google.common.base.CharMatcher$None                                         : loaded 2 times (x 112B)
Class org.gradle.internal.classloader.ClassLoaderVisitor                              : loaded 2 times (x 76B)
Class [Lcom.google.common.collect.ImmutableMapEntry;                                  : loaded 2 times (x 69B)
Class org.gradle.api.internal.classpath.EffectiveClassPath                            : loaded 2 times (x 90B)
Class com.google.common.collect.ListMultimap                                          : loaded 2 times (x 70B)
Class com.google.common.collect.ImmutableEnumMap                                      : loaded 2 times (x 126B)
Class com.google.common.base.Splitter                                                 : loaded 2 times (x 72B)
Class com.google.common.collect.Sets$1                                                : loaded 2 times (x 139B)
Class org.objectweb.asm.AnnotationVisitor                                             : loaded 2 times (x 78B)
Class org.gradle.api.internal.DefaultClassPathProvider                                : loaded 2 times (x 76B)
Class com.google.common.collect.Sets$2                                                : loaded 2 times (x 139B)
Class [Lorg.gradle.api.internal.ClassPathProvider;                                    : loaded 2 times (x 69B)
Class org.gradle.api.internal.ClassPathProvider                                       : loaded 2 times (x 70B)
Class com.google.common.base.AbstractIterator$State                                   : loaded 2 times (x 79B)
Class [Lorg.objectweb.asm.AnnotationVisitor;                                          : loaded 2 times (x 69B)
Class com.google.common.collect.Sets$3                                                : loaded 2 times (x 139B)
Class com.google.common.cache.LocalCache$LocalLoadingCache                            : loaded 2 times (x 134B)
Class org.gradle.internal.service.UnknownServiceException                             : loaded 2 times (x 83B)
Class com.google.common.collect.Sets$4                                                : loaded 2 times (x 139B)
Class org.objectweb.asm.ModuleVisitor                                                 : loaded 2 times (x 81B)
Class com.google.common.cache.LocalCache$Strength$1                                   : loaded 2 times (x 81B)
Class com.google.common.util.concurrent.SettableFuture                                : loaded 2 times (x 114B)
Class com.google.common.cache.LocalCache$Strength$2                                   : loaded 2 times (x 81B)
Class com.google.common.base.Splitter$1                                               : loaded 2 times (x 77B)
Class com.google.common.cache.LocalCache$Strength$3                                   : loaded 2 times (x 81B)
Class com.google.common.collect.MapDifference                                         : loaded 2 times (x 70B)
Class org.objectweb.asm.FieldWriter                                                   : loaded 2 times (x 78B)
Class com.google.common.cache.CacheBuilder$NullListener                               : loaded 2 times (x 82B)
Class org.gradle.internal.classpath.TransformedClassPath                              : loaded 2 times (x 96B)
Class org.gradle.internal.classloader.InstrumentingClassLoader                        : loaded 2 times (x 70B)
Class com.google.common.cache.CacheLoader$FunctionToCacheLoader                       : loaded 2 times (x 75B)
Class com.google.common.collect.Iterators$ArrayItr                                    : loaded 2 times (x 97B)
Class com.google.common.collect.ImmutableCollection$Builder                           : loaded 2 times (x 76B)
Class com.google.common.base.Joiner                                                   : loaded 2 times (x 79B)
Class com.google.common.base.MoreObjects                                              : loaded 2 times (x 71B)
Class com.google.common.collect.Platform                                              : loaded 2 times (x 71B)
Class [Lorg.objectweb.asm.Type;                                                       : loaded 2 times (x 69B)
Class com.google.common.collect.UnmodifiableIterator                                  : loaded 2 times (x 80B)
Class org.gradle.internal.service.ServiceLocator                                      : loaded 2 times (x 70B)
Class com.google.common.base.Ascii                                                    : loaded 2 times (x 71B)
Class com.google.common.collect.SingletonImmutableBiMap                               : loaded 2 times (x 143B)
Class com.google.common.cache.LocalCache$1                                            : loaded 2 times (x 89B)
Class com.google.common.collect.Iterators$SingletonIterator                           : loaded 2 times (x 81B)
Class com.google.common.collect.AbstractMapEntry                                      : loaded 2 times (x 81B)
Class com.google.common.collect.Sets$ImprovedAbstractSet                              : loaded 2 times (x 135B)
Class com.google.common.collect.ImmutableList$Builder                                 : loaded 2 times (x 77B)
Class com.google.common.collect.AbstractMultimap                                      : loaded 2 times (x 123B)
Class com.google.common.cache.LocalCache$2                                            : loaded 2 times (x 142B)
Class com.google.common.collect.RegularImmutableAsList                                : loaded 2 times (x 217B)
Class com.google.common.util.concurrent.AbstractFuture$Trusted                        : loaded 2 times (x 70B)
Class com.google.common.collect.Iterators                                             : loaded 2 times (x 71B)
Class com.google.common.collect.Lists$StringAsImmutableList                           : loaded 2 times (x 207B)
Class com.google.common.util.concurrent.UncheckedExecutionException                   : loaded 2 times (x 82B)
Class org.gradle.internal.InternalTransformer                                         : loaded 2 times (x 70B)
Class com.google.common.collect.AbstractMapBasedMultimap$KeySet$1                     : loaded 2 times (x 82B)
Class org.objectweb.asm.ClassWriter                                                   : loaded 2 times (x 106B)
Class com.google.common.cache.CacheLoader$UnsupportedLoadingOperationException        : loaded 2 times (x 82B)
Class com.google.common.base.CharMatcher$And                                          : loaded 2 times (x 112B)
Class org.gradle.internal.classloader.ClasspathUtil$1                                 : loaded 2 times (x 76B)
Class org.objectweb.asm.FieldVisitor                                                  : loaded 2 times (x 77B)
Class com.google.common.collect.IndexedImmutableSet                                   : loaded 2 times (x 152B)
Class com.google.common.collect.ImmutableMap$1                                        : loaded 2 times (x 81B)
Class com.google.common.collect.BiMap                                                 : loaded 2 times (x 70B)
Class org.gradle.api.internal.classpath.DefaultModuleRegistry$DefaultModule           : loaded 2 times (x 86B)
Class com.google.common.primitives.Ints                                               : loaded 2 times (x 71B)
Class com.google.common.collect.AbstractIterator                                      : loaded 2 times (x 82B)
Class com.google.common.collect.ObjectArrays                                          : loaded 2 times (x 71B)
Class com.google.common.collect.Multiset                                              : loaded 2 times (x 70B)
Class com.google.common.collect.ArrayListMultimapGwtSerializationDependencies         : loaded 2 times (x 172B)
Class com.google.common.collect.AbstractIndexedListIterator                           : loaded 2 times (x 96B)
Class com.google.common.math.MathPreconditions                                        : loaded 2 times (x 71B)
Class com.google.common.collect.ImmutableMapEntrySet                                  : loaded 2 times (x 152B)
Class org.gradle.api.internal.classpath.Module                                        : loaded 2 times (x 70B)
Class com.google.common.cache.Weigher                                                 : loaded 2 times (x 70B)
Class org.gradle.api.internal.classpath.UnknownModuleException                        : loaded 2 times (x 82B)
Class com.google.common.base.Stopwatch                                                : loaded 2 times (x 72B)
Class com.google.common.cache.LocalCache$Strength                                     : loaded 2 times (x 81B)
Class com.google.common.cache.Cache                                                   : loaded 2 times (x 70B)
Class com.google.common.base.NullnessCasts                                            : loaded 2 times (x 71B)
Class com.google.common.util.concurrent.AbstractFuture$Cancellation                   : loaded 2 times (x 72B)
Class com.google.common.collect.ImmutableMap$Builder                                  : loaded 2 times (x 82B)
Class com.google.common.cache.RemovalListener                                         : loaded 2 times (x 70B)
Class org.gradle.api.internal.DefaultClassPathRegistry                                : loaded 2 times (x 76B)
Class com.google.common.primitives.IntsMethodsForWeb                                  : loaded 2 times (x 71B)
Class com.google.common.collect.Multimap                                              : loaded 2 times (x 70B)
Class org.gradle.api.internal.ClassPathRegistry                                       : loaded 2 times (x 70B)
Class org.gradle.internal.classpath.DefaultClassPath$ImmutableUniqueList              : loaded 2 times (x 199B)
Class com.google.common.cache.CacheBuilder                                            : loaded 2 times (x 72B)
Class com.google.common.collect.SingletonImmutableList                                : loaded 2 times (x 207B)
Class org.gradle.internal.classpath.ClassPath                                         : loaded 2 times (x 70B)
Class org.gradle.api.UncheckedIOException                                             : loaded 2 times (x 82B)
Class com.google.common.base.JdkPattern                                               : loaded 2 times (x 75B)
Class com.google.common.collect.ImmutableList$ReverseImmutableList                    : loaded 2 times (x 209B)
Class org.objectweb.asm.SymbolTable$Entry                                             : loaded 2 times (x 74B)
Class org.objectweb.asm.Edge                                                          : loaded 2 times (x 72B)
Class com.google.common.base.Suppliers$SupplierOfInstance                             : loaded 2 times (x 79B)
Class com.google.common.collect.Iterators$1                                           : loaded 2 times (x 81B)
Class com.google.common.cache.LocalCache$ComputingValueReference                      : loaded 2 times (x 96B)
Class com.google.common.collect.SingletonImmutableSet                                 : loaded 2 times (x 146B)
Class com.google.common.collect.ImmutableMap$IteratorBasedImmutableMap                : loaded 2 times (x 126B)
Class com.google.common.cache.LocalCache$Segment                                      : loaded 2 times (x 154B)
Class com.google.common.collect.AbstractListMultimap                                  : loaded 2 times (x 172B)
Class [Lorg.objectweb.asm.SymbolTable$Entry;                                          : loaded 2 times (x 69B)
Class com.google.common.cache.CacheLoader                                             : loaded 2 times (x 74B)
Class com.google.common.collect.Iterators$4                                           : loaded 2 times (x 82B)
Class com.google.common.collect.ImmutableBiMap                                        : loaded 2 times (x 143B)
Class org.gradle.internal.installation.GradleInstallation$1                           : loaded 2 times (x 75B)
Class org.gradle.api.internal.classpath.ModuleRegistry                                : loaded 2 times (x 70B)
Class com.google.common.base.Splitter$SplittingIterator                               : loaded 2 times (x 84B)
Class com.google.common.util.concurrent.internal.InternalFutureFailureAccess          : loaded 2 times (x 72B)
Class com.google.common.collect.Iterators$5                                           : loaded 2 times (x 82B)
Class com.google.common.collect.ImmutableSet$JdkBackedSetBuilderImpl                  : loaded 2 times (x 76B)
Class com.google.common.cache.LocalCache$LocalManualCache$1                           : loaded 2 times (x 75B)
Class com.google.common.base.CharMatcher$ForPredicate                                 : loaded 2 times (x 112B)
Class com.google.common.base.CharMatcher$AnyOf                                        : loaded 2 times (x 112B)
Class com.google.common.collect.ImmutableCollection                                   : loaded 2 times (x 125B)
Class org.gradle.api.internal.classpath.DefaultModuleRegistry                         : loaded 2 times (x 86B)
Class com.google.common.collect.Lists                                                 : loaded 2 times (x 71B)
Class com.google.common.util.concurrent.ListenableFuture                              : loaded 2 times (x 70B)
Class com.google.common.cache.ReferenceEntry                                          : loaded 2 times (x 70B)
Class com.google.common.base.Converter                                                : loaded 2 times (x 90B)
Class com.google.common.collect.ImmutableSet$CachingAsList                            : loaded 2 times (x 148B)
Class com.google.common.collect.AbstractMapBasedMultimap                              : loaded 2 times (x 139B)
Class com.google.common.util.concurrent.AbstractFuture                                : loaded 2 times (x 106B)
Class com.google.common.base.FunctionalEquivalence                                    : loaded 2 times (x 83B)
Class com.google.common.collect.Iterators$9                                           : loaded 2 times (x 81B)
Class com.google.common.collect.ImmutableAsList                                       : loaded 2 times (x 209B)
Class org.objectweb.asm.RecordComponentVisitor                                        : loaded 2 times (x 77B)
Class com.google.common.cache.CacheLoader$SupplierToCacheLoader                       : loaded 2 times (x 75B)
Class org.gradle.internal.service.ServiceLookupException                              : loaded 2 times (x 82B)
Class [Lcom.google.common.cache.LocalCache$EntryFactory;                              : loaded 2 times (x 69B)
Class org.gradle.internal.classloader.ClassLoaderFactory                              : loaded 2 times (x 70B)
Class com.google.common.base.CommonPattern                                            : loaded 2 times (x 74B)
Class com.google.common.cache.LocalCache$LocalManualCache                             : loaded 2 times (x 99B)
Class com.google.common.base.CharMatcher$IsNot                                        : loaded 2 times (x 111B)
Class org.gradle.internal.service.CachingServiceLocator                               : loaded 2 times (x 82B)
Class com.google.common.collect.AbstractMapBasedMultimap$KeySet                       : loaded 2 times (x 137B)
Class com.google.common.math.IntMath                                                  : loaded 2 times (x 71B)
Class com.google.common.collect.ImmutableMapEntry                                     : loaded 2 times (x 85B)
Class com.google.common.base.Equivalence                                              : loaded 2 times (x 82B)
Class com.google.common.base.Function                                                 : loaded 2 times (x 70B)
Class com.google.common.collect.ImmutableMapEntry$NonTerminalImmutableMapEntry        : loaded 2 times (x 85B)
Class com.google.common.cache.CacheBuilder$OneWeigher                                 : loaded 2 times (x 82B)
Class com.google.common.collect.RegularImmutableList                                  : loaded 2 times (x 213B)
Class org.gradle.internal.classloader.ClasspathUtil                                   : loaded 2 times (x 71B)
Class com.google.common.util.concurrent.Uninterruptibles                              : loaded 2 times (x 71B)
Class com.google.common.util.concurrent.LazyLogger                                    : loaded 2 times (x 72B)
Class com.google.common.collect.Maps                                                  : loaded 2 times (x 71B)
Class build_b1xgi21ie1mzz6pjwqt6busxq$_run_closure1$_closure3                         : loaded 2 times (x 139B)
Class org.gradle.api.specs.Spec                                                       : loaded 2 times (x 70B)
Class [Lcom.google.common.collect.ImmutableEntry;                                     : loaded 2 times (x 69B)
Class com.google.common.cache.LocalCache$LoadingValueReference                        : loaded 2 times (x 96B)
Class com.google.common.base.Platform                                                 : loaded 2 times (x 71B)
Class [Lorg.objectweb.asm.AnnotationWriter;                                           : loaded 2 times (x 69B)
Class com.google.common.collect.Maps$8                                                : loaded 2 times (x 82B)
Class com.google.common.collect.Sets$SetView                                          : loaded 2 times (x 138B)
Class com.google.common.cache.LocalCache$StrongValueReference                         : loaded 2 times (x 90B)
Class org.objectweb.asm.Type                                                          : loaded 2 times (x 72B)
Class org.gradle.internal.classloader.VisitableURLClassLoader$InstrumentingVisitableURLClassLoader: loaded 2 times (x 123B)
Class org.objectweb.asm.ByteVector                                                    : loaded 2 times (x 79B)
Class [Lcom.google.common.cache.CacheBuilder$NullListener;                            : loaded 2 times (x 69B)
Class com.google.common.math.IntMath$1                                                : loaded 2 times (x 71B)
Class org.gradle.internal.classloader.VisitableURLClassLoader$Spec                    : loaded 2 times (x 74B)
Class org.gradle.internal.classpath.DefaultClassPath                                  : loaded 2 times (x 90B)
Class com.google.common.base.AbstractIterator                                         : loaded 2 times (x 80B)
Class org.objectweb.asm.Symbol                                                        : loaded 2 times (x 73B)
Class build_b1xgi21ie1mzz6pjwqt6busxq                                                 : loaded 2 times (x 180B)
Class com.google.common.base.CharMatcher$BitSetMatcher                                : loaded 2 times (x 112B)
Class com.google.common.collect.ImmutableSet                                          : loaded 2 times (x 145B)
Class com.google.common.collect.RegularImmutableMap$Values                            : loaded 2 times (x 207B)
Class org.gradle.internal.classloader.ClassLoaderSpec                                 : loaded 2 times (x 71B)
Class org.objectweb.asm.AnnotationWriter                                              : loaded 2 times (x 79B)
Class com.google.common.cache.CacheStats                                              : loaded 2 times (x 71B)
Class org.objectweb.asm.RecordComponentWriter                                         : loaded 2 times (x 78B)
Class com.google.common.util.concurrent.AbstractFuture$Listener                       : loaded 2 times (x 72B)
Class com.google.common.base.CharMatcher$Or                                           : loaded 2 times (x 112B)
Class org.objectweb.asm.Attribute                                                     : loaded 2 times (x 77B)
Class com.google.common.base.Supplier                                                 : loaded 2 times (x 70B)
Class org.gradle.internal.classloader.VisitableURLClassLoader                         : loaded 2 times (x 117B)
Class org.gradle.internal.Cast                                                        : loaded 2 times (x 71B)
Class org.gradle.api.Action                                                           : loaded 2 times (x 70B)
Class com.google.common.base.Strings                                                  : loaded 2 times (x 71B)
Class com.google.common.collect.Sets                                                  : loaded 2 times (x 71B)
Class org.objectweb.asm.Handler                                                       : loaded 2 times (x 72B)
Class com.google.common.base.Ticker                                                   : loaded 2 times (x 72B)
Class com.google.common.base.CharMatcher$FastMatcher                                  : loaded 2 times (x 111B)
Class [Lcom.google.common.cache.LocalCache$Segment;                                   : loaded 2 times (x 69B)
Class [Lcom.google.common.cache.LocalCache$Strength;                                  : loaded 2 times (x 69B)
Class com.google.common.cache.CacheBuilder$1                                          : loaded 2 times (x 85B)
Class com.google.common.base.Predicate                                                : loaded 2 times (x 70B)
Class com.google.common.collect.ImmutableMap                                          : loaded 2 times (x 120B)
Class org.gradle.internal.classpath.DefaultClassPath$ImmutableUniqueList$Builder      : loaded 2 times (x 75B)
Class com.google.common.cache.LocalCache                                              : loaded 2 times (x 187B)
Class com.google.common.cache.CacheBuilder$2                                          : loaded 2 times (x 79B)
Class com.google.common.base.CharMatcher$NegatedFastMatcher                           : loaded 2 times (x 113B)
Class com.google.common.collect.ArrayListMultimap                                     : loaded 2 times (x 172B)
Class com.google.common.cache.CacheBuilder$3                                          : loaded 2 times (x 72B)
Class [Lcom.google.common.collect.AbstractMapEntry;                                   : loaded 2 times (x 69B)
Class com.google.common.collect.ImmutableEntry                                        : loaded 2 times (x 82B)
Class org.gradle.api.GradleException                                                  : loaded 2 times (x 82B)
Class com.google.common.collect.CollectPreconditions                                  : loaded 2 times (x 71B)
Class com.google.common.collect.SortedMapDifference                                   : loaded 2 times (x 70B)
Class com.google.common.cache.LocalCache$EntryFactory                                 : loaded 2 times (x 83B)
Class com.google.common.cache.LocalCache$AbstractReferenceEntry                       : loaded 2 times (x 107B)
Class org.gradle.internal.IoActions                                                   : loaded 2 times (x 71B)
Class org.objectweb.asm.SymbolTable                                                   : loaded 2 times (x 72B)
Class com.google.common.cache.CacheLoader$InvalidCacheLoadException                   : loaded 2 times (x 82B)
Class com.google.common.collect.ImmutableSet$RegularSetBuilderImpl                    : loaded 2 times (x 77B)
Class org.gradle.internal.classloader.SystemClassLoaderSpec                           : loaded 2 times (x 71B)
Class com.google.common.cache.LocalCache$StrongEntry                                  : loaded 2 times (x 108B)
Class com.google.common.util.concurrent.AbstractFuture$TrustedFuture                  : loaded 2 times (x 114B)
Class com.google.common.cache.LoadingCache                                            : loaded 2 times (x 70B)
Class org.objectweb.asm.MethodWriter                                                  : loaded 2 times (x 106B)
Class [Lcom.google.common.cache.Weigher;                                              : loaded 2 times (x 69B)
Class com.google.common.collect.RegularImmutableMap$BucketOverflowException           : loaded 2 times (x 82B)
Class build_b1xgi21ie1mzz6pjwqt6busxq$_run_closure1                                   : loaded 2 times (x 139B)
Class com.google.common.collect.RegularImmutableBiMap                                 : loaded 2 times (x 149B)
Class com.google.common.cache.LocalCache$ValueReference                               : loaded 2 times (x 70B)
Class com.google.common.base.CharMatcher$Negated                                      : loaded 2 times (x 113B)
Class com.google.common.base.CharMatcher$Is                                           : loaded 2 times (x 111B)
Class com.google.common.base.PatternCompiler                                          : loaded 2 times (x 70B)
Class com.google.common.util.concurrent.AbstractFuture$Failure                        : loaded 2 times (x 72B)
Class com.google.common.base.Equivalence$Equals                                       : loaded 2 times (x 82B)
Class com.google.common.collect.Hashing                                               : loaded 2 times (x 71B)
Class com.google.common.base.Preconditions                                            : loaded 2 times (x 71B)
Class com.google.common.base.Joiner$1                                                 : loaded 2 times (x 80B)
Class org.objectweb.asm.Label                                                         : loaded 2 times (x 73B)
Class org.objectweb.asm.CurrentFrame                                                  : loaded 2 times (x 73B)
Class org.objectweb.asm.ClassTooLargeException                                        : loaded 2 times (x 83B)
Class com.google.common.base.CharMatcher                                              : loaded 2 times (x 111B)
Class com.google.common.collect.PeekingIterator                                       : loaded 2 times (x 70B)
Class com.google.common.base.Joiner$2                                                 : loaded 2 times (x 79B)
Class org.objectweb.asm.Frame                                                         : loaded 2 times (x 73B)
Class org.objectweb.asm.MethodVisitor                                                 : loaded 2 times (x 105B)
Class com.google.common.cache.LocalCache$EntryFactory$1                               : loaded 2 times (x 83B)
Class [Lcom.google.common.cache.RemovalListener;                                      : loaded 2 times (x 69B)
Class com.google.common.base.CharMatcher$NamedFastMatcher                             : loaded 2 times (x 112B)
Class com.google.common.base.CharMatcher$1                                            : loaded 2 times (x 113B)
Class com.google.common.cache.LocalCache$EntryFactory$2                               : loaded 2 times (x 83B)
Class org.gradle.api.internal.classpath.GlobalCacheRootsProvider                      : loaded 2 times (x 70B)
Class org.objectweb.asm.ModuleWriter                                                  : loaded 2 times (x 82B)
Class com.google.common.cache.LocalCache$EntryFactory$3                               : loaded 2 times (x 83B)
Class com.google.common.base.Ticker$1                                                 : loaded 2 times (x 72B)
Class com.google.common.collect.Maps$BiMapConverter                                   : loaded 2 times (x 90B)
Class com.google.common.collect.ImmutableMapEntrySet$RegularEntrySet                  : loaded 2 times (x 152B)
Class com.google.common.cache.LocalCache$EntryFactory$4                               : loaded 2 times (x 83B)
Class com.google.common.base.CharMatcher$InRange                                      : loaded 2 times (x 111B)
Class com.google.common.collect.ImmutableSet$Builder                                  : loaded 2 times (x 85B)
Class com.google.common.cache.LocalCache$EntryFactory$5                               : loaded 2 times (x 83B)
Class com.google.common.cache.LocalCache$EntryFactory$6                               : loaded 2 times (x 83B)
Class org.gradle.internal.installation.CurrentGradleInstallationLocator               : loaded 2 times (x 71B)
Class com.google.common.collect.Maps$KeySet                                           : loaded 2 times (x 137B)
Class com.google.common.cache.LocalCache$EntryFactory$7                               : loaded 2 times (x 83B)
Class com.google.common.collect.ImmutableSet$EmptySetBuilderImpl                      : loaded 2 times (x 76B)
Class com.google.common.collect.ImmutableList                                         : loaded 2 times (x 206B)
Class org.gradle.internal.service.DefaultServiceLocator                               : loaded 2 times (x 83B)
Class com.google.common.cache.LocalCache$EntryFactory$8                               : loaded 2 times (x 83B)
Class com.google.common.collect.ImmutableSet$SetBuilderImpl                           : loaded 2 times (x 76B)
Class org.gradle.internal.installation.CurrentGradleInstallation                      : loaded 2 times (x 73B)
Class com.google.common.cache.CacheLoader$1                                           : loaded 2 times (x 75B)
Class com.google.common.collect.ImmutableList$SubList                                 : loaded 2 times (x 209B)
Class org.gradle.util.internal.GUtil                                                  : loaded 2 times (x 71B)
Class com.google.common.cache.AbstractCache$StatsCounter                              : loaded 2 times (x 70B)
Class com.google.common.collect.Iterators$MergingIterator                             : loaded 2 times (x 81B)
Class com.google.common.collect.RegularImmutableSet                                   : loaded 2 times (x 149B)
Class org.gradle.internal.installation.GradleInstallation                             : loaded 2 times (x 75B)
Class com.google.common.base.Splitter$Strategy                                        : loaded 2 times (x 70B)
Class com.google.common.collect.Iterables                                             : loaded 2 times (x 71B)

---------------  S Y S T E M  ---------------

OS:
 Windows 11 , 64 bit Build 26100 (10.0.26100.9444)
OS uptime: 0 days 0:17 hours
Hyper-V role detected

CPU: total 16 (initial active 16) (8 cores per cpu, 2 threads per core) family 6 model 154 stepping 3 microcode 0x435, cx8, cmov, fxsr, ht, mmx, 3dnowpref, sse, sse2, sse3, ssse3, sse4.1, sse4.2, popcnt, lzcnt, tsc, tscinvbit, avx, avx2, aes, erms, clmul, bmi1, bmi2, adx, sha, fma, vzeroupper, clflush, clflushopt, clwb, hv, serialize, rdtscp, rdpid, fsrm, f16c, cet_ibt, cet_ss
Processor Information for processor 0
  Max Mhz: 2500, Current Mhz: 2500, Mhz Limit: 2500
Processor Information for processor 1
  Max Mhz: 2500, Current Mhz: 2500, Mhz Limit: 2500
Processor Information for processor 2
  Max Mhz: 2500, Current Mhz: 2500, Mhz Limit: 2500
Processor Information for processor 3
  Max Mhz: 2500, Current Mhz: 2500, Mhz Limit: 2500
Processor Information for processor 4
  Max Mhz: 2500, Current Mhz: 2500, Mhz Limit: 2500
Processor Information for processor 5
  Max Mhz: 2500, Current Mhz: 2500, Mhz Limit: 2500
Processor Information for processor 6
  Max Mhz: 2500, Current Mhz: 2500, Mhz Limit: 2500
Processor Information for processor 7
  Max Mhz: 2500, Current Mhz: 2500, Mhz Limit: 2500
Processor Information for processor 8
  Max Mhz: 2500, Current Mhz: 1800, Mhz Limit: 1800
Processor Information for processor 9
  Max Mhz: 2500, Current Mhz: 1800, Mhz Limit: 1800
Processor Information for processor 10
  Max Mhz: 2500, Current Mhz: 1800, Mhz Limit: 1800
Processor Information for processor 11
  Max Mhz: 2500, Current Mhz: 1800, Mhz Limit: 1800
Processor Information for processor 12
  Max Mhz: 2500, Current Mhz: 1800, Mhz Limit: 1800
Processor Information for processor 13
  Max Mhz: 2500, Current Mhz: 1800, Mhz Limit: 1800
Processor Information for processor 14
  Max Mhz: 2500, Current Mhz: 1800, Mhz Limit: 1800
Processor Information for processor 15
  Max Mhz: 2500, Current Mhz: 1800, Mhz Limit: 1800

Memory: 4k page, system-wide physical 16051M (1010M free)
TotalPageFile size 57195M (AvailPageFile size 177M)
current process WorkingSet (physical memory assigned to process): 216M, peak: 274M
current process commit charge ("private bytes"): 407M, peak: 424M

vm_info: OpenJDK 64-Bit Server VM (21.0.9+-14787801-b1163.94) for windows-amd64 JRE (21.0.9+-14787801-b1163.94), built on 2026-01-27T21:15:44Z by "builder" with MS VC++ 16.10 / 16.11 (VS2019)

END.
