#
# There is insufficient memory for the Java Runtime Environment to continue.
# Native memory allocation (malloc) failed to allocate 570960 bytes. Error detail: Chunk::new
# Possible reasons:
#   The system is out of physical RAM or swap space
#   This process is running with CompressedOops enabled, and the Java Heap may be blocking the growth of the native heap
# Possible solutions:
#   Reduce memory load on the system
#   Increase physical memory or swap space
#   Check if swap backing store is full
#   Decrease Java heap size (-Xmx/-Xms)
#   Decrease number of Java threads
#   Decrease Java thread stack sizes (-Xss)
#   Set larger code cache with -XX:ReservedCodeCacheSize=
#   JVM is running with Unscaled Compressed Oops mode in which the Java heap is
#     placed in the first 4GB address space. The Java Heap base address is the
#     maximum limit for the native heap growth. Please use -XX:HeapBaseMinAddress
#     to set the Java Heap base and to place the Java Heap above 4GB virtual address.
# This output file may be truncated or incomplete.
#
#  Out of Memory Error (arena.cpp:168), pid=18988, tid=38312
#
# JRE version: OpenJDK Runtime Environment Temurin-21.0.12.1+1 (21.0.12.1+1) (build 21.0.12.1+1-LTS)
# Java VM: OpenJDK 64-Bit Server VM Temurin-21.0.12.1+1 (21.0.12.1+1-LTS, mixed mode, sharing, tiered, compressed oops, compressed class ptrs, g1 gc, windows-amd64)
# No core dump will be written. Minidumps are not enabled by default on client versions of Windows
#

---------------  S U M M A R Y ------------

Command Line: --add-opens=java.base/java.util=ALL-UNNAMED --add-opens=java.base/java.lang=ALL-UNNAMED --add-opens=java.base/java.lang.invoke=ALL-UNNAMED --add-opens=java.prefs/java.util.prefs=ALL-UNNAMED --add-exports=jdk.compiler/com.sun.tools.javac.api=ALL-UNNAMED --add-exports=jdk.compiler/com.sun.tools.javac.util=ALL-UNNAMED --add-opens=java.base/java.nio.charset=ALL-UNNAMED --add-opens=java.base/java.net=ALL-UNNAMED --add-opens=java.base/java.util.concurrent.atomic=ALL-UNNAMED -XX:MaxMetaspaceSize=384m -XX:+HeapDumpOnOutOfMemoryError -Xms256m -Xmx512m -Dfile.encoding=utf8 -Duser.country=US -Duser.language=en -Duser.variant -javaagent:C:\Users\admoi\.gradle\wrapper\dists\gradle-8.9-bin\90cnw93cvbtalezasaz0blq0a\gradle-8.9\lib\agents\gradle-instrumentation-agent-8.9.jar org.gradle.launcher.daemon.bootstrap.GradleDaemon 8.9

Host: 12th Gen Intel(R) Core(TM) i5-12500H, 16 cores, 15G,  Windows 11 , 64 bit Build 26100 (10.0.26100.9444)
Time: Wed Sep  9 14:30:19 2026 SE Asia Standard Time elapsed time: 553.595715 seconds (0d 0h 9m 13s)

---------------  T H R E A D  ---------------

Current thread (0x0000019efc5783c0):  JavaThread "C2 CompilerThread0" daemon [_thread_in_native, id=38312, stack(0x00000010e2300000,0x00000010e2400000) (1024K)]


Current CompileTask:
C2:553595 8855 %     4       java.util.zip.ZipFile$Source::initCEN @ 261 (612 bytes)

Stack: [0x00000010e2300000,0x00000010e2400000]
Native frames: (J=compiled Java code, j=interpreted, Vv=VM code, C=native code)
V  [jvm.dll+0x6d83e9]
V  [jvm.dll+0x8b5736]
V  [jvm.dll+0x8b7cee]
V  [jvm.dll+0x8b83d3]
V  [jvm.dll+0x284596]
V  [jvm.dll+0xc685d]
V  [jvm.dll+0xc6da1]
V  [jvm.dll+0x3bf18b]
V  [jvm.dll+0x38b6d2]
V  [jvm.dll+0x38ab1a]
V  [jvm.dll+0x24c700]
V  [jvm.dll+0x24bce0]
V  [jvm.dll+0x1cb4ae]
V  [jvm.dll+0x25baad]
V  [jvm.dll+0x25a03a]
V  [jvm.dll+0x3f8aae]
V  [jvm.dll+0x8600cd]
V  [jvm.dll+0x6d6c1d]
C  [ucrtbase.dll+0x2cd30]
C  [KERNEL32.DLL+0x2cd87]
C  [ntdll.dll+0xacaec]


---------------  P R O C E S S  ---------------

Threads class SMR info:
_java_thread_list=0x0000019e99308f40, length=82, elements={
0x0000019ee6107a40, 0x0000019efc570800, 0x0000019efc571f80, 0x0000019efc575710,
0x0000019efc576170, 0x0000019efc576bd0, 0x0000019efc577630, 0x0000019efc5783c0,
0x0000019efc580b50, 0x0000019efc7226f0, 0x0000019efc844ae0, 0x0000019efc81c2e0,
0x0000019efc741f80, 0x0000019efe1f9aa0, 0x0000019efe2e3060, 0x0000019efca48c40,
0x0000019efca6d090, 0x0000019efca6d700, 0x0000019efe2bc920, 0x0000019efe2bd640,
0x0000019efe2bf710, 0x0000019efe2bcfb0, 0x0000019efe2bf080, 0x0000019efe2bfda0,
0x0000019efe2be9f0, 0x0000019e99e35b10, 0x0000019e99e37be0, 0x0000019e99e34760,
0x0000019e99e361a0, 0x0000019e99e34df0, 0x0000019e99e36ec0, 0x0000019e99e38900,
0x0000019e99e35480, 0x0000019e99e36830, 0x0000019e99e39620, 0x0000019e99e3b6f0,
0x0000019e99e3a9d0, 0x0000019efe2bdcd0, 0x0000019e994123b0, 0x0000019e9940f5c0,
0x0000019e99412a40, 0x0000019e99411d20, 0x0000019e994130d0, 0x0000019e9940fc50,
0x0000019e994102e0, 0x0000019e99413df0, 0x0000019e99413760, 0x0000019e99410970,
0x0000019e99414480, 0x0000019e99411000, 0x0000019e99414b10, 0x0000019e99411690,
0x0000019e994151a0, 0x0000019e99415830, 0x0000019e99415ec0, 0x0000019e99416550,
0x0000019e99416be0, 0x0000019efe8618a0, 0x0000019efe864d20, 0x0000019efe863970,
0x0000019efe864000, 0x0000019efe862c50, 0x0000019efe8632e0, 0x0000019efe864690,
0x0000019efe8625c0, 0x0000019efe8653b0, 0x0000019efe861f30, 0x0000019efe865a40,
0x0000019efe866760, 0x0000019efe866df0, 0x0000019efe867480, 0x0000019efe868830,
0x0000019efe867b10, 0x0000019efe8660d0, 0x0000019efe868ec0, 0x0000019efe8681a0,
0x0000019e9a125bc0, 0x0000019e9a127c90, 0x0000019e9a1268e0, 0x0000019e9a128320,
0x0000019e9a126f70, 0x0000019e9a1289b0
}

Java Threads: ( => current thread )
  0x0000019ee6107a40 JavaThread "main"                              [_thread_blocked, id=39412, stack(0x00000010e1500000,0x00000010e1600000) (1024K)]
  0x0000019efc570800 JavaThread "Reference Handler"          daemon [_thread_blocked, id=39536, stack(0x00000010e1d00000,0x00000010e1e00000) (1024K)]
  0x0000019efc571f80 JavaThread "Finalizer"                  daemon [_thread_blocked, id=39540, stack(0x00000010e1e00000,0x00000010e1f00000) (1024K)]
  0x0000019efc575710 JavaThread "Signal Dispatcher"          daemon [_thread_blocked, id=39524, stack(0x00000010e1f00000,0x00000010e2000000) (1024K)]
  0x0000019efc576170 JavaThread "Attach Listener"            daemon [_thread_blocked, id=38504, stack(0x00000010e2000000,0x00000010e2100000) (1024K)]
  0x0000019efc576bd0 JavaThread "Service Thread"             daemon [_thread_blocked, id=36604, stack(0x00000010e2100000,0x00000010e2200000) (1024K)]
  0x0000019efc577630 JavaThread "Monitor Deflation Thread"   daemon [_thread_blocked, id=33448, stack(0x00000010e2200000,0x00000010e2300000) (1024K)]
=>0x0000019efc5783c0 JavaThread "C2 CompilerThread0"         daemon [_thread_in_native, id=38312, stack(0x00000010e2300000,0x00000010e2400000) (1024K)]
  0x0000019efc580b50 JavaThread "C1 CompilerThread0"         daemon [_thread_blocked, id=29744, stack(0x00000010e2400000,0x00000010e2500000) (1024K)]
  0x0000019efc7226f0 JavaThread "Common-Cleaner"             daemon [_thread_blocked, id=29780, stack(0x00000010e2600000,0x00000010e2700000) (1024K)]
  0x0000019efc844ae0 JavaThread "Notification Thread"        daemon [_thread_blocked, id=39796, stack(0x00000010e2700000,0x00000010e2800000) (1024K)]
  0x0000019efc81c2e0 JavaThread "Daemon health stats"               [_thread_blocked, id=40816, stack(0x00000010e2d00000,0x00000010e2e00000) (1024K)]
  0x0000019efc741f80 JavaThread "Incoming local TCP Connector on port 64145"        [_thread_in_native, id=40948, stack(0x00000010e2e00000,0x00000010e2f00000) (1024K)]
  0x0000019efe1f9aa0 JavaThread "Daemon periodic checks"            [_thread_blocked, id=40952, stack(0x00000010e2f00000,0x00000010e3000000) (1024K)]
  0x0000019efe2e3060 JavaThread "Daemon"                            [_thread_blocked, id=28700, stack(0x00000010e3000000,0x00000010e3100000) (1024K)]
  0x0000019efca48c40 JavaThread "Handler for socket connection from /127.0.0.1:64145 to /127.0.0.1:64146"        [_thread_in_native, id=39400, stack(0x00000010e3100000,0x00000010e3200000) (1024K)]
  0x0000019efca6d090 JavaThread "Cancel handler"                    [_thread_blocked, id=40104, stack(0x00000010e3200000,0x00000010e3300000) (1024K)]
  0x0000019efca6d700 JavaThread "Daemon worker"                     [_thread_in_native, id=40096, stack(0x00000010e3300000,0x00000010e3400000) (1024K)]
  0x0000019efe2bc920 JavaThread "Asynchronous log dispatcher for DefaultDaemonConnection: socket connection from /127.0.0.1:64145 to /127.0.0.1:64146"        [_thread_blocked, id=40060, stack(0x00000010e3400000,0x00000010e3500000) (1024K)]
  0x0000019efe2bd640 JavaThread "Stdin handler"                     [_thread_blocked, id=39976, stack(0x00000010e3500000,0x00000010e3600000) (1024K)]
  0x0000019efe2bf710 JavaThread "Daemon client event forwarder"        [_thread_blocked, id=40068, stack(0x00000010e3600000,0x00000010e3700000) (1024K)]
  0x0000019efe2bcfb0 JavaThread "Cache worker for journal cache (C:\Users\admoi\.gradle\caches\journal-1)"        [_thread_blocked, id=39480, stack(0x00000010e3700000,0x00000010e3800000) (1024K)]
  0x0000019efe2bf080 JavaThread "File lock request listener"        [_thread_in_native, id=38688, stack(0x00000010e3800000,0x00000010e3900000) (1024K)]
  0x0000019efe2bfda0 JavaThread "Cache worker for file hash cache (C:\Users\admoi\.gradle\caches\8.9\fileHashes)"        [_thread_blocked, id=40256, stack(0x00000010e3900000,0x00000010e3a00000) (1024K)]
  0x0000019efe2be9f0 JavaThread "Cache worker for file hash cache (D:\BankSystemApp\frontend\node_modules\@capacitor\android\capacitor\.gradle\8.9\fileHashes)"        [_thread_blocked, id=23468, stack(0x00000010e4400000,0x00000010e4500000) (1024K)]
  0x0000019e99e35b10 JavaThread "Cache worker for Build Output Cleanup Cache (D:\BankSystemApp\frontend\node_modules\@capacitor\android\capacitor\.gradle\buildOutputCleanup)"        [_thread_blocked, id=40752, stack(0x00000010e4500000,0x00000010e4600000) (1024K)]
  0x0000019e99e37be0 JavaThread "File watcher server"        daemon [_thread_in_native, id=32812, stack(0x00000010e4600000,0x00000010e4700000) (1024K)]
  0x0000019e99e34760 JavaThread "File watcher consumer"      daemon [_thread_blocked, id=40056, stack(0x00000010e4700000,0x00000010e4800000) (1024K)]
  0x0000019e99e361a0 JavaThread "Cache worker for checksums cache (D:\BankSystemApp\frontend\node_modules\@capacitor\android\capacitor\.gradle\8.9\checksums)"        [_thread_blocked, id=40300, stack(0x00000010e4800000,0x00000010e4900000) (1024K)]
  0x0000019e99e34df0 JavaThread "Cache worker for file content cache (C:\Users\admoi\.gradle\caches\8.9\fileContent)"        [_thread_blocked, id=39632, stack(0x00000010e4900000,0x00000010e4a00000) (1024K)]
  0x0000019e99e36ec0 JavaThread "Cache worker for cache directory md-rule (C:\Users\admoi\.gradle\caches\8.9\md-rule)"        [_thread_blocked, id=31428, stack(0x00000010e4a00000,0x00000010e4b00000) (1024K)]
  0x0000019e99e38900 JavaThread "Cache worker for cache directory md-supplier (C:\Users\admoi\.gradle\caches\8.9\md-supplier)"        [_thread_blocked, id=22252, stack(0x00000010e4b00000,0x00000010e4c00000) (1024K)]
  0x0000019e99e35480 JavaThread "jar transforms"                    [_thread_blocked, id=30932, stack(0x00000010e2500000,0x00000010e2600000) (1024K)]
  0x0000019e99e36830 JavaThread "jar transforms Thread 2"           [_thread_blocked, id=44100, stack(0x00000010e1300000,0x00000010e1400000) (1024K)]
  0x0000019e99e39620 JavaThread "File lock release action executor Thread 2"        [_thread_blocked, id=49964, stack(0x00000010e1400000,0x00000010e1500000) (1024K)]
  0x0000019e99e3b6f0 JavaThread "jar transforms Thread 3"           [_thread_blocked, id=53960, stack(0x00000010e3a00000,0x00000010e3b00000) (1024K)]
  0x0000019e99e3a9d0 JavaThread "Unconstrained build operations"        [_thread_blocked, id=54492, stack(0x00000010e4d00000,0x00000010e4e00000) (1024K)]
  0x0000019efe2bdcd0 JavaThread "Unconstrained build operations Thread 2"        [_thread_blocked, id=44572, stack(0x00000010e4e00000,0x00000010e4f00000) (1024K)]
  0x0000019e994123b0 JavaThread "Unconstrained build operations Thread 3"        [_thread_blocked, id=55896, stack(0x00000010e4f00000,0x00000010e5000000) (1024K)]
  0x0000019e9940f5c0 JavaThread "Unconstrained build operations Thread 4"        [_thread_blocked, id=28080, stack(0x00000010e5000000,0x00000010e5100000) (1024K)]
  0x0000019e99412a40 JavaThread "Unconstrained build operations Thread 5"        [_thread_blocked, id=55476, stack(0x00000010e5100000,0x00000010e5200000) (1024K)]
  0x0000019e99411d20 JavaThread "Unconstrained build operations Thread 6"        [_thread_blocked, id=55996, stack(0x00000010e5200000,0x00000010e5300000) (1024K)]
  0x0000019e994130d0 JavaThread "Unconstrained build operations Thread 7"        [_thread_blocked, id=55852, stack(0x00000010e5300000,0x00000010e5400000) (1024K)]
  0x0000019e9940fc50 JavaThread "Unconstrained build operations Thread 8"        [_thread_blocked, id=55880, stack(0x00000010e5400000,0x00000010e5500000) (1024K)]
  0x0000019e994102e0 JavaThread "Unconstrained build operations Thread 9"        [_thread_blocked, id=55720, stack(0x00000010e5500000,0x00000010e5600000) (1024K)]
  0x0000019e99413df0 JavaThread "Unconstrained build operations Thread 10"        [_thread_blocked, id=54424, stack(0x00000010e5600000,0x00000010e5700000) (1024K)]
  0x0000019e99413760 JavaThread "Unconstrained build operations Thread 11"        [_thread_blocked, id=54896, stack(0x00000010e5700000,0x00000010e5800000) (1024K)]
  0x0000019e99410970 JavaThread "Unconstrained build operations Thread 12"        [_thread_blocked, id=27184, stack(0x00000010e5800000,0x00000010e5900000) (1024K)]
  0x0000019e99414480 JavaThread "Unconstrained build operations Thread 13"        [_thread_blocked, id=38088, stack(0x00000010e5900000,0x00000010e5a00000) (1024K)]
  0x0000019e99411000 JavaThread "Unconstrained build operations Thread 14"        [_thread_blocked, id=55976, stack(0x00000010e5a00000,0x00000010e5b00000) (1024K)]
  0x0000019e99414b10 JavaThread "Unconstrained build operations Thread 15"        [_thread_blocked, id=55488, stack(0x00000010e5b00000,0x00000010e5c00000) (1024K)]
  0x0000019e99411690 JavaThread "Unconstrained build operations Thread 16"        [_thread_blocked, id=55312, stack(0x00000010e4c00000,0x00000010e4d00000) (1024K)]
  0x0000019e994151a0 JavaThread "Unconstrained build operations Thread 17"        [_thread_blocked, id=53100, stack(0x00000010e5c00000,0x00000010e5d00000) (1024K)]
  0x0000019e99415830 JavaThread "Unconstrained build operations Thread 18"        [_thread_blocked, id=53132, stack(0x00000010e5d00000,0x00000010e5e00000) (1024K)]
  0x0000019e99415ec0 JavaThread "Unconstrained build operations Thread 19"        [_thread_blocked, id=55696, stack(0x00000010e5e00000,0x00000010e5f00000) (1024K)]
  0x0000019e99416550 JavaThread "Unconstrained build operations Thread 20"        [_thread_blocked, id=51148, stack(0x00000010e5f00000,0x00000010e6000000) (1024K)]
  0x0000019e99416be0 JavaThread "Unconstrained build operations Thread 21"        [_thread_blocked, id=37496, stack(0x00000010e6000000,0x00000010e6100000) (1024K)]
  0x0000019efe8618a0 JavaThread "Unconstrained build operations Thread 22"        [_thread_blocked, id=28684, stack(0x00000010e6100000,0x00000010e6200000) (1024K)]
  0x0000019efe864d20 JavaThread "Unconstrained build operations Thread 23"        [_thread_blocked, id=54776, stack(0x00000010e6200000,0x00000010e6300000) (1024K)]
  0x0000019efe863970 JavaThread "Unconstrained build operations Thread 24"        [_thread_blocked, id=20972, stack(0x00000010e6300000,0x00000010e6400000) (1024K)]
  0x0000019efe864000 JavaThread "Unconstrained build operations Thread 25"        [_thread_blocked, id=28372, stack(0x00000010e6400000,0x00000010e6500000) (1024K)]
  0x0000019efe862c50 JavaThread "Unconstrained build operations Thread 26"        [_thread_blocked, id=54916, stack(0x00000010e6500000,0x00000010e6600000) (1024K)]
  0x0000019efe8632e0 JavaThread "Unconstrained build operations Thread 27"        [_thread_blocked, id=52208, stack(0x00000010e6600000,0x00000010e6700000) (1024K)]
  0x0000019efe864690 JavaThread "Unconstrained build operations Thread 28"        [_thread_blocked, id=41976, stack(0x00000010e6700000,0x00000010e6800000) (1024K)]
  0x0000019efe8625c0 JavaThread "Unconstrained build operations Thread 29"        [_thread_blocked, id=55320, stack(0x00000010e6800000,0x00000010e6900000) (1024K)]
  0x0000019efe8653b0 JavaThread "Unconstrained build operations Thread 30"        [_thread_blocked, id=56116, stack(0x00000010e6900000,0x00000010e6a00000) (1024K)]
  0x0000019efe861f30 JavaThread "Unconstrained build operations Thread 31"        [_thread_blocked, id=46060, stack(0x00000010e6a00000,0x00000010e6b00000) (1024K)]
  0x0000019efe865a40 JavaThread "Unconstrained build operations Thread 32"        [_thread_blocked, id=55816, stack(0x00000010e6b00000,0x00000010e6c00000) (1024K)]
  0x0000019efe866760 JavaThread "Unconstrained build operations Thread 33"        [_thread_blocked, id=55628, stack(0x00000010e6c00000,0x00000010e6d00000) (1024K)]
  0x0000019efe866df0 JavaThread "Unconstrained build operations Thread 34"        [_thread_blocked, id=32736, stack(0x00000010e6d00000,0x00000010e6e00000) (1024K)]
  0x0000019efe867480 JavaThread "Unconstrained build operations Thread 35"        [_thread_blocked, id=55636, stack(0x00000010e6e00000,0x00000010e6f00000) (1024K)]
  0x0000019efe868830 JavaThread "Unconstrained build operations Thread 36"        [_thread_blocked, id=31136, stack(0x00000010e6f00000,0x00000010e7000000) (1024K)]
  0x0000019efe867b10 JavaThread "Unconstrained build operations Thread 37"        [_thread_blocked, id=55480, stack(0x00000010e7000000,0x00000010e7100000) (1024K)]
  0x0000019efe8660d0 JavaThread "Unconstrained build operations Thread 38"        [_thread_blocked, id=27792, stack(0x00000010e7100000,0x00000010e7200000) (1024K)]
  0x0000019efe868ec0 JavaThread "Unconstrained build operations Thread 39"        [_thread_blocked, id=40700, stack(0x00000010e7200000,0x00000010e7300000) (1024K)]
  0x0000019efe8681a0 JavaThread "Unconstrained build operations Thread 40"        [_thread_blocked, id=14128, stack(0x00000010e7300000,0x00000010e7400000) (1024K)]
  0x0000019e9a125bc0 JavaThread "Unconstrained build operations Thread 41"        [_thread_blocked, id=44196, stack(0x00000010e7400000,0x00000010e7500000) (1024K)]
  0x0000019e9a127c90 JavaThread "Unconstrained build operations Thread 42"        [_thread_blocked, id=55452, stack(0x00000010e7500000,0x00000010e7600000) (1024K)]
  0x0000019e9a1268e0 JavaThread "Unconstrained build operations Thread 43"        [_thread_blocked, id=44944, stack(0x00000010e7600000,0x00000010e7700000) (1024K)]
  0x0000019e9a128320 JavaThread "Unconstrained build operations Thread 44"        [_thread_blocked, id=55692, stack(0x00000010e7700000,0x00000010e7800000) (1024K)]
  0x0000019e9a126f70 JavaThread "Unconstrained build operations Thread 45"        [_thread_blocked, id=55856, stack(0x00000010e7800000,0x00000010e7900000) (1024K)]
  0x0000019e9a1289b0 JavaThread "jar transforms Thread 4"           [_thread_blocked, id=42472, stack(0x00000010e7900000,0x00000010e7a00000) (1024K)]
Total: 82

Other Threads:
  0x0000019efc5545e0 VMThread "VM Thread"                           [id=39444, stack(0x00000010e1c00000,0x00000010e1d00000) (1024K)]
  0x0000019efc5483d0 WatcherThread "VM Periodic Task Thread"        [id=39452, stack(0x00000010e1b00000,0x00000010e1c00000) (1024K)]
  0x0000019ee6131da0 WorkerThread "GC Thread#0"                     [id=39364, stack(0x00000010e1600000,0x00000010e1700000) (1024K)]
  0x0000019efcf4ff10 WorkerThread "GC Thread#1"                     [id=26004, stack(0x00000010e2800000,0x00000010e2900000) (1024K)]
  0x0000019efc971da0 WorkerThread "GC Thread#2"                     [id=31348, stack(0x00000010e2900000,0x00000010e2a00000) (1024K)]
  0x0000019efd041590 WorkerThread "GC Thread#3"                     [id=31380, stack(0x00000010e2a00000,0x00000010e2b00000) (1024K)]
  0x0000019efd041940 WorkerThread "GC Thread#4"                     [id=33028, stack(0x00000010e2b00000,0x00000010e2c00000) (1024K)]
  0x0000019efca35b10 WorkerThread "GC Thread#5"                     [id=31440, stack(0x00000010e2c00000,0x00000010e2d00000) (1024K)]
  0x0000019efe8e37b0 WorkerThread "GC Thread#6"                     [id=40792, stack(0x00000010e3b00000,0x00000010e3c00000) (1024K)]
  0x0000019efefac280 WorkerThread "GC Thread#7"                     [id=40788, stack(0x00000010e3c00000,0x00000010e3d00000) (1024K)]
  0x0000019efefab770 WorkerThread "GC Thread#8"                     [id=40764, stack(0x00000010e3d00000,0x00000010e3e00000) (1024K)]
  0x0000019efefabed0 WorkerThread "GC Thread#9"                     [id=40696, stack(0x00000010e3e00000,0x00000010e3f00000) (1024K)]
  0x0000019efefaa150 WorkerThread "GC Thread#10"                    [id=40676, stack(0x00000010e3f00000,0x00000010e4000000) (1024K)]
  0x0000019efefad4f0 WorkerThread "GC Thread#11"                    [id=39956, stack(0x00000010e4000000,0x00000010e4100000) (1024K)]
  0x0000019efefadc50 WorkerThread "GC Thread#12"                    [id=40636, stack(0x00000010e4100000,0x00000010e4200000) (1024K)]
  0x0000019ee6136ca0 ConcurrentGCThread "G1 Main Marker"            [id=39488, stack(0x00000010e1700000,0x00000010e1800000) (1024K)]
  0x0000019ee61376c0 WorkerThread "G1 Conc#0"                       [id=39324, stack(0x00000010e1800000,0x00000010e1900000) (1024K)]
  0x0000019efefab010 WorkerThread "G1 Conc#1"                       [id=40544, stack(0x00000010e4200000,0x00000010e4300000) (1024K)]
  0x0000019efefac630 WorkerThread "G1 Conc#2"                       [id=40936, stack(0x00000010e4300000,0x00000010e4400000) (1024K)]
  0x0000019efc412270 ConcurrentGCThread "G1 Refine#0"               [id=39356, stack(0x00000010e1900000,0x00000010e1a00000) (1024K)]
  0x0000019efc412c00 ConcurrentGCThread "G1 Service"                [id=39376, stack(0x00000010e1a00000,0x00000010e1b00000) (1024K)]
Total: 21

Threads with active compile tasks:
C2 CompilerThread0  553642 8855 %     4       java.util.zip.ZipFile$Source::initCEN @ 261 (612 bytes)
C1 CompilerThread0  553642 8860   !   3       jdk.internal.loader.URLClassPath::getLoader (29 bytes)
Total: 2

VM state: not at safepoint (normal execution)

VM Mutex/Monitor currently owned by a thread: None

Heap address: 0x00000000e0000000, size: 512 MB, Compressed Oops mode: 32-bit

CDS archive(s) mapped at: [0x0000019e80000000-0x0000019e80ba0000-0x0000019e80ba0000), size 12189696, SharedBaseAddress: 0x0000019e80000000, ArchiveRelocationMode: 1.
Compressed class space mapped at: 0x0000019e81000000-0x0000019e95000000, reserved size: 335544320
Narrow klass base: 0x0000019e80000000, Narrow klass shift: 0, Narrow klass range: 0x100000000

GC Precious Log:
 CardTable entry size: 512
 Card Set container configuration: InlinePtr #cards 5 size 8 Array Of Cards #cards 12 size 40 Howl #buckets 4 coarsen threshold 1843 Howl Bitmap #cards 512 size 80 coarsen threshold 460 Card regions per heap region 1 cards per card region 2048
 CPUs: 16 total, 16 available
 Memory: 16051M
 Large Page Support: Disabled
 NUMA Support: Disabled
 Compressed Oops: Enabled (32-bit)
 Heap Region Size: 1M
 Heap Min Capacity: 256M
 Heap Initial Capacity: 256M
 Heap Max Capacity: 512M
 Pre-touch: Disabled
 Parallel Workers: 13
 Concurrent Workers: 3
 Concurrent Refinement Workers: 13
 Periodic GC: Disabled

Heap:
 garbage-first heap   total 262144K, used 107380K [0x00000000e0000000, 0x0000000100000000)
  region size 1024K, 66 young (67584K), 7 survivors (7168K)
 Metaspace       used 50227K, committed 51968K, reserved 393216K
  class space    used 7216K, committed 8064K, reserved 327680K

Heap Regions: E=young(eden), S=young(survivor), O=old, HS=humongous(starts), HC=humongous(continues), CS=collection set, F=free, TAMS=top-at-mark-start, PB=parsable bottom
|   0|0x00000000e0000000, 0x00000000e0100000, 0x00000000e0100000|100%|HS|  |TAMS 0x00000000e0000000| PB 0x00000000e0000000| Complete 
|   1|0x00000000e0100000, 0x00000000e0200000, 0x00000000e0200000|100%|HC|  |TAMS 0x00000000e0100000| PB 0x00000000e0100000| Complete 
|   2|0x00000000e0200000, 0x00000000e0300000, 0x00000000e0300000|100%|HC|  |TAMS 0x00000000e0200000| PB 0x00000000e0200000| Complete 
|   3|0x00000000e0300000, 0x00000000e0400000, 0x00000000e0400000|100%|HC|  |TAMS 0x00000000e0300000| PB 0x00000000e0300000| Complete 
|   4|0x00000000e0400000, 0x00000000e0500000, 0x00000000e0500000|100%| O|  |TAMS 0x00000000e0400000| PB 0x00000000e0400000| Untracked 
|   5|0x00000000e0500000, 0x00000000e0600000, 0x00000000e0600000|100%| O|  |TAMS 0x00000000e0500000| PB 0x00000000e0500000| Untracked 
|   6|0x00000000e0600000, 0x00000000e0700000, 0x00000000e0700000|100%| O|  |TAMS 0x00000000e0600000| PB 0x00000000e0600000| Untracked 
|   7|0x00000000e0700000, 0x00000000e0800000, 0x00000000e0800000|100%| O|  |TAMS 0x00000000e0700000| PB 0x00000000e0700000| Untracked 
|   8|0x00000000e0800000, 0x00000000e0900000, 0x00000000e0900000|100%| O|  |TAMS 0x00000000e0800000| PB 0x00000000e0800000| Untracked 
|   9|0x00000000e0900000, 0x00000000e0a00000, 0x00000000e0a00000|100%| O|  |TAMS 0x00000000e0900000| PB 0x00000000e0900000| Untracked 
|  10|0x00000000e0a00000, 0x00000000e0b00000, 0x00000000e0b00000|100%| O|  |TAMS 0x00000000e0a00000| PB 0x00000000e0a00000| Untracked 
|  11|0x00000000e0b00000, 0x00000000e0c00000, 0x00000000e0c00000|100%|HS|  |TAMS 0x00000000e0b00000| PB 0x00000000e0b00000| Complete 
|  12|0x00000000e0c00000, 0x00000000e0d00000, 0x00000000e0d00000|100%| O|  |TAMS 0x00000000e0c00000| PB 0x00000000e0c00000| Untracked 
|  13|0x00000000e0d00000, 0x00000000e0e00000, 0x00000000e0e00000|100%| O|  |TAMS 0x00000000e0d00000| PB 0x00000000e0d00000| Untracked 
|  14|0x00000000e0e00000, 0x00000000e0f00000, 0x00000000e0f00000|100%| O|  |TAMS 0x00000000e0e00000| PB 0x00000000e0e00000| Untracked 
|  15|0x00000000e0f00000, 0x00000000e1000000, 0x00000000e1000000|100%| O|  |TAMS 0x00000000e0f00000| PB 0x00000000e0f00000| Untracked 
|  16|0x00000000e1000000, 0x00000000e1100000, 0x00000000e1100000|100%| O|  |TAMS 0x00000000e1000000| PB 0x00000000e1000000| Untracked 
|  17|0x00000000e1100000, 0x00000000e1200000, 0x00000000e1200000|100%| O|  |TAMS 0x00000000e1100000| PB 0x00000000e1100000| Untracked 
|  18|0x00000000e1200000, 0x00000000e1300000, 0x00000000e1300000|100%| O|  |TAMS 0x00000000e1200000| PB 0x00000000e1200000| Untracked 
|  19|0x00000000e1300000, 0x00000000e1400000, 0x00000000e1400000|100%| O|  |TAMS 0x00000000e1300000| PB 0x00000000e1300000| Untracked 
|  20|0x00000000e1400000, 0x00000000e1500000, 0x00000000e1500000|100%| O|  |TAMS 0x00000000e1400000| PB 0x00000000e1400000| Untracked 
|  21|0x00000000e1500000, 0x00000000e1600000, 0x00000000e1600000|100%| O|  |TAMS 0x00000000e1500000| PB 0x00000000e1500000| Untracked 
|  22|0x00000000e1600000, 0x00000000e1700000, 0x00000000e1700000|100%| O|  |TAMS 0x00000000e1600000| PB 0x00000000e1600000| Untracked 
|  23|0x00000000e1700000, 0x00000000e1800000, 0x00000000e1800000|100%|HS|  |TAMS 0x00000000e1700000| PB 0x00000000e1700000| Complete 
|  24|0x00000000e1800000, 0x00000000e1900000, 0x00000000e1900000|100%| O|  |TAMS 0x00000000e1800000| PB 0x00000000e1800000| Untracked 
|  25|0x00000000e1900000, 0x00000000e1a00000, 0x00000000e1a00000|100%| O|  |TAMS 0x00000000e1900000| PB 0x00000000e1900000| Untracked 
|  26|0x00000000e1a00000, 0x00000000e1b00000, 0x00000000e1b00000|100%| O|  |TAMS 0x00000000e1a00000| PB 0x00000000e1a00000| Untracked 
|  27|0x00000000e1b00000, 0x00000000e1c00000, 0x00000000e1c00000|100%| O|  |TAMS 0x00000000e1b00000| PB 0x00000000e1b00000| Untracked 
|  28|0x00000000e1c00000, 0x00000000e1d00000, 0x00000000e1d00000|100%| O|  |TAMS 0x00000000e1c00000| PB 0x00000000e1c00000| Untracked 
|  29|0x00000000e1d00000, 0x00000000e1e00000, 0x00000000e1e00000|100%| O|  |TAMS 0x00000000e1d00000| PB 0x00000000e1d00000| Untracked 
|  30|0x00000000e1e00000, 0x00000000e1f00000, 0x00000000e1f00000|100%| O|  |TAMS 0x00000000e1e00000| PB 0x00000000e1e00000| Untracked 
|  31|0x00000000e1f00000, 0x00000000e2000000, 0x00000000e2000000|100%| O|  |TAMS 0x00000000e1f00000| PB 0x00000000e1f00000| Untracked 
|  32|0x00000000e2000000, 0x00000000e2100000, 0x00000000e2100000|100%| O|  |TAMS 0x00000000e2000000| PB 0x00000000e2000000| Untracked 
|  33|0x00000000e2100000, 0x00000000e2200000, 0x00000000e2200000|100%| O|  |TAMS 0x00000000e2100000| PB 0x00000000e2100000| Untracked 
|  34|0x00000000e2200000, 0x00000000e2300000, 0x00000000e2300000|100%| O|  |TAMS 0x00000000e2200000| PB 0x00000000e2200000| Untracked 
|  35|0x00000000e2300000, 0x00000000e2400000, 0x00000000e2400000|100%| O|  |TAMS 0x00000000e2300000| PB 0x00000000e2300000| Untracked 
|  36|0x00000000e2400000, 0x00000000e2500000, 0x00000000e2500000|100%| O|  |TAMS 0x00000000e2400000| PB 0x00000000e2400000| Untracked 
|  37|0x00000000e2500000, 0x00000000e2600000, 0x00000000e2600000|100%| O|  |TAMS 0x00000000e2500000| PB 0x00000000e2500000| Untracked 
|  38|0x00000000e2600000, 0x00000000e2700000, 0x00000000e2700000|100%| O|  |TAMS 0x00000000e2600000| PB 0x00000000e2600000| Untracked 
|  39|0x00000000e2700000, 0x00000000e275a750, 0x00000000e2800000| 35%| O|  |TAMS 0x00000000e2700000| PB 0x00000000e2700000| Untracked 
|  40|0x00000000e2800000, 0x00000000e2900000, 0x00000000e2900000|100%|HS|  |TAMS 0x00000000e2800000| PB 0x00000000e2800000| Complete 
|  41|0x00000000e2900000, 0x00000000e2a00000, 0x00000000e2a00000|100%|HS|  |TAMS 0x00000000e2900000| PB 0x00000000e2900000| Complete 
|  42|0x00000000e2a00000, 0x00000000e2a00000, 0x00000000e2b00000|  0%| F|  |TAMS 0x00000000e2a00000| PB 0x00000000e2a00000| Untracked 
|  43|0x00000000e2b00000, 0x00000000e2b00000, 0x00000000e2c00000|  0%| F|  |TAMS 0x00000000e2b00000| PB 0x00000000e2b00000| Untracked 
|  44|0x00000000e2c00000, 0x00000000e2c00000, 0x00000000e2d00000|  0%| F|  |TAMS 0x00000000e2c00000| PB 0x00000000e2c00000| Untracked 
|  45|0x00000000e2d00000, 0x00000000e2d00000, 0x00000000e2e00000|  0%| F|  |TAMS 0x00000000e2d00000| PB 0x00000000e2d00000| Untracked 
|  46|0x00000000e2e00000, 0x00000000e2e00000, 0x00000000e2f00000|  0%| F|  |TAMS 0x00000000e2e00000| PB 0x00000000e2e00000| Untracked 
|  47|0x00000000e2f00000, 0x00000000e2f00000, 0x00000000e3000000|  0%| F|  |TAMS 0x00000000e2f00000| PB 0x00000000e2f00000| Untracked 
|  48|0x00000000e3000000, 0x00000000e3000000, 0x00000000e3100000|  0%| F|  |TAMS 0x00000000e3000000| PB 0x00000000e3000000| Untracked 
|  49|0x00000000e3100000, 0x00000000e3100000, 0x00000000e3200000|  0%| F|  |TAMS 0x00000000e3100000| PB 0x00000000e3100000| Untracked 
|  50|0x00000000e3200000, 0x00000000e3200000, 0x00000000e3300000|  0%| F|  |TAMS 0x00000000e3200000| PB 0x00000000e3200000| Untracked 
|  51|0x00000000e3300000, 0x00000000e3300000, 0x00000000e3400000|  0%| F|  |TAMS 0x00000000e3300000| PB 0x00000000e3300000| Untracked 
|  52|0x00000000e3400000, 0x00000000e3400000, 0x00000000e3500000|  0%| F|  |TAMS 0x00000000e3400000| PB 0x00000000e3400000| Untracked 
|  53|0x00000000e3500000, 0x00000000e3500000, 0x00000000e3600000|  0%| F|  |TAMS 0x00000000e3500000| PB 0x00000000e3500000| Untracked 
|  54|0x00000000e3600000, 0x00000000e3600000, 0x00000000e3700000|  0%| F|  |TAMS 0x00000000e3600000| PB 0x00000000e3600000| Untracked 
|  55|0x00000000e3700000, 0x00000000e3700000, 0x00000000e3800000|  0%| F|  |TAMS 0x00000000e3700000| PB 0x00000000e3700000| Untracked 
|  56|0x00000000e3800000, 0x00000000e3800000, 0x00000000e3900000|  0%| F|  |TAMS 0x00000000e3800000| PB 0x00000000e3800000| Untracked 
|  57|0x00000000e3900000, 0x00000000e3900000, 0x00000000e3a00000|  0%| F|  |TAMS 0x00000000e3900000| PB 0x00000000e3900000| Untracked 
|  58|0x00000000e3a00000, 0x00000000e3a00000, 0x00000000e3b00000|  0%| F|  |TAMS 0x00000000e3a00000| PB 0x00000000e3a00000| Untracked 
|  59|0x00000000e3b00000, 0x00000000e3b00000, 0x00000000e3c00000|  0%| F|  |TAMS 0x00000000e3b00000| PB 0x00000000e3b00000| Untracked 
|  60|0x00000000e3c00000, 0x00000000e3c00000, 0x00000000e3d00000|  0%| F|  |TAMS 0x00000000e3c00000| PB 0x00000000e3c00000| Untracked 
|  61|0x00000000e3d00000, 0x00000000e3d00000, 0x00000000e3e00000|  0%| F|  |TAMS 0x00000000e3d00000| PB 0x00000000e3d00000| Untracked 
|  62|0x00000000e3e00000, 0x00000000e3e00000, 0x00000000e3f00000|  0%| F|  |TAMS 0x00000000e3e00000| PB 0x00000000e3e00000| Untracked 
|  63|0x00000000e3f00000, 0x00000000e3f00000, 0x00000000e4000000|  0%| F|  |TAMS 0x00000000e3f00000| PB 0x00000000e3f00000| Untracked 
|  64|0x00000000e4000000, 0x00000000e4000000, 0x00000000e4100000|  0%| F|  |TAMS 0x00000000e4000000| PB 0x00000000e4000000| Untracked 
|  65|0x00000000e4100000, 0x00000000e4100000, 0x00000000e4200000|  0%| F|  |TAMS 0x00000000e4100000| PB 0x00000000e4100000| Untracked 
|  66|0x00000000e4200000, 0x00000000e4200000, 0x00000000e4300000|  0%| F|  |TAMS 0x00000000e4200000| PB 0x00000000e4200000| Untracked 
|  67|0x00000000e4300000, 0x00000000e4300000, 0x00000000e4400000|  0%| F|  |TAMS 0x00000000e4300000| PB 0x00000000e4300000| Untracked 
|  68|0x00000000e4400000, 0x00000000e4400000, 0x00000000e4500000|  0%| F|  |TAMS 0x00000000e4400000| PB 0x00000000e4400000| Untracked 
|  69|0x00000000e4500000, 0x00000000e4500000, 0x00000000e4600000|  0%| F|  |TAMS 0x00000000e4500000| PB 0x00000000e4500000| Untracked 
|  70|0x00000000e4600000, 0x00000000e4600000, 0x00000000e4700000|  0%| F|  |TAMS 0x00000000e4600000| PB 0x00000000e4600000| Untracked 
|  71|0x00000000e4700000, 0x00000000e4700000, 0x00000000e4800000|  0%| F|  |TAMS 0x00000000e4700000| PB 0x00000000e4700000| Untracked 
|  72|0x00000000e4800000, 0x00000000e4800000, 0x00000000e4900000|  0%| F|  |TAMS 0x00000000e4800000| PB 0x00000000e4800000| Untracked 
|  73|0x00000000e4900000, 0x00000000e4900000, 0x00000000e4a00000|  0%| F|  |TAMS 0x00000000e4900000| PB 0x00000000e4900000| Untracked 
|  74|0x00000000e4a00000, 0x00000000e4a00000, 0x00000000e4b00000|  0%| F|  |TAMS 0x00000000e4a00000| PB 0x00000000e4a00000| Untracked 
|  75|0x00000000e4b00000, 0x00000000e4b00000, 0x00000000e4c00000|  0%| F|  |TAMS 0x00000000e4b00000| PB 0x00000000e4b00000| Untracked 
|  76|0x00000000e4c00000, 0x00000000e4c00000, 0x00000000e4d00000|  0%| F|  |TAMS 0x00000000e4c00000| PB 0x00000000e4c00000| Untracked 
|  77|0x00000000e4d00000, 0x00000000e4d00000, 0x00000000e4e00000|  0%| F|  |TAMS 0x00000000e4d00000| PB 0x00000000e4d00000| Untracked 
|  78|0x00000000e4e00000, 0x00000000e4e00000, 0x00000000e4f00000|  0%| F|  |TAMS 0x00000000e4e00000| PB 0x00000000e4e00000| Untracked 
|  79|0x00000000e4f00000, 0x00000000e4f00000, 0x00000000e5000000|  0%| F|  |TAMS 0x00000000e4f00000| PB 0x00000000e4f00000| Untracked 
|  80|0x00000000e5000000, 0x00000000e5000000, 0x00000000e5100000|  0%| F|  |TAMS 0x00000000e5000000| PB 0x00000000e5000000| Untracked 
|  81|0x00000000e5100000, 0x00000000e5100000, 0x00000000e5200000|  0%| F|  |TAMS 0x00000000e5100000| PB 0x00000000e5100000| Untracked 
|  82|0x00000000e5200000, 0x00000000e5200000, 0x00000000e5300000|  0%| F|  |TAMS 0x00000000e5200000| PB 0x00000000e5200000| Untracked 
|  83|0x00000000e5300000, 0x00000000e5300000, 0x00000000e5400000|  0%| F|  |TAMS 0x00000000e5300000| PB 0x00000000e5300000| Untracked 
|  84|0x00000000e5400000, 0x00000000e5400000, 0x00000000e5500000|  0%| F|  |TAMS 0x00000000e5400000| PB 0x00000000e5400000| Untracked 
|  85|0x00000000e5500000, 0x00000000e5500000, 0x00000000e5600000|  0%| F|  |TAMS 0x00000000e5500000| PB 0x00000000e5500000| Untracked 
|  86|0x00000000e5600000, 0x00000000e5600000, 0x00000000e5700000|  0%| F|  |TAMS 0x00000000e5600000| PB 0x00000000e5600000| Untracked 
|  87|0x00000000e5700000, 0x00000000e5700000, 0x00000000e5800000|  0%| F|  |TAMS 0x00000000e5700000| PB 0x00000000e5700000| Untracked 
|  88|0x00000000e5800000, 0x00000000e5800000, 0x00000000e5900000|  0%| F|  |TAMS 0x00000000e5800000| PB 0x00000000e5800000| Untracked 
|  89|0x00000000e5900000, 0x00000000e5900000, 0x00000000e5a00000|  0%| F|  |TAMS 0x00000000e5900000| PB 0x00000000e5900000| Untracked 
|  90|0x00000000e5a00000, 0x00000000e5a00000, 0x00000000e5b00000|  0%| F|  |TAMS 0x00000000e5a00000| PB 0x00000000e5a00000| Untracked 
|  91|0x00000000e5b00000, 0x00000000e5b00000, 0x00000000e5c00000|  0%| F|  |TAMS 0x00000000e5b00000| PB 0x00000000e5b00000| Untracked 
|  92|0x00000000e5c00000, 0x00000000e5c00000, 0x00000000e5d00000|  0%| F|  |TAMS 0x00000000e5c00000| PB 0x00000000e5c00000| Untracked 
|  93|0x00000000e5d00000, 0x00000000e5d00000, 0x00000000e5e00000|  0%| F|  |TAMS 0x00000000e5d00000| PB 0x00000000e5d00000| Untracked 
|  94|0x00000000e5e00000, 0x00000000e5e00000, 0x00000000e5f00000|  0%| F|  |TAMS 0x00000000e5e00000| PB 0x00000000e5e00000| Untracked 
|  95|0x00000000e5f00000, 0x00000000e5f00000, 0x00000000e6000000|  0%| F|  |TAMS 0x00000000e5f00000| PB 0x00000000e5f00000| Untracked 
|  96|0x00000000e6000000, 0x00000000e6000000, 0x00000000e6100000|  0%| F|  |TAMS 0x00000000e6000000| PB 0x00000000e6000000| Untracked 
|  97|0x00000000e6100000, 0x00000000e6100000, 0x00000000e6200000|  0%| F|  |TAMS 0x00000000e6100000| PB 0x00000000e6100000| Untracked 
|  98|0x00000000e6200000, 0x00000000e6200000, 0x00000000e6300000|  0%| F|  |TAMS 0x00000000e6200000| PB 0x00000000e6200000| Untracked 
|  99|0x00000000e6300000, 0x00000000e6300000, 0x00000000e6400000|  0%| F|  |TAMS 0x00000000e6300000| PB 0x00000000e6300000| Untracked 
| 100|0x00000000e6400000, 0x00000000e6400000, 0x00000000e6500000|  0%| F|  |TAMS 0x00000000e6400000| PB 0x00000000e6400000| Untracked 
| 101|0x00000000e6500000, 0x00000000e6500000, 0x00000000e6600000|  0%| F|  |TAMS 0x00000000e6500000| PB 0x00000000e6500000| Untracked 
| 102|0x00000000e6600000, 0x00000000e6600000, 0x00000000e6700000|  0%| F|  |TAMS 0x00000000e6600000| PB 0x00000000e6600000| Untracked 
| 103|0x00000000e6700000, 0x00000000e6700000, 0x00000000e6800000|  0%| F|  |TAMS 0x00000000e6700000| PB 0x00000000e6700000| Untracked 
| 104|0x00000000e6800000, 0x00000000e6800000, 0x00000000e6900000|  0%| F|  |TAMS 0x00000000e6800000| PB 0x00000000e6800000| Untracked 
| 105|0x00000000e6900000, 0x00000000e6900000, 0x00000000e6a00000|  0%| F|  |TAMS 0x00000000e6900000| PB 0x00000000e6900000| Untracked 
| 106|0x00000000e6a00000, 0x00000000e6a00000, 0x00000000e6b00000|  0%| F|  |TAMS 0x00000000e6a00000| PB 0x00000000e6a00000| Untracked 
| 107|0x00000000e6b00000, 0x00000000e6b00000, 0x00000000e6c00000|  0%| F|  |TAMS 0x00000000e6b00000| PB 0x00000000e6b00000| Untracked 
| 108|0x00000000e6c00000, 0x00000000e6c00000, 0x00000000e6d00000|  0%| F|  |TAMS 0x00000000e6c00000| PB 0x00000000e6c00000| Untracked 
| 109|0x00000000e6d00000, 0x00000000e6d00000, 0x00000000e6e00000|  0%| F|  |TAMS 0x00000000e6d00000| PB 0x00000000e6d00000| Untracked 
| 110|0x00000000e6e00000, 0x00000000e6e00000, 0x00000000e6f00000|  0%| F|  |TAMS 0x00000000e6e00000| PB 0x00000000e6e00000| Untracked 
| 111|0x00000000e6f00000, 0x00000000e6f00000, 0x00000000e7000000|  0%| F|  |TAMS 0x00000000e6f00000| PB 0x00000000e6f00000| Untracked 
| 112|0x00000000e7000000, 0x00000000e7000000, 0x00000000e7100000|  0%| F|  |TAMS 0x00000000e7000000| PB 0x00000000e7000000| Untracked 
| 113|0x00000000e7100000, 0x00000000e7100000, 0x00000000e7200000|  0%| F|  |TAMS 0x00000000e7100000| PB 0x00000000e7100000| Untracked 
| 114|0x00000000e7200000, 0x00000000e7200000, 0x00000000e7300000|  0%| F|  |TAMS 0x00000000e7200000| PB 0x00000000e7200000| Untracked 
| 115|0x00000000e7300000, 0x00000000e7300000, 0x00000000e7400000|  0%| F|  |TAMS 0x00000000e7300000| PB 0x00000000e7300000| Untracked 
| 116|0x00000000e7400000, 0x00000000e7400000, 0x00000000e7500000|  0%| F|  |TAMS 0x00000000e7400000| PB 0x00000000e7400000| Untracked 
| 117|0x00000000e7500000, 0x00000000e7500000, 0x00000000e7600000|  0%| F|  |TAMS 0x00000000e7500000| PB 0x00000000e7500000| Untracked 
| 118|0x00000000e7600000, 0x00000000e7600000, 0x00000000e7700000|  0%| F|  |TAMS 0x00000000e7600000| PB 0x00000000e7600000| Untracked 
| 119|0x00000000e7700000, 0x00000000e7700000, 0x00000000e7800000|  0%| F|  |TAMS 0x00000000e7700000| PB 0x00000000e7700000| Untracked 
| 120|0x00000000e7800000, 0x00000000e7800000, 0x00000000e7900000|  0%| F|  |TAMS 0x00000000e7800000| PB 0x00000000e7800000| Untracked 
| 121|0x00000000e7900000, 0x00000000e7900000, 0x00000000e7a00000|  0%| F|  |TAMS 0x00000000e7900000| PB 0x00000000e7900000| Untracked 
| 122|0x00000000e7a00000, 0x00000000e7a00000, 0x00000000e7b00000|  0%| F|  |TAMS 0x00000000e7a00000| PB 0x00000000e7a00000| Untracked 
| 123|0x00000000e7b00000, 0x00000000e7b00000, 0x00000000e7c00000|  0%| F|  |TAMS 0x00000000e7b00000| PB 0x00000000e7b00000| Untracked 
| 124|0x00000000e7c00000, 0x00000000e7c00000, 0x00000000e7d00000|  0%| F|  |TAMS 0x00000000e7c00000| PB 0x00000000e7c00000| Untracked 
| 125|0x00000000e7d00000, 0x00000000e7d00000, 0x00000000e7e00000|  0%| F|  |TAMS 0x00000000e7d00000| PB 0x00000000e7d00000| Untracked 
| 126|0x00000000e7e00000, 0x00000000e7e00000, 0x00000000e7f00000|  0%| F|  |TAMS 0x00000000e7e00000| PB 0x00000000e7e00000| Untracked 
| 127|0x00000000e7f00000, 0x00000000e7f00000, 0x00000000e8000000|  0%| F|  |TAMS 0x00000000e7f00000| PB 0x00000000e7f00000| Untracked 
| 128|0x00000000e8000000, 0x00000000e8000000, 0x00000000e8100000|  0%| F|  |TAMS 0x00000000e8000000| PB 0x00000000e8000000| Untracked 
| 129|0x00000000e8100000, 0x00000000e8100000, 0x00000000e8200000|  0%| F|  |TAMS 0x00000000e8100000| PB 0x00000000e8100000| Untracked 
| 130|0x00000000e8200000, 0x00000000e8200000, 0x00000000e8300000|  0%| F|  |TAMS 0x00000000e8200000| PB 0x00000000e8200000| Untracked 
| 131|0x00000000e8300000, 0x00000000e8300000, 0x00000000e8400000|  0%| F|  |TAMS 0x00000000e8300000| PB 0x00000000e8300000| Untracked 
| 132|0x00000000e8400000, 0x00000000e8400000, 0x00000000e8500000|  0%| F|  |TAMS 0x00000000e8400000| PB 0x00000000e8400000| Untracked 
| 133|0x00000000e8500000, 0x00000000e8500000, 0x00000000e8600000|  0%| F|  |TAMS 0x00000000e8500000| PB 0x00000000e8500000| Untracked 
| 134|0x00000000e8600000, 0x00000000e8600000, 0x00000000e8700000|  0%| F|  |TAMS 0x00000000e8600000| PB 0x00000000e8600000| Untracked 
| 135|0x00000000e8700000, 0x00000000e8700000, 0x00000000e8800000|  0%| F|  |TAMS 0x00000000e8700000| PB 0x00000000e8700000| Untracked 
| 136|0x00000000e8800000, 0x00000000e8800000, 0x00000000e8900000|  0%| F|  |TAMS 0x00000000e8800000| PB 0x00000000e8800000| Untracked 
| 137|0x00000000e8900000, 0x00000000e8900000, 0x00000000e8a00000|  0%| F|  |TAMS 0x00000000e8900000| PB 0x00000000e8900000| Untracked 
| 138|0x00000000e8a00000, 0x00000000e8a00000, 0x00000000e8b00000|  0%| F|  |TAMS 0x00000000e8a00000| PB 0x00000000e8a00000| Untracked 
| 139|0x00000000e8b00000, 0x00000000e8b00000, 0x00000000e8c00000|  0%| F|  |TAMS 0x00000000e8b00000| PB 0x00000000e8b00000| Untracked 
| 140|0x00000000e8c00000, 0x00000000e8c00000, 0x00000000e8d00000|  0%| F|  |TAMS 0x00000000e8c00000| PB 0x00000000e8c00000| Untracked 
| 141|0x00000000e8d00000, 0x00000000e8d00000, 0x00000000e8e00000|  0%| F|  |TAMS 0x00000000e8d00000| PB 0x00000000e8d00000| Untracked 
| 142|0x00000000e8e00000, 0x00000000e8e00000, 0x00000000e8f00000|  0%| F|  |TAMS 0x00000000e8e00000| PB 0x00000000e8e00000| Untracked 
| 143|0x00000000e8f00000, 0x00000000e8f00000, 0x00000000e9000000|  0%| F|  |TAMS 0x00000000e8f00000| PB 0x00000000e8f00000| Untracked 
| 144|0x00000000e9000000, 0x00000000e9000000, 0x00000000e9100000|  0%| F|  |TAMS 0x00000000e9000000| PB 0x00000000e9000000| Untracked 
| 145|0x00000000e9100000, 0x00000000e9100000, 0x00000000e9200000|  0%| F|  |TAMS 0x00000000e9100000| PB 0x00000000e9100000| Untracked 
| 146|0x00000000e9200000, 0x00000000e9200000, 0x00000000e9300000|  0%| F|  |TAMS 0x00000000e9200000| PB 0x00000000e9200000| Untracked 
| 147|0x00000000e9300000, 0x00000000e9300000, 0x00000000e9400000|  0%| F|  |TAMS 0x00000000e9300000| PB 0x00000000e9300000| Untracked 
| 148|0x00000000e9400000, 0x00000000e9400000, 0x00000000e9500000|  0%| F|  |TAMS 0x00000000e9400000| PB 0x00000000e9400000| Untracked 
| 149|0x00000000e9500000, 0x00000000e9582920, 0x00000000e9600000| 51%| S|CS|TAMS 0x00000000e9500000| PB 0x00000000e9500000| Complete 
| 150|0x00000000e9600000, 0x00000000e9700000, 0x00000000e9700000|100%| S|CS|TAMS 0x00000000e9600000| PB 0x00000000e9600000| Complete 
| 151|0x00000000e9700000, 0x00000000e9800000, 0x00000000e9800000|100%| S|CS|TAMS 0x00000000e9700000| PB 0x00000000e9700000| Complete 
| 152|0x00000000e9800000, 0x00000000e9900000, 0x00000000e9900000|100%| S|CS|TAMS 0x00000000e9800000| PB 0x00000000e9800000| Complete 
| 153|0x00000000e9900000, 0x00000000e9a00000, 0x00000000e9a00000|100%| S|CS|TAMS 0x00000000e9900000| PB 0x00000000e9900000| Complete 
| 154|0x00000000e9a00000, 0x00000000e9b00000, 0x00000000e9b00000|100%| S|CS|TAMS 0x00000000e9a00000| PB 0x00000000e9a00000| Complete 
| 155|0x00000000e9b00000, 0x00000000e9c00000, 0x00000000e9c00000|100%| S|CS|TAMS 0x00000000e9b00000| PB 0x00000000e9b00000| Complete 
| 156|0x00000000e9c00000, 0x00000000e9c00000, 0x00000000e9d00000|  0%| F|  |TAMS 0x00000000e9c00000| PB 0x00000000e9c00000| Untracked 
| 157|0x00000000e9d00000, 0x00000000e9d00000, 0x00000000e9e00000|  0%| F|  |TAMS 0x00000000e9d00000| PB 0x00000000e9d00000| Untracked 
| 158|0x00000000e9e00000, 0x00000000e9e00000, 0x00000000e9f00000|  0%| F|  |TAMS 0x00000000e9e00000| PB 0x00000000e9e00000| Untracked 
| 159|0x00000000e9f00000, 0x00000000e9f00000, 0x00000000ea000000|  0%| F|  |TAMS 0x00000000e9f00000| PB 0x00000000e9f00000| Untracked 
| 160|0x00000000ea000000, 0x00000000ea000000, 0x00000000ea100000|  0%| F|  |TAMS 0x00000000ea000000| PB 0x00000000ea000000| Untracked 
| 161|0x00000000ea100000, 0x00000000ea100000, 0x00000000ea200000|  0%| F|  |TAMS 0x00000000ea100000| PB 0x00000000ea100000| Untracked 
| 162|0x00000000ea200000, 0x00000000ea200000, 0x00000000ea300000|  0%| F|  |TAMS 0x00000000ea200000| PB 0x00000000ea200000| Untracked 
| 163|0x00000000ea300000, 0x00000000ea300000, 0x00000000ea400000|  0%| F|  |TAMS 0x00000000ea300000| PB 0x00000000ea300000| Untracked 
| 164|0x00000000ea400000, 0x00000000ea400000, 0x00000000ea500000|  0%| F|  |TAMS 0x00000000ea400000| PB 0x00000000ea400000| Untracked 
| 165|0x00000000ea500000, 0x00000000ea500000, 0x00000000ea600000|  0%| F|  |TAMS 0x00000000ea500000| PB 0x00000000ea500000| Untracked 
| 166|0x00000000ea600000, 0x00000000ea600000, 0x00000000ea700000|  0%| F|  |TAMS 0x00000000ea600000| PB 0x00000000ea600000| Untracked 
| 167|0x00000000ea700000, 0x00000000ea700000, 0x00000000ea800000|  0%| F|  |TAMS 0x00000000ea700000| PB 0x00000000ea700000| Untracked 
| 168|0x00000000ea800000, 0x00000000ea800000, 0x00000000ea900000|  0%| F|  |TAMS 0x00000000ea800000| PB 0x00000000ea800000| Untracked 
| 169|0x00000000ea900000, 0x00000000ea900000, 0x00000000eaa00000|  0%| F|  |TAMS 0x00000000ea900000| PB 0x00000000ea900000| Untracked 
| 170|0x00000000eaa00000, 0x00000000eaa00000, 0x00000000eab00000|  0%| F|  |TAMS 0x00000000eaa00000| PB 0x00000000eaa00000| Untracked 
| 171|0x00000000eab00000, 0x00000000eab00000, 0x00000000eac00000|  0%| F|  |TAMS 0x00000000eab00000| PB 0x00000000eab00000| Untracked 
| 172|0x00000000eac00000, 0x00000000eac00000, 0x00000000ead00000|  0%| F|  |TAMS 0x00000000eac00000| PB 0x00000000eac00000| Untracked 
| 173|0x00000000ead00000, 0x00000000ead00000, 0x00000000eae00000|  0%| F|  |TAMS 0x00000000ead00000| PB 0x00000000ead00000| Untracked 
| 174|0x00000000eae00000, 0x00000000eae00000, 0x00000000eaf00000|  0%| F|  |TAMS 0x00000000eae00000| PB 0x00000000eae00000| Untracked 
| 175|0x00000000eaf00000, 0x00000000eaf00000, 0x00000000eb000000|  0%| F|  |TAMS 0x00000000eaf00000| PB 0x00000000eaf00000| Untracked 
| 176|0x00000000eb000000, 0x00000000eb000000, 0x00000000eb100000|  0%| F|  |TAMS 0x00000000eb000000| PB 0x00000000eb000000| Untracked 
| 177|0x00000000eb100000, 0x00000000eb100000, 0x00000000eb200000|  0%| F|  |TAMS 0x00000000eb100000| PB 0x00000000eb100000| Untracked 
| 178|0x00000000eb200000, 0x00000000eb200000, 0x00000000eb300000|  0%| F|  |TAMS 0x00000000eb200000| PB 0x00000000eb200000| Untracked 
| 179|0x00000000eb300000, 0x00000000eb300000, 0x00000000eb400000|  0%| F|  |TAMS 0x00000000eb300000| PB 0x00000000eb300000| Untracked 
| 180|0x00000000eb400000, 0x00000000eb400000, 0x00000000eb500000|  0%| F|  |TAMS 0x00000000eb400000| PB 0x00000000eb400000| Untracked 
| 181|0x00000000eb500000, 0x00000000eb500000, 0x00000000eb600000|  0%| F|  |TAMS 0x00000000eb500000| PB 0x00000000eb500000| Untracked 
| 182|0x00000000eb600000, 0x00000000eb600000, 0x00000000eb700000|  0%| F|  |TAMS 0x00000000eb600000| PB 0x00000000eb600000| Untracked 
| 183|0x00000000eb700000, 0x00000000eb700000, 0x00000000eb800000|  0%| F|  |TAMS 0x00000000eb700000| PB 0x00000000eb700000| Untracked 
| 184|0x00000000eb800000, 0x00000000eb800000, 0x00000000eb900000|  0%| F|  |TAMS 0x00000000eb800000| PB 0x00000000eb800000| Untracked 
| 185|0x00000000eb900000, 0x00000000eb900000, 0x00000000eba00000|  0%| F|  |TAMS 0x00000000eb900000| PB 0x00000000eb900000| Untracked 
| 186|0x00000000eba00000, 0x00000000eba00000, 0x00000000ebb00000|  0%| F|  |TAMS 0x00000000eba00000| PB 0x00000000eba00000| Untracked 
| 187|0x00000000ebb00000, 0x00000000ebb00000, 0x00000000ebc00000|  0%| F|  |TAMS 0x00000000ebb00000| PB 0x00000000ebb00000| Untracked 
| 188|0x00000000ebc00000, 0x00000000ebc00000, 0x00000000ebd00000|  0%| F|  |TAMS 0x00000000ebc00000| PB 0x00000000ebc00000| Untracked 
| 189|0x00000000ebd00000, 0x00000000ebd00000, 0x00000000ebe00000|  0%| F|  |TAMS 0x00000000ebd00000| PB 0x00000000ebd00000| Untracked 
| 190|0x00000000ebe00000, 0x00000000ebe00000, 0x00000000ebf00000|  0%| F|  |TAMS 0x00000000ebe00000| PB 0x00000000ebe00000| Untracked 
| 191|0x00000000ebf00000, 0x00000000ebf00000, 0x00000000ec000000|  0%| F|  |TAMS 0x00000000ebf00000| PB 0x00000000ebf00000| Untracked 
| 192|0x00000000ec000000, 0x00000000ec000000, 0x00000000ec100000|  0%| F|  |TAMS 0x00000000ec000000| PB 0x00000000ec000000| Untracked 
| 193|0x00000000ec100000, 0x00000000ec100000, 0x00000000ec200000|  0%| F|  |TAMS 0x00000000ec100000| PB 0x00000000ec100000| Untracked 
| 194|0x00000000ec200000, 0x00000000ec200000, 0x00000000ec300000|  0%| F|  |TAMS 0x00000000ec200000| PB 0x00000000ec200000| Untracked 
| 195|0x00000000ec300000, 0x00000000ec300000, 0x00000000ec400000|  0%| F|  |TAMS 0x00000000ec300000| PB 0x00000000ec300000| Untracked 
| 196|0x00000000ec400000, 0x00000000ec400000, 0x00000000ec500000|  0%| F|  |TAMS 0x00000000ec400000| PB 0x00000000ec400000| Untracked 
| 197|0x00000000ec500000, 0x00000000ec600000, 0x00000000ec600000|100%| E|  |TAMS 0x00000000ec500000| PB 0x00000000ec500000| Complete 
| 198|0x00000000ec600000, 0x00000000ec700000, 0x00000000ec700000|100%| E|CS|TAMS 0x00000000ec600000| PB 0x00000000ec600000| Complete 
| 199|0x00000000ec700000, 0x00000000ec800000, 0x00000000ec800000|100%| E|CS|TAMS 0x00000000ec700000| PB 0x00000000ec700000| Complete 
| 200|0x00000000ec800000, 0x00000000ec900000, 0x00000000ec900000|100%| E|CS|TAMS 0x00000000ec800000| PB 0x00000000ec800000| Complete 
| 201|0x00000000ec900000, 0x00000000eca00000, 0x00000000eca00000|100%| E|CS|TAMS 0x00000000ec900000| PB 0x00000000ec900000| Complete 
| 202|0x00000000eca00000, 0x00000000ecb00000, 0x00000000ecb00000|100%| E|CS|TAMS 0x00000000eca00000| PB 0x00000000eca00000| Complete 
| 203|0x00000000ecb00000, 0x00000000ecc00000, 0x00000000ecc00000|100%| E|CS|TAMS 0x00000000ecb00000| PB 0x00000000ecb00000| Complete 
| 204|0x00000000ecc00000, 0x00000000ecd00000, 0x00000000ecd00000|100%| E|CS|TAMS 0x00000000ecc00000| PB 0x00000000ecc00000| Complete 
| 205|0x00000000ecd00000, 0x00000000ece00000, 0x00000000ece00000|100%| E|CS|TAMS 0x00000000ecd00000| PB 0x00000000ecd00000| Complete 
| 206|0x00000000ece00000, 0x00000000ecf00000, 0x00000000ecf00000|100%| E|CS|TAMS 0x00000000ece00000| PB 0x00000000ece00000| Complete 
| 207|0x00000000ecf00000, 0x00000000ed000000, 0x00000000ed000000|100%| E|CS|TAMS 0x00000000ecf00000| PB 0x00000000ecf00000| Complete 
| 208|0x00000000ed000000, 0x00000000ed100000, 0x00000000ed100000|100%| E|CS|TAMS 0x00000000ed000000| PB 0x00000000ed000000| Complete 
| 209|0x00000000ed100000, 0x00000000ed200000, 0x00000000ed200000|100%| E|CS|TAMS 0x00000000ed100000| PB 0x00000000ed100000| Complete 
| 210|0x00000000ed200000, 0x00000000ed300000, 0x00000000ed300000|100%| E|CS|TAMS 0x00000000ed200000| PB 0x00000000ed200000| Complete 
| 211|0x00000000ed300000, 0x00000000ed400000, 0x00000000ed400000|100%| E|CS|TAMS 0x00000000ed300000| PB 0x00000000ed300000| Complete 
| 212|0x00000000ed400000, 0x00000000ed500000, 0x00000000ed500000|100%| E|CS|TAMS 0x00000000ed400000| PB 0x00000000ed400000| Complete 
| 213|0x00000000ed500000, 0x00000000ed600000, 0x00000000ed600000|100%| E|CS|TAMS 0x00000000ed500000| PB 0x00000000ed500000| Complete 
| 214|0x00000000ed600000, 0x00000000ed700000, 0x00000000ed700000|100%| E|CS|TAMS 0x00000000ed600000| PB 0x00000000ed600000| Complete 
| 215|0x00000000ed700000, 0x00000000ed800000, 0x00000000ed800000|100%| E|  |TAMS 0x00000000ed700000| PB 0x00000000ed700000| Complete 
| 216|0x00000000ed800000, 0x00000000ed900000, 0x00000000ed900000|100%| E|CS|TAMS 0x00000000ed800000| PB 0x00000000ed800000| Complete 
| 217|0x00000000ed900000, 0x00000000eda00000, 0x00000000eda00000|100%| E|CS|TAMS 0x00000000ed900000| PB 0x00000000ed900000| Complete 
| 218|0x00000000eda00000, 0x00000000edb00000, 0x00000000edb00000|100%| E|CS|TAMS 0x00000000eda00000| PB 0x00000000eda00000| Complete 
| 219|0x00000000edb00000, 0x00000000edc00000, 0x00000000edc00000|100%| E|CS|TAMS 0x00000000edb00000| PB 0x00000000edb00000| Complete 
| 220|0x00000000edc00000, 0x00000000edd00000, 0x00000000edd00000|100%| E|CS|TAMS 0x00000000edc00000| PB 0x00000000edc00000| Complete 
| 221|0x00000000edd00000, 0x00000000ede00000, 0x00000000ede00000|100%| E|CS|TAMS 0x00000000edd00000| PB 0x00000000edd00000| Complete 
| 222|0x00000000ede00000, 0x00000000edf00000, 0x00000000edf00000|100%| E|CS|TAMS 0x00000000ede00000| PB 0x00000000ede00000| Complete 
| 223|0x00000000edf00000, 0x00000000ee000000, 0x00000000ee000000|100%| E|CS|TAMS 0x00000000edf00000| PB 0x00000000edf00000| Complete 
| 224|0x00000000ee000000, 0x00000000ee100000, 0x00000000ee100000|100%| E|CS|TAMS 0x00000000ee000000| PB 0x00000000ee000000| Complete 
| 225|0x00000000ee100000, 0x00000000ee200000, 0x00000000ee200000|100%| E|CS|TAMS 0x00000000ee100000| PB 0x00000000ee100000| Complete 
| 226|0x00000000ee200000, 0x00000000ee300000, 0x00000000ee300000|100%| E|CS|TAMS 0x00000000ee200000| PB 0x00000000ee200000| Complete 
| 227|0x00000000ee300000, 0x00000000ee400000, 0x00000000ee400000|100%| E|CS|TAMS 0x00000000ee300000| PB 0x00000000ee300000| Complete 
| 228|0x00000000ee400000, 0x00000000ee500000, 0x00000000ee500000|100%| E|CS|TAMS 0x00000000ee400000| PB 0x00000000ee400000| Complete 
| 229|0x00000000ee500000, 0x00000000ee600000, 0x00000000ee600000|100%| E|CS|TAMS 0x00000000ee500000| PB 0x00000000ee500000| Complete 
| 230|0x00000000ee600000, 0x00000000ee700000, 0x00000000ee700000|100%| E|CS|TAMS 0x00000000ee600000| PB 0x00000000ee600000| Complete 
| 231|0x00000000ee700000, 0x00000000ee800000, 0x00000000ee800000|100%| E|CS|TAMS 0x00000000ee700000| PB 0x00000000ee700000| Complete 
| 232|0x00000000ee800000, 0x00000000ee900000, 0x00000000ee900000|100%| E|CS|TAMS 0x00000000ee800000| PB 0x00000000ee800000| Complete 
| 233|0x00000000ee900000, 0x00000000eea00000, 0x00000000eea00000|100%| E|CS|TAMS 0x00000000ee900000| PB 0x00000000ee900000| Complete 
| 234|0x00000000eea00000, 0x00000000eeb00000, 0x00000000eeb00000|100%| E|CS|TAMS 0x00000000eea00000| PB 0x00000000eea00000| Complete 
| 235|0x00000000eeb00000, 0x00000000eec00000, 0x00000000eec00000|100%| E|CS|TAMS 0x00000000eeb00000| PB 0x00000000eeb00000| Complete 
| 236|0x00000000eec00000, 0x00000000eed00000, 0x00000000eed00000|100%| E|CS|TAMS 0x00000000eec00000| PB 0x00000000eec00000| Complete 
| 237|0x00000000eed00000, 0x00000000eee00000, 0x00000000eee00000|100%| E|CS|TAMS 0x00000000eed00000| PB 0x00000000eed00000| Complete 
| 238|0x00000000eee00000, 0x00000000eef00000, 0x00000000eef00000|100%| E|CS|TAMS 0x00000000eee00000| PB 0x00000000eee00000| Complete 
| 239|0x00000000eef00000, 0x00000000ef000000, 0x00000000ef000000|100%| E|CS|TAMS 0x00000000eef00000| PB 0x00000000eef00000| Complete 
| 240|0x00000000ef000000, 0x00000000ef100000, 0x00000000ef100000|100%| E|CS|TAMS 0x00000000ef000000| PB 0x00000000ef000000| Complete 
| 241|0x00000000ef100000, 0x00000000ef200000, 0x00000000ef200000|100%| E|CS|TAMS 0x00000000ef100000| PB 0x00000000ef100000| Complete 
| 242|0x00000000ef200000, 0x00000000ef300000, 0x00000000ef300000|100%| E|CS|TAMS 0x00000000ef200000| PB 0x00000000ef200000| Complete 
| 243|0x00000000ef300000, 0x00000000ef400000, 0x00000000ef400000|100%| E|CS|TAMS 0x00000000ef300000| PB 0x00000000ef300000| Complete 
| 244|0x00000000ef400000, 0x00000000ef500000, 0x00000000ef500000|100%| E|CS|TAMS 0x00000000ef400000| PB 0x00000000ef400000| Complete 
| 245|0x00000000ef500000, 0x00000000ef600000, 0x00000000ef600000|100%| E|CS|TAMS 0x00000000ef500000| PB 0x00000000ef500000| Complete 
| 246|0x00000000ef600000, 0x00000000ef700000, 0x00000000ef700000|100%| E|CS|TAMS 0x00000000ef600000| PB 0x00000000ef600000| Complete 
| 247|0x00000000ef700000, 0x00000000ef800000, 0x00000000ef800000|100%| E|CS|TAMS 0x00000000ef700000| PB 0x00000000ef700000| Complete 
| 248|0x00000000ef800000, 0x00000000ef900000, 0x00000000ef900000|100%| E|CS|TAMS 0x00000000ef800000| PB 0x00000000ef800000| Complete 
| 249|0x00000000ef900000, 0x00000000efa00000, 0x00000000efa00000|100%| E|CS|TAMS 0x00000000ef900000| PB 0x00000000ef900000| Complete 
| 250|0x00000000efa00000, 0x00000000efb00000, 0x00000000efb00000|100%| E|CS|TAMS 0x00000000efa00000| PB 0x00000000efa00000| Complete 
| 251|0x00000000efb00000, 0x00000000efc00000, 0x00000000efc00000|100%| E|CS|TAMS 0x00000000efb00000| PB 0x00000000efb00000| Complete 
| 252|0x00000000efc00000, 0x00000000efd00000, 0x00000000efd00000|100%| E|CS|TAMS 0x00000000efc00000| PB 0x00000000efc00000| Complete 
| 253|0x00000000efd00000, 0x00000000efe00000, 0x00000000efe00000|100%| E|CS|TAMS 0x00000000efd00000| PB 0x00000000efd00000| Complete 
| 254|0x00000000efe00000, 0x00000000eff00000, 0x00000000eff00000|100%| E|CS|TAMS 0x00000000efe00000| PB 0x00000000efe00000| Complete 
| 255|0x00000000eff00000, 0x00000000f0000000, 0x00000000f0000000|100%| E|CS|TAMS 0x00000000eff00000| PB 0x00000000eff00000| Complete 

Card table byte_map: [0x0000019ef8c80000,0x0000019ef8d80000] _byte_map_base: 0x0000019ef8580000

Marking Bits: (CMBitMap*) 0x0000019ee61323c0
 Bits: [0x0000019ef8d80000, 0x0000019ef9580000)

Polling page: 0x0000019ee3fb0000

Metaspace:

Usage:
  Non-class:     42.00 MB used.
      Class:      7.05 MB used.
       Both:     49.05 MB used.

Virtual space:
  Non-class space:       64.00 MB reserved,      42.88 MB ( 67%) committed,  1 nodes.
      Class space:      320.00 MB reserved,       7.88 MB (  2%) committed,  1 nodes.
             Both:      384.00 MB reserved,      50.75 MB ( 13%) committed. 

Chunk freelists:
   Non-Class:  5.05 MB
       Class:  8.04 MB
        Both:  13.09 MB

MaxMetaspaceSize: 384.00 MB
CompressedClassSpaceSize: 320.00 MB
Initial GC threshold: 21.00 MB
Current GC threshold: 59.69 MB
CDS: on
 - commit_granule_bytes: 65536.
 - commit_granule_words: 8192.
 - virtual_space_node_default_size: 8388608.
 - enlarge_chunks_in_place: 1.
 - use_allocation_guard: 0.


Internal statistics:

num_allocs_failed_limit: 12.
num_arena_births: 2962.
num_arena_deaths: 0.
num_vsnodes_births: 2.
num_vsnodes_deaths: 0.
num_space_committed: 812.
num_space_uncommitted: 0.
num_chunks_returned_to_freelist: 12.
num_chunks_taken_from_freelist: 5349.
num_chunk_merges: 12.
num_chunk_splits: 3445.
num_chunks_enlarged: 2083.
num_inconsistent_stats: 0.

CodeHeap 'non-profiled nmethods': size=119168Kb used=4520Kb max_used=4520Kb free=114647Kb
 bounds [0x0000019ef0ea0000, 0x0000019ef1310000, 0x0000019ef8300000]
CodeHeap 'profiled nmethods': size=119104Kb used=16240Kb max_used=16240Kb free=102863Kb
 bounds [0x0000019ee9300000, 0x0000019eea2e0000, 0x0000019ef0750000]
CodeHeap 'non-nmethods': size=7488Kb used=2590Kb max_used=3168Kb free=4897Kb
 bounds [0x0000019ef0750000, 0x0000019ef0a70000, 0x0000019ef0ea0000]
CodeCache: size=245760Kb, used=23350Kb, max_used=23928Kb, free=222407Kb
 total_blobs=9203, nmethods=8344, adapters=763, full_count=0
Compilation: enabled, stopped_count=0, restarted_count=0

Compilation events (20 events):
Event: 552.377 Thread 0x0000019efc580b50 nmethod 8844 0x0000019eea2d3f90 code [0x0000019eea2d4120, 0x0000019eea2d4240]
Event: 552.377 Thread 0x0000019efc580b50 8845       3       java.util.stream.Nodes$SpinedNodeBuilder::build (25 bytes)
Event: 552.377 Thread 0x0000019efc580b50 nmethod 8845 0x0000019eea2d4310 code [0x0000019eea2d44a0, 0x0000019eea2d45c0]
Event: 552.377 Thread 0x0000019efc580b50 8846       3       java.util.stream.Nodes$SpinedNodeBuilder::asArray (29 bytes)
Event: 552.377 Thread 0x0000019efc580b50 nmethod 8846 0x0000019eea2d4690 code [0x0000019eea2d4840, 0x0000019eea2d4990]
Event: 552.377 Thread 0x0000019efc580b50 8847       3       java.util.stream.SpinedBuffer::asArray (46 bytes)
Event: 552.378 Thread 0x0000019efc580b50 nmethod 8847 0x0000019eea2d4a10 code [0x0000019eea2d4c00, 0x0000019eea2d5228]
Event: 552.378 Thread 0x0000019efc580b50 8848       3       java.util.stream.Nodes$SpinedNodeBuilder::copyInto (30 bytes)
Event: 552.378 Thread 0x0000019efc580b50 nmethod 8848 0x0000019eea2d5410 code [0x0000019eea2d55c0, 0x0000019eea2d5710]
Event: 552.471 Thread 0x0000019efc580b50 8850       3       org.codehaus.groovy.reflection.CachedClass::getNewMetaMethods (166 bytes)
Event: 552.476 Thread 0x0000019efc5783c0 8852       4       java.util.LinkedList$ListItr::checkForComodification (23 bytes)
Event: 552.476 Thread 0x0000019efc5783c0 nmethod 8852 0x0000019ef1308590 code [0x0000019ef1308720, 0x0000019ef13087e0]
Event: 552.476 Thread 0x0000019efc5783c0 8853       4       groovy.lang.MetaMethod::getMopName (105 bytes)
Event: 552.486 Thread 0x0000019efc5783c0 nmethod 8853 0x0000019ef1308890 code [0x0000019ef1308b40, 0x0000019ef1309538]
Event: 552.632 Thread 0x0000019efc580b50 nmethod 8850 0x0000019eea2d5790 code [0x0000019eea2d5b20, 0x0000019eea2d7278]
Event: 552.632 Thread 0x0000019efc580b50 8851 %     3       groovy.lang.MetaClassImpl::inheritInterfaceNewMetaMethods @ 100 (195 bytes)
Event: 552.634 Thread 0x0000019efc580b50 nmethod 8851% 0x0000019eea2d7a10 code [0x0000019eea2d7d40, 0x0000019eea2d9378]
Event: 553.231 Thread 0x0000019efc5783c0 8854       4       java.util.zip.ZipFile$Source::checkExtraFields (161 bytes)
Event: 553.234 Thread 0x0000019efc5783c0 nmethod 8854 0x0000019ef1309b10 code [0x0000019ef1309ca0, 0x0000019ef1309ee0]
Event: 553.457 Thread 0x0000019efc5783c0 8855 %     4       java.util.zip.ZipFile$Source::initCEN @ 261 (612 bytes)

GC Heap History (16 events):
Event: 2.322 GC heap before
{Heap before GC invocations=0 (full 0):
 garbage-first heap   total 262144K, used 26624K [0x00000000e0000000, 0x0000000100000000)
  region size 1024K, 23 young (23552K), 0 survivors (0K)
 Metaspace       used 1147K, committed 1280K, reserved 393216K
  class space    used 83K, committed 128K, reserved 327680K
}
Event: 2.359 GC heap after
{Heap after GC invocations=1 (full 0):
 garbage-first heap   total 262144K, used 10378K [0x00000000e0000000, 0x0000000100000000)
  region size 1024K, 3 young (3072K), 3 survivors (3072K)
 Metaspace       used 1147K, committed 1280K, reserved 393216K
  class space    used 83K, committed 128K, reserved 327680K
}
Event: 4.341 GC heap before
{Heap before GC invocations=1 (full 0):
 garbage-first heap   total 262144K, used 41098K [0x00000000e0000000, 0x0000000100000000)
  region size 1024K, 33 young (33792K), 3 survivors (3072K)
 Metaspace       used 4372K, committed 4544K, reserved 393216K
  class space    used 546K, committed 640K, reserved 327680K
}
Event: 4.344 GC heap after
{Heap after GC invocations=2 (full 0):
 garbage-first heap   total 262144K, used 12224K [0x00000000e0000000, 0x0000000100000000)
  region size 1024K, 2 young (2048K), 2 survivors (2048K)
 Metaspace       used 4372K, committed 4544K, reserved 393216K
  class space    used 546K, committed 640K, reserved 327680K
}
Event: 10.491 GC heap before
{Heap before GC invocations=2 (full 0):
 garbage-first heap   total 262144K, used 143296K [0x00000000e0000000, 0x0000000100000000)
  region size 1024K, 130 young (133120K), 2 survivors (2048K)
 Metaspace       used 20806K, committed 21504K, reserved 393216K
  class space    used 3059K, committed 3392K, reserved 327680K
}
Event: 10.539 GC heap after
{Heap after GC invocations=3 (full 0):
 garbage-first heap   total 262144K, used 24847K [0x00000000e0000000, 0x0000000100000000)
  region size 1024K, 13 young (13312K), 13 survivors (13312K)
 Metaspace       used 20806K, committed 21504K, reserved 393216K
  class space    used 3059K, committed 3392K, reserved 327680K
}
Event: 92.127 GC heap before
{Heap before GC invocations=4 (full 0):
 garbage-first heap   total 262144K, used 124175K [0x00000000e0000000, 0x0000000100000000)
  region size 1024K, 111 young (113664K), 13 survivors (13312K)
 Metaspace       used 34780K, committed 35968K, reserved 393216K
  class space    used 5137K, committed 5696K, reserved 327680K
}
Event: 92.322 GC heap after
{Heap after GC invocations=5 (full 0):
 garbage-first heap   total 262144K, used 31456K [0x00000000e0000000, 0x0000000100000000)
  region size 1024K, 7 young (7168K), 7 survivors (7168K)
 Metaspace       used 34780K, committed 35968K, reserved 393216K
  class space    used 5137K, committed 5696K, reserved 327680K
}
Event: 92.661 GC heap before
{Heap before GC invocations=5 (full 0):
 garbage-first heap   total 262144K, used 32480K [0x00000000e0000000, 0x0000000100000000)
  region size 1024K, 10 young (10240K), 7 survivors (7168K)
 Metaspace       used 35086K, committed 36288K, reserved 393216K
  class space    used 5170K, committed 5760K, reserved 327680K
}
Event: 92.676 GC heap after
{Heap after GC invocations=6 (full 0):
 garbage-first heap   total 262144K, used 32712K [0x00000000e0000000, 0x0000000100000000)
  region size 1024K, 7 young (7168K), 7 survivors (7168K)
 Metaspace       used 35086K, committed 36288K, reserved 393216K
  class space    used 5170K, committed 5760K, reserved 327680K
}
Event: 92.876 GC heap before
{Heap before GC invocations=6 (full 0):
 garbage-first heap   total 262144K, used 32712K [0x00000000e0000000, 0x0000000100000000)
  region size 1024K, 8 young (8192K), 7 survivors (7168K)
 Metaspace       used 35355K, committed 36608K, reserved 393216K
  class space    used 5183K, committed 5824K, reserved 327680K
}
Event: 92.885 GC heap after
{Heap after GC invocations=7 (full 0):
 garbage-first heap   total 262144K, used 32099K [0x00000000e0000000, 0x0000000100000000)
  region size 1024K, 7 young (7168K), 7 survivors (7168K)
 Metaspace       used 35355K, committed 36608K, reserved 393216K
  class space    used 5183K, committed 5824K, reserved 327680K
}
Event: 516.005 GC heap before
{Heap before GC invocations=8 (full 0):
 garbage-first heap   total 262144K, used 187747K [0x00000000e0000000, 0x0000000100000000)
  region size 1024K, 153 young (156672K), 7 survivors (7168K)
 Metaspace       used 45129K, committed 46720K, reserved 393216K
  class space    used 6512K, committed 7296K, reserved 327680K
}
Event: 516.182 GC heap after
{Heap after GC invocations=9 (full 0):
 garbage-first heap   total 262144K, used 40401K [0x00000000e0000000, 0x0000000100000000)
  region size 1024K, 15 young (15360K), 15 survivors (15360K)
 Metaspace       used 45129K, committed 46720K, reserved 393216K
  class space    used 6512K, committed 7296K, reserved 327680K
}
Event: 539.291 GC heap before
{Heap before GC invocations=9 (full 0):
 garbage-first heap   total 262144K, used 142801K [0x00000000e0000000, 0x0000000100000000)
  region size 1024K, 115 young (117760K), 15 survivors (15360K)
 Metaspace       used 49962K, committed 51648K, reserved 393216K
  class space    used 7187K, committed 8000K, reserved 327680K
}
Event: 539.350 GC heap after
{Heap after GC invocations=10 (full 0):
 garbage-first heap   total 262144K, used 45940K [0x00000000e0000000, 0x0000000100000000)
  region size 1024K, 7 young (7168K), 7 survivors (7168K)
 Metaspace       used 49962K, committed 51648K, reserved 393216K
  class space    used 7187K, committed 8000K, reserved 327680K
}

Dll operation events (20 events):
Event: 0.700 Attempting to load shared library C:\Users\admoi\.antigravity-ide\extensions\redhat.java-1.56.0-win32-x64\jre\21.0.12.1-win32-x86_64\bin\nio.dll
Event: 0.702 Loaded shared library C:\Users\admoi\.antigravity-ide\extensions\redhat.java-1.56.0-win32-x64\jre\21.0.12.1-win32-x86_64\bin\nio.dll
Event: 0.708 Attempting to load shared library C:\Users\admoi\.antigravity-ide\extensions\redhat.java-1.56.0-win32-x64\jre\21.0.12.1-win32-x86_64\bin\zip.dll
Event: 0.708 Loaded shared library C:\Users\admoi\.antigravity-ide\extensions\redhat.java-1.56.0-win32-x64\jre\21.0.12.1-win32-x86_64\bin\zip.dll
Event: 1.809 Attempting to load shared library C:\Users\admoi\.antigravity-ide\extensions\redhat.java-1.56.0-win32-x64\jre\21.0.12.1-win32-x86_64\bin\jimage.dll
Event: 1.809 Loaded shared library C:\Users\admoi\.antigravity-ide\extensions\redhat.java-1.56.0-win32-x64\jre\21.0.12.1-win32-x86_64\bin\jimage.dll
Event: 2.368 Attempting to load shared library C:\Users\admoi\.antigravity-ide\extensions\redhat.java-1.56.0-win32-x64\jre\21.0.12.1-win32-x86_64\bin\verify.dll
Event: 2.370 Loaded shared library C:\Users\admoi\.antigravity-ide\extensions\redhat.java-1.56.0-win32-x64\jre\21.0.12.1-win32-x86_64\bin\verify.dll
Event: 2.938 Attempting to load shared library C:\Users\admoi\.gradle\native\c067742578af261105cb4f569cf0c3c89f3d7b1fecec35dd04571415982c5e48\windows-amd64\native-platform.dll
Event: 2.940 Loaded shared library C:\Users\admoi\.gradle\native\c067742578af261105cb4f569cf0c3c89f3d7b1fecec35dd04571415982c5e48\windows-amd64\native-platform.dll
Event: 2.947 Attempting to load shared library C:\Users\admoi\.gradle\native\100fb08df4bc3b14c8652ba06237920a3bd2aa13389f12d3474272988ae205f9\windows-amd64\native-platform-file-events.dll
Event: 2.948 Loaded shared library C:\Users\admoi\.gradle\native\100fb08df4bc3b14c8652ba06237920a3bd2aa13389f12d3474272988ae205f9\windows-amd64\native-platform-file-events.dll
Event: 6.149 Attempting to load shared library C:\Users\admoi\.antigravity-ide\extensions\redhat.java-1.56.0-win32-x64\jre\21.0.12.1-win32-x86_64\bin\management.dll
Event: 6.150 Loaded shared library C:\Users\admoi\.antigravity-ide\extensions\redhat.java-1.56.0-win32-x64\jre\21.0.12.1-win32-x86_64\bin\management.dll
Event: 6.153 Attempting to load shared library C:\Users\admoi\.antigravity-ide\extensions\redhat.java-1.56.0-win32-x64\jre\21.0.12.1-win32-x86_64\bin\management_ext.dll
Event: 6.155 Loaded shared library C:\Users\admoi\.antigravity-ide\extensions\redhat.java-1.56.0-win32-x64\jre\21.0.12.1-win32-x86_64\bin\management_ext.dll
Event: 6.498 Attempting to load shared library C:\Users\admoi\.antigravity-ide\extensions\redhat.java-1.56.0-win32-x64\jre\21.0.12.1-win32-x86_64\bin\extnet.dll
Event: 6.504 Loaded shared library C:\Users\admoi\.antigravity-ide\extensions\redhat.java-1.56.0-win32-x64\jre\21.0.12.1-win32-x86_64\bin\extnet.dll
Event: 6.742 Attempting to load shared library C:\Users\admoi\.antigravity-ide\extensions\redhat.java-1.56.0-win32-x64\jre\21.0.12.1-win32-x86_64\bin\sunmscapi.dll
Event: 6.816 Loaded shared library C:\Users\admoi\.antigravity-ide\extensions\redhat.java-1.56.0-win32-x64\jre\21.0.12.1-win32-x86_64\bin\sunmscapi.dll

Deoptimization events (20 events):
Event: 549.715 Thread 0x0000019efca6d700 Uncommon trap: trap_request=0xffffffc6 fr.pc=0x0000019ef12d5bbc relative=0x00000000000004bc
Event: 549.715 Thread 0x0000019efca6d700 Uncommon trap: reason=bimorphic_or_optimized_type_check action=maybe_recompile pc=0x0000019ef12d5bbc method=com.google.common.collect.MapMakerInternalMap$Segment.getEntry(Ljava/lang/Object;I)Lcom/google/common/collect/MapMakerInternalMap$InternalEntry; @ 
Event: 549.715 Thread 0x0000019efca6d700 DEOPT PACKING pc=0x0000019ef12d5bbc sp=0x00000010e33f8090
Event: 549.715 Thread 0x0000019efca6d700 DEOPT UNPACKING pc=0x0000019ef07a4422 sp=0x00000010e33f8060 mode 2
Event: 553.106 Thread 0x0000019efca6d700 Uncommon trap: trap_request=0xffffff45 fr.pc=0x0000019ef106aa8c relative=0x000000000000170c
Event: 553.106 Thread 0x0000019efca6d700 Uncommon trap: reason=unstable_if action=reinterpret pc=0x0000019ef106aa8c method=java.util.zip.ZipFile.getInputStream(Ljava/util/zip/ZipEntry;)Ljava/io/InputStream; @ 101 c2
Event: 553.106 Thread 0x0000019efca6d700 DEOPT PACKING pc=0x0000019ef106aa8c sp=0x00000010e33f7dd0
Event: 553.106 Thread 0x0000019efca6d700 DEOPT UNPACKING pc=0x0000019ef07a4422 sp=0x00000010e33f7d88 mode 2
Event: 553.468 Thread 0x0000019efca6d700 Uncommon trap: trap_request=0xffffffec fr.pc=0x0000019ef0ef3ed8 relative=0x00000000000001d8
Event: 553.468 Thread 0x0000019efca6d700 Uncommon trap: reason=null_assert_or_unreached0 action=make_not_entrant pc=0x0000019ef0ef3ed8 method=java.security.AccessController.doPrivileged(Ljava/security/PrivilegedExceptionAction;Ljava/security/AccessControlContext;)Ljava/lang/Object; @ 25 c2
Event: 553.468 Thread 0x0000019efca6d700 DEOPT PACKING pc=0x0000019ef0ef3ed8 sp=0x00000010e33f7f20
Event: 553.468 Thread 0x0000019efca6d700 DEOPT UNPACKING pc=0x0000019ef07a4422 sp=0x00000010e33f7e38 mode 2
Event: 553.468 Thread 0x0000019efca6d700 Uncommon trap: trap_request=0x00000091 fr.pc=0x0000019ef1017ba8 relative=0x00000000000000e8
Event: 553.468 Thread 0x0000019efca6d700 Uncommon trap: reason=unloaded action=reinterpret pc=0x0000019ef1017ba8 method=java.security.AccessController.wrapException(Ljava/lang/Exception;)Ljava/security/PrivilegedActionException; @ 0 c2
Event: 553.468 Thread 0x0000019efca6d700 DEOPT PACKING pc=0x0000019ef1017ba8 sp=0x00000010e33f8140
Event: 553.468 Thread 0x0000019efca6d700 DEOPT UNPACKING pc=0x0000019ef07a4422 sp=0x00000010e33f8068 mode 2
Event: 553.469 Thread 0x0000019efca6d700 Uncommon trap: trap_request=0xffffffad fr.pc=0x0000019ef10dc954 relative=0x00000000000013f4
Event: 553.469 Thread 0x0000019efca6d700 Uncommon trap: reason=uninitialized action=reinterpret pc=0x0000019ef10dc954 method=jdk.internal.loader.URLClassPath.getLoader(Ljava/net/URL;)Ljdk/internal/loader/URLClassPath$Loader; @ 22 c2
Event: 553.469 Thread 0x0000019efca6d700 DEOPT PACKING pc=0x0000019ef10dc954 sp=0x00000010e33f8170
Event: 553.469 Thread 0x0000019efca6d700 DEOPT UNPACKING pc=0x0000019ef07a4422 sp=0x00000010e33f80d0 mode 2

Classes loaded (20 events):
Event: 534.279 Loading class jdk/internal/reflect/SerializationConstructorAccessorImpl
Event: 534.279 Loading class jdk/internal/reflect/SerializationConstructorAccessorImpl done
Event: 536.680 Loading class java/nio/channels/Channels
Event: 536.691 Loading class java/nio/channels/Channels done
Event: 536.692 Loading class sun/nio/ch/Streams
Event: 536.712 Loading class sun/nio/ch/Streams done
Event: 536.712 Loading class sun/nio/ch/ChannelInputStream
Event: 536.718 Loading class sun/nio/ch/ChannelInputStream done
Event: 538.838 Loading class java/util/Collections$2
Event: 538.845 Loading class java/util/Collections$2 done
Event: 538.963 Loading class java/lang/foreign/MemorySegment
Event: 539.001 Loading class java/lang/foreign/MemorySegment done
Event: 539.904 Loading class java/util/stream/SortedOps
Event: 539.911 Loading class java/util/stream/SortedOps done
Event: 539.911 Loading class java/util/stream/SortedOps$OfRef
Event: 539.914 Loading class java/util/stream/SortedOps$OfRef done
Event: 539.916 Loading class java/util/stream/SortedOps$SizedRefSortingSink
Event: 539.918 Loading class java/util/stream/SortedOps$AbstractRefSortingSink
Event: 539.919 Loading class java/util/stream/SortedOps$AbstractRefSortingSink done
Event: 539.919 Loading class java/util/stream/SortedOps$SizedRefSortingSink done

Classes unloaded (0 events):
No events

Classes redefined (0 events):
No events

Internal exceptions (20 events):
Event: 515.486 Thread 0x0000019efca6d700 Exception <a 'java/lang/NoSuchMethodError'{0x00000000e6e88f08}: 'java.lang.Object java.lang.invoke.Invokers$Holder.linkToTargetMethod(java.lang.Object, java.lang.Object, long, java.lang.Object)'> (0x00000000e6e88f08) 
thrown [s\src\hotspot\share\interpreter\linkResolver.cpp, line 773]
Event: 515.606 Thread 0x0000019efca6d700 Exception <a 'java/lang/NoSuchMethodError'{0x00000000e6c9dba0}: 'java.lang.Object java.lang.invoke.DirectMethodHandle$Holder.newInvokeSpecial(java.lang.Object, java.lang.Object, java.lang.Object, java.lang.Object, java.lang.Object, java.lang.Object, java.lang.Object, java.lang.Object, java.lang.Object, java.lang.Object, java.lang.Object, java.lang.Object, java.lang.Object, java.lang.Object, java.lang.Object, java.lang.Object, java.lang.Object, java.lang.Object, java.lang.Object, java.lang.Object, java.lang
Event: 515.608 Thread 0x0000019efca6d700 Exception <a 'java/lang/NoSuchMethodError'{0x00000000e6ca5c18}: 'java.lang.Object java.lang.invoke.DirectMethodHandle$Holder.invokeSpecial(java.lang.Object, java.lang.Object, java.lang.Object, java.lang.Object, java.lang.Object, java.lang.Object, java.lang.Object, java.lang.Object, java.lang.Object, java.lang.Object, java.lang.Object, java.lang.Object, java.lang.Object, java.lang.Object, java.lang.Object, java.lang.Object, java.lang.Object, java.lang.Object, java.lang.Object, java.lang.Object, java.lang.Ob
Event: 515.609 Thread 0x0000019efca6d700 Exception <a 'java/lang/NoSuchMethodError'{0x00000000e6cac3d0}: 'java.lang.Object java.lang.invoke.DelegatingMethodHandle$Holder.reinvoke_L(java.lang.Object, java.lang.Object, java.lang.Object, java.lang.Object, java.lang.Object, java.lang.Object, java.lang.Object, java.lang.Object, java.lang.Object, java.lang.Object, java.lang.Object, java.lang.Object, java.lang.Object, java.lang.Object, java.lang.Object, java.lang.Object, java.lang.Object, java.lang.Object, java.lang.Object, java.lang.Object, java.lang.O
Event: 515.810 Thread 0x0000019efca6d700 Exception <a 'java/lang/ClassNotFoundException'{0x00000000e69d9b18}: org/gradle/api/internal/artifacts/dsl/dependencies/DefaultDependencyHandler_DecoratedBeanInfo> (0x00000000e69d9b18) 
thrown [s\src\hotspot\share\classfile\systemDictionary.cpp, line 313]
Event: 515.813 Thread 0x0000019efca6d700 Exception <a 'java/lang/ClassNotFoundException'{0x00000000e69ed7d8}: org/gradle/api/internal/artifacts/dsl/dependencies/DefaultDependencyHandlerBeanInfo> (0x00000000e69ed7d8) 
thrown [s\src\hotspot\share\classfile\systemDictionary.cpp, line 313]
Event: 515.816 Thread 0x0000019efca6d700 Exception <a 'java/lang/ClassNotFoundException'{0x00000000e6801770}: org/gradle/api/internal/artifacts/dsl/dependencies/DefaultDependencyHandlerCustomizer> (0x00000000e6801770) 
thrown [s\src\hotspot\share\classfile\systemDictionary.cpp, line 313]
Event: 515.820 Thread 0x0000019efca6d700 Exception <a 'java/lang/ClassNotFoundException'{0x00000000e6858818}: org/gradle/api/internal/artifacts/dsl/dependencies/DefaultDependencyHandler_DecoratedCustomizer> (0x00000000e6858818) 
thrown [s\src\hotspot\share\classfile\systemDictionary.cpp, line 313]
Event: 516.280 Thread 0x0000019efca6d700 Exception <a 'java/lang/NoSuchMethodError'{0x00000000efeb6710}: 'java.lang.Object java.lang.invoke.DirectMethodHandle$Holder.newInvokeSpecial(java.lang.Object, int, java.lang.Object)'> (0x00000000efeb6710) 
thrown [s\src\hotspot\share\interpreter\linkResolver.cpp, line 773]
Event: 516.855 Thread 0x0000019efca6d700 Exception <a 'java/lang/NoSuchMethodError'{0x00000000ef9ac7f0}: 'java.lang.Object java.lang.invoke.DirectMethodHandle$Holder.newInvokeSpecial(java.lang.Object, java.lang.Object, java.lang.Object, int)'> (0x00000000ef9ac7f0) 
thrown [s\src\hotspot\share\interpreter\linkResolver.cpp, line 773]
Event: 516.855 Thread 0x0000019efca6d700 Exception <a 'java/lang/NoSuchMethodError'{0x00000000ef9b0e48}: 'java.lang.Object java.lang.invoke.Invokers$Holder.linkToTargetMethod(java.lang.Object, java.lang.Object, int, java.lang.Object)'> (0x00000000ef9b0e48) 
thrown [s\src\hotspot\share\interpreter\linkResolver.cpp, line 773]
Event: 517.448 Thread 0x0000019efca6d700 Exception <a 'java/lang/NoSuchMethodError'{0x00000000ef7e43f0}: 'java.lang.Object java.lang.invoke.DirectMethodHandle$Holder.invokeSpecial(java.lang.Object, java.lang.Object, long, java.lang.Object, java.lang.Object)'> (0x00000000ef7e43f0) 
thrown [s\src\hotspot\share\interpreter\linkResolver.cpp, line 773]
Event: 518.200 Thread 0x0000019efca6d700 Exception <a 'java/lang/NoSuchMethodError'{0x00000000ef1b6190}: 'int java.lang.invoke.DirectMethodHandle$Holder.invokeSpecialIFC(java.lang.Object, java.lang.Object, java.lang.Object)'> (0x00000000ef1b6190) 
thrown [s\src\hotspot\share\interpreter\linkResolver.cpp, line 773]
Event: 527.195 Thread 0x0000019efca6d700 Exception <a 'java/lang/NoSuchMethodError'{0x00000000eda9a2f8}: 'java.lang.Object java.lang.invoke.DirectMethodHandle$Holder.invokeSpecial(java.lang.Object, java.lang.Object, java.lang.Object, java.lang.Object, java.lang.Object, long)'> (0x00000000eda9a2f8) 
thrown [s\src\hotspot\share\interpreter\linkResolver.cpp, line 773]
Event: 527.213 Thread 0x0000019efca6d700 Exception <a 'java/lang/NoSuchMethodError'{0x00000000edabf9c8}: 'void java.lang.invoke.DirectMethodHandle$Holder.invokeStatic(java.lang.Object, java.lang.Object, java.lang.Object, int, java.lang.Object)'> (0x00000000edabf9c8) 
thrown [s\src\hotspot\share\interpreter\linkResolver.cpp, line 773]
Event: 534.579 Thread 0x0000019efca6d700 Exception <a 'java/lang/NoSuchMethodError'{0x00000000ecdeb738}: 'java.lang.Object java.lang.invoke.DirectMethodHandle$Holder.newInvokeSpecial(java.lang.Object, java.lang.Object, java.lang.Object, java.lang.Object, int, java.lang.Object)'> (0x00000000ecdeb738) 
thrown [s\src\hotspot\share\interpreter\linkResolver.cpp, line 773]
Event: 534.595 Thread 0x0000019efca6d700 Exception <a 'java/lang/NoSuchMethodError'{0x00000000ecdf3d88}: 'java.lang.Object java.lang.invoke.Invokers$Holder.linkToTargetMethod(java.lang.Object, java.lang.Object, java.lang.Object, int, java.lang.Object, java.lang.Object)'> (0x00000000ecdf3d88) 
thrown [s\src\hotspot\share\interpreter\linkResolver.cpp, line 773]
Event: 538.121 Thread 0x0000019efca6d700 Exception <a 'java/lang/NoSuchMethodError'{0x00000000eb34b1d0}: 'java.lang.Object java.lang.invoke.DirectMethodHandle$Holder.invokeSpecialIFC(java.lang.Object, java.lang.Object, java.lang.Object)'> (0x00000000eb34b1d0) 
thrown [s\src\hotspot\share\interpreter\linkResolver.cpp, line 773]
Event: 550.334 Thread 0x0000019efca6d700 Exception <a 'java/lang/ClassNotFoundException'{0x00000000eca5a8d8}: build_pb5yo0u2lfltsct7l7n5yu72BeanInfo> (0x00000000eca5a8d8) 
thrown [s\src\hotspot\share\classfile\systemDictionary.cpp, line 313]
Event: 550.355 Thread 0x0000019efca6d700 Exception <a 'java/lang/ClassNotFoundException'{0x00000000eca611f0}: build_pb5yo0u2lfltsct7l7n5yu72Customizer> (0x00000000eca611f0) 
thrown [s\src\hotspot\share\classfile\systemDictionary.cpp, line 313]

ZGC Phase Switch (0 events):
No events

VM Operations (20 events):
Event: 541.049 Executing safepoint VM operation: Cleanup
Event: 541.049 Executing safepoint VM operation: Cleanup done
Event: 541.529 Executing non-safepoint VM operation: HandshakeAllThreads (HandshakeForDeflation)
Event: 541.529 Executing non-safepoint VM operation: HandshakeAllThreads (HandshakeForDeflation) done
Event: 541.529 Executing non-safepoint VM operation: RendezvousGCThreads
Event: 541.529 Executing non-safepoint VM operation: RendezvousGCThreads done
Event: 545.566 Executing safepoint VM operation: Cleanup
Event: 545.566 Executing safepoint VM operation: Cleanup done
Event: 546.571 Executing safepoint VM operation: Cleanup
Event: 546.571 Executing safepoint VM operation: Cleanup done
Event: 547.585 Executing safepoint VM operation: Cleanup
Event: 547.585 Executing safepoint VM operation: Cleanup done
Event: 549.593 Executing safepoint VM operation: Cleanup
Event: 549.593 Executing safepoint VM operation: Cleanup done
Event: 550.597 Executing safepoint VM operation: Cleanup
Event: 550.597 Executing safepoint VM operation: Cleanup done
Event: 552.614 Executing safepoint VM operation: Cleanup
Event: 552.630 Executing safepoint VM operation: Cleanup done
Event: 553.468 Executing non-safepoint VM operation: HandshakeAllThreads (Deoptimize)
Event: 553.468 Executing non-safepoint VM operation: HandshakeAllThreads (Deoptimize) done

Memory protections (0 events):
No events

Nmethod flushes (20 events):
Event: 92.938 Thread 0x0000019efc5545e0 flushing  nmethod 0x0000019ee93b2c10
Event: 92.938 Thread 0x0000019efc5545e0 flushing  nmethod 0x0000019ee93b3090
Event: 92.938 Thread 0x0000019efc5545e0 flushing  nmethod 0x0000019ee93b6a10
Event: 92.938 Thread 0x0000019efc5545e0 flushing  nmethod 0x0000019ee93b7a90
Event: 92.938 Thread 0x0000019efc5545e0 flushing  nmethod 0x0000019ee93b8210
Event: 92.938 Thread 0x0000019efc5545e0 flushing  nmethod 0x0000019ee93b8690
Event: 92.938 Thread 0x0000019efc5545e0 flushing  nmethod 0x0000019ee93bab90
Event: 92.938 Thread 0x0000019efc5545e0 flushing  nmethod 0x0000019ee93f0e90
Event: 92.938 Thread 0x0000019efc5545e0 flushing  nmethod 0x0000019ee93f5910
Event: 92.938 Thread 0x0000019efc5545e0 flushing  nmethod 0x0000019ee93f7e10
Event: 92.938 Thread 0x0000019efc5545e0 flushing  nmethod 0x0000019ee93faf10
Event: 92.938 Thread 0x0000019efc5545e0 flushing  nmethod 0x0000019ee93fcf10
Event: 92.938 Thread 0x0000019efc5545e0 flushing  nmethod 0x0000019ee9446310
Event: 92.938 Thread 0x0000019efc5545e0 flushing  nmethod 0x0000019ee9448510
Event: 92.938 Thread 0x0000019efc5545e0 flushing  nmethod 0x0000019ee944ab10
Event: 92.938 Thread 0x0000019efc5545e0 flushing  nmethod 0x0000019ee9451b90
Event: 92.938 Thread 0x0000019efc5545e0 flushing  nmethod 0x0000019ee9499790
Event: 92.938 Thread 0x0000019efc5545e0 flushing  nmethod 0x0000019ee94a2a90
Event: 92.938 Thread 0x0000019efc5545e0 flushing  nmethod 0x0000019ee9596390
Event: 92.938 Thread 0x0000019efc5545e0 flushing  nmethod 0x0000019ee9639290

Events (20 events):
Event: 535.522 Thread 0x0000019efca6d700 Thread added: 0x0000019efe8625c0
Event: 535.530 Thread 0x0000019efca6d700 Thread added: 0x0000019efe8653b0
Event: 538.139 Thread 0x0000019efca6d700 Thread added: 0x0000019efe861f30
Event: 538.142 Thread 0x0000019efca6d700 Thread added: 0x0000019efe865a40
Event: 538.144 Thread 0x0000019efca6d700 Thread added: 0x0000019efe866760
Event: 538.146 Thread 0x0000019efca6d700 Thread added: 0x0000019efe866df0
Event: 538.148 Thread 0x0000019efca6d700 Thread added: 0x0000019efe867480
Event: 538.151 Thread 0x0000019efca6d700 Thread added: 0x0000019efe868830
Event: 538.152 Thread 0x0000019efca6d700 Thread added: 0x0000019efe867b10
Event: 538.157 Thread 0x0000019efca6d700 Thread added: 0x0000019efe8660d0
Event: 538.163 Thread 0x0000019efca6d700 Thread added: 0x0000019efe868ec0
Event: 538.166 Thread 0x0000019efca6d700 Thread added: 0x0000019efe8681a0
Event: 538.167 Thread 0x0000019efca6d700 Thread added: 0x0000019e9a125bc0
Event: 538.171 Thread 0x0000019efca6d700 Thread added: 0x0000019e9a127c90
Event: 538.174 Thread 0x0000019efca6d700 Thread added: 0x0000019e9a1268e0
Event: 538.177 Thread 0x0000019efca6d700 Thread added: 0x0000019e9a128320
Event: 538.178 Thread 0x0000019efca6d700 Thread added: 0x0000019e9a126f70
Event: 545.678 Thread 0x0000019efca6d700 Thread added: 0x0000019e9a1289b0
Event: 549.483 Thread 0x0000019efc5783c0 Thread added: 0x0000019e9921d010
Event: 550.015 Thread 0x0000019e9921d010 Thread exited: 0x0000019e9921d010


Dynamic libraries:
0x00007ff73c960000 - 0x00007ff73c96e000 	C:\Users\admoi\.antigravity-ide\extensions\redhat.java-1.56.0-win32-x64\jre\21.0.12.1-win32-x86_64\bin\java.exe
0x00007ffd17b40000 - 0x00007ffd17da7000 	C:\WINDOWS\SYSTEM32\ntdll.dll
0x00007ffd16800000 - 0x00007ffd168cb000 	C:\WINDOWS\System32\KERNEL32.DLL
0x00007ffd14d70000 - 0x00007ffd15172000 	C:\WINDOWS\System32\KERNELBASE.dll
0x00007ffd155b0000 - 0x00007ffd156fc000 	C:\WINDOWS\System32\ucrtbase.dll
0x00007ffce6a70000 - 0x00007ffce6a88000 	C:\Users\admoi\.antigravity-ide\extensions\redhat.java-1.56.0-win32-x64\jre\21.0.12.1-win32-x86_64\bin\jli.dll
0x00007ffd16170000 - 0x00007ffd1633f000 	C:\WINDOWS\System32\USER32.dll
0x00007ffd14d40000 - 0x00007ffd14d67000 	C:\WINDOWS\System32\win32u.dll
0x00007ffd16a80000 - 0x00007ffd16aab000 	C:\WINDOWS\System32\GDI32.dll
0x00007ffd153c0000 - 0x00007ffd154e9000 	C:\WINDOWS\System32\gdi32full.dll
0x00007ffd15180000 - 0x00007ffd15223000 	C:\WINDOWS\System32\msvcp_win.dll
0x00007ffce6a90000 - 0x00007ffce6aae000 	C:\Users\admoi\.antigravity-ide\extensions\redhat.java-1.56.0-win32-x64\jre\21.0.12.1-win32-x86_64\bin\VCRUNTIME140.dll
0x00007ffcf76b0000 - 0x00007ffcf7940000 	C:\WINDOWS\WinSxS\amd64_microsoft.windows.common-controls_6595b64144ccf1df_6.0.26100.9278_none_3e0d1ba8e3303201\COMCTL32.dll
0x00007ffd171d0000 - 0x00007ffd17279000 	C:\WINDOWS\System32\msvcrt.dll
0x00007ffd17100000 - 0x00007ffd17131000 	C:\WINDOWS\System32\IMM32.DLL
0x00007ffd0cc30000 - 0x00007ffd0cc3c000 	C:\Users\admoi\.antigravity-ide\extensions\redhat.java-1.56.0-win32-x64\jre\21.0.12.1-win32-x86_64\bin\vcruntime140_1.dll
0x00007ffc8d740000 - 0x00007ffc8d7cd000 	C:\Users\admoi\.antigravity-ide\extensions\redhat.java-1.56.0-win32-x64\jre\21.0.12.1-win32-x86_64\bin\msvcp140.dll
0x00007ffc4c8a0000 - 0x00007ffc4d642000 	C:\Users\admoi\.antigravity-ide\extensions\redhat.java-1.56.0-win32-x64\jre\21.0.12.1-win32-x86_64\bin\server\jvm.dll
0x00007ffd17280000 - 0x00007ffd1733c000 	C:\WINDOWS\System32\ADVAPI32.dll
0x00007ffd168e0000 - 0x00007ffd16989000 	C:\WINDOWS\System32\sechost.dll
0x00007ffd16050000 - 0x00007ffd16168000 	C:\WINDOWS\System32\RPCRT4.dll
0x00007ffd17140000 - 0x00007ffd171c0000 	C:\WINDOWS\System32\WS2_32.dll
0x00007ffd14ba0000 - 0x00007ffd14bfe000 	C:\WINDOWS\SYSTEM32\POWRPROF.dll
0x00007ffd06600000 - 0x00007ffd06636000 	C:\WINDOWS\SYSTEM32\WINMM.dll
0x00007ffd0aa20000 - 0x00007ffd0aa2b000 	C:\WINDOWS\SYSTEM32\VERSION.dll
0x00007ffd14b80000 - 0x00007ffd14b95000 	C:\WINDOWS\SYSTEM32\UMPDC.dll
0x00007ffd139f0000 - 0x00007ffd13a0b000 	C:\WINDOWS\SYSTEM32\kernel.appcore.dll
0x00007ffd0b540000 - 0x00007ffd0b54a000 	C:\Users\admoi\.antigravity-ide\extensions\redhat.java-1.56.0-win32-x64\jre\21.0.12.1-win32-x86_64\bin\jimage.dll
0x00007ffd12350000 - 0x00007ffd1259c000 	C:\WINDOWS\SYSTEM32\DBGHELP.DLL
0x00007ffd16450000 - 0x00007ffd167d5000 	C:\WINDOWS\System32\combase.dll
0x00007ffd16b20000 - 0x00007ffd16bf9000 	C:\WINDOWS\System32\OLEAUT32.dll
0x00007ffcfa1c0000 - 0x00007ffcfa1fb000 	C:\WINDOWS\SYSTEM32\dbgcore.DLL
0x00007ffd157a0000 - 0x00007ffd1584c000 	C:\WINDOWS\System32\bcryptPrimitives.dll
0x00007ffce4d20000 - 0x00007ffce4d2f000 	C:\Users\admoi\.antigravity-ide\extensions\redhat.java-1.56.0-win32-x64\jre\21.0.12.1-win32-x86_64\bin\instrument.dll
0x00007ffce6a50000 - 0x00007ffce6a70000 	C:\Users\admoi\.antigravity-ide\extensions\redhat.java-1.56.0-win32-x64\jre\21.0.12.1-win32-x86_64\bin\java.dll
0x00007ffd158b0000 - 0x00007ffd16048000 	C:\WINDOWS\System32\SHELL32.dll
0x00007ffd12760000 - 0x00007ffd1300e000 	C:\WINDOWS\SYSTEM32\windows.storage.dll
0x00007ffd17a00000 - 0x00007ffd17afb000 	C:\WINDOWS\System32\SHCORE.dll
0x00007ffd16350000 - 0x00007ffd163b6000 	C:\WINDOWS\System32\shlwapi.dll
0x00007ffd14c60000 - 0x00007ffd14c89000 	C:\WINDOWS\SYSTEM32\profapi.dll
0x00007ffce6a30000 - 0x00007ffce6a48000 	C:\Users\admoi\.antigravity-ide\extensions\redhat.java-1.56.0-win32-x64\jre\21.0.12.1-win32-x86_64\bin\zip.dll
0x00007ffcf68e0000 - 0x00007ffcf68f0000 	C:\Users\admoi\.antigravity-ide\extensions\redhat.java-1.56.0-win32-x64\jre\21.0.12.1-win32-x86_64\bin\net.dll
0x00007ffd0b920000 - 0x00007ffd0ba4a000 	C:\WINDOWS\SYSTEM32\WINHTTP.dll
0x00007ffd13fd0000 - 0x00007ffd1403c000 	C:\WINDOWS\system32\mswsock.dll
0x00007ffc8d720000 - 0x00007ffc8d736000 	C:\Users\admoi\.antigravity-ide\extensions\redhat.java-1.56.0-win32-x64\jre\21.0.12.1-win32-x86_64\bin\nio.dll
0x00007ffcdcdb0000 - 0x00007ffcdcdc0000 	C:\Users\admoi\.antigravity-ide\extensions\redhat.java-1.56.0-win32-x64\jre\21.0.12.1-win32-x86_64\bin\verify.dll
0x00007ffcf6240000 - 0x00007ffcf6267000 	C:\Users\admoi\.gradle\native\c067742578af261105cb4f569cf0c3c89f3d7b1fecec35dd04571415982c5e48\windows-amd64\native-platform.dll
0x00007ffc3a790000 - 0x00007ffc3a8d4000 	C:\Users\admoi\.gradle\native\100fb08df4bc3b14c8652ba06237920a3bd2aa13389f12d3474272988ae205f9\windows-amd64\native-platform-file-events.dll
0x00007ffc38ea0000 - 0x00007ffc38eaa000 	C:\Users\admoi\.antigravity-ide\extensions\redhat.java-1.56.0-win32-x64\jre\21.0.12.1-win32-x86_64\bin\management.dll
0x00007ffc3a3d0000 - 0x00007ffc3a3dc000 	C:\Users\admoi\.antigravity-ide\extensions\redhat.java-1.56.0-win32-x64\jre\21.0.12.1-win32-x86_64\bin\management_ext.dll
0x00007ffd16ac0000 - 0x00007ffd16ac8000 	C:\WINDOWS\System32\PSAPI.DLL
0x00007ffd142c0000 - 0x00007ffd142db000 	C:\WINDOWS\SYSTEM32\CRYPTSP.dll
0x00007ffd13940000 - 0x00007ffd13979000 	C:\WINDOWS\system32\rsaenh.dll
0x00007ffd14080000 - 0x00007ffd140b4000 	C:\WINDOWS\SYSTEM32\USERENV.dll
0x00007ffd14c30000 - 0x00007ffd14c5a000 	C:\WINDOWS\SYSTEM32\bcrypt.dll
0x00007ffd142e0000 - 0x00007ffd142ec000 	C:\WINDOWS\SYSTEM32\CRYPTBASE.dll
0x00007ffd13380000 - 0x00007ffd133b3000 	C:\WINDOWS\SYSTEM32\IPHLPAPI.DLL
0x00007ffd168d0000 - 0x00007ffd168da000 	C:\WINDOWS\System32\NSI.dll
0x00007ffca1850000 - 0x00007ffca1859000 	C:\Users\admoi\.antigravity-ide\extensions\redhat.java-1.56.0-win32-x64\jre\21.0.12.1-win32-x86_64\bin\extnet.dll
0x00007ffcf79d0000 - 0x00007ffcf79de000 	C:\Users\admoi\.antigravity-ide\extensions\redhat.java-1.56.0-win32-x64\jre\21.0.12.1-win32-x86_64\bin\sunmscapi.dll
0x00007ffd15230000 - 0x00007ffd153ae000 	C:\WINDOWS\System32\CRYPT32.dll
0x00007ffd14500000 - 0x00007ffd14530000 	C:\WINDOWS\SYSTEM32\ncrypt.dll
0x00007ffd144b0000 - 0x00007ffd144ef000 	C:\WINDOWS\SYSTEM32\NTASN1.dll
0x00007ffcf5400000 - 0x00007ffcf5408000 	C:\WINDOWS\system32\wshunix.dll

JVMTI agents:
C:\Users\admoi\.gradle\wrapper\dists\gradle-8.9-bin\90cnw93cvbtalezasaz0blq0a\gradle-8.9\lib\agents\gradle-instrumentation-agent-8.9.jar path:C:\Users\admoi\.antigravity-ide\extensions\redhat.java-1.56.0-win32-x64\jre\21.0.12.1-win32-x86_64\bin\instrument.dll, loaded, initialized, instrumentlib options:none

dbghelp: loaded successfully - version: 4.0.5 - missing functions: none
symbol engine: initialized successfully - sym options: 0x614 - pdb path: .;C:\Users\admoi\.antigravity-ide\extensions\redhat.java-1.56.0-win32-x64\jre\21.0.12.1-win32-x86_64\bin;C:\WINDOWS\SYSTEM32;C:\WINDOWS\WinSxS\amd64_microsoft.windows.common-controls_6595b64144ccf1df_6.0.26100.9278_none_3e0d1ba8e3303201;C:\Users\admoi\.antigravity-ide\extensions\redhat.java-1.56.0-win32-x64\jre\21.0.12.1-win32-x86_64\bin\server;C:\Users\admoi\.gradle\native\c067742578af261105cb4f569cf0c3c89f3d7b1fecec35dd04571415982c5e48\windows-amd64;C:\Users\admoi\.gradle\native\100fb08df4bc3b14c8652ba06237920a3bd2aa13389f12d3474272988ae205f9\windows-amd64

VM Arguments:
jvm_args: --add-opens=java.base/java.util=ALL-UNNAMED --add-opens=java.base/java.lang=ALL-UNNAMED --add-opens=java.base/java.lang.invoke=ALL-UNNAMED --add-opens=java.prefs/java.util.prefs=ALL-UNNAMED --add-exports=jdk.compiler/com.sun.tools.javac.api=ALL-UNNAMED --add-exports=jdk.compiler/com.sun.tools.javac.util=ALL-UNNAMED --add-opens=java.base/java.nio.charset=ALL-UNNAMED --add-opens=java.base/java.net=ALL-UNNAMED --add-opens=java.base/java.util.concurrent.atomic=ALL-UNNAMED -XX:MaxMetaspaceSize=384m -XX:+HeapDumpOnOutOfMemoryError -Xms256m -Xmx512m -Dfile.encoding=utf8 -Duser.country=US -Duser.language=en -Duser.variant -javaagent:C:\Users\admoi\.gradle\wrapper\dists\gradle-8.9-bin\90cnw93cvbtalezasaz0blq0a\gradle-8.9\lib\agents\gradle-instrumentation-agent-8.9.jar 
java_command: org.gradle.launcher.daemon.bootstrap.GradleDaemon 8.9
java_class_path (initial): C:\Users\admoi\.gradle\wrapper\dists\gradle-8.9-bin\90cnw93cvbtalezasaz0blq0a\gradle-8.9\lib\gradle-daemon-main-8.9.jar
Launcher Type: SUN_STANDARD

[Global flags]
     intx CICompilerCount                          = 12                                        {product} {ergonomic}
   size_t CompressedClassSpaceSize                 = 335544320                                 {product} {ergonomic}
     uint ConcGCThreads                            = 3                                         {product} {ergonomic}
     uint G1ConcRefinementThreads                  = 13                                        {product} {ergonomic}
   size_t G1HeapRegionSize                         = 1048576                                   {product} {ergonomic}
    uintx GCDrainStackTargetSize                   = 64                                        {product} {ergonomic}
     bool HeapDumpOnOutOfMemoryError               = true                                   {manageable} {command line}
   size_t InitialHeapSize                          = 268435456                                 {product} {command line}
   size_t MarkStackSize                            = 4194304                                   {product} {ergonomic}
   size_t MaxHeapSize                              = 536870912                                 {product} {command line}
   size_t MaxMetaspaceSize                         = 402653184                                 {product} {command line}
   size_t MaxNewSize                               = 321912832                                 {product} {ergonomic}
   size_t MinHeapDeltaBytes                        = 1048576                                   {product} {ergonomic}
   size_t MinHeapSize                              = 268435456                                 {product} {command line}
    uintx NonNMethodCodeHeapSize                   = 7602480                                {pd product} {ergonomic}
    uintx NonProfiledCodeHeapSize                  = 122027880                              {pd product} {ergonomic}
    uintx ProfiledCodeHeapSize                     = 122027880                              {pd product} {ergonomic}
    uintx ReservedCodeCacheSize                    = 251658240                              {pd product} {ergonomic}
     bool SegmentedCodeCache                       = true                                      {product} {ergonomic}
   size_t SoftMaxHeapSize                          = 536870912                              {manageable} {ergonomic}
     bool UseCompressedOops                        = true                           {product lp64_product} {ergonomic}
     bool UseG1GC                                  = true                                      {product} {ergonomic}
     bool UseLargePagesIndividualAllocation        = false                                  {pd product} {ergonomic}

Logging:
Log output configuration:
 #0: stdout all=warning uptime,level,tags foldmultilines=false
 #1: stderr all=off uptime,level,tags foldmultilines=false

Release file:
JAVA_VERSION="21.0.12.1" 
MODULES="java.base java.compiler java.datatransfer java.xml java.prefs java.desktop java.instrument java.logging java.management java.security.sasl java.naming java.rmi java.management.rmi java.net.http java.scripting java.security.jgss java.transaction.xa java.sql java.sql.rowset java.xml.crypto java.se java.smartcardio jdk.accessibility jdk.internal.jvmstat jdk.attach jdk.charsets jdk.internal.opt jdk.zipfs jdk.compiler jdk.crypto.ec jdk.crypto.cryptoki jdk.crypto.mscapi jdk.dynalink jdk.internal.ed jdk.editpad jdk.hotspot.agent jdk.httpserver jdk.internal.le jdk.internal.vm.ci jdk.internal.vm.compiler jdk.internal.vm.compiler.management jdk.jartool jdk.javadoc jdk.jcmd jdk.management jdk.management.agent jdk.jconsole jdk.jdeps jdk.jdwp.agent jdk.jdi jdk.jfr jdk.jshell jdk.jsobject jdk.jstatd jdk.localedata jdk.management.jfr jdk.naming.dns jdk.naming.rmi jdk.net jdk.nio.mapmode jdk.random jdk.sctp jdk.security.auth jdk.security.jgss jdk.unsupported jdk.unsupported.desktop jdk.xml.dom" 

Environment Variables:
PATH=C:\Users\admoi\AppData\Local\cloud-code\installer\google-cloud-sdk\bin;C:\Python314\Scripts\;C:\Python314\;C:\Program Files\Common Files\Oracle\Java\javapath;C:\WINDOWS\system32;C:\WINDOWS;C:\WINDOWS\System32\Wbem;C:\WINDOWS\System32\WindowsPowerShell\v1.0\;C:\WINDOWS\System32\OpenSSH\;C:\Program Files\Microsoft SQL Server\150\Tools\Binn\;C:\Program Files\Microsoft SQL Server\Client SDK\ODBC\170\Tools\Binn\;C:\Program Files\dotnet\;C:\Program Files (x86)\Windows Kits\10\Windows Performance Toolkit\;C:\Program Files (x86)\Microsoft SQL Server\160\Tools\Binn\;C:\Program Files\Microsoft SQL Server\160\Tools\Binn\;C:\Program Files\Microsoft SQL Server\160\DTS\Binn\;C:\Program Files\Docker\Docker\resources\bin;C:\Program Files\nodejs\;C:\ProgramData\chocolatey\bin;C:\xampp\php;C:\composer;C:\Program Files\Git\cmd;C:\Program Files\GitHub CLI\;C:\Python314\Scripts\;C:\Python314\;C:\Program Files\Common Files\Oracle\Java\javapath;C:\WINDOWS\system32;C:\WINDOWS;C:\WINDOWS\System32\Wbem;C:\WINDOWS\System32\WindowsPowerShell\v1.0\;C:\WINDOWS\System32\OpenSSH\;C:\Program Files\Microsoft SQL Server\150\Tools\Binn\;C:\Program Files\Microsoft SQL Server\Client SDK\ODBC\170\Tools\Binn\;C:\Program Files\dotnet\;C:\Program Files (x86)\Windows Kits\10\Windows Performance Toolkit\;C:\Program Files (x86)\Microsoft SQL Server\160\Tools\Binn\;C:\Program Files\Microsoft SQL Server\160\Tools\Binn\;C:\Program Files\Microsoft SQL Server\160\DTS\Binn\;C:\Program Files\Arduino PLC IDE Tools\;C:\Program Files\Docker\Docker\resources\bin;C:\Program Files\nodejs\;C:\ProgramData\chocolatey\bin;C:\xampp\php;C:\composer;C:\Program Files\Git\cmd;C:\Program Files\GitHub CLI\;c:\Users\admoi\AppData\Roaming\Code\User\globalStorage\github.copilot-chat\debugCommand;c:\Users\admoi\AppData\Roaming\Code\User\globalStorage\github.copilot-chat\copilotCli;D:\Microsoft VS Code;C:\Python314\Scripts\;C:\Python314\;C:\Program Files\Common Files\Oracle\Java\javapath;C:\WINDOWS\system32;C:\WINDOWS;C:\WINDOWS\System32\Wbem;C:\WINDOWS\System32\WindowsPowerShell\v1.0\;C:\WINDOWS\System32\OpenSSH\;C:\Program Files\Microsoft SQL Server\150\Tools\Binn\;C:\Program Files\Microsoft SQL Server\Client SDK\ODBC\170\Tools\Binn\;C:\Program Files\dotnet\;C:\Program Files (x86)\Windows Kits\10\Windows Performance Toolkit\;C:\Program Files (x86)\Microsoft SQL Server\160\Tools\Binn\;C:\Program Files\Microsoft SQL Server\160\Tools\Binn\;C:\Program Files\Microsoft SQL Server\160\DTS\Binn\;C:\Program Files\Arduino PLC IDE Tools\;C:\Program Files\Docker\Docker\resources\bin;C:\Program Files\nodejs\;C:\ProgramData\chocolatey\bin;C:\xampp\php;C:\composer;C:\Program Files\Git\cmd;C:\Users\admoi\AppData\Local\Microsoft\WindowsApps;;D:\IntelliJ IDEA 2025.1.1.1\bin;;D:\Microsoft VS Code\bin;C:\Users\admoi\.dotnet\tools;C:\Users\admoi\AppData\Local\Programs\mongosh\;D:\Antigravity\bin;C:\Users\admoi\AppData\Roaming\npm;C:\Users\admoi\AppData\Roaming\Composer\vendor\bin;C:\Users\admoi\.local\bin;C:\flutter\flutter\bin;C:\flutter\flutter\bin;;C:\flutter\flutter\bin;C:\Program Files (x86)\NVIDIA Corporation\PhysX\Common;C:\Program Files\NVIDIA Corporation\NVIDIA App\NvDLISR;C:\Program Files (x86)\Microsoft SQL Server\160\DTS\Binn\;D:\bin;C:\Program Files (x86)\cloudflared\;C:\Program Files\Microsoft SQL Server\170\Tools\Binn\;C:\Users\admoi\.local\bin;C:\Python314\Scripts\;C:\Python314\;C:\Program Files\Common Files\Oracle\Java\javapath;C:\WINDOWS\system32;C:\WINDOWS;C:\WINDOWS\System32\Wbem;C:\WINDOWS\System32\WindowsPowerShell\v1.0\;C:\WINDOWS\System32\OpenSSH\;C:\Program Files\Microsoft SQL Server\150\Tools\Binn\;C:\Program Files\Microsoft SQL Server\Client SDK\ODBC\170\Tools\Binn\;C:\Program Files\dotnet\;C:\Program Files (x86)\Windows Kits\10\Windows Performance Toolkit\;C:\Program Files (x86)\Microsoft SQL Server\160\Tools\Binn\;C:\Program Files\Microsoft SQL Server\160\Tools\Binn\;C:\Program Files\Microsoft SQL Server\160\DTS\Binn\;C:\Program Files\Docker\Docker\resources\bin;C:\Program Files\nodejs\;C:\ProgramData\chocolatey\bin;C:\xampp\php;C:\composer;C:\Program Files\Git\cmd;C:\Program Files\GitHub CLI\;C:\Python314\Scripts\;C:\Python314\;C:\Program Files\Common Files\Oracle\Java\javapath;C:\WINDOWS\system32;C:\WINDOWS;C:\WINDOWS\System32\Wbem;C:\WINDOWS\System32\WindowsPowerShell\v1.0\;C:\WINDOWS\System32\OpenSSH\;C:\Program Files\Microsoft SQL;C:\Users\admoi\AppData\Local\Programs\Antigravity IDE\bin;C:\Users\admoi\.dotnet\tools;E:\Microsoft VS Code\bin;C:\Users\admoi\AppData\Local\Microsoft\WinGet\Links;
USERNAME=admoi
OS=Windows_NT
PROCESSOR_IDENTIFIER=Intel64 Family 6 Model 154 Stepping 3, GenuineIntel
TMP=C:\Users\admoi\AppData\Local\Temp
TEMP=C:\Users\admoi\AppData\Local\Temp




Periodic native trim disabled

---------------  S Y S T E M  ---------------

OS:
 Windows 11 , 64 bit Build 26100 (10.0.26100.9444)
OS uptime: 0 days 0:17 hours
Hyper-V role detected

CPU: total 16 (initial active 16) (8 cores per cpu, 2 threads per core) family 6 model 154 stepping 3 microcode 0x435, cx8, cmov, fxsr, ht, mmx, 3dnowpref, sse, sse2, sse3, ssse3, sse4.1, sse4.2, popcnt, lzcnt, tsc, tscinvbit, avx, avx2, aes, erms, clmul, bmi1, bmi2, adx, sha, fma, vzeroupper, clflush, clflushopt, clwb, hv, serialize, rdtscp, rdpid, fsrm, f16c, cet_ibt, cet_ss
Processor Information for processor 0
  Max Mhz: 2500, Current Mhz: 2500, Mhz Limit: 2500
Processor Information for processor 1
  Max Mhz: 2500, Current Mhz: 2500, Mhz Limit: 2500
Processor Information for processor 2
  Max Mhz: 2500, Current Mhz: 2500, Mhz Limit: 2500
Processor Information for processor 3
  Max Mhz: 2500, Current Mhz: 2500, Mhz Limit: 2500
Processor Information for processor 4
  Max Mhz: 2500, Current Mhz: 2500, Mhz Limit: 2500
Processor Information for processor 5
  Max Mhz: 2500, Current Mhz: 2500, Mhz Limit: 2500
Processor Information for processor 6
  Max Mhz: 2500, Current Mhz: 2500, Mhz Limit: 2500
Processor Information for processor 7
  Max Mhz: 2500, Current Mhz: 2500, Mhz Limit: 2500
Processor Information for processor 8
  Max Mhz: 2500, Current Mhz: 1800, Mhz Limit: 1800
Processor Information for processor 9
  Max Mhz: 2500, Current Mhz: 1800, Mhz Limit: 1800
Processor Information for processor 10
  Max Mhz: 2500, Current Mhz: 1800, Mhz Limit: 1800
Processor Information for processor 11
  Max Mhz: 2500, Current Mhz: 1800, Mhz Limit: 1800
Processor Information for processor 12
  Max Mhz: 2500, Current Mhz: 1800, Mhz Limit: 1800
Processor Information for processor 13
  Max Mhz: 2500, Current Mhz: 1800, Mhz Limit: 1800
Processor Information for processor 14
  Max Mhz: 2500, Current Mhz: 1800, Mhz Limit: 1800
Processor Information for processor 15
  Max Mhz: 2500, Current Mhz: 1800, Mhz Limit: 1800

Memory: 4k page, system-wide physical 16051M (1120M free)
TotalPageFile size 57195M (AvailPageFile size 213M)
current process WorkingSet (physical memory assigned to process): 144M, peak: 278M
current process commit charge ("private bytes"): 480M, peak: 490M

vm_info: OpenJDK 64-Bit Server VM (21.0.12.1+1-LTS) for windows-amd64 JRE (21.0.12.1+1-LTS), built on 2026-08-18T00:00:00Z by "admin" with MS VC++ 17.12 (VS2022)

END.
