#
# There is insufficient memory for the Java Runtime Environment to continue.
# Native memory allocation (mmap) failed to map 65536 bytes. Error detail: Failed to commit metaspace.
# Possible reasons:
#   The system is out of physical RAM or swap space
#   This process is running with CompressedOops enabled, and the Java Heap may be blocking the growth of the native heap
# Possible solutions:
#   Reduce memory load on the system
#   Increase physical memory or swap space
#   Check if swap backing store is full
#   Decrease Java heap size (-Xmx/-Xms)
#   Decrease number of Java threads
#   Decrease Java thread stack sizes (-Xss)
#   Set larger code cache with -XX:ReservedCodeCacheSize=
#   JVM is running with Unscaled Compressed Oops mode in which the Java heap is
#     placed in the first 4GB address space. The Java Heap base address is the
#     maximum limit for the native heap growth. Please use -XX:HeapBaseMinAddress
#     to set the Java Heap base and to place the Java Heap above 4GB virtual address.
# This output file may be truncated or incomplete.
#
#  Out of Memory Error (virtualSpaceNode.cpp:113), pid=30728, tid=48804
#
# JRE version: OpenJDK Runtime Environment Temurin-21.0.12.1+1 (21.0.12.1+1) (build 21.0.12.1+1-LTS)
# Java VM: OpenJDK 64-Bit Server VM Temurin-21.0.12.1+1 (21.0.12.1+1-LTS, mixed mode, sharing, tiered, compressed oops, compressed class ptrs, g1 gc, windows-amd64)
# No core dump will be written. Minidumps are not enabled by default on client versions of Windows
#

---------------  S U M M A R Y ------------

Command Line: --add-opens=java.base/java.util=ALL-UNNAMED --add-opens=java.base/java.lang=ALL-UNNAMED --add-opens=java.base/java.lang.invoke=ALL-UNNAMED --add-opens=java.prefs/java.util.prefs=ALL-UNNAMED --add-exports=jdk.compiler/com.sun.tools.javac.api=ALL-UNNAMED --add-exports=jdk.compiler/com.sun.tools.javac.util=ALL-UNNAMED --add-opens=java.base/java.nio.charset=ALL-UNNAMED --add-opens=java.base/java.net=ALL-UNNAMED --add-opens=java.base/java.util.concurrent.atomic=ALL-UNNAMED -XX:MaxMetaspaceSize=384m -XX:+HeapDumpOnOutOfMemoryError -Xms256m -Xmx512m -Dfile.encoding=utf8 -Duser.country=US -Duser.language=en -Duser.variant -javaagent:C:\Users\admoi\.gradle\wrapper\dists\gradle-8.9-bin\90cnw93cvbtalezasaz0blq0a\gradle-8.9\lib\agents\gradle-instrumentation-agent-8.9.jar org.gradle.launcher.daemon.bootstrap.GradleDaemon 8.9

Host: 12th Gen Intel(R) Core(TM) i5-12500H, 16 cores, 15G,  Windows 11 , 64 bit Build 26100 (10.0.26100.9168)
Time: Tue Sep  8 21:04:50 2026 SE Asia Standard Time elapsed time: 16.831407 seconds (0d 0h 0m 16s)

---------------  T H R E A D  ---------------

Current thread (0x000002ba71e50070):  JavaThread "Daemon worker"        [_thread_in_vm, id=48804, stack(0x000000fef3800000,0x000000fef3900000) (1024K)]

Stack: [0x000000fef3800000,0x000000fef3900000]
Native frames: (J=compiled Java code, j=interpreted, Vv=VM code, C=native code)
V  [jvm.dll+0x6d83e9]
V  [jvm.dll+0x8b5736]
V  [jvm.dll+0x8b7cee]
V  [jvm.dll+0x8b83d3]
V  [jvm.dll+0x284596]
V  [jvm.dll+0x8b147e]
V  [jvm.dll+0x679ad4]
V  [jvm.dll+0x1e849b]
V  [jvm.dll+0x1e825e]
V  [jvm.dll+0x67c3d2]
V  [jvm.dll+0x67c202]
V  [jvm.dll+0x67a4ae]
V  [jvm.dll+0x26e440]
V  [jvm.dll+0x684715]
V  [jvm.dll+0x21973e]
V  [jvm.dll+0x219be5]
V  [jvm.dll+0x21a5d8]
V  [jvm.dll+0x20f80e]
V  [jvm.dll+0x5b6a7f]
V  [jvm.dll+0x82f606]
V  [jvm.dll+0x479969]
V  [jvm.dll+0x48cde6]
C  [java.dll+0x1657]

Java frames: (J=compiled Java code, j=interpreted, Vv=VM code)
J 2003  java.lang.ClassLoader.defineClass0(Ljava/lang/ClassLoader;Ljava/lang/Class;Ljava/lang/String;[BIILjava/security/ProtectionDomain;ZILjava/lang/Object;)Ljava/lang/Class; java.base@21.0.12.1 (0 bytes) @ 0x000002ba603cd63c [0x000002ba603cd540+0x00000000000000fc]
J 2562 c1 java.lang.System$2.defineClass(Ljava/lang/ClassLoader;Ljava/lang/Class;Ljava/lang/String;[BLjava/security/ProtectionDomain;ZILjava/lang/Object;)Ljava/lang/Class; java.base@21.0.12.1 (21 bytes) @ 0x000002ba58c5d874 [0x000002ba58c5d7c0+0x00000000000000b4]
J 2561 c1 java.lang.invoke.MethodHandles$Lookup$ClassDefiner.defineClass(ZLjava/lang/Object;)Ljava/lang/Class; java.base@21.0.12.1 (213 bytes) @ 0x000002ba58c5e1fc [0x000002ba58c5dca0+0x000000000000055c]
j  java.lang.invoke.MethodHandles$Lookup$ClassDefiner.defineClass(Z)Ljava/lang/Class;+3 java.base@21.0.12.1
j  java.lang.invoke.MethodHandles$Lookup.defineClass([B)Ljava/lang/Class;+36 java.base@21.0.12.1
j  org.gradle.internal.classloader.ClassLoaderUtils$LookupClassDefiner.defineDecoratorClass(Ljava/lang/Class;Ljava/lang/ClassLoader;Ljava/lang/String;[B)Ljava/lang/Class;+22
j  org.gradle.internal.classloader.ClassLoaderUtils.defineDecorator(Ljava/lang/Class;Ljava/lang/ClassLoader;Ljava/lang/String;[B)Ljava/lang/Class;+7
j  org.gradle.model.internal.asm.AsmClassGenerator.define(Ljava/lang/ClassLoader;)Ljava/lang/Class;+16
j  org.gradle.model.internal.asm.AsmClassGenerator.define()Ljava/lang/Class;+8
j  org.gradle.internal.instantiation.generator.AsmBackedClassGenerator$ClassBuilderImpl.generate()Ljava/lang/Class;+12
j  org.gradle.internal.instantiation.generator.AbstractClassGenerator.generateUnderLock(Ljava/lang/Class;)Lorg/gradle/internal/instantiation/generator/AbstractClassGenerator$GeneratedClassImpl;+527
j  org.gradle.internal.instantiation.generator.AbstractClassGenerator$$Lambda+0x000002ba011abe48.apply(Ljava/lang/Object;)Ljava/lang/Object;+8
j  org.gradle.cache.internal.DefaultCrossBuildInMemoryCacheFactory$AbstractCrossBuildInMemoryCache.get(Ljava/lang/Object;Ljava/util/function/Function;)Ljava/lang/Object;+26
j  org.gradle.internal.instantiation.generator.AbstractClassGenerator.generate(Ljava/lang/Class;)Lorg/gradle/internal/instantiation/generator/ClassGenerator$GeneratedClass;+27
j  org.gradle.internal.instantiation.generator.AsmBackedClassGenerator.generate(Ljava/lang/Class;)Lorg/gradle/internal/instantiation/generator/ClassGenerator$GeneratedClass;+2
j  org.gradle.internal.instantiation.generator.Jsr330ConstructorSelector.lambda$forType$0(Ljava/lang/Class;)Lorg/gradle/internal/instantiation/generator/Jsr330ConstructorSelector$CachedConstructor;+9
j  org.gradle.internal.instantiation.generator.Jsr330ConstructorSelector$$Lambda+0x000002ba011c6600.get()Ljava/lang/Object;+8
j  org.gradle.cache.Cache.lambda$get$0(Ljava/util/function/Supplier;Ljava/lang/Object;)Ljava/lang/Object;+1
j  org.gradle.cache.Cache$$Lambda+0x000002ba0110fb20.apply(Ljava/lang/Object;)Ljava/lang/Object;+5
j  org.gradle.cache.internal.DefaultCrossBuildInMemoryCacheFactory$AbstractCrossBuildInMemoryCache.get(Ljava/lang/Object;Ljava/util/function/Function;)Ljava/lang/Object;+26
j  org.gradle.cache.Cache.get(Ljava/lang/Object;Ljava/util/function/Supplier;)Ljava/lang/Object;+8
j  org.gradle.internal.instantiation.generator.Jsr330ConstructorSelector.forType(Ljava/lang/Class;)Lorg/gradle/internal/instantiation/generator/ClassGenerator$GeneratedConstructor;+12
j  org.gradle.internal.instantiation.generator.Jsr330ConstructorSelector.forParams(Ljava/lang/Class;[Ljava/lang/Object;)Lorg/gradle/internal/instantiation/generator/ClassGenerator$GeneratedConstructor;+2
j  org.gradle.internal.instantiation.generator.DependencyInjectingInstantiator.doCreate(Ljava/lang/Class;Lorg/gradle/api/Describable;[Ljava/lang/Object;)Ljava/lang/Object;+6
j  org.gradle.internal.instantiation.generator.DependencyInjectingInstantiator.newInstance(Ljava/lang/Class;[Ljava/lang/Object;)Ljava/lang/Object;+4
j  org.gradle.api.internal.model.DefaultObjectFactory.newInstance(Ljava/lang/Class;[Ljava/lang/Object;)Ljava/lang/Object;+6
j  org.gradle.internal.service.scopes.BuildScopeServices.createScriptCompilationHandler(Lorg/gradle/internal/file/Deleter;Lorg/gradle/configuration/ImportsReader;Lorg/gradle/api/model/ObjectFactory;)Lorg/gradle/groovy/scripts/internal/DefaultScriptCompilationHandler;+15
j  java.lang.invoke.LambdaForm$DMH+0x000002ba010f4000.invokeVirtual(Ljava/lang/Object;Ljava/lang/Object;Ljava/lang/Object;Ljava/lang/Object;Ljava/lang/Object;)Ljava/lang/Object;+16 java.base@21.0.12.1
j  java.lang.invoke.LambdaForm$MH+0x000002ba01330400.invoke(Ljava/lang/Object;Ljava/lang/Object;Ljava/lang/Object;Ljava/lang/Object;Ljava/lang/Object;)Ljava/lang/Object;+93 java.base@21.0.12.1
J 2266 c1 jdk.internal.reflect.DirectMethodHandleAccessor.invoke(Ljava/lang/Object;[Ljava/lang/Object;)Ljava/lang/Object; java.base@21.0.12.1 (92 bytes) @ 0x000002ba58bc25dc [0x000002ba58bc16c0+0x0000000000000f1c]
J 2265 c1 java.lang.reflect.Method.invoke(Ljava/lang/Object;[Ljava/lang/Object;)Ljava/lang/Object; java.base@21.0.12.1 (108 bytes) @ 0x000002ba58bbdcd4 [0x000002ba58bbd7c0+0x0000000000000514]
j  org.gradle.internal.reflect.JavaMethod.invoke(Ljava/lang/Object;[Ljava/lang/Object;)Ljava/lang/Object;+6
j  org.gradle.internal.service.ReflectionBasedServiceMethod.invoke(Ljava/lang/Object;[Ljava/lang/Object;)Ljava/lang/Object;+6
j  org.gradle.internal.service.DefaultServiceRegistry$FactoryMethodService.invokeMethod([Ljava/lang/Object;)Ljava/lang/Object;+9
j  org.gradle.internal.service.DefaultServiceRegistry$FactoryService.createServiceInstance()Ljava/lang/Object;+7
J 2698 c1 org.gradle.internal.service.DefaultServiceRegistry$ManagedObjectServiceProvider.getInstance()Ljava/lang/Object; (47 bytes) @ 0x000002ba58ca028c [0x000002ba58ca00e0+0x00000000000001ac]
J 2697 c1 org.gradle.internal.service.DefaultServiceRegistry$SingletonService.get()Ljava/lang/Object; (5 bytes) @ 0x000002ba58c9fdbc [0x000002ba58c9fd40+0x000000000000007c]
j  org.gradle.internal.service.DefaultServiceRegistry$FactoryService.assembleParameters()[Ljava/lang/Object;+44
j  org.gradle.internal.service.DefaultServiceRegistry$FactoryService.createServiceInstance()Ljava/lang/Object;+1
J 2698 c1 org.gradle.internal.service.DefaultServiceRegistry$ManagedObjectServiceProvider.getInstance()Ljava/lang/Object; (47 bytes) @ 0x000002ba58ca028c [0x000002ba58ca00e0+0x00000000000001ac]
J 2697 c1 org.gradle.internal.service.DefaultServiceRegistry$SingletonService.get()Ljava/lang/Object; (5 bytes) @ 0x000002ba58c9fdbc [0x000002ba58c9fd40+0x000000000000007c]
j  org.gradle.internal.service.DefaultServiceRegistry$FactoryService.assembleParameters()[Ljava/lang/Object;+44
j  org.gradle.internal.service.DefaultServiceRegistry$FactoryService.createServiceInstance()Ljava/lang/Object;+1
J 2698 c1 org.gradle.internal.service.DefaultServiceRegistry$ManagedObjectServiceProvider.getInstance()Ljava/lang/Object; (47 bytes) @ 0x000002ba58ca028c [0x000002ba58ca00e0+0x00000000000001ac]
J 2697 c1 org.gradle.internal.service.DefaultServiceRegistry$SingletonService.get()Ljava/lang/Object; (5 bytes) @ 0x000002ba58c9fdbc [0x000002ba58c9fd40+0x000000000000007c]
j  org.gradle.internal.service.DefaultServiceRegistry.find(Ljava/lang/reflect/Type;)Ljava/lang/Object;+22
j  org.gradle.internal.service.DefaultServiceRegistry.get(Ljava/lang/reflect/Type;)Ljava/lang/Object;+2
j  org.gradle.internal.service.DefaultServiceRegistry.get(Ljava/lang/Class;)Ljava/lang/Object;+3
j  org.gradle.internal.service.scopes.BuildScopeServices.defaultScriptPluginFactory()Lorg/gradle/configuration/DefaultScriptPluginFactory;+8
j  org.gradle.internal.service.scopes.BuildScopeServices.createScriptPluginFactory(Lorg/gradle/internal/instantiation/InstantiatorFactory;Lorg/gradle/internal/operations/BuildOperationRunner;Lorg/gradle/internal/code/UserCodeApplicationContext;Lorg/gradle/internal/event/ListenerManager;)Lorg/gradle/configuration/ScriptPluginFactory;+1
j  java.lang.invoke.LambdaForm$DMH+0x000002ba010e1800.invokeVirtual(Ljava/lang/Object;Ljava/lang/Object;Ljava/lang/Object;Ljava/lang/Object;Ljava/lang/Object;Ljava/lang/Object;)Ljava/lang/Object;+18 java.base@21.0.12.1
j  java.lang.invoke.LambdaForm$MH+0x000002ba01321800.invoke(Ljava/lang/Object;Ljava/lang/Object;Ljava/lang/Object;)Ljava/lang/Object;+143 java.base@21.0.12.1
J 2266 c1 jdk.internal.reflect.DirectMethodHandleAccessor.invoke(Ljava/lang/Object;[Ljava/lang/Object;)Ljava/lang/Object; java.base@21.0.12.1 (92 bytes) @ 0x000002ba58bc1f24 [0x000002ba58bc16c0+0x0000000000000864]
J 2265 c1 java.lang.reflect.Method.invoke(Ljava/lang/Object;[Ljava/lang/Object;)Ljava/lang/Object; java.base@21.0.12.1 (108 bytes) @ 0x000002ba58bbdcd4 [0x000002ba58bbd7c0+0x0000000000000514]
j  org.gradle.internal.reflect.JavaMethod.invoke(Ljava/lang/Object;[Ljava/lang/Object;)Ljava/lang/Object;+6
j  org.gradle.internal.service.ReflectionBasedServiceMethod.invoke(Ljava/lang/Object;[Ljava/lang/Object;)Ljava/lang/Object;+6
j  org.gradle.internal.service.DefaultServiceRegistry$FactoryMethodService.invokeMethod([Ljava/lang/Object;)Ljava/lang/Object;+9
j  org.gradle.internal.service.DefaultServiceRegistry$FactoryService.createServiceInstance()Ljava/lang/Object;+7
J 2698 c1 org.gradle.internal.service.DefaultServiceRegistry$ManagedObjectServiceProvider.getInstance()Ljava/lang/Object; (47 bytes) @ 0x000002ba58ca028c [0x000002ba58ca00e0+0x00000000000001ac]
J 2697 c1 org.gradle.internal.service.DefaultServiceRegistry$SingletonService.get()Ljava/lang/Object; (5 bytes) @ 0x000002ba58c9fdbc [0x000002ba58c9fd40+0x000000000000007c]
j  org.gradle.internal.service.DefaultServiceRegistry$FactoryService.assembleParameters()[Ljava/lang/Object;+44
j  org.gradle.internal.service.DefaultServiceRegistry$FactoryService.createServiceInstance()Ljava/lang/Object;+1
J 2698 c1 org.gradle.internal.service.DefaultServiceRegistry$ManagedObjectServiceProvider.getInstance()Ljava/lang/Object; (47 bytes) @ 0x000002ba58ca028c [0x000002ba58ca00e0+0x00000000000001ac]
J 2697 c1 org.gradle.internal.service.DefaultServiceRegistry$SingletonService.get()Ljava/lang/Object; (5 bytes) @ 0x000002ba58c9fdbc [0x000002ba58c9fd40+0x000000000000007c]
j  org.gradle.internal.service.DefaultServiceRegistry$FactoryService.assembleParameters()[Ljava/lang/Object;+44
j  org.gradle.internal.service.DefaultServiceRegistry$FactoryService.createServiceInstance()Ljava/lang/Object;+1
J 2698 c1 org.gradle.internal.service.DefaultServiceRegistry$ManagedObjectServiceProvider.getInstance()Ljava/lang/Object; (47 bytes) @ 0x000002ba58ca028c [0x000002ba58ca00e0+0x00000000000001ac]
J 2697 c1 org.gradle.internal.service.DefaultServiceRegistry$SingletonService.get()Ljava/lang/Object; (5 bytes) @ 0x000002ba58c9fdbc [0x000002ba58c9fd40+0x000000000000007c]
j  org.gradle.internal.service.DefaultServiceRegistry$FactoryService.assembleParameters()[Ljava/lang/Object;+44
j  org.gradle.internal.service.DefaultServiceRegistry$FactoryService.createServiceInstance()Ljava/lang/Object;+1
J 2698 c1 org.gradle.internal.service.DefaultServiceRegistry$ManagedObjectServiceProvider.getInstance()Ljava/lang/Object; (47 bytes) @ 0x000002ba58ca028c [0x000002ba58ca00e0+0x00000000000001ac]
J 2697 c1 org.gradle.internal.service.DefaultServiceRegistry$SingletonService.get()Ljava/lang/Object; (5 bytes) @ 0x000002ba58c9fdbc [0x000002ba58c9fd40+0x000000000000007c]
j  org.gradle.internal.service.DefaultServiceRegistry.find(Ljava/lang/reflect/Type;)Ljava/lang/Object;+22
j  org.gradle.internal.service.DefaultServiceRegistry.get(Ljava/lang/reflect/Type;)Ljava/lang/Object;+2
j  org.gradle.internal.service.DefaultServiceRegistry.get(Ljava/lang/Class;)Ljava/lang/Object;+3
j  org.gradle.internal.cc.impl.DefaultBuildModelControllerServices$VintageBuildControllerProvider.createBuildModelController(Lorg/gradle/api/internal/GradleInternal;Lorg/gradle/internal/model/StateTransitionControllerFactory;)Lorg/gradle/internal/build/BuildModelController;+69
j  java.lang.invoke.DirectMethodHandle$Holder.invokeSpecial(Ljava/lang/Object;Ljava/lang/Object;Ljava/lang/Object;Ljava/lang/Object;)Ljava/lang/Object;+14 java.base@21.0.12.1
j  java.lang.invoke.LambdaForm$MH+0x000002ba011f4400.invoke(Ljava/lang/Object;Ljava/lang/Object;Ljava/lang/Object;Ljava/lang/Object;)Ljava/lang/Object;+73 java.base@21.0.12.1
J 2266 c1 jdk.internal.reflect.DirectMethodHandleAccessor.invoke(Ljava/lang/Object;[Ljava/lang/Object;)Ljava/lang/Object; java.base@21.0.12.1 (92 bytes) @ 0x000002ba58bc2c64 [0x000002ba58bc16c0+0x00000000000015a4]
J 2265 c1 java.lang.reflect.Method.invoke(Ljava/lang/Object;[Ljava/lang/Object;)Ljava/lang/Object; java.base@21.0.12.1 (108 bytes) @ 0x000002ba58bbdcd4 [0x000002ba58bbd7c0+0x0000000000000514]
j  org.gradle.internal.reflect.JavaMethod.invoke(Ljava/lang/Object;[Ljava/lang/Object;)Ljava/lang/Object;+6
j  org.gradle.internal.service.ReflectionBasedServiceMethod.invoke(Ljava/lang/Object;[Ljava/lang/Object;)Ljava/lang/Object;+6
j  org.gradle.internal.service.DefaultServiceRegistry$FactoryMethodService.invokeMethod([Ljava/lang/Object;)Ljava/lang/Object;+9
j  org.gradle.internal.service.DefaultServiceRegistry$FactoryService.createServiceInstance()Ljava/lang/Object;+7
J 2698 c1 org.gradle.internal.service.DefaultServiceRegistry$ManagedObjectServiceProvider.getInstance()Ljava/lang/Object; (47 bytes) @ 0x000002ba58ca028c [0x000002ba58ca00e0+0x00000000000001ac]
J 2697 c1 org.gradle.internal.service.DefaultServiceRegistry$SingletonService.get()Ljava/lang/Object; (5 bytes) @ 0x000002ba58c9fdbc [0x000002ba58c9fd40+0x000000000000007c]
j  org.gradle.internal.service.DefaultServiceRegistry.find(Ljava/lang/reflect/Type;)Ljava/lang/Object;+22
j  org.gradle.internal.service.DefaultServiceRegistry.get(Ljava/lang/reflect/Type;)Ljava/lang/Object;+2
j  org.gradle.internal.service.DefaultServiceRegistry.get(Ljava/lang/Class;)Ljava/lang/Object;+3
j  org.gradle.internal.build.DefaultBuildLifecycleControllerFactory.newInstance(Lorg/gradle/api/internal/BuildDefinition;Lorg/gradle/internal/service/scopes/BuildScopeServices;)Lorg/gradle/internal/build/BuildLifecycleController;+94
j  org.gradle.internal.cc.impl.DefaultBuildModelControllerServices$ServicesProvider.createBuildLifecycleController(Lorg/gradle/internal/build/BuildLifecycleControllerFactory;)Lorg/gradle/internal/build/BuildLifecycleController;+15
J 1674 c1 java.lang.invoke.DirectMethodHandle$Holder.invokeSpecial(Ljava/lang/Object;Ljava/lang/Object;Ljava/lang/Object;)Ljava/lang/Object; java.base@21.0.12.1 (15 bytes) @ 0x000002ba58a901d4 [0x000002ba58a8fde0+0x00000000000003f4]
j  java.lang.invoke.LambdaForm$MH+0x000002ba01095000.invoke(Ljava/lang/Object;Ljava/lang/Object;Ljava/lang/Object;)Ljava/lang/Object;+52 java.base@21.0.12.1
J 2266 c1 jdk.internal.reflect.DirectMethodHandleAccessor.invoke(Ljava/lang/Object;[Ljava/lang/Object;)Ljava/lang/Object; java.base@21.0.12.1 (92 bytes) @ 0x000002ba58bc32bc [0x000002ba58bc16c0+0x0000000000001bfc]
J 2265 c1 java.lang.reflect.Method.invoke(Ljava/lang/Object;[Ljava/lang/Object;)Ljava/lang/Object; java.base@21.0.12.1 (108 bytes) @ 0x000002ba58bbdcd4 [0x000002ba58bbd7c0+0x0000000000000514]
j  org.gradle.internal.reflect.JavaMethod.invoke(Ljava/lang/Object;[Ljava/lang/Object;)Ljava/lang/Object;+6
j  org.gradle.internal.service.ReflectionBasedServiceMethod.invoke(Ljava/lang/Object;[Ljava/lang/Object;)Ljava/lang/Object;+6
j  org.gradle.internal.service.DefaultServiceRegistry$FactoryMethodService.invokeMethod([Ljava/lang/Object;)Ljava/lang/Object;+9
j  org.gradle.internal.service.DefaultServiceRegistry$FactoryService.createServiceInstance()Ljava/lang/Object;+7
J 2698 c1 org.gradle.internal.service.DefaultServiceRegistry$ManagedObjectServiceProvider.getInstance()Ljava/lang/Object; (47 bytes) @ 0x000002ba58ca028c [0x000002ba58ca00e0+0x00000000000001ac]
J 2697 c1 org.gradle.internal.service.DefaultServiceRegistry$SingletonService.get()Ljava/lang/Object; (5 bytes) @ 0x000002ba58c9fdbc [0x000002ba58c9fd40+0x000000000000007c]
j  org.gradle.internal.service.DefaultServiceRegistry.find(Ljava/lang/reflect/Type;)Ljava/lang/Object;+22
j  org.gradle.internal.service.DefaultServiceRegistry.get(Ljava/lang/reflect/Type;)Ljava/lang/Object;+2
j  org.gradle.internal.service.DefaultServiceRegistry.get(Ljava/lang/Class;)Ljava/lang/Object;+3
j  org.gradle.internal.build.AbstractBuildState.lambda$new$0()Lorg/gradle/internal/build/BuildLifecycleController;+6
j  org.gradle.internal.build.AbstractBuildState$$Lambda+0x000002ba012fa1f8.get()Ljava/lang/Object;+4
j  org.gradle.internal.lazy.LockingLazy.get()Ljava/lang/Object;+22
j  org.gradle.internal.build.AbstractBuildState.getBuildController()Lorg/gradle/internal/build/BuildLifecycleController;+4
j  org.gradle.composite.internal.DefaultRootBuildState.<init>(Lorg/gradle/api/internal/BuildDefinition;Lorg/gradle/internal/buildtree/BuildTreeState;Lorg/gradle/internal/event/ListenerManager;)V+19
j  org.gradle.composite.internal.BuildStateFactory.createRootBuild(Lorg/gradle/api/internal/BuildDefinition;)Lorg/gradle/internal/build/RootBuildState;+13
j  org.gradle.composite.internal.DefaultIncludedBuildRegistry.createRootBuild(Lorg/gradle/api/internal/BuildDefinition;)Lorg/gradle/internal/build/RootBuildState;+23
j  org.gradle.launcher.exec.RootBuildLifecycleBuildActionExecutor.execute(Lorg/gradle/internal/invocation/BuildAction;Lorg/gradle/internal/buildtree/BuildTreeContext;)Lorg/gradle/internal/buildtree/BuildActionRunner$Result;+14
j  org.gradle.internal.buildtree.InitDeprecationLoggingActionExecutor.execute(Lorg/gradle/internal/invocation/BuildAction;Lorg/gradle/internal/buildtree/BuildTreeContext;)Lorg/gradle/internal/buildtree/BuildActionRunner$Result;+83
j  org.gradle.internal.buildtree.InitProblems.execute(Lorg/gradle/internal/invocation/BuildAction;Lorg/gradle/internal/buildtree/BuildTreeContext;)Lorg/gradle/internal/buildtree/BuildActionRunner$Result;+13
j  org.gradle.internal.buildtree.DefaultBuildTreeContext.execute(Lorg/gradle/internal/invocation/BuildAction;)Lorg/gradle/internal/buildtree/BuildActionRunner$Result;+64
j  org.gradle.launcher.exec.BuildTreeLifecycleBuildActionExecutor.lambda$execute$0(Lorg/gradle/internal/invocation/BuildAction;Lorg/gradle/internal/buildtree/BuildTreeContext;)Lorg/gradle/internal/buildtree/BuildActionRunner$Result;+2
j  org.gradle.launcher.exec.BuildTreeLifecycleBuildActionExecutor$$Lambda+0x000002ba012a37a0.apply(Ljava/lang/Object;)Ljava/lang/Object;+8
j  org.gradle.internal.buildtree.BuildTreeState.run(Ljava/util/function/Function;)Ljava/lang/Object;+45
j  org.gradle.launcher.exec.BuildTreeLifecycleBuildActionExecutor.execute(Lorg/gradle/internal/invocation/BuildAction;Lorg/gradle/internal/session/BuildSessionContext;)Lorg/gradle/internal/buildtree/BuildActionRunner$Result;+74
j  org.gradle.launcher.exec.RunAsBuildOperationBuildActionExecutor$3.call(Lorg/gradle/internal/operations/BuildOperationContext;)Lorg/gradle/internal/buildtree/BuildActionRunner$Result;+25
j  org.gradle.launcher.exec.RunAsBuildOperationBuildActionExecutor$3.call(Lorg/gradle/internal/operations/BuildOperationContext;)Ljava/lang/Object;+2
j  org.gradle.internal.operations.DefaultBuildOperationRunner$CallableBuildOperationWorker.execute(Lorg/gradle/internal/operations/CallableBuildOperation;Lorg/gradle/internal/operations/BuildOperationContext;)V+3
j  org.gradle.internal.operations.DefaultBuildOperationRunner$CallableBuildOperationWorker.execute(Lorg/gradle/internal/operations/BuildOperation;Lorg/gradle/internal/operations/BuildOperationContext;)V+6
j  org.gradle.internal.operations.DefaultBuildOperationRunner$2.execute(Lorg/gradle/internal/operations/BuildOperationDescriptor;Lorg/gradle/internal/operations/BuildOperationState;Lorg/gradle/internal/operations/BuildOperationState;Lorg/gradle/internal/operations/DefaultBuildOperationRunner$ReadableBuildOperationContext;Lorg/gradle/internal/operations/DefaultBuildOperationRunner$BuildOperationExecutionListener;)Lorg/gradle/internal/operations/BuildOperation;+22
j  org.gradle.internal.operations.DefaultBuildOperationRunner$2.execute(Lorg/gradle/internal/operations/BuildOperationDescriptor;Lorg/gradle/internal/operations/BuildOperationState;Lorg/gradle/internal/operations/BuildOperationState;Lorg/gradle/internal/operations/DefaultBuildOperationRunner$ReadableBuildOperationContext;Lorg/gradle/internal/operations/DefaultBuildOperationRunner$BuildOperationExecutionListener;)Ljava/lang/Object;+8
j  org.gradle.internal.operations.DefaultBuildOperationRunner.execute(Lorg/gradle/internal/operations/BuildOperationDescriptor$Builder;Lorg/gradle/internal/operations/BuildOperationState;Lorg/gradle/internal/operations/DefaultBuildOperationRunner$BuildOperationExecution;)Ljava/lang/Object;+141
j  org.gradle.internal.operations.DefaultBuildOperationRunner.execute(Lorg/gradle/internal/operations/BuildOperation;Lorg/gradle/internal/operations/BuildOperationWorker;Lorg/gradle/internal/operations/BuildOperationState;)V+18
j  org.gradle.internal.operations.DefaultBuildOperationRunner.call(Lorg/gradle/internal/operations/CallableBuildOperation;)Ljava/lang/Object;+16
j  org.gradle.launcher.exec.RunAsBuildOperationBuildActionExecutor.execute(Lorg/gradle/internal/invocation/BuildAction;Lorg/gradle/internal/session/BuildSessionContext;)Lorg/gradle/internal/buildtree/BuildActionRunner$Result;+23
j  org.gradle.launcher.exec.RunAsWorkerThreadBuildActionExecutor.lambda$execute$0(Lorg/gradle/internal/invocation/BuildAction;Lorg/gradle/internal/session/BuildSessionContext;)Lorg/gradle/internal/buildtree/BuildActionRunner$Result;+6
j  org.gradle.launcher.exec.RunAsWorkerThreadBuildActionExecutor$$Lambda+0x000002ba0126f958.create()Ljava/lang/Object;+12
j  org.gradle.internal.work.DefaultWorkerLeaseService.withLocks(Ljava/util/Collection;Lorg/gradle/internal/Factory;)Ljava/lang/Object;+28
j  org.gradle.internal.work.DefaultWorkerLeaseService.runAsWorkerThread(Lorg/gradle/internal/Factory;)Ljava/lang/Object;+33
j  org.gradle.launcher.exec.RunAsWorkerThreadBuildActionExecutor.execute(Lorg/gradle/internal/invocation/BuildAction;Lorg/gradle/internal/session/BuildSessionContext;)Lorg/gradle/internal/buildtree/BuildActionRunner$Result;+12
j  org.gradle.tooling.internal.provider.continuous.ContinuousBuildActionExecutor.execute(Lorg/gradle/internal/invocation/BuildAction;Lorg/gradle/internal/session/BuildSessionContext;)Lorg/gradle/internal/buildtree/BuildActionRunner$Result;+58
j  org.gradle.tooling.internal.provider.SubscribableBuildActionExecutor.execute(Lorg/gradle/internal/invocation/BuildAction;Lorg/gradle/internal/session/BuildSessionContext;)Lorg/gradle/internal/buildtree/BuildActionRunner$Result;+30
j  org.gradle.internal.session.DefaultBuildSessionContext.execute(Lorg/gradle/internal/invocation/BuildAction;)Lorg/gradle/internal/buildtree/BuildActionRunner$Result;+64
j  org.gradle.internal.buildprocess.execution.BuildSessionLifecycleBuildActionExecutor$ActionImpl.apply(Lorg/gradle/internal/session/BuildSessionContext;)Lorg/gradle/launcher/exec/BuildActionResult;+6
j  org.gradle.internal.buildprocess.execution.BuildSessionLifecycleBuildActionExecutor$ActionImpl.apply(Ljava/lang/Object;)Ljava/lang/Object;+5
j  org.gradle.internal.session.BuildSessionState.run(Ljava/util/function/Function;)Ljava/lang/Object;+5
j  org.gradle.internal.buildprocess.execution.BuildSessionLifecycleBuildActionExecutor.execute(Lorg/gradle/internal/invocation/BuildAction;Lorg/gradle/launcher/exec/BuildActionParameters;Lorg/gradle/initialization/BuildRequestContext;)Lorg/gradle/launcher/exec/BuildActionResult;+95
j  org.gradle.internal.buildprocess.execution.BuildSessionLifecycleBuildActionExecutor.execute(Lorg/gradle/internal/invocation/BuildAction;Ljava/lang/Object;Ljava/lang/Object;)Lorg/gradle/launcher/exec/BuildActionResult;+10
j  org.gradle.internal.buildprocess.execution.StartParamsValidatingActionExecutor.execute(Lorg/gradle/internal/invocation/BuildAction;Lorg/gradle/launcher/exec/BuildActionParameters;Lorg/gradle/initialization/BuildRequestContext;)Lorg/gradle/launcher/exec/BuildActionResult;+203
j  org.gradle.internal.buildprocess.execution.StartParamsValidatingActionExecutor.execute(Lorg/gradle/internal/invocation/BuildAction;Ljava/lang/Object;Ljava/lang/Object;)Lorg/gradle/launcher/exec/BuildActionResult;+10
j  org.gradle.internal.buildprocess.execution.SessionFailureReportingActionExecutor.execute(Lorg/gradle/internal/invocation/BuildAction;Lorg/gradle/launcher/exec/BuildActionParameters;Lorg/gradle/initialization/BuildRequestContext;)Lorg/gradle/launcher/exec/BuildActionResult;+7
j  org.gradle.internal.buildprocess.execution.SessionFailureReportingActionExecutor.execute(Lorg/gradle/internal/invocation/BuildAction;Ljava/lang/Object;Ljava/lang/Object;)Lorg/gradle/launcher/exec/BuildActionResult;+10
j  org.gradle.internal.buildprocess.execution.SetupLoggingActionExecutor.execute(Lorg/gradle/internal/invocation/BuildAction;Lorg/gradle/launcher/exec/BuildActionParameters;Lorg/gradle/initialization/BuildRequestContext;)Lorg/gradle/launcher/exec/BuildActionResult;+50
j  org.gradle.internal.buildprocess.execution.SetupLoggingActionExecutor.execute(Lorg/gradle/internal/invocation/BuildAction;Ljava/lang/Object;Ljava/lang/Object;)Lorg/gradle/launcher/exec/BuildActionResult;+10
j  org.gradle.launcher.daemon.server.exec.ExecuteBuild.doBuild(Lorg/gradle/launcher/daemon/server/api/DaemonCommandExecution;Lorg/gradle/launcher/daemon/protocol/Build;)V+147
j  org.gradle.launcher.daemon.server.exec.BuildCommandOnly.execute(Lorg/gradle/launcher/daemon/server/api/DaemonCommandExecution;)V+49
j  org.gradle.launcher.daemon.server.api.DaemonCommandExecution.proceed()Z+23
j  org.gradle.launcher.daemon.server.exec.WatchForDisconnection.execute(Lorg/gradle/launcher/daemon/server/api/DaemonCommandExecution;)V+19
j  org.gradle.launcher.daemon.server.api.DaemonCommandExecution.proceed()Z+23
j  org.gradle.launcher.daemon.server.exec.ResetDeprecationLogger.execute(Lorg/gradle/launcher/daemon/server/api/DaemonCommandExecution;)V+7
j  org.gradle.launcher.daemon.server.api.DaemonCommandExecution.proceed()Z+23
j  org.gradle.launcher.daemon.server.exec.RequestStopIfSingleUsedDaemon.execute(Lorg/gradle/launcher/daemon/server/api/DaemonCommandExecution;)V+33
j  org.gradle.launcher.daemon.server.api.DaemonCommandExecution.proceed()Z+23
j  org.gradle.launcher.daemon.server.exec.ForwardClientInput.lambda$execute$0(Lorg/gradle/launcher/daemon/server/api/DaemonCommandExecution;Lorg/gradle/internal/daemon/clientinput/StdinHandler;)Ljava/lang/Object;+11
j  org.gradle.launcher.daemon.server.exec.ForwardClientInput$$Lambda+0x000002ba01189ae0.apply(Ljava/lang/Object;)Ljava/lang/Object;+8
j  org.gradle.internal.daemon.clientinput.ClientInputForwarder.forwardInput(Ljava/util/function/Function;)Ljava/lang/Object;+46
j  org.gradle.launcher.daemon.server.exec.ForwardClientInput.execute(Lorg/gradle/launcher/daemon/server/api/DaemonCommandExecution;)V+10
j  org.gradle.launcher.daemon.server.api.DaemonCommandExecution.proceed()Z+23
j  org.gradle.launcher.daemon.server.exec.LogAndCheckHealth.execute(Lorg/gradle/launcher/daemon/server/api/DaemonCommandExecution;)V+51
j  org.gradle.launcher.daemon.server.api.DaemonCommandExecution.proceed()Z+23
j  org.gradle.launcher.daemon.server.exec.LogToClient.doBuild(Lorg/gradle/launcher/daemon/server/api/DaemonCommandExecution;Lorg/gradle/launcher/daemon/protocol/Build;)V+87
j  org.gradle.launcher.daemon.server.exec.BuildCommandOnly.execute(Lorg/gradle/launcher/daemon/server/api/DaemonCommandExecution;)V+49
j  org.gradle.launcher.daemon.server.api.DaemonCommandExecution.proceed()Z+23
j  org.gradle.launcher.daemon.server.exec.EstablishBuildEnvironment.doBuild(Lorg/gradle/launcher/daemon/server/api/DaemonCommandExecution;Lorg/gradle/launcher/daemon/protocol/Build;)V+356
j  org.gradle.launcher.daemon.server.exec.BuildCommandOnly.execute(Lorg/gradle/launcher/daemon/server/api/DaemonCommandExecution;)V+49
j  org.gradle.launcher.daemon.server.api.DaemonCommandExecution.proceed()Z+23
j  org.gradle.launcher.daemon.server.exec.StartBuildOrRespondWithBusy$1.run()V+44
j  org.gradle.launcher.daemon.server.DaemonStateCoordinator.lambda$runCommand$0(Ljava/lang/Runnable;)V+1
j  org.gradle.launcher.daemon.server.DaemonStateCoordinator$$Lambda+0x000002ba01188468.run()V+8
j  org.gradle.internal.concurrent.ExecutorPolicy$CatchAndRecordFailures.onExecute(Ljava/lang/Runnable;)V+1
j  org.gradle.internal.concurrent.AbstractManagedExecutor$1.run()V+25
j  java.util.concurrent.ThreadPoolExecutor.runWorker(Ljava/util/concurrent/ThreadPoolExecutor$Worker;)V+92 java.base@21.0.12.1
j  java.util.concurrent.ThreadPoolExecutor$Worker.run()V+5 java.base@21.0.12.1
j  java.lang.Thread.runWith(Ljava/lang/Object;Ljava/lang/Runnable;)V+5 java.base@21.0.12.1
j  java.lang.Thread.run()V+19 java.base@21.0.12.1
v  ~StubRoutines::call_stub 0x000002ba5fba100d

Compiled method (n/a) 17232 2003     n 0       java.lang.ClassLoader::defineClass0 (native)
 total in heap  [0x000002ba603cd390,0x000002ba603cd950] = 1472
 relocation     [0x000002ba603cd4f0,0x000002ba603cd528] = 56
 main code      [0x000002ba603cd540,0x000002ba603cd94c] = 1036
 stub code      [0x000002ba603cd94c,0x000002ba603cd950] = 4

[Constant Pool (empty)]

[MachCode]
[Entry Point]
  # {method} {0x000002ba00434610} 'defineClass0' '(Ljava/lang/ClassLoader;Ljava/lang/Class;Ljava/lang/String;[BIILjava/security/ProtectionDomain;ZILjava/lang/Object;)Ljava/lang/Class;' in 'java/lang/ClassLoader'
  # parm0:    rdx:rdx   = 'java/lang/ClassLoader'
  # parm1:    r8:r8     = 'java/lang/Class'
  # parm2:    r9:r9     = 'java/lang/String'
  # parm3:    rdi:rdi   = '[B'
  # parm4:    rsi       = int
  # parm5:    rcx       = int
  # parm6:    [sp+0xb0]   = 'java/security/ProtectionDomain'  (sp of caller)
  # parm7:    [sp+0xb8]   = boolean
  # parm8:    [sp+0xc0]   = int
  # parm9:    [sp+0xc8]   = 'java/lang/Object'
  0x000002ba603cd540: 448b 5208 | 49bb 0000 | 0000 ba02 | 0000 4d03 | d349 3bc2 | 0f84 0600 

  0x000002ba603cd558: ;   {runtime_call ic_miss_stub}
  0x000002ba603cd558: 0000 e921 | 1282 ff90 
[Verified Entry Point]
  0x000002ba603cd560: 8984 2400 | 80ff ff55 | 488b ec48 | 81ec a000 | 0000 6690 | 4181 7f20 | 0100 0000 

  0x000002ba603cd57c: ;   {runtime_call StubRoutines (final stubs)}
  0x000002ba603cd57c: 7405 e81d | 8f80 ff48 | 837d 2800 | 488d 4528 | 480f 4445 | 2848 8944 | 2458 4863 | 4520 4889 
  0x000002ba603cd59c: 4424 5048 | 6345 1848 | 8944 2448 | 4883 7d10 | 0048 8d45 | 1048 0f44 | 4510 4889 | 4424 4048 
  0x000002ba603cd5bc: 894c 2438 | 4889 7424 | 3048 897c | 2478 4883 | ff00 488d | 4424 7848 | 0f44 4424 | 7848 8944 
  0x000002ba603cd5dc: 2428 4c89 | 4c24 7049 | 83f9 0048 | 8d44 2470 | 480f 4444 | 2470 4889 | 4424 204c | 8944 2468 
  0x000002ba603cd5fc: 4983 f800 | 4c8d 4c24 | 684c 0f44 | 4c24 6848 | 8954 2460 | 4883 fa00 | 4c8d 4424 | 604c 0f44 
  0x000002ba603cd61c: ;   {oop(a 'java/lang/Class'{0x00000000e078c0f8} = 'java/lang/ClassLoader')}
  0x000002ba603cd61c: 4424 6049 | bef8 c078 | e000 0000 | 004c 89b4 | 2490 0000 | 004c 8db4 | 2490 0000 | 0049 8bd6 
  0x000002ba603cd63c: ;   {internal_word}
  0x000002ba603cd63c: c5f8 7749 | ba3c d63c | 60ba 0200 | 004d 8997 | a803 0000 | 4989 a7a0 

  0x000002ba603cd654: ;   {external_word}
  0x000002ba603cd654: 0300 0049 | ba06 6d81 | 6dfe 7f00 | 0041 803a | 000f 844e | 0000 0052 | 4150 4151 

  0x000002ba603cd670: ;   {metadata({method} {0x000002ba00434610} 'defineClass0' '(Ljava/lang/ClassLoader;Ljava/lang/Class;Ljava/lang/String;[BIILjava/security/ProtectionDomain;ZILjava/lang/Object;)Ljava/lang/Class;' in 'java/lang/ClassLoader')}
  0x000002ba603cd670: 48ba 0846 | 4300 ba02 | 0000 498b | cf48 83ec | 2040 f6c4 | 0f0f 8419 | 0000 0048 

  0x000002ba603cd68c: ;   {runtime_call}
  0x000002ba603cd68c: 83ec 0848 | b8e0 ea2a | 6dfe 7f00 | 00ff d048 | 83c4 08e9 | 0c00 0000 

  0x000002ba603cd6a4: ;   {runtime_call}
  0x000002ba603cd6a4: 48b8 e0ea | 2a6d fe7f | 0000 ffd0 | 4883 c420 | 4159 4158 | 5a49 8d8f | c003 0000 | 41c7 874c 
  0x000002ba603cd6c4: 0400 0004 

  0x000002ba603cd6c8: ;   {runtime_call}
  0x000002ba603cd6c8: 0000 0048 | b81c 1593 | d4fe 7f00 | 00ff d0c5 | f877 41c7 | 874c 0400 | 0005 0000 | 00f0 8344 
  0x000002ba603cd6e8: 24c0 0049 | 3baf 5004 | 0000 0f87 | 0e00 0000 | 4183 bf48 | 0400 0000 | 0f84 2b00 | 0000 c5f8 
  0x000002ba603cd708: 7748 8945 | f849 8bcf | 4c8b e448 | 83ec 2048 

  0x000002ba603cd718: ;   {runtime_call}
  0x000002ba603cd718: 83e4 f048 | b800 58f6 | 6cfe 7f00 | 00ff d049 | 8be4 4d33 | e448 8b45 | f841 c787 | 4c04 0000 
  0x000002ba603cd738: 0800 0000 | 4183 bfc8 | 0400 0002 | 0f84 d501 

  0x000002ba603cd748: ;   {external_word}
  0x000002ba603cd748: 0000 49ba | 066d 816d | fe7f 0000 | 4180 3a00 | 0f84 4c00 | 0000 4889 

  0x000002ba603cd760: ;   {metadata({method} {0x000002ba00434610} 'defineClass0' '(Ljava/lang/ClassLoader;Ljava/lang/Class;Ljava/lang/String;[BIILjava/security/ProtectionDomain;ZILjava/lang/Object;)Ljava/lang/Class;' in 'java/lang/ClassLoader')}
  0x000002ba603cd760: 45f8 48ba | 0846 4300 | ba02 0000 | 498b cf48 | 83ec 2040 | f6c4 0f0f | 8419 0000 | 0048 83ec 
  0x000002ba603cd780: ;   {runtime_call}
  0x000002ba603cd780: 0848 b8e0 | ea2a 6dfe | 7f00 00ff | d048 83c4 | 08e9 0c00 

  0x000002ba603cd794: ;   {runtime_call}
  0x000002ba603cd794: 0000 48b8 | e0ea 2a6d | fe7f 0000 | ffd0 4883 | c420 488b | 45f8 49c7 | 87a0 0300 | 0000 0000 
  0x000002ba603cd7b4: 0049 c787 | a803 0000 | 0000 0000 | c5f8 7748 | 85c0 0f84 | 3001 0000 | a803 0f85 | 0800 0000 
  0x000002ba603cd7d4: 488b 00e9 | 2001 0000 | a801 0f85 | 0900 0000 | 488b 40fe | e90f 0100 | 0048 8b40 | ff41 807f 
  0x000002ba603cd7f4: 4000 0f84 | 0001 0000 | 4883 f800 | 0f84 f600 | 0000 498b | 4f28 4883 | f900 0f84 | 1400 0000 
  0x000002ba603cd814: 4883 e908 | 4989 4f28 | 4903 4f38 | 4889 01e9 | d400 0000 | 4883 ec70 | 4889 0424 | 4889 4c24 
  0x000002ba603cd834: 0848 8954 | 2410 4c89 | 4424 184c | 894c 2420 | 4c89 5424 | 284c 895c | 2430 c5fb | 1144 2440 
  0x000002ba603cd854: c5fb 114c | 2448 c5fb | 1154 2450 | c5fb 115c | 2458 c5fb | 1164 2460 | c5fb 116c | 2468 498b 
  0x000002ba603cd874: d748 8bc8 | 4883 ec20 | 40f6 c40f | 0f84 1900 | 0000 4883 

  0x000002ba603cd888: ;   {runtime_call}
  0x000002ba603cd888: ec08 48b8 | 20a4 e96c | fe7f 0000 | ffd0 4883 | c408 e90c 

  0x000002ba603cd89c: ;   {runtime_call}
  0x000002ba603cd89c: 0000 0048 | b820 a4e9 | 6cfe 7f00 | 00ff d048 | 83c4 20c5 | fb10 6c24 | 68c5 fb10 | 6424 60c5 
  0x000002ba603cd8bc: fb10 5c24 | 58c5 fb10 | 5424 50c5 | fb10 4c24 | 48c5 fb10 | 4424 404c | 8b5c 2430 | 4c8b 5424 
  0x000002ba603cd8dc: 284c 8b4c | 2420 4c8b | 4424 1848 | 8b54 2410 | 488b 4c24 | 0848 8b04 | 2448 83c4 | 70c5 f877 
  0x000002ba603cd8fc: 498b 8f30 | 0400 00c7 | 8100 0100 | 0000 0000 | 00c9 4983 | 7f08 000f | 8501 0000 

  0x000002ba603cd918: ;   {runtime_call StubRoutines (initial stubs)}
  0x000002ba603cd918: 00c3 e9e1 | 357d ffc5 | f877 4889 | 45f8 4c8b | e448 83ec | 2048 83e4 

  0x000002ba603cd930: ;   {runtime_call}
  0x000002ba603cd930: f048 b830 | 222b 6dfe | 7f00 00ff | d049 8be4 | 4d33 e448 | 8b45 f8e9 | fefd ffff 
[Stub Code]
  0x000002ba603cd94c: f4f4 f4f4 
[/MachCode]


Compiled method (c1) 17245 2562       3       java.lang.System$2::defineClass (21 bytes)
 total in heap  [0x000002ba58c5d610,0x000002ba58c5d9f0] = 992
 relocation     [0x000002ba58c5d770,0x000002ba58c5d7b0] = 64
 main code      [0x000002ba58c5d7c0,0x000002ba58c5d8f8] = 312
 stub code      [0x000002ba58c5d8f8,0x000002ba58c5d938] = 64
 metadata       [0x000002ba58c5d938,0x000002ba58c5d940] = 8
 scopes data    [0x000002ba58c5d940,0x000002ba58c5d988] = 72
 scopes pcs     [0x000002ba58c5d988,0x000002ba58c5d9d8] = 80
 dependencies   [0x000002ba58c5d9d8,0x000002ba58c5d9e0] = 8
 nul chk table  [0x000002ba58c5d9e0,0x000002ba58c5d9f0] = 16

[Constant Pool (empty)]

[MachCode]
[Entry Point]
  # {method} {0x000002ba00019588} 'defineClass' '(Ljava/lang/ClassLoader;Ljava/lang/Class;Ljava/lang/String;[BLjava/security/ProtectionDomain;ZILjava/lang/Object;)Ljava/lang/Class;' in 'java/lang/System$2'
  # this:     rdx:rdx   = 'java/lang/System$2'
  # parm0:    r8:r8     = 'java/lang/ClassLoader'
  # parm1:    r9:r9     = 'java/lang/Class'
  # parm2:    rdi:rdi   = 'java/lang/String'
  # parm3:    rsi:rsi   = '[B'
  # parm4:    rcx:rcx   = 'java/security/ProtectionDomain'
  # parm5:    [sp+0x70]   = boolean  (sp of caller)
  # parm6:    [sp+0x78]   = int
  # parm7:    [sp+0x80]   = 'java/lang/Object'
  0x000002ba58c5d7c0: 448b 5208 | 49bb 0000 | 0000 ba02 | 0000 4d03 | d34c 3bd0 

  0x000002ba58c5d7d4: ;   {runtime_call ic_miss_stub}
  0x000002ba58c5d7d4: 0f85 a60f | f906 660f | 1f44 0000 
[Verified Entry Point]
  0x000002ba58c5d7e0: 8984 2400 | 80ff ff55 | 4883 ec60 | 4181 7f20 | 0100 0000 

  0x000002ba58c5d7f4: ;   {runtime_call StubRoutines (final stubs)}
  0x000002ba58c5d7f4: 7405 e8a5 | 8cf7 0648 

  0x000002ba58c5d7fc: ;   {metadata(method data for {method} {0x000002ba00019588} 'defineClass' '(Ljava/lang/ClassLoader;Ljava/lang/Class;Ljava/lang/String;[BLjava/security/ProtectionDomain;ZILjava/lang/Object;)Ljava/lang/Class;' in 'java/lang/System$2')}
  0x000002ba58c5d7fc: 8bd9 48b9 | b82f 996d | ba02 0000 | 8b81 cc00 | 0000 83c0 | 0289 81cc | 0000 0025 | fe07 0000 
  0x000002ba58c5d81c: 85c0 0f84 | 6b00 0000 | 4c8b ac24 | 8000 0000 | 448b 5c24 | 788b 4424 | 708b 4e0c 

  0x000002ba58c5d838: ;   {metadata(method data for {method} {0x000002ba00019588} 'defineClass' '(Ljava/lang/ClassLoader;Ljava/lang/Class;Ljava/lang/String;[BLjava/security/ProtectionDomain;ZILjava/lang/Object;)Ljava/lang/Class;' in 'java/lang/System$2')}
  0x000002ba58c5d838: 48ba b82f | 996d ba02 | 0000 4883 | 8210 0100 | 0001 498b | d04d 8bc1 | 4c8b cf48 | 8bfe be00 
  0x000002ba58c5d858: 0000 0048 | 891c 2489 | 4424 0844 | 895c 2410 | 4c89 6c24 

  0x000002ba58c5d86c: ;   {static_call}
  0x000002ba58c5d86c: 1866 90e8 

  0x000002ba58c5d870: ; ImmutableOopMap {}
                      ;*invokestatic defineClass0 {reexecute=0 rethrow=0 return_oop=0}
                      ; - java.lang.System$2::defineClass@17
  0x000002ba58c5d870: ecfc 7607 

  0x000002ba58c5d874: ;   {other}
  0x000002ba58c5d874: 0f1f 8400 | 6402 0000 | 4883 c460 

  0x000002ba58c5d880: ;   {poll_return}
  0x000002ba58c5d880: 5d49 3ba7 | 5004 0000 | 0f87 2700 

  0x000002ba58c5d88c: ;   {metadata({method} {0x000002ba00019588} 'defineClass' '(Ljava/lang/ClassLoader;Ljava/lang/Class;Ljava/lang/String;[BLjava/security/ProtectionDomain;ZILjava/lang/Object;)Ljava/lang/Class;' in 'java/lang/System$2')}
  0x000002ba58c5d88c: 0000 c349 | ba80 9501 | 00ba 0200 | 004c 8954 | 2408 48c7 | 0424 ffff 

  0x000002ba58c5d8a4: ;   {runtime_call counter_overflow Runtime1 stub}
  0x000002ba58c5d8a4: ffff e855 

  0x000002ba58c5d8a8: ; ImmutableOopMap {rdx=Oop r8=Oop r9=Oop rdi=Oop rsi=Oop rbx=Oop [128]=Oop }
                      ;*synchronization entry
                      ; - java.lang.System$2::defineClass@-1
  0x000002ba58c5d8a8: aa06 07e9 | 74ff ffff 

  0x000002ba58c5d8b0: ;   {runtime_call throw_null_pointer_exception Runtime1 stub}
  0x000002ba58c5d8b0: e84b 5906 

  0x000002ba58c5d8b4: ; ImmutableOopMap {r8=Oop r9=Oop rdi=Oop rsi=Oop rbx=Oop r13=Oop [128]=Oop }
                      ;*arraylength {reexecute=0 rethrow=0 return_oop=0}
                      ; - java.lang.System$2::defineClass@8
                      ;   {internal_word}
  0x000002ba58c5d8b4: 0749 ba81 | d8c5 58ba | 0200 004d | 8997 6804 

  0x000002ba58c5d8c4: ;   {runtime_call SafepointBlob}
  0x000002ba58c5d8c4: 0000 e9b5 | 7bf9 0649 | 8b87 0005 | 0000 49c7 | 8700 0500 | 0000 0000 | 0049 c787 | 0805 0000 
  0x000002ba58c5d8e4: 0000 0000 | 4883 c460 

  0x000002ba58c5d8ec: ;   {runtime_call unwind_exception Runtime1 stub}
  0x000002ba58c5d8ec: 5de9 0e4a | 0607 f4f4 | f4f4 f4f4 
[Stub Code]
  0x000002ba58c5d8f8: ;   {no_reloc}
  0x000002ba58c5d8f8: 48bb 0000 | 0000 0000 

  0x000002ba58c5d900: ;   {runtime_call nmethod}
  0x000002ba58c5d900: 0000 e9fb 

  0x000002ba58c5d904: ;   {runtime_call handle_exception_from_callee Runtime1 stub}
  0x000002ba58c5d904: ffff ffe8 | f476 0607 

  0x000002ba58c5d90c: ;   {external_word}
  0x000002ba58c5d90c: 48b9 5063 | 576d fe7f | 0000 4883 

  0x000002ba58c5d918: ;   {runtime_call}
  0x000002ba58c5d918: e4f0 48b8 | c0c9 196d | fe7f 0000 

  0x000002ba58c5d924: ;   {section_word}
  0x000002ba58c5d924: ffd0 f449 | ba27 d9c5 | 58ba 0200 

  0x000002ba58c5d930: ;   {runtime_call DeoptimizationBlob}
  0x000002ba58c5d930: 0041 52e9 | e86d f906 
[/MachCode]


Compiled method (c1) 17250 2561   !   3       java.lang.invoke.MethodHandles$Lookup$ClassDefiner::defineClass (213 bytes)
 total in heap  [0x000002ba58c5da10,0x000002ba58c5ec70] = 4704
 relocation     [0x000002ba58c5db70,0x000002ba58c5dc90] = 288
 main code      [0x000002ba58c5dca0,0x000002ba58c5e708] = 2664
 stub code      [0x000002ba58c5e708,0x000002ba58c5e780] = 120
 metadata       [0x000002ba58c5e780,0x000002ba58c5e7f0] = 112
 scopes data    [0x000002ba58c5e7f0,0x000002ba58c5ea08] = 536
 scopes pcs     [0x000002ba58c5ea08,0x000002ba58c5ebc8] = 448
 dependencies   [0x000002ba58c5ebc8,0x000002ba58c5ebe0] = 24
 handler table  [0x000002ba58c5ebe0,0x000002ba58c5ec28] = 72
 nul chk table  [0x000002ba58c5ec28,0x000002ba58c5ec70] = 72

[Constant Pool (empty)]

[MachCode]
[Entry Point]
  # {method} {0x000002ba001eae68} 'defineClass' '(ZLjava/lang/Object;)Ljava/lang/Class;' in 'java/lang/invoke/MethodHandles$Lookup$ClassDefiner'
  # this:     rdx:rdx   = 'java/lang/invoke/MethodHandles$Lookup$ClassDefiner'
  # parm0:    r8        = boolean
  # parm1:    r9:r9     = 'java/lang/Object'
  #           [sp+0xf0]  (sp of caller)
  0x000002ba58c5dca0: 448b 5208 | 49bb 0000 | 0000 ba02 | 0000 4d03 | d34c 3bd0 

  0x000002ba58c5dcb4: ;   {runtime_call ic_miss_stub}
  0x000002ba58c5dcb4: 0f85 c60a | f906 660f | 1f44 0000 
[Verified Entry Point]
  0x000002ba58c5dcc0: 8984 2400 | 80ff ff55 | 4881 ece0 | 0000 0090 | 4181 7f20 | 0100 0000 

  0x000002ba58c5dcd8: ;   {runtime_call StubRoutines (final stubs)}
  0x000002ba58c5dcd8: 7405 e8c1 | 87f7 0648 | 8994 2498 | 0000 0044 | 8984 24b0 | 0000 004c | 898c 24b8 

  0x000002ba58c5dcf4: ;   {metadata(method data for {method} {0x000002ba001eae68} 'defineClass' '(ZLjava/lang/Object;)Ljava/lang/Class;' in 'java/lang/invoke/MethodHandles$Lookup$ClassDefiner')}
  0x000002ba58c5dcf4: 0000 0048 | be80 2999 | 6dba 0200 | 008b becc | 0000 0083 | c702 89be | cc00 0000 | 81e7 fe07 
  0x000002ba58c5dd14: 0000 85ff | 0f84 6b07 | 0000 8b72 | 1048 89b4 | 2490 0000 | 0048 3b06 

  0x000002ba58c5dd2c: ;   {metadata(method data for {method} {0x000002ba001eae68} 'defineClass' '(ZLjava/lang/Object;)Ljava/lang/Class;' in 'java/lang/invoke/MethodHandles$Lookup$ClassDefiner')}
  0x000002ba58c5dd2c: 488b fe48 | bb80 2999 | 6dba 0200 | 0048 8383 | 1001 0000 | 018b 7e10 | 4889 bc24 | a800 0000 
  0x000002ba58c5dd4c: ; implicit exception: dispatches to 0x000002ba58c5e4af
  0x000002ba58c5dd4c: 483b 0748 

  0x000002ba58c5dd50: ;   {metadata(method data for {method} {0x000002ba001eae68} 'defineClass' '(ZLjava/lang/Object;)Ljava/lang/Class;' in 'java/lang/invoke/MethodHandles$Lookup$ClassDefiner')}
  0x000002ba58c5dd50: 8bdf 48b8 | 8029 996d | ba02 0000 | 4883 8048 | 0100 0001 

  0x000002ba58c5dd64: ;   {metadata(method data for {method} {0x000002ba00468e60} 'getClassLoader' '()Ljava/lang/ClassLoader;' in 'java/lang/Class')}
  0x000002ba58c5dd64: 48bb b81f | 026d ba02 | 0000 8b83 | cc00 0000 | 83c0 0289 | 83cc 0000 | 0025 feff | 1f00 85c0 
  0x000002ba58c5dd84: 0f84 2a07 | 0000 8b5f | 3448 85db 

  0x000002ba58c5dd90: ;   {metadata(method data for {method} {0x000002ba00468e60} 'getClassLoader' '()Ljava/lang/ClassLoader;' in 'java/lang/Class')}
  0x000002ba58c5dd90: 48b8 b81f | 026d ba02 | 0000 48c7 | c110 0100 | 0075 0748 | c7c1 2001 | 0000 4c8b | 1c08 4d8d 
  0x000002ba58c5ddb0: 5b01 4c89 | 1c08 0f85 | 0f00 0000 

  0x000002ba58c5ddbc: ;   {oop(nullptr)}
  0x000002ba58c5ddbc: 48bb 0000 | 0000 0000 | 0000 e9a2 

  0x000002ba58c5ddc8: ;   {metadata(method data for {method} {0x000002ba00468e60} 'getClassLoader' '()Ljava/lang/ClassLoader;' in 'java/lang/Class')}
  0x000002ba58c5ddc8: 0000 0048 | b8b8 1f02 | 6dba 0200 | 0048 8380 | 3001 0000 

  0x000002ba58c5dddc: ;   {metadata(method data for {method} {0x000002ba0001b1d0} 'getSecurityManager' '()Ljava/lang/SecurityManager;' in 'java/lang/System')}
  0x000002ba58c5dddc: 0148 b8a8 | 2102 6dba | 0200 008b | 88cc 0000 | 0083 c102 | 8988 cc00 | 0000 81e1 | feff 1f00 
  0x000002ba58c5ddfc: 85c9 0f84 | d106 0000 

  0x000002ba58c5de04: ;   {metadata(method data for {method} {0x000002ba0001b1d0} 'getSecurityManager' '()Ljava/lang/SecurityManager;' in 'java/lang/System')}
  0x000002ba58c5de04: 48b8 a821 | 026d ba02 | 0000 4883 | 8010 0100 

  0x000002ba58c5de14: ;   {metadata(method data for {method} {0x000002ba0001b2e8} 'allowSecurityManager' '()Z' in 'java/lang/System')}
  0x000002ba58c5de14: 0001 48b8 | 2023 026d | ba02 0000 | 8b88 cc00 | 0000 83c1 | 0289 88cc | 0000 0081 | e1fe ff1f 
  0x000002ba58c5de34: 0085 c90f | 84b9 0600 

  0x000002ba58c5de3c: ;   {metadata(method data for {method} {0x000002ba0001b2e8} 'allowSecurityManager' '()Z' in 'java/lang/System')}
  0x000002ba58c5de3c: 0048 b820 | 2302 6dba | 0200 00ff | 8010 0100 

  0x000002ba58c5de4c: ;   {metadata(method data for {method} {0x000002ba0001b1d0} 'getSecurityManager' '()Ljava/lang/SecurityManager;' in 'java/lang/System')}
  0x000002ba58c5de4c: 0048 b8a8 | 2102 6dba | 0200 00ff | 8020 0100 

  0x000002ba58c5de5c: ;   {metadata(method data for {method} {0x000002ba00468e60} 'getClassLoader' '()Ljava/lang/ClassLoader;' in 'java/lang/Class')}
  0x000002ba58c5de5c: 0048 b8b8 | 1f02 6dba | 0200 00ff | 8040 0100 | 0048 85db 

  0x000002ba58c5de70: ;   {metadata(method data for {method} {0x000002ba001eae68} 'defineClass' '(ZLjava/lang/Object;)Ljava/lang/Class;' in 'java/lang/invoke/MethodHandles$Lookup$ClassDefiner')}
  0x000002ba58c5de70: 48b8 8029 | 996d ba02 | 0000 48c7 | c180 0100 | 0074 0748 | c7c1 9001 | 0000 4c8b | 1c08 4d8d 
  0x000002ba58c5de90: 5b01 4c89 | 1c08 0f84 | 4b02 0000 

  0x000002ba58c5de9c: ;   {metadata(method data for {method} {0x000002ba001eae68} 'defineClass' '(ZLjava/lang/Object;)Ljava/lang/Class;' in 'java/lang/invoke/MethodHandles$Lookup$ClassDefiner')}
  0x000002ba58c5de9c: 488b c648 | b980 2999 | 6dba 0200 | 0048 8381 | a001 0000 

  0x000002ba58c5deb0: ;   {metadata(method data for {method} {0x000002ba003e0578} 'lookupClassProtectionDomain' '()Ljava/security/ProtectionDomain;' in 'java/lang/invoke/MethodHandles$Lookup')}
  0x000002ba58c5deb0: 0148 b858 | 3199 6dba | 0200 008b | 88cc 0000 | 0083 c102 | 8988 cc00 | 0000 81e1 | feff 1f00 
  0x000002ba58c5ded0: 85c9 0f84 | 3f06 0000 | 8b46 1848 

  0x000002ba58c5dedc: ;   {metadata(method data for {method} {0x000002ba003e0578} 'lookupClassProtectionDomain' '()Ljava/security/ProtectionDomain;' in 'java/lang/invoke/MethodHandles$Lookup')}
  0x000002ba58c5dedc: 85c0 48b9 | 5831 996d | ba02 0000 | 49c7 c310 | 0100 0075 | 0749 c7c3 | 2001 0000 | 4e8b 2c19 
  0x000002ba58c5defc: 4d8d 6d01 | 4e89 2c19 | 4889 9c24 | a000 0000 | 0f85 bf01 

  0x000002ba58c5df10: ;   {metadata(method data for {method} {0x000002ba003e0578} 'lookupClassProtectionDomain' '()Ljava/security/ProtectionDomain;' in 'java/lang/invoke/MethodHandles$Lookup')}
  0x000002ba58c5df10: 0000 48b8 | 5831 996d | ba02 0000 | 4883 8030 | 0100 0001 

  0x000002ba58c5df24: ;   {metadata(method data for {method} {0x000002ba00473b88} 'getJavaLangAccess' '()Ljdk/internal/access/JavaLangAccess;' in 'jdk/internal/access/SharedSecrets')}
  0x000002ba58c5df24: 48b8 e837 | 186d ba02 | 0000 8b88 | cc00 0000 | 83c1 0289 | 88cc 0000 | 0081 e1fe | ff1f 0085 
  0x000002ba58c5df44: c90f 84ed 

  0x000002ba58c5df48: ;   {oop(a 'java/lang/Class'{0x00000000e05c78d0} = 'jdk/internal/access/SharedSecrets')}
  0x000002ba58c5df48: 0500 0048 | b8d0 785c | e000 0000 | 008b 407c | 8b4e 1048 | 85c0 0f84 | 2a00 0000 

  0x000002ba58c5df64: ;   {metadata('java/lang/System$2')}
  0x000002ba58c5df64: 48be 6082 | 0100 ba02 | 0000 448b | 7008 49ba | 0000 0000 | ba02 0000 | 4d03 f249 | 3b76 380f 
  0x000002ba58c5df84: 85d0 0500 | 00e9 0000 | 0000 4c8b | d848 3b00 

  0x000002ba58c5df94: ;   {metadata(method data for {method} {0x000002ba003e0578} 'lookupClassProtectionDomain' '()Ljava/security/ProtectionDomain;' in 'java/lang/invoke/MethodHandles$Lookup')}
  0x000002ba58c5df94: 48be 5831 | 996d ba02 

  0x000002ba58c5df9c: ;   {metadata('java/lang/System$2')}
  0x000002ba58c5df9c: 0000 49ba | 6082 0100 | ba02 0000 | 4c89 9650 | 0100 0048 | 8386 5801 

  0x000002ba58c5dfb4: ;   {metadata(method data for {method} {0x000002ba000192c8} 'protectionDomain' '(Ljava/lang/Class;)Ljava/security/ProtectionDomain;' in 'java/lang/System$2')}
  0x000002ba58c5dfb4: 0000 0148 | be10 3399 | 6dba 0200 | 008b 86cc | 0000 0083 | c002 8986 | cc00 0000 | 25fe ff1f 
  0x000002ba58c5dfd4: 0085 c00f | 8486 0500 | 0048 3b01 

  0x000002ba58c5dfe0: ;   {metadata(method data for {method} {0x000002ba000192c8} 'protectionDomain' '(Ljava/lang/Class;)Ljava/security/ProtectionDomain;' in 'java/lang/System$2')}
  0x000002ba58c5dfe0: 488b f148 | b810 3399 | 6dba 0200 | 0048 8380 | 1001 0000 

  0x000002ba58c5dff4: ;   {metadata(method data for {method} {0x000002ba00467bb8} 'protectionDomain' '()Ljava/security/ProtectionDomain;' in 'java/lang/Class')}
  0x000002ba58c5dff4: 0148 bea0 | 3499 6dba | 0200 008b | 86cc 0000 | 0083 c002 | 8986 cc00 | 0000 25fe | ff1f 0085 
  0x000002ba58c5e014: c00f 846e | 0500 0048 

  0x000002ba58c5e01c: ;   {metadata(method data for {method} {0x000002ba00467bb8} 'protectionDomain' '()Ljava/security/ProtectionDomain;' in 'java/lang/Class')}
  0x000002ba58c5e01c: 8bf1 48b8 | a034 996d | ba02 0000 | 4883 8010 | 0100 0001 | 488b d10f 

  0x000002ba58c5e034: ;   {optimized virtual_call}
  0x000002ba58c5e034: 1f40 00e8 

  0x000002ba58c5e038: ; ImmutableOopMap {[144]=Oop [152]=Oop [160]=Oop [168]=Oop [184]=Oop }
                      ;*invokevirtual getProtectionDomain0 {reexecute=0 rethrow=0 return_oop=0}
                      ; - java.lang.Class::protectionDomain@1
                      ; - java.lang.System$2::protectionDomain@1
                      ; - java.lang.invoke.MethodHandles$Lookup::lookupClassProtectionDomain@17
                      ; - java.lang.invoke.MethodHandles$Lookup$ClassDefiner::defineClass@23
  0x000002ba58c5e038: 241d 7f07 

  0x000002ba58c5e03c: ;   {other}
  0x000002ba58c5e03c: 0f1f 8400 | 2c06 0000 

  0x000002ba58c5e044: ;   {metadata(method data for {method} {0x000002ba00467bb8} 'protectionDomain' '()Ljava/security/ProtectionDomain;' in 'java/lang/Class')}
  0x000002ba58c5e044: 4885 c049 | b8a0 3499 | 6dba 0200 | 0049 c7c1 | 4801 0000 | 7507 49c7 | c158 0100 | 004b 8b3c 
  0x000002ba58c5e064: 0848 8d7f | 014b 893c | 080f 8521 | 0000 000f | 1f44 0000 

  0x000002ba58c5e078: ;   {no_reloc}
  0x000002ba58c5e078: e9a5 0500 | 0000 0000 | 0000 660f | 1f44 0000 

  0x000002ba58c5e088: ; implicit exception: dispatches to 0x000002ba58c5e62c
  0x000002ba58c5e088: e9b0 0500 | 0090 90e9 | 0300 0000 | 4c8b c048 | 8bb4 2490 | 0000 0045 | 0fbe 4f40 | 4585 c90f 
  0x000002ba58c5e0a8: 859a 0500 | 004d 8bd0 | 4489 5618 | f083 4424 | c000 4c8b | ce4d 33c8 | 49c1 e914 | 4983 f900 
  0x000002ba58c5e0c8: 0f85 9505 | 0000 498b 

  0x000002ba58c5e0d0: ;   {metadata(method data for {method} {0x000002ba001eae68} 'defineClass' '(ZLjava/lang/Object;)Ljava/lang/Class;' in 'java/lang/invoke/MethodHandles$Lookup$ClassDefiner')}
  0x000002ba58c5e0d0: c049 b880 | 2999 6dba | 0200 0041 | ff80 d801 | 0000 e912 | 0000 0048 | 899c 24a0 

  0x000002ba58c5e0ec: ;   {oop(nullptr)}
  0x000002ba58c5e0ec: 0000 0048 | b800 0000 | 0000 0000 | 0048 8b9c | 24a0 0000 | 0048 8bbc | 24a8 0000 | 0048 8b94 
  0x000002ba58c5e10c: 2498 0000 

  0x000002ba58c5e110: ;   {metadata(method data for {method} {0x000002ba001eae68} 'defineClass' '(ZLjava/lang/Object;)Ljava/lang/Class;' in 'java/lang/invoke/MethodHandles$Lookup$ClassDefiner')}
  0x000002ba58c5e110: 0049 b880 | 2999 6dba | 0200 0049 | 8380 f001 

  0x000002ba58c5e120: ;   {metadata(method data for {method} {0x000002ba00473b88} 'getJavaLangAccess' '()Ljdk/internal/access/JavaLangAccess;' in 'jdk/internal/access/SharedSecrets')}
  0x000002ba58c5e120: 0000 0149 | b8e8 3718 | 6dba 0200 | 0045 8b88 | cc00 0000 | 4183 c102 | 4589 88cc | 0000 0041 
  0x000002ba58c5e140: 81e1 feff | 1f00 4585 | c90f 842c 

  0x000002ba58c5e14c: ;   {oop(a 'java/lang/Class'{0x00000000e05c78d0} = 'jdk/internal/access/SharedSecrets')}
  0x000002ba58c5e14c: 0500 0049 | b8d0 785c | e000 0000 | 0045 8b70 | 7c8b 7214 | 8b4a 1844 | 8b4a 0c4d | 85f6 0f84 
  0x000002ba58c5e16c: 2a00 0000 

  0x000002ba58c5e170: ;   {metadata('java/lang/System$2')}
  0x000002ba58c5e170: 49bb 6082 | 0100 ba02 | 0000 458b | 6e08 49ba | 0000 0000 | ba02 0000 | 4d03 ea4d | 3b5d 380f 
  0x000002ba58c5e190: 8507 0500 | 00e9 0000 | 0000 4d8b | c649 3b06 

  0x000002ba58c5e1a0: ;   {metadata(method data for {method} {0x000002ba001eae68} 'defineClass' '(ZLjava/lang/Object;)Ljava/lang/Class;' in 'java/lang/invoke/MethodHandles$Lookup$ClassDefiner')}
  0x000002ba58c5e1a0: 4d8b c648 | ba80 2999 | 6dba 0200 

  0x000002ba58c5e1ac: ;   {metadata('java/lang/System$2')}
  0x000002ba58c5e1ac: 0049 ba60 | 8201 00ba | 0200 004c | 8992 1002 | 0000 4883 | 8218 0200 | 0001 4c8b | c349 8bd1 
  0x000002ba58c5e1cc: 4c8b cf48 | 8bfe 488b | f148 8bc8 | 8b84 24b0 | 0000 0089 | 0424 8954 | 2408 488b | 9424 b800 
  0x000002ba58c5e1ec: 0000 4889 | 5424 1049 

  0x000002ba58c5e1f4: ;   {optimized virtual_call}
  0x000002ba58c5e1f4: 8bd6 90e8 

  0x000002ba58c5e1f8: ; ImmutableOopMap {[152]=Oop [168]=Oop }
                      ;*invokeinterface defineClass {reexecute=0 rethrow=0 return_oop=0}
                      ; - java.lang.invoke.MethodHandles$Lookup$ClassDefiner::defineClass@57
  0x000002ba58c5e1f8: e4f5 ffff 

  0x000002ba58c5e1fc: ;   {other}
  0x000002ba58c5e1fc: 0f1f 8400 | ec07 0001 

  0x000002ba58c5e204: ;   {metadata(method data for {method} {0x000002ba001eae68} 'defineClass' '(ZLjava/lang/Object;)Ljava/lang/Class;' in 'java/lang/invoke/MethodHandles$Lookup$ClassDefiner')}
  0x000002ba58c5e204: 49b8 8029 | 996d ba02 | 0000 41ff | 8038 0200 | 0048 8b94 | 2498 0000 | 008b 721c 

  0x000002ba58c5e220: ; implicit exception: dispatches to 0x000002ba58c5e6a6
  0x000002ba58c5e220: 483b 064c 

  0x000002ba58c5e224: ;   {metadata(method data for {method} {0x000002ba001eae68} 'defineClass' '(ZLjava/lang/Object;)Ljava/lang/Class;' in 'java/lang/invoke/MethodHandles$Lookup$ClassDefiner')}
  0x000002ba58c5e224: 8bc6 49b9 | 8029 996d | ba02 0000 | 4983 8150 | 0300 0001 | 440f be46 | 0c41 83e0 | 0145 85c0 
  0x000002ba58c5e244: ;   {metadata(method data for {method} {0x000002ba001eae68} 'defineClass' '(ZLjava/lang/Object;)Ljava/lang/Class;' in 'java/lang/invoke/MethodHandles$Lookup$ClassDefiner')}
  0x000002ba58c5e244: 49b8 8029 | 996d ba02 | 0000 49c7 | c188 0300 | 0074 0749 | c7c1 9803 | 0000 4b8b | 3c08 488d 
  0x000002ba58c5e264: 7f01 4b89 | 3c08 0f84 | c401 0000 

  0x000002ba58c5e270: ;   {metadata(method data for {method} {0x000002ba001eae68} 'defineClass' '(ZLjava/lang/Object;)Ljava/lang/Class;' in 'java/lang/invoke/MethodHandles$Lookup$ClassDefiner')}
  0x000002ba58c5e270: 4c8b c249 | b980 2999 | 6dba 0200 

  0x000002ba58c5e27c: ;   {metadata('java/lang/invoke/MethodHandles$Lookup$ClassDefiner')}
  0x000002ba58c5e27c: 0049 ba28 | ac1e 00ba | 0200 004d | 8991 b803 | 0000 4983 | 81c0 0300 | 0001 8b7a | 1448 85c0 
  0x000002ba58c5e29c: ;   {metadata(method data for {method} {0x000002ba001eae68} 'defineClass' '(ZLjava/lang/Object;)Ljava/lang/Class;' in 'java/lang/invoke/MethodHandles$Lookup$ClassDefiner')}
  0x000002ba58c5e29c: 49b8 8029 | 996d ba02 | 0000 49c7 | c1e0 0300 | 0074 0749 | c7c1 f003 | 0000 4b8b | 1c08 488d 
  0x000002ba58c5e2bc: 5b01 4b89 | 1c08 0f84 | 2b01 0000 | e9bd 0000 | 0048 8b94 | 2498 0000 | 0049 8b87 | 0005 0000 
  0x000002ba58c5e2dc: 4d33 d24d | 8997 0005 | 0000 4d33 | d24d 8997 | 0805 0000 | 8b72 1c48 | 3b06 4c8b 

  0x000002ba58c5e2f8: ;   {metadata(method data for {method} {0x000002ba001eae68} 'defineClass' '(ZLjava/lang/Object;)Ljava/lang/Class;' in 'java/lang/invoke/MethodHandles$Lookup$ClassDefiner')}
  0x000002ba58c5e2f8: c649 b980 | 2999 6dba | 0200 0049 | 8381 8804 | 0000 0144 | 0fbe 460c | 4183 e001 

  0x000002ba58c5e314: ;   {metadata(method data for {method} {0x000002ba001eae68} 'defineClass' '(ZLjava/lang/Object;)Ljava/lang/Class;' in 'java/lang/invoke/MethodHandles$Lookup$ClassDefiner')}
  0x000002ba58c5e314: 4585 c049 | b880 2999 | 6dba 0200 | 0049 c7c1 | c004 0000 | 7407 49c7 | c1d0 0400 | 004b 8b3c 
  0x000002ba58c5e334: 0848 8d7f | 014b 893c | 080f 8441 | 0100 004c 

  0x000002ba58c5e344: ;   {metadata(method data for {method} {0x000002ba001eae68} 'defineClass' '(ZLjava/lang/Object;)Ljava/lang/Class;' in 'java/lang/invoke/MethodHandles$Lookup$ClassDefiner')}
  0x000002ba58c5e344: 8bc2 49b9 | 8029 996d | ba02 0000 

  0x000002ba58c5e350: ;   {metadata('java/lang/invoke/MethodHandles$Lookup$ClassDefiner')}
  0x000002ba58c5e350: 49ba 28ac | 1e00 ba02 | 0000 4d89 | 91f0 0400 | 0049 8381 | f804 0000 | 018b 7a14 

  0x000002ba58c5e36c: ;   {metadata(method data for {method} {0x000002ba001eae68} 'defineClass' '(ZLjava/lang/Object;)Ljava/lang/Class;' in 'java/lang/invoke/MethodHandles$Lookup$ClassDefiner')}
  0x000002ba58c5e36c: 49b8 8029 | 996d ba02 | 0000 41ff | 8018 0500 | 0048 8984 | 24c8 0000 | 00e9 c000 | 0000 8b52 
  0x000002ba58c5e38c: 184c 8bc6 

  0x000002ba58c5e390: ;   {metadata(method data for {method} {0x000002ba001eae68} 'defineClass' '(ZLjava/lang/Object;)Ljava/lang/Class;' in 'java/lang/invoke/MethodHandles$Lookup$ClassDefiner')}
  0x000002ba58c5e390: 49b9 8029 | 996d ba02 | 0000 4983 | 8100 0400 | 0001 4c8b | c74c 8bc8 | 488b fa48 | 8bd6 4889 
  0x000002ba58c5e3b0: 8424 c000 

  0x000002ba58c5e3b4: ;   {optimized virtual_call}
  0x000002ba58c5e3b4: 0000 90e8 

  0x000002ba58c5e3b8: ; ImmutableOopMap {[192]=Oop }
                      ;*invokevirtual dumpClass {reexecute=0 rethrow=0 return_oop=0}
                      ; - java.lang.invoke.MethodHandles$Lookup$ClassDefiner::defineClass@134
  0x000002ba58c5e3b8: c406 f906 

  0x000002ba58c5e3bc: ;   {other}
  0x000002ba58c5e3bc: 0f1f 8400 | ac09 0002 

  0x000002ba58c5e3c4: ;   {metadata(method data for {method} {0x000002ba001eae68} 'defineClass' '(ZLjava/lang/Object;)Ljava/lang/Class;' in 'java/lang/invoke/MethodHandles$Lookup$ClassDefiner')}
  0x000002ba58c5e3c4: 49b8 8029 | 996d ba02 | 0000 41ff | 8038 0400 | 0048 8b84 | 24c0 0000 | 0048 81c4 | e000 0000 
  0x000002ba58c5e3e4: ;   {poll_return}
  0x000002ba58c5e3e4: 5d49 3ba7 | 5004 0000 | 0f87 be02 | 0000 c348 | 8984 24c0 | 0000 0044 | 8b4a 184c 

  0x000002ba58c5e400: ;   {metadata(method data for {method} {0x000002ba001eae68} 'defineClass' '(ZLjava/lang/Object;)Ljava/lang/Class;' in 'java/lang/invoke/MethodHandles$Lookup$ClassDefiner')}
  0x000002ba58c5e400: 8bc6 48ba | 8029 996d | ba02 0000 | 4883 8250 | 0400 0001 | 4c8b c748 | 8bd6 0f1f 

  0x000002ba58c5e41c: ;   {optimized virtual_call}
  0x000002ba58c5e41c: 4400 00e8 

  0x000002ba58c5e420: ; ImmutableOopMap {[192]=Oop }
                      ;*invokevirtual dumpFailedClass {reexecute=0 rethrow=0 return_oop=0}
                      ; - java.lang.invoke.MethodHandles$Lookup$ClassDefiner::defineClass@150
  0x000002ba58c5e420: 5c06 f906 

  0x000002ba58c5e424: ;   {other}
  0x000002ba58c5e424: 0f1f 8400 | 140a 0003 | 488b 8424 | c000 0000 | 4881 c4e0 | 0000 005d 

  0x000002ba58c5e43c: ;   {poll_return}
  0x000002ba58c5e43c: 493b a750 | 0400 000f | 877d 0200 | 00c3 448b | 4a18 4c8b 

  0x000002ba58c5e450: ;   {metadata(method data for {method} {0x000002ba001eae68} 'defineClass' '(ZLjava/lang/Object;)Ljava/lang/Class;' in 'java/lang/invoke/MethodHandles$Lookup$ClassDefiner')}
  0x000002ba58c5e450: c648 ba80 | 2999 6dba | 0200 0048 | 8382 8805 | 0000 014c | 8bc7 488b | d666 0f1f 

  0x000002ba58c5e46c: ;   {optimized virtual_call}
  0x000002ba58c5e46c: 4400 00e8 

  0x000002ba58c5e470: ; ImmutableOopMap {[200]=Oop }
                      ;*invokevirtual dumpFailedClass {reexecute=0 rethrow=0 return_oop=0}
                      ; - java.lang.invoke.MethodHandles$Lookup$ClassDefiner::defineClass@207
  0x000002ba58c5e470: 0c06 f906 

  0x000002ba58c5e474: ;   {other}
  0x000002ba58c5e474: 0f1f 8400 | 640a 0004 | 488b 8424 | c800 0000 | e970 0200 

  0x000002ba58c5e488: ;   {metadata({method} {0x000002ba001eae68} 'defineClass' '(ZLjava/lang/Object;)Ljava/lang/Class;' in 'java/lang/invoke/MethodHandles$Lookup$ClassDefiner')}
  0x000002ba58c5e488: 0049 ba60 | ae1e 00ba | 0200 004c | 8954 2408 | 48c7 0424 | ffff ffff 

  0x000002ba58c5e4a0: ;   {runtime_call counter_overflow Runtime1 stub}
  0x000002ba58c5e4a0: e85b 9e06 

  0x000002ba58c5e4a4: ; ImmutableOopMap {rdx=Oop r9=Oop [152]=Oop [184]=Oop }
                      ;*synchronization entry
                      ; - java.lang.invoke.MethodHandles$Lookup$ClassDefiner::defineClass@-1
  0x000002ba58c5e4a4: 07e9 74f8 

  0x000002ba58c5e4a8: ;   {runtime_call throw_null_pointer_exception Runtime1 stub}
  0x000002ba58c5e4a8: ffff e851 

  0x000002ba58c5e4ac: ; ImmutableOopMap {rdx=Oop r9=Oop rsi=Oop [144]=Oop [152]=Oop [184]=Oop }
                      ;*invokevirtual lookupClass {reexecute=0 rethrow=0 return_oop=0}
                      ; - java.lang.invoke.MethodHandles$Lookup$ClassDefiner::defineClass@4
                      ;   {runtime_call throw_null_pointer_exception Runtime1 stub}
  0x000002ba58c5e4ac: 4d06 07e8 

  0x000002ba58c5e4b0: ; ImmutableOopMap {rdx=Oop r9=Oop rsi=Oop rdi=Oop [144]=Oop [152]=Oop [168]=Oop [184]=Oop }
                      ;*invokevirtual getClassLoader {reexecute=0 rethrow=0 return_oop=0}
                      ; - java.lang.invoke.MethodHandles$Lookup$ClassDefiner::defineClass@9
  0x000002ba58c5e4b0: 4c4d 0607 

  0x000002ba58c5e4b4: ;   {metadata({method} {0x000002ba00468e60} 'getClassLoader' '()Ljava/lang/ClassLoader;' in 'java/lang/Class')}
  0x000002ba58c5e4b4: 49ba 588e | 4600 ba02 | 0000 4c89 | 5424 0848 | c704 24ff 

  0x000002ba58c5e4c8: ;   {runtime_call counter_overflow Runtime1 stub}
  0x000002ba58c5e4c8: ffff ffe8 

  0x000002ba58c5e4cc: ; ImmutableOopMap {rdx=Oop r9=Oop rsi=Oop rdi=Oop [144]=Oop [152]=Oop [168]=Oop [184]=Oop }
                      ;*synchronization entry
                      ; - java.lang.Class::getClassLoader@-1
                      ; - java.lang.invoke.MethodHandles$Lookup$ClassDefiner::defineClass@9
  0x000002ba58c5e4cc: 309e 0607 | e9b5 f8ff 

  0x000002ba58c5e4d4: ;   {metadata({method} {0x000002ba0001b1d0} 'getSecurityManager' '()Ljava/lang/SecurityManager;' in 'java/lang/System')}
  0x000002ba58c5e4d4: ff49 bac8 | b101 00ba | 0200 004c | 8954 2408 | 48c7 0424 | ffff ffff 

  0x000002ba58c5e4ec: ;   {runtime_call counter_overflow Runtime1 stub}
  0x000002ba58c5e4ec: e80f 9e06 

  0x000002ba58c5e4f0: ; ImmutableOopMap {rdx=Oop r9=Oop rsi=Oop rdi=Oop rbx=Oop [144]=Oop [152]=Oop [168]=Oop [184]=Oop }
                      ;*synchronization entry
                      ; - java.lang.System::getSecurityManager@-1
                      ; - java.lang.Class::getClassLoader@11
                      ; - java.lang.invoke.MethodHandles$Lookup$ClassDefiner::defineClass@9
  0x000002ba58c5e4f0: 07e9 0ef9 

  0x000002ba58c5e4f4: ;   {metadata({method} {0x000002ba0001b2e8} 'allowSecurityManager' '()Z' in 'java/lang/System')}
  0x000002ba58c5e4f4: ffff 49ba | e0b2 0100 | ba02 0000 | 4c89 5424 | 0848 c704 | 24ff ffff 

  0x000002ba58c5e50c: ;   {runtime_call counter_overflow Runtime1 stub}
  0x000002ba58c5e50c: ffe8 ee9d 

  0x000002ba58c5e510: ; ImmutableOopMap {rdx=Oop r9=Oop rsi=Oop rdi=Oop rbx=Oop [144]=Oop [152]=Oop [168]=Oop [184]=Oop }
                      ;*synchronization entry
                      ; - java.lang.System::allowSecurityManager@-1
                      ; - java.lang.System::getSecurityManager@0
                      ; - java.lang.Class::getClassLoader@11
                      ; - java.lang.invoke.MethodHandles$Lookup$ClassDefiner::defineClass@9
  0x000002ba58c5e510: 0607 e926 

  0x000002ba58c5e514: ;   {metadata({method} {0x000002ba003e0578} 'lookupClassProtectionDomain' '()Ljava/security/ProtectionDomain;' in 'java/lang/invoke/MethodHandles$Lookup')}
  0x000002ba58c5e514: f9ff ff49 | ba70 053e | 00ba 0200 | 004c 8954 | 2408 48c7 | 0424 ffff 

  0x000002ba58c5e52c: ;   {runtime_call counter_overflow Runtime1 stub}
  0x000002ba58c5e52c: ffff e8cd 

  0x000002ba58c5e530: ; ImmutableOopMap {rdx=Oop r9=Oop rsi=Oop rdi=Oop rbx=Oop [144]=Oop [152]=Oop [168]=Oop [184]=Oop }
                      ;*synchronization entry
                      ; - java.lang.invoke.MethodHandles$Lookup::lookupClassProtectionDomain@-1
                      ; - java.lang.invoke.MethodHandles$Lookup$ClassDefiner::defineClass@23
  0x000002ba58c5e530: 9d06 07e9 | a0f9 ffff 

  0x000002ba58c5e538: ;   {metadata({method} {0x000002ba00473b88} 'getJavaLangAccess' '()Ljdk/internal/access/JavaLangAccess;' in 'jdk/internal/access/SharedSecrets')}
  0x000002ba58c5e538: 49ba 803b | 4700 ba02 | 0000 4c89 | 5424 0848 | c704 24ff 

  0x000002ba58c5e54c: ;   {runtime_call counter_overflow Runtime1 stub}
  0x000002ba58c5e54c: ffff ffe8 

  0x000002ba58c5e550: ; ImmutableOopMap {rsi=Oop [144]=Oop [152]=Oop [160]=Oop [168]=Oop [184]=Oop }
                      ;*synchronization entry
                      ; - jdk.internal.access.SharedSecrets::getJavaLangAccess@-1
                      ; - java.lang.invoke.MethodHandles$Lookup::lookupClassProtectionDomain@10
                      ; - java.lang.invoke.MethodHandles$Lookup$ClassDefiner::defineClass@23
  0x000002ba58c5e550: ac9d 0607 | e9f2 f9ff 

  0x000002ba58c5e558: ;   {runtime_call throw_incompatible_class_change_error Runtime1 stub}
  0x000002ba58c5e558: ffe8 a273 

  0x000002ba58c5e55c: ; ImmutableOopMap {rax=Oop rcx=Oop [144]=Oop [152]=Oop [160]=Oop [168]=Oop [184]=Oop }
                      ;*invokeinterface protectionDomain {reexecute=0 rethrow=0 return_oop=0}
                      ; - java.lang.invoke.MethodHandles$Lookup::lookupClassProtectionDomain@17
                      ; - java.lang.invoke.MethodHandles$Lookup$ClassDefiner::defineClass@23
                      ;   {runtime_call throw_null_pointer_exception Runtime1 stub}
  0x000002ba58c5e55c: 0607 e89d 

  0x000002ba58c5e560: ; ImmutableOopMap {rax=Oop rcx=Oop [144]=Oop [152]=Oop [160]=Oop [168]=Oop [184]=Oop }
                      ;*invokeinterface protectionDomain {reexecute=0 rethrow=0 return_oop=0}
                      ; - java.lang.invoke.MethodHandles$Lookup::lookupClassProtectionDomain@17
                      ; - java.lang.invoke.MethodHandles$Lookup$ClassDefiner::defineClass@23
                      ;   {metadata({method} {0x000002ba000192c8} 'protectionDomain' '(Ljava/lang/Class;)Ljava/security/ProtectionDomain;' in 'java/lang/System$2')}
  0x000002ba58c5e560: 4c06 0749 | bac0 9201 | 00ba 0200 | 004c 8954 | 2408 48c7 | 0424 ffff 

  0x000002ba58c5e578: ;   {runtime_call counter_overflow Runtime1 stub}
  0x000002ba58c5e578: ffff e881 

  0x000002ba58c5e57c: ; ImmutableOopMap {rcx=Oop [144]=Oop [152]=Oop [160]=Oop [168]=Oop [184]=Oop }
                      ;*synchronization entry
                      ; - java.lang.System$2::protectionDomain@-1
                      ; - java.lang.invoke.MethodHandles$Lookup::lookupClassProtectionDomain@17
                      ; - java.lang.invoke.MethodHandles$Lookup$ClassDefiner::defineClass@23
  0x000002ba58c5e57c: 9d06 07e9 | 59fa ffff 

  0x000002ba58c5e584: ;   {runtime_call throw_null_pointer_exception Runtime1 stub}
  0x000002ba58c5e584: e877 4c06 

  0x000002ba58c5e588: ; ImmutableOopMap {rcx=Oop [144]=Oop [152]=Oop [160]=Oop [168]=Oop [184]=Oop }
                      ;*invokevirtual protectionDomain {reexecute=0 rethrow=0 return_oop=0}
                      ; - java.lang.System$2::protectionDomain@1
                      ; - java.lang.invoke.MethodHandles$Lookup::lookupClassProtectionDomain@17
                      ; - java.lang.invoke.MethodHandles$Lookup$ClassDefiner::defineClass@23
                      ;   {metadata({method} {0x000002ba00467bb8} 'protectionDomain' '()Ljava/security/ProtectionDomain;' in 'java/lang/Class')}
  0x000002ba58c5e588: 0749 bab0 | 7b46 00ba | 0200 004c | 8954 2408 | 48c7 0424 | ffff ffff 

  0x000002ba58c5e5a0: ;   {runtime_call counter_overflow Runtime1 stub}
  0x000002ba58c5e5a0: e85b 9d06 

  0x000002ba58c5e5a4: ; ImmutableOopMap {rcx=Oop [144]=Oop [152]=Oop [160]=Oop [168]=Oop [184]=Oop }
                      ;*synchronization entry
                      ; - java.lang.Class::protectionDomain@-1
                      ; - java.lang.System$2::protectionDomain@1
                      ; - java.lang.invoke.MethodHandles$Lookup::lookupClassProtectionDomain@17
                      ; - java.lang.invoke.MethodHandles$Lookup$ClassDefiner::defineClass@23
  0x000002ba58c5e5a4: 07e9 71fa 

  0x000002ba58c5e5a8: ;   {oop(nullptr)}
  0x000002ba58c5e5a8: ffff 49b8 | 0000 0000 | 0000 0000 | 5053 498b | 5810 5756 | 5251 4150 | 4151 4152 | 4153 4883 
  0x000002ba58c5e5c8: ec20 40f6 | c40f 0f84 | 1900 0000 | 4883 ec08 

  0x000002ba58c5e5d8: ;   {runtime_call}
  0x000002ba58c5e5d8: 48b8 a0a0 | b76c fe7f | 0000 ffd0 | 4883 c408 | e90c 0000 

  0x000002ba58c5e5ec: ;   {runtime_call}
  0x000002ba58c5e5ec: 0048 b8a0 | a0b7 6cfe | 7f00 00ff | d048 83c4 | 2041 5b41 | 5a41 5941 | 5859 5a5e | 5f48 3b83 
  0x000002ba58c5e60c: 3801 0000 | 5b58 0f85 | 0a00 0000 | e965 faff | ffb8 0078 

  0x000002ba58c5e620: ;   {runtime_call load_mirror_patching Runtime1 stub}
  0x000002ba58c5e620: 6e0a e8d9 

  0x000002ba58c5e624: ; ImmutableOopMap {[144]=Oop [152]=Oop [160]=Oop [168]=Oop [184]=Oop }
                      ;*getstatic allPermDomain {reexecute=1 rethrow=0 return_oop=0}
                      ; - (reexecute) java.lang.Class::protectionDomain@9
                      ; - java.lang.System$2::protectionDomain@1
                      ; - java.lang.invoke.MethodHandles$Lookup::lookupClassProtectionDomain@17
                      ; - java.lang.invoke.MethodHandles$Lookup$ClassDefiner::defineClass@23
  0x000002ba58c5e624: 9006 07e9 | 4cfa ffff 

  0x000002ba58c5e62c: ;   {runtime_call throw_null_pointer_exception Runtime1 stub}
  0x000002ba58c5e62c: e8cf 4b06 

  0x000002ba58c5e630: ; ImmutableOopMap {r8=Oop [144]=Oop [152]=Oop [160]=Oop [168]=Oop [184]=Oop }
                      ;*getstatic allPermDomain {reexecute=1 rethrow=0 return_oop=0}
                      ; - (reexecute) java.lang.Class::protectionDomain@9
                      ; - java.lang.System$2::protectionDomain@1
                      ; - java.lang.invoke.MethodHandles$Lookup::lookupClassProtectionDomain@17
                      ; - java.lang.invoke.MethodHandles$Lookup$ClassDefiner::defineClass@23
  0x000002ba58c5e630: 0745 8b80 | 0000 0000 | b800 0c05 

  0x000002ba58c5e63c: ;   {runtime_call access_field_patching Runtime1 stub}
  0x000002ba58c5e63c: 07e8 be87 

  0x000002ba58c5e640: ; ImmutableOopMap {r8=Oop [144]=Oop [152]=Oop [160]=Oop [168]=Oop [184]=Oop }
                      ;*getstatic allPermDomain {reexecute=1 rethrow=0 return_oop=0}
                      ; - (reexecute) java.lang.Class::protectionDomain@9
                      ; - java.lang.System$2::protectionDomain@1
                      ; - java.lang.invoke.MethodHandles$Lookup::lookupClassProtectionDomain@17
                      ; - java.lang.invoke.MethodHandles$Lookup$ClassDefiner::defineClass@23
  0x000002ba58c5e640: 0607 e941 | faff ff44 | 8b4e 1849 | 83f9 000f | 8458 faff | ff4c 890c 

  0x000002ba58c5e658: ;   {runtime_call g1_pre_barrier_slow}
  0x000002ba58c5e658: 24e8 a2a2 | 0607 e94a | faff ff49 | 83f8 000f | 8461 faff | ff48 8934 

  0x000002ba58c5e670: ;   {runtime_call g1_post_barrier_slow}
  0x000002ba58c5e670: 24e8 8aa5 | 0607 e953 

  0x000002ba58c5e678: ;   {metadata({method} {0x000002ba00473b88} 'getJavaLangAccess' '()Ljdk/internal/access/JavaLangAccess;' in 'jdk/internal/access/SharedSecrets')}
  0x000002ba58c5e678: faff ff49 | ba80 3b47 | 00ba 0200 | 004c 8954 | 2408 48c7 | 0424 ffff 

  0x000002ba58c5e690: ;   {runtime_call counter_overflow Runtime1 stub}
  0x000002ba58c5e690: ffff e869 

  0x000002ba58c5e694: ; ImmutableOopMap {rax=Oop rdi=Oop rbx=Oop rdx=Oop [152]=Oop [168]=Oop [184]=Oop }
                      ;*synchronization entry
                      ; - jdk.internal.access.SharedSecrets::getJavaLangAccess@-1
                      ; - java.lang.invoke.MethodHandles$Lookup$ClassDefiner::defineClass@35
  0x000002ba58c5e694: 9c06 07e9 | b3fa ffff 

  0x000002ba58c5e69c: ;   {runtime_call throw_incompatible_class_change_error Runtime1 stub}
  0x000002ba58c5e69c: e85f 7206 

  0x000002ba58c5e6a0: ; ImmutableOopMap {rax=Oop rdi=Oop rbx=Oop r14=Oop rsi=Oop rcx=Oop [152]=Oop [168]=Oop [184]=Oop }
                      ;*invokeinterface defineClass {reexecute=0 rethrow=0 return_oop=0}
                      ; - java.lang.invoke.MethodHandles$Lookup$ClassDefiner::defineClass@57
                      ;   {runtime_call throw_null_pointer_exception Runtime1 stub}
  0x000002ba58c5e6a0: 07e8 5a4b 

  0x000002ba58c5e6a4: ; ImmutableOopMap {rax=Oop rdi=Oop rbx=Oop r14=Oop rsi=Oop rcx=Oop [152]=Oop [168]=Oop [184]=Oop }
                      ;*invokeinterface defineClass {reexecute=0 rethrow=0 return_oop=0}
                      ; - java.lang.invoke.MethodHandles$Lookup$ClassDefiner::defineClass@57
                      ;   {runtime_call throw_null_pointer_exception Runtime1 stub}
  0x000002ba58c5e6a4: 0607 e855 

  0x000002ba58c5e6a8: ; ImmutableOopMap {rax=Oop rdx=Oop rsi=Oop [152]=Oop }
                      ;*invokevirtual isEnabled {reexecute=0 rethrow=0 return_oop=0}
                      ; - java.lang.invoke.MethodHandles$Lookup$ClassDefiner::defineClass@105
                      ;   {runtime_call throw_null_pointer_exception Runtime1 stub}
  0x000002ba58c5e6a8: 4b06 07e8 

  0x000002ba58c5e6ac: ; ImmutableOopMap {rdx=Oop rax=Oop rsi=Oop [152]=Oop }
                      ;*invokevirtual isEnabled {reexecute=0 rethrow=0 return_oop=0}
                      ; - java.lang.invoke.MethodHandles$Lookup$ClassDefiner::defineClass@162
  0x000002ba58c5e6ac: 504b 0607 

  0x000002ba58c5e6b0: ;   {internal_word}
  0x000002ba58c5e6b0: 49ba e5e3 | c558 ba02 | 0000 4d89 | 9768 0400 

  0x000002ba58c5e6c0: ;   {runtime_call SafepointBlob}
  0x000002ba58c5e6c0: 00e9 ba6d 

  0x000002ba58c5e6c4: ;   {internal_word}
  0x000002ba58c5e6c4: f906 49ba | 3ce4 c558 | ba02 0000 | 4d89 9768 

  0x000002ba58c5e6d4: ;   {runtime_call SafepointBlob}
  0x000002ba58c5e6d4: 0400 00e9 | a46d f906 | 498b 8700 | 0500 0049 | c787 0005 | 0000 0000 | 0000 49c7 | 8708 0500 
  0x000002ba58c5e6f4: 0000 0000 | 0048 81c4 | e000 0000 

  0x000002ba58c5e700: ;   {runtime_call unwind_exception Runtime1 stub}
  0x000002ba58c5e700: 5de9 fa3b | 0607 f4f4 
[Stub Code]
  0x000002ba58c5e708: ;   {no_reloc}
  0x000002ba58c5e708: 0f1f 4400 

  0x000002ba58c5e70c: ;   {static_stub}
  0x000002ba58c5e70c: 0048 bb00 | 0000 0000 

  0x000002ba58c5e714: ;   {runtime_call nmethod}
  0x000002ba58c5e714: 0000 00e9 | fbff ffff 

  0x000002ba58c5e71c: ;   {static_stub}
  0x000002ba58c5e71c: 48bb 487b | 4600 ba02 

  0x000002ba58c5e724: ;   {runtime_call I2C/C2I adapters}
  0x000002ba58c5e724: 0000 e938 

  0x000002ba58c5e728: ;   {static_stub}
  0x000002ba58c5e728: 4df9 0648 | bb00 0000 | 0000 0000 

  0x000002ba58c5e734: ;   {runtime_call nmethod}
  0x000002ba58c5e734: 00e9 fbff 

  0x000002ba58c5e738: ;   {static_stub}
  0x000002ba58c5e738: ffff 48bb | 0000 0000 | 0000 0000 

  0x000002ba58c5e744: ;   {runtime_call nmethod}
  0x000002ba58c5e744: e9fb ffff 

  0x000002ba58c5e748: ;   {runtime_call handle_exception_from_callee Runtime1 stub}
  0x000002ba58c5e748: ffe8 b268 

  0x000002ba58c5e74c: ;   {external_word}
  0x000002ba58c5e74c: 0607 48b9 | 5063 576d | fe7f 0000 | 4883 e4f0 

  0x000002ba58c5e75c: ;   {runtime_call}
  0x000002ba58c5e75c: 48b8 c0c9 | 196d fe7f | 0000 ffd0 

  0x000002ba58c5e768: ;   {section_word}
  0x000002ba58c5e768: f449 ba69 | e7c5 58ba | 0200 0041 

  0x000002ba58c5e774: ;   {runtime_call DeoptimizationBlob}
  0x000002ba58c5e774: 52e9 a65f | f906 f4f4 | f4f4 f4f4 
[/MachCode]


---------------  P R O C E S S  ---------------

Threads class SMR info:
_java_thread_list=0x000002ba72dc51f0, length=26, elements={
0x000002ba53e75f40, 0x000002ba6c14e9f0, 0x000002ba6c150170, 0x000002ba6c1541d0,
0x000002ba6c154c30, 0x000002ba6c159f70, 0x000002ba6c15a9d0, 0x000002ba6c15b760,
0x000002ba6c164740, 0x000002ba6c453e10, 0x000002ba6c3fce30, 0x000002ba715f93f0,
0x000002ba7164d2d0, 0x000002ba715f7f10, 0x000002ba6c2926b0, 0x000002ba713a8920,
0x000002ba6c2daf40, 0x000002ba71e50070, 0x000002ba71e8ce70, 0x000002ba71e8bac0,
0x000002ba71e899f0, 0x000002ba71e8c7e0, 0x000002ba71e8a710, 0x000002ba71e8c150,
0x000002ba71e8ada0, 0x000002ba72dc4970
}

Java Threads: ( => current thread )
  0x000002ba53e75f40 JavaThread "main"                              [_thread_blocked, id=57340, stack(0x000000fef1500000,0x000000fef1600000) (1024K)]
  0x000002ba6c14e9f0 JavaThread "Reference Handler"          daemon [_thread_blocked, id=32124, stack(0x000000fef1d00000,0x000000fef1e00000) (1024K)]
  0x000002ba6c150170 JavaThread "Finalizer"                  daemon [_thread_blocked, id=22160, stack(0x000000fef1e00000,0x000000fef1f00000) (1024K)]
  0x000002ba6c1541d0 JavaThread "Signal Dispatcher"          daemon [_thread_blocked, id=57072, stack(0x000000fef1f00000,0x000000fef2000000) (1024K)]
  0x000002ba6c154c30 JavaThread "Attach Listener"            daemon [_thread_blocked, id=55240, stack(0x000000fef2000000,0x000000fef2100000) (1024K)]
  0x000002ba6c159f70 JavaThread "Service Thread"             daemon [_thread_blocked, id=43728, stack(0x000000fef2100000,0x000000fef2200000) (1024K)]
  0x000002ba6c15a9d0 JavaThread "Monitor Deflation Thread"   daemon [_thread_blocked, id=53916, stack(0x000000fef2200000,0x000000fef2300000) (1024K)]
  0x000002ba6c15b760 JavaThread "C2 CompilerThread0"         daemon [_thread_blocked, id=55216, stack(0x000000fef2300000,0x000000fef2400000) (1024K)]
  0x000002ba6c164740 JavaThread "C1 CompilerThread0"         daemon [_thread_in_vm, id=39848, stack(0x000000fef2400000,0x000000fef2500000) (1024K)]
  0x000002ba6c453e10 JavaThread "Common-Cleaner"             daemon [_thread_blocked, id=36824, stack(0x000000fef2800000,0x000000fef2900000) (1024K)]
  0x000002ba6c3fce30 JavaThread "Notification Thread"        daemon [_thread_blocked, id=44164, stack(0x000000fef2900000,0x000000fef2a00000) (1024K)]
  0x000002ba715f93f0 JavaThread "Daemon health stats"               [_thread_blocked, id=54224, stack(0x000000fef3200000,0x000000fef3300000) (1024K)]
  0x000002ba7164d2d0 JavaThread "Incoming local TCP Connector on port 60158"        [_thread_in_native, id=54132, stack(0x000000fef3300000,0x000000fef3400000) (1024K)]
  0x000002ba715f7f10 JavaThread "Daemon periodic checks"            [_thread_blocked, id=40760, stack(0x000000fef3400000,0x000000fef3500000) (1024K)]
  0x000002ba6c2926b0 JavaThread "Daemon"                            [_thread_blocked, id=47604, stack(0x000000fef3500000,0x000000fef3600000) (1024K)]
  0x000002ba713a8920 JavaThread "Handler for socket connection from /127.0.0.1:60158 to /127.0.0.1:60159"        [_thread_in_native, id=53900, stack(0x000000fef3600000,0x000000fef3700000) (1024K)]
  0x000002ba6c2daf40 JavaThread "Cancel handler"                    [_thread_blocked, id=52692, stack(0x000000fef3700000,0x000000fef3800000) (1024K)]
=>0x000002ba71e50070 JavaThread "Daemon worker"                     [_thread_in_vm, id=48804, stack(0x000000fef3800000,0x000000fef3900000) (1024K)]
  0x000002ba71e8ce70 JavaThread "Asynchronous log dispatcher for DefaultDaemonConnection: socket connection from /127.0.0.1:60158 to /127.0.0.1:60159"        [_thread_blocked, id=9204, stack(0x000000fef3900000,0x000000fef3a00000) (1024K)]
  0x000002ba71e8bac0 JavaThread "Stdin handler"                     [_thread_blocked, id=2584, stack(0x000000fef3a00000,0x000000fef3b00000) (1024K)]
  0x000002ba71e899f0 JavaThread "Daemon client event forwarder"        [_thread_blocked, id=44112, stack(0x000000fef3b00000,0x000000fef3c00000) (1024K)]
  0x000002ba71e8c7e0 JavaThread "Cache worker for journal cache (C:\Users\admoi\.gradle\caches\journal-1)"        [_thread_blocked, id=42080, stack(0x000000fef2500000,0x000000fef2600000) (1024K)]
  0x000002ba71e8a710 JavaThread "File lock request listener"        [_thread_in_native, id=21200, stack(0x000000fef2600000,0x000000fef2700000) (1024K)]
  0x000002ba71e8c150 JavaThread "Cache worker for file hash cache (C:\Users\admoi\.gradle\caches\8.9\fileHashes)"        [_thread_blocked, id=47520, stack(0x000000fef2700000,0x000000fef2800000) (1024K)]
  0x000002ba71e8ada0 JavaThread "File lock release action executor"        [_thread_blocked, id=54636, stack(0x000000fef3c00000,0x000000fef3d00000) (1024K)]
  0x000002ba72dc4970 JavaThread "C1 CompilerThread1"         daemon [_thread_in_vm, id=22124, stack(0x000000fef3d00000,0x000000fef3e00000) (1024K)]
Total: 26

Other Threads:
  0x000002ba6c122050 VMThread "VM Thread"                           [id=4564, stack(0x000000fef1c00000,0x000000fef1d00000) (1024K)] _threads_hazard_ptr=0x000002ba72dc51f0
  0x000002ba6c115d60 WatcherThread "VM Periodic Task Thread"        [id=24536, stack(0x000000fef1b00000,0x000000fef1c00000) (1024K)]
  0x000002ba53ea0110 WorkerThread "GC Thread#0"                     [id=53716, stack(0x000000fef1600000,0x000000fef1700000) (1024K)]
  0x000002ba6c67d5e0 WorkerThread "GC Thread#1"                     [id=53156, stack(0x000000fef2b00000,0x000000fef2c00000) (1024K)]
  0x000002ba6c8a04c0 WorkerThread "GC Thread#2"                     [id=44976, stack(0x000000fef2c00000,0x000000fef2d00000) (1024K)]
  0x000002ba6c9c9350 WorkerThread "GC Thread#3"                     [id=56328, stack(0x000000fef2d00000,0x000000fef2e00000) (1024K)]
  0x000002ba6c9c9700 WorkerThread "GC Thread#4"                     [id=39560, stack(0x000000fef2e00000,0x000000fef2f00000) (1024K)]
  0x000002ba6c7b3a60 WorkerThread "GC Thread#5"                     [id=56400, stack(0x000000fef2f00000,0x000000fef3000000) (1024K)]
  0x000002ba71fa55f0 WorkerThread "GC Thread#6"                     [id=27932, stack(0x000000fef2a00000,0x000000fef2b00000) (1024K)]
  0x000002ba71fa59a0 WorkerThread "GC Thread#7"                     [id=47480, stack(0x000000fef3000000,0x000000fef3100000) (1024K)]
  0x000002ba71f99400 WorkerThread "GC Thread#8"                     [id=43436, stack(0x000000fef3100000,0x000000fef3200000) (1024K)]
  0x000002ba53ea6f20 ConcurrentGCThread "G1 Main Marker"            [id=22584, stack(0x000000fef1700000,0x000000fef1800000) (1024K)]
  0x000002ba53ea7840 WorkerThread "G1 Conc#0"                       [id=54136, stack(0x000000fef1800000,0x000000fef1900000) (1024K)]
  0x000002ba6bfe0660 ConcurrentGCThread "G1 Refine#0"               [id=57176, stack(0x000000fef1900000,0x000000fef1a00000) (1024K)]
  0x000002ba6bfe0e90 ConcurrentGCThread "G1 Service"                [id=53736, stack(0x000000fef1a00000,0x000000fef1b00000) (1024K)]
Total: 15

Threads with active compile tasks:
C2 CompilerThread0  17290 3171   !   4       java.net.URLClassLoader$1::run (81 bytes)
C1 CompilerThread0  17290 3258       3       org.objectweb.asm.Attribute::putAttributes (78 bytes)
C1 CompilerThread1  17290 3255       3       org.objectweb.asm.AnnotationWriter::computeAnnotationsSize (66 bytes)
Total: 3

VM state: synchronizing (normal execution)

VM Mutex/Monitor currently owned by a thread:  ([mutex/lock_event])
[0x00007ffe6d82d530] Metaspace_lock - owner thread: 0x000002ba71e50070
[0x00007ffe6d82f5b0] Threads_lock - owner thread: 0x000002ba6c122050

Heap address: 0x00000000e0000000, size: 512 MB, Compressed Oops mode: 32-bit

CDS archive(s) mapped at: [0x000002ba00000000-0x000002ba00ba0000-0x000002ba00ba0000), size 12189696, SharedBaseAddress: 0x000002ba00000000, ArchiveRelocationMode: 1.
Compressed class space mapped at: 0x000002ba01000000-0x000002ba15000000, reserved size: 335544320
Narrow klass base: 0x000002ba00000000, Narrow klass shift: 0, Narrow klass range: 0x100000000

GC Precious Log:
 CardTable entry size: 512
 Card Set container configuration: InlinePtr #cards 5 size 8 Array Of Cards #cards 12 size 40 Howl #buckets 4 coarsen threshold 1843 Howl Bitmap #cards 512 size 80 coarsen threshold 460 Card regions per heap region 1 cards per card region 2048
 CPUs: 16 total, 16 available
 Memory: 16051M
 Large Page Support: Disabled
 NUMA Support: Disabled
 Compressed Oops: Enabled (32-bit)
 Heap Region Size: 1M
 Heap Min Capacity: 256M
 Heap Initial Capacity: 256M
 Heap Max Capacity: 512M
 Pre-touch: Disabled
 Parallel Workers: 13
 Concurrent Workers: 3
 Concurrent Refinement Workers: 13
 Periodic GC: Disabled

Heap:
 garbage-first heap   total 262144K, used 103513K [0x00000000e0000000, 0x0000000100000000)
  region size 1024K, 89 young (91136K), 6 survivors (6144K)
 Metaspace       used 20609K, committed 21248K, reserved 393216K
  class space    used 3021K, committed 3328K, reserved 327680K

Heap Regions: E=young(eden), S=young(survivor), O=old, HS=humongous(starts), HC=humongous(continues), CS=collection set, F=free, TAMS=top-at-mark-start, PB=parsable bottom
|   0|0x00000000e0000000, 0x00000000e0100000, 0x00000000e0100000|100%|HS|  |TAMS 0x00000000e0000000| PB 0x00000000e0000000| Complete 
|   1|0x00000000e0100000, 0x00000000e0200000, 0x00000000e0200000|100%|HC|  |TAMS 0x00000000e0100000| PB 0x00000000e0100000| Complete 
|   2|0x00000000e0200000, 0x00000000e0300000, 0x00000000e0300000|100%|HC|  |TAMS 0x00000000e0200000| PB 0x00000000e0200000| Complete 
|   3|0x00000000e0300000, 0x00000000e0400000, 0x00000000e0400000|100%|HC|  |TAMS 0x00000000e0300000| PB 0x00000000e0300000| Complete 
|   4|0x00000000e0400000, 0x00000000e0500000, 0x00000000e0500000|100%| O|  |TAMS 0x00000000e0400000| PB 0x00000000e0400000| Untracked 
|   5|0x00000000e0500000, 0x00000000e0600000, 0x00000000e0600000|100%| O|  |TAMS 0x00000000e0500000| PB 0x00000000e0500000| Untracked 
|   6|0x00000000e0600000, 0x00000000e0700000, 0x00000000e0700000|100%| O|  |TAMS 0x00000000e0600000| PB 0x00000000e0600000| Untracked 
|   7|0x00000000e0700000, 0x00000000e0800000, 0x00000000e0800000|100%| O|  |TAMS 0x00000000e0700000| PB 0x00000000e0700000| Untracked 
|   8|0x00000000e0800000, 0x00000000e0900000, 0x00000000e0900000|100%| O|  |TAMS 0x00000000e0800000| PB 0x00000000e0800000| Untracked 
|   9|0x00000000e0900000, 0x00000000e0a00000, 0x00000000e0a00000|100%| O|  |TAMS 0x00000000e0900000| PB 0x00000000e0900000| Untracked 
|  10|0x00000000e0a00000, 0x00000000e0b00000, 0x00000000e0b00000|100%|HS|  |TAMS 0x00000000e0a00000| PB 0x00000000e0a00000| Complete 
|  11|0x00000000e0b00000, 0x00000000e0b00000, 0x00000000e0c00000|  0%| F|  |TAMS 0x00000000e0b00000| PB 0x00000000e0b00000| Untracked 
|  12|0x00000000e0c00000, 0x00000000e0d00000, 0x00000000e0d00000|100%| O|  |TAMS 0x00000000e0c00000| PB 0x00000000e0c00000| Untracked 
|  13|0x00000000e0d00000, 0x00000000e0e00000, 0x00000000e0e00000|100%| O|  |TAMS 0x00000000e0d00000| PB 0x00000000e0d00000| Untracked 
|  14|0x00000000e0e00000, 0x00000000e0e166b0, 0x00000000e0f00000|  8%| O|  |TAMS 0x00000000e0e00000| PB 0x00000000e0e00000| Untracked 
|  15|0x00000000e0f00000, 0x00000000e0f00000, 0x00000000e1000000|  0%| F|  |TAMS 0x00000000e0f00000| PB 0x00000000e0f00000| Untracked 
|  16|0x00000000e1000000, 0x00000000e1000000, 0x00000000e1100000|  0%| F|  |TAMS 0x00000000e1000000| PB 0x00000000e1000000| Untracked 
|  17|0x00000000e1100000, 0x00000000e1100000, 0x00000000e1200000|  0%| F|  |TAMS 0x00000000e1100000| PB 0x00000000e1100000| Untracked 
|  18|0x00000000e1200000, 0x00000000e1200000, 0x00000000e1300000|  0%| F|  |TAMS 0x00000000e1200000| PB 0x00000000e1200000| Untracked 
|  19|0x00000000e1300000, 0x00000000e1300000, 0x00000000e1400000|  0%| F|  |TAMS 0x00000000e1300000| PB 0x00000000e1300000| Untracked 
|  20|0x00000000e1400000, 0x00000000e1400000, 0x00000000e1500000|  0%| F|  |TAMS 0x00000000e1400000| PB 0x00000000e1400000| Untracked 
|  21|0x00000000e1500000, 0x00000000e1500000, 0x00000000e1600000|  0%| F|  |TAMS 0x00000000e1500000| PB 0x00000000e1500000| Untracked 
|  22|0x00000000e1600000, 0x00000000e1600000, 0x00000000e1700000|  0%| F|  |TAMS 0x00000000e1600000| PB 0x00000000e1600000| Untracked 
|  23|0x00000000e1700000, 0x00000000e1700000, 0x00000000e1800000|  0%| F|  |TAMS 0x00000000e1700000| PB 0x00000000e1700000| Untracked 
|  24|0x00000000e1800000, 0x00000000e1800000, 0x00000000e1900000|  0%| F|  |TAMS 0x00000000e1800000| PB 0x00000000e1800000| Untracked 
|  25|0x00000000e1900000, 0x00000000e1900000, 0x00000000e1a00000|  0%| F|  |TAMS 0x00000000e1900000| PB 0x00000000e1900000| Untracked 
|  26|0x00000000e1a00000, 0x00000000e1a00000, 0x00000000e1b00000|  0%| F|  |TAMS 0x00000000e1a00000| PB 0x00000000e1a00000| Untracked 
|  27|0x00000000e1b00000, 0x00000000e1b00000, 0x00000000e1c00000|  0%| F|  |TAMS 0x00000000e1b00000| PB 0x00000000e1b00000| Untracked 
|  28|0x00000000e1c00000, 0x00000000e1c00000, 0x00000000e1d00000|  0%| F|  |TAMS 0x00000000e1c00000| PB 0x00000000e1c00000| Untracked 
|  29|0x00000000e1d00000, 0x00000000e1d00000, 0x00000000e1e00000|  0%| F|  |TAMS 0x00000000e1d00000| PB 0x00000000e1d00000| Untracked 
|  30|0x00000000e1e00000, 0x00000000e1e00000, 0x00000000e1f00000|  0%| F|  |TAMS 0x00000000e1e00000| PB 0x00000000e1e00000| Untracked 
|  31|0x00000000e1f00000, 0x00000000e1f00000, 0x00000000e2000000|  0%| F|  |TAMS 0x00000000e1f00000| PB 0x00000000e1f00000| Untracked 
|  32|0x00000000e2000000, 0x00000000e2000000, 0x00000000e2100000|  0%| F|  |TAMS 0x00000000e2000000| PB 0x00000000e2000000| Untracked 
|  33|0x00000000e2100000, 0x00000000e2100000, 0x00000000e2200000|  0%| F|  |TAMS 0x00000000e2100000| PB 0x00000000e2100000| Untracked 
|  34|0x00000000e2200000, 0x00000000e2200000, 0x00000000e2300000|  0%| F|  |TAMS 0x00000000e2200000| PB 0x00000000e2200000| Untracked 
|  35|0x00000000e2300000, 0x00000000e2300000, 0x00000000e2400000|  0%| F|  |TAMS 0x00000000e2300000| PB 0x00000000e2300000| Untracked 
|  36|0x00000000e2400000, 0x00000000e2400000, 0x00000000e2500000|  0%| F|  |TAMS 0x00000000e2400000| PB 0x00000000e2400000| Untracked 
|  37|0x00000000e2500000, 0x00000000e2500000, 0x00000000e2600000|  0%| F|  |TAMS 0x00000000e2500000| PB 0x00000000e2500000| Untracked 
|  38|0x00000000e2600000, 0x00000000e2600000, 0x00000000e2700000|  0%| F|  |TAMS 0x00000000e2600000| PB 0x00000000e2600000| Untracked 
|  39|0x00000000e2700000, 0x00000000e2700000, 0x00000000e2800000|  0%| F|  |TAMS 0x00000000e2700000| PB 0x00000000e2700000| Untracked 
|  40|0x00000000e2800000, 0x00000000e2800000, 0x00000000e2900000|  0%| F|  |TAMS 0x00000000e2800000| PB 0x00000000e2800000| Untracked 
|  41|0x00000000e2900000, 0x00000000e2900000, 0x00000000e2a00000|  0%| F|  |TAMS 0x00000000e2900000| PB 0x00000000e2900000| Untracked 
|  42|0x00000000e2a00000, 0x00000000e2a00000, 0x00000000e2b00000|  0%| F|  |TAMS 0x00000000e2a00000| PB 0x00000000e2a00000| Untracked 
|  43|0x00000000e2b00000, 0x00000000e2b00000, 0x00000000e2c00000|  0%| F|  |TAMS 0x00000000e2b00000| PB 0x00000000e2b00000| Untracked 
|  44|0x00000000e2c00000, 0x00000000e2c00000, 0x00000000e2d00000|  0%| F|  |TAMS 0x00000000e2c00000| PB 0x00000000e2c00000| Untracked 
|  45|0x00000000e2d00000, 0x00000000e2d00000, 0x00000000e2e00000|  0%| F|  |TAMS 0x00000000e2d00000| PB 0x00000000e2d00000| Untracked 
|  46|0x00000000e2e00000, 0x00000000e2e00000, 0x00000000e2f00000|  0%| F|  |TAMS 0x00000000e2e00000| PB 0x00000000e2e00000| Untracked 
|  47|0x00000000e2f00000, 0x00000000e2f00000, 0x00000000e3000000|  0%| F|  |TAMS 0x00000000e2f00000| PB 0x00000000e2f00000| Untracked 
|  48|0x00000000e3000000, 0x00000000e3000000, 0x00000000e3100000|  0%| F|  |TAMS 0x00000000e3000000| PB 0x00000000e3000000| Untracked 
|  49|0x00000000e3100000, 0x00000000e3100000, 0x00000000e3200000|  0%| F|  |TAMS 0x00000000e3100000| PB 0x00000000e3100000| Untracked 
|  50|0x00000000e3200000, 0x00000000e3200000, 0x00000000e3300000|  0%| F|  |TAMS 0x00000000e3200000| PB 0x00000000e3200000| Untracked 
|  51|0x00000000e3300000, 0x00000000e3300000, 0x00000000e3400000|  0%| F|  |TAMS 0x00000000e3300000| PB 0x00000000e3300000| Untracked 
|  52|0x00000000e3400000, 0x00000000e3400000, 0x00000000e3500000|  0%| F|  |TAMS 0x00000000e3400000| PB 0x00000000e3400000| Untracked 
|  53|0x00000000e3500000, 0x00000000e3500000, 0x00000000e3600000|  0%| F|  |TAMS 0x00000000e3500000| PB 0x00000000e3500000| Untracked 
|  54|0x00000000e3600000, 0x00000000e3600000, 0x00000000e3700000|  0%| F|  |TAMS 0x00000000e3600000| PB 0x00000000e3600000| Untracked 
|  55|0x00000000e3700000, 0x00000000e3700000, 0x00000000e3800000|  0%| F|  |TAMS 0x00000000e3700000| PB 0x00000000e3700000| Untracked 
|  56|0x00000000e3800000, 0x00000000e3800000, 0x00000000e3900000|  0%| F|  |TAMS 0x00000000e3800000| PB 0x00000000e3800000| Untracked 
|  57|0x00000000e3900000, 0x00000000e3900000, 0x00000000e3a00000|  0%| F|  |TAMS 0x00000000e3900000| PB 0x00000000e3900000| Untracked 
|  58|0x00000000e3a00000, 0x00000000e3a00000, 0x00000000e3b00000|  0%| F|  |TAMS 0x00000000e3a00000| PB 0x00000000e3a00000| Untracked 
|  59|0x00000000e3b00000, 0x00000000e3b00000, 0x00000000e3c00000|  0%| F|  |TAMS 0x00000000e3b00000| PB 0x00000000e3b00000| Untracked 
|  60|0x00000000e3c00000, 0x00000000e3c00000, 0x00000000e3d00000|  0%| F|  |TAMS 0x00000000e3c00000| PB 0x00000000e3c00000| Untracked 
|  61|0x00000000e3d00000, 0x00000000e3d00000, 0x00000000e3e00000|  0%| F|  |TAMS 0x00000000e3d00000| PB 0x00000000e3d00000| Untracked 
|  62|0x00000000e3e00000, 0x00000000e3e00000, 0x00000000e3f00000|  0%| F|  |TAMS 0x00000000e3e00000| PB 0x00000000e3e00000| Untracked 
|  63|0x00000000e3f00000, 0x00000000e3f00000, 0x00000000e4000000|  0%| F|  |TAMS 0x00000000e3f00000| PB 0x00000000e3f00000| Untracked 
|  64|0x00000000e4000000, 0x00000000e4000000, 0x00000000e4100000|  0%| F|  |TAMS 0x00000000e4000000| PB 0x00000000e4000000| Untracked 
|  65|0x00000000e4100000, 0x00000000e4100000, 0x00000000e4200000|  0%| F|  |TAMS 0x00000000e4100000| PB 0x00000000e4100000| Untracked 
|  66|0x00000000e4200000, 0x00000000e4200000, 0x00000000e4300000|  0%| F|  |TAMS 0x00000000e4200000| PB 0x00000000e4200000| Untracked 
|  67|0x00000000e4300000, 0x00000000e4300000, 0x00000000e4400000|  0%| F|  |TAMS 0x00000000e4300000| PB 0x00000000e4300000| Untracked 
|  68|0x00000000e4400000, 0x00000000e4400000, 0x00000000e4500000|  0%| F|  |TAMS 0x00000000e4400000| PB 0x00000000e4400000| Untracked 
|  69|0x00000000e4500000, 0x00000000e4500000, 0x00000000e4600000|  0%| F|  |TAMS 0x00000000e4500000| PB 0x00000000e4500000| Untracked 
|  70|0x00000000e4600000, 0x00000000e4600000, 0x00000000e4700000|  0%| F|  |TAMS 0x00000000e4600000| PB 0x00000000e4600000| Untracked 
|  71|0x00000000e4700000, 0x00000000e4700000, 0x00000000e4800000|  0%| F|  |TAMS 0x00000000e4700000| PB 0x00000000e4700000| Untracked 
|  72|0x00000000e4800000, 0x00000000e4800000, 0x00000000e4900000|  0%| F|  |TAMS 0x00000000e4800000| PB 0x00000000e4800000| Untracked 
|  73|0x00000000e4900000, 0x00000000e4900000, 0x00000000e4a00000|  0%| F|  |TAMS 0x00000000e4900000| PB 0x00000000e4900000| Untracked 
|  74|0x00000000e4a00000, 0x00000000e4a00000, 0x00000000e4b00000|  0%| F|  |TAMS 0x00000000e4a00000| PB 0x00000000e4a00000| Untracked 
|  75|0x00000000e4b00000, 0x00000000e4b00000, 0x00000000e4c00000|  0%| F|  |TAMS 0x00000000e4b00000| PB 0x00000000e4b00000| Untracked 
|  76|0x00000000e4c00000, 0x00000000e4c00000, 0x00000000e4d00000|  0%| F|  |TAMS 0x00000000e4c00000| PB 0x00000000e4c00000| Untracked 
|  77|0x00000000e4d00000, 0x00000000e4d00000, 0x00000000e4e00000|  0%| F|  |TAMS 0x00000000e4d00000| PB 0x00000000e4d00000| Untracked 
|  78|0x00000000e4e00000, 0x00000000e4e00000, 0x00000000e4f00000|  0%| F|  |TAMS 0x00000000e4e00000| PB 0x00000000e4e00000| Untracked 
|  79|0x00000000e4f00000, 0x00000000e4f00000, 0x00000000e5000000|  0%| F|  |TAMS 0x00000000e4f00000| PB 0x00000000e4f00000| Untracked 
|  80|0x00000000e5000000, 0x00000000e5000000, 0x00000000e5100000|  0%| F|  |TAMS 0x00000000e5000000| PB 0x00000000e5000000| Untracked 
|  81|0x00000000e5100000, 0x00000000e5100000, 0x00000000e5200000|  0%| F|  |TAMS 0x00000000e5100000| PB 0x00000000e5100000| Untracked 
|  82|0x00000000e5200000, 0x00000000e5200000, 0x00000000e5300000|  0%| F|  |TAMS 0x00000000e5200000| PB 0x00000000e5200000| Untracked 
|  83|0x00000000e5300000, 0x00000000e5300000, 0x00000000e5400000|  0%| F|  |TAMS 0x00000000e5300000| PB 0x00000000e5300000| Untracked 
|  84|0x00000000e5400000, 0x00000000e5400000, 0x00000000e5500000|  0%| F|  |TAMS 0x00000000e5400000| PB 0x00000000e5400000| Untracked 
|  85|0x00000000e5500000, 0x00000000e5500000, 0x00000000e5600000|  0%| F|  |TAMS 0x00000000e5500000| PB 0x00000000e5500000| Untracked 
|  86|0x00000000e5600000, 0x00000000e5600000, 0x00000000e5700000|  0%| F|  |TAMS 0x00000000e5600000| PB 0x00000000e5600000| Untracked 
|  87|0x00000000e5700000, 0x00000000e5700000, 0x00000000e5800000|  0%| F|  |TAMS 0x00000000e5700000| PB 0x00000000e5700000| Untracked 
|  88|0x00000000e5800000, 0x00000000e5800000, 0x00000000e5900000|  0%| F|  |TAMS 0x00000000e5800000| PB 0x00000000e5800000| Untracked 
|  89|0x00000000e5900000, 0x00000000e5900000, 0x00000000e5a00000|  0%| F|  |TAMS 0x00000000e5900000| PB 0x00000000e5900000| Untracked 
|  90|0x00000000e5a00000, 0x00000000e5a00000, 0x00000000e5b00000|  0%| F|  |TAMS 0x00000000e5a00000| PB 0x00000000e5a00000| Untracked 
|  91|0x00000000e5b00000, 0x00000000e5b00000, 0x00000000e5c00000|  0%| F|  |TAMS 0x00000000e5b00000| PB 0x00000000e5b00000| Untracked 
|  92|0x00000000e5c00000, 0x00000000e5c00000, 0x00000000e5d00000|  0%| F|  |TAMS 0x00000000e5c00000| PB 0x00000000e5c00000| Untracked 
|  93|0x00000000e5d00000, 0x00000000e5d00000, 0x00000000e5e00000|  0%| F|  |TAMS 0x00000000e5d00000| PB 0x00000000e5d00000| Untracked 
|  94|0x00000000e5e00000, 0x00000000e5e00000, 0x00000000e5f00000|  0%| F|  |TAMS 0x00000000e5e00000| PB 0x00000000e5e00000| Untracked 
|  95|0x00000000e5f00000, 0x00000000e5f00000, 0x00000000e6000000|  0%| F|  |TAMS 0x00000000e5f00000| PB 0x00000000e5f00000| Untracked 
|  96|0x00000000e6000000, 0x00000000e6000000, 0x00000000e6100000|  0%| F|  |TAMS 0x00000000e6000000| PB 0x00000000e6000000| Untracked 
|  97|0x00000000e6100000, 0x00000000e6100000, 0x00000000e6200000|  0%| F|  |TAMS 0x00000000e6100000| PB 0x00000000e6100000| Untracked 
|  98|0x00000000e6200000, 0x00000000e6200000, 0x00000000e6300000|  0%| F|  |TAMS 0x00000000e6200000| PB 0x00000000e6200000| Untracked 
|  99|0x00000000e6300000, 0x00000000e6300000, 0x00000000e6400000|  0%| F|  |TAMS 0x00000000e6300000| PB 0x00000000e6300000| Untracked 
| 100|0x00000000e6400000, 0x00000000e6400000, 0x00000000e6500000|  0%| F|  |TAMS 0x00000000e6400000| PB 0x00000000e6400000| Untracked 
| 101|0x00000000e6500000, 0x00000000e6500000, 0x00000000e6600000|  0%| F|  |TAMS 0x00000000e6500000| PB 0x00000000e6500000| Untracked 
| 102|0x00000000e6600000, 0x00000000e6600000, 0x00000000e6700000|  0%| F|  |TAMS 0x00000000e6600000| PB 0x00000000e6600000| Untracked 
| 103|0x00000000e6700000, 0x00000000e6700000, 0x00000000e6800000|  0%| F|  |TAMS 0x00000000e6700000| PB 0x00000000e6700000| Untracked 
| 104|0x00000000e6800000, 0x00000000e6800000, 0x00000000e6900000|  0%| F|  |TAMS 0x00000000e6800000| PB 0x00000000e6800000| Untracked 
| 105|0x00000000e6900000, 0x00000000e6900000, 0x00000000e6a00000|  0%| F|  |TAMS 0x00000000e6900000| PB 0x00000000e6900000| Untracked 
| 106|0x00000000e6a00000, 0x00000000e6a00000, 0x00000000e6b00000|  0%| F|  |TAMS 0x00000000e6a00000| PB 0x00000000e6a00000| Untracked 
| 107|0x00000000e6b00000, 0x00000000e6b00000, 0x00000000e6c00000|  0%| F|  |TAMS 0x00000000e6b00000| PB 0x00000000e6b00000| Untracked 
| 108|0x00000000e6c00000, 0x00000000e6c00000, 0x00000000e6d00000|  0%| F|  |TAMS 0x00000000e6c00000| PB 0x00000000e6c00000| Untracked 
| 109|0x00000000e6d00000, 0x00000000e6d00000, 0x00000000e6e00000|  0%| F|  |TAMS 0x00000000e6d00000| PB 0x00000000e6d00000| Untracked 
| 110|0x00000000e6e00000, 0x00000000e6e00000, 0x00000000e6f00000|  0%| F|  |TAMS 0x00000000e6e00000| PB 0x00000000e6e00000| Untracked 
| 111|0x00000000e6f00000, 0x00000000e6f00000, 0x00000000e7000000|  0%| F|  |TAMS 0x00000000e6f00000| PB 0x00000000e6f00000| Untracked 
| 112|0x00000000e7000000, 0x00000000e7000000, 0x00000000e7100000|  0%| F|  |TAMS 0x00000000e7000000| PB 0x00000000e7000000| Untracked 
| 113|0x00000000e7100000, 0x00000000e7100000, 0x00000000e7200000|  0%| F|  |TAMS 0x00000000e7100000| PB 0x00000000e7100000| Untracked 
| 114|0x00000000e7200000, 0x00000000e7200000, 0x00000000e7300000|  0%| F|  |TAMS 0x00000000e7200000| PB 0x00000000e7200000| Untracked 
| 115|0x00000000e7300000, 0x00000000e7300000, 0x00000000e7400000|  0%| F|  |TAMS 0x00000000e7300000| PB 0x00000000e7300000| Untracked 
| 116|0x00000000e7400000, 0x00000000e7400000, 0x00000000e7500000|  0%| F|  |TAMS 0x00000000e7400000| PB 0x00000000e7400000| Untracked 
| 117|0x00000000e7500000, 0x00000000e7500000, 0x00000000e7600000|  0%| F|  |TAMS 0x00000000e7500000| PB 0x00000000e7500000| Untracked 
| 118|0x00000000e7600000, 0x00000000e7600000, 0x00000000e7700000|  0%| F|  |TAMS 0x00000000e7600000| PB 0x00000000e7600000| Untracked 
| 119|0x00000000e7700000, 0x00000000e7700000, 0x00000000e7800000|  0%| F|  |TAMS 0x00000000e7700000| PB 0x00000000e7700000| Untracked 
| 120|0x00000000e7800000, 0x00000000e7800000, 0x00000000e7900000|  0%| F|  |TAMS 0x00000000e7800000| PB 0x00000000e7800000| Untracked 
| 121|0x00000000e7900000, 0x00000000e7900000, 0x00000000e7a00000|  0%| F|  |TAMS 0x00000000e7900000| PB 0x00000000e7900000| Untracked 
| 122|0x00000000e7a00000, 0x00000000e7a00000, 0x00000000e7b00000|  0%| F|  |TAMS 0x00000000e7a00000| PB 0x00000000e7a00000| Untracked 
| 123|0x00000000e7b00000, 0x00000000e7b00000, 0x00000000e7c00000|  0%| F|  |TAMS 0x00000000e7b00000| PB 0x00000000e7b00000| Untracked 
| 124|0x00000000e7c00000, 0x00000000e7c00000, 0x00000000e7d00000|  0%| F|  |TAMS 0x00000000e7c00000| PB 0x00000000e7c00000| Untracked 
| 125|0x00000000e7d00000, 0x00000000e7d00000, 0x00000000e7e00000|  0%| F|  |TAMS 0x00000000e7d00000| PB 0x00000000e7d00000| Untracked 
| 126|0x00000000e7e00000, 0x00000000e7e00000, 0x00000000e7f00000|  0%| F|  |TAMS 0x00000000e7e00000| PB 0x00000000e7e00000| Untracked 
| 127|0x00000000e7f00000, 0x00000000e7f00000, 0x00000000e8000000|  0%| F|  |TAMS 0x00000000e7f00000| PB 0x00000000e7f00000| Untracked 
| 128|0x00000000e8000000, 0x00000000e8000000, 0x00000000e8100000|  0%| F|  |TAMS 0x00000000e8000000| PB 0x00000000e8000000| Untracked 
| 129|0x00000000e8100000, 0x00000000e8100000, 0x00000000e8200000|  0%| F|  |TAMS 0x00000000e8100000| PB 0x00000000e8100000| Untracked 
| 130|0x00000000e8200000, 0x00000000e8200000, 0x00000000e8300000|  0%| F|  |TAMS 0x00000000e8200000| PB 0x00000000e8200000| Untracked 
| 131|0x00000000e8300000, 0x00000000e8300000, 0x00000000e8400000|  0%| F|  |TAMS 0x00000000e8300000| PB 0x00000000e8300000| Untracked 
| 132|0x00000000e8400000, 0x00000000e8400000, 0x00000000e8500000|  0%| F|  |TAMS 0x00000000e8400000| PB 0x00000000e8400000| Untracked 
| 133|0x00000000e8500000, 0x00000000e8500000, 0x00000000e8600000|  0%| F|  |TAMS 0x00000000e8500000| PB 0x00000000e8500000| Untracked 
| 134|0x00000000e8600000, 0x00000000e8600000, 0x00000000e8700000|  0%| F|  |TAMS 0x00000000e8600000| PB 0x00000000e8600000| Untracked 
| 135|0x00000000e8700000, 0x00000000e8700000, 0x00000000e8800000|  0%| F|  |TAMS 0x00000000e8700000| PB 0x00000000e8700000| Untracked 
| 136|0x00000000e8800000, 0x00000000e8800000, 0x00000000e8900000|  0%| F|  |TAMS 0x00000000e8800000| PB 0x00000000e8800000| Untracked 
| 137|0x00000000e8900000, 0x00000000e8900000, 0x00000000e8a00000|  0%| F|  |TAMS 0x00000000e8900000| PB 0x00000000e8900000| Untracked 
| 138|0x00000000e8a00000, 0x00000000e8a00000, 0x00000000e8b00000|  0%| F|  |TAMS 0x00000000e8a00000| PB 0x00000000e8a00000| Untracked 
| 139|0x00000000e8b00000, 0x00000000e8b00000, 0x00000000e8c00000|  0%| F|  |TAMS 0x00000000e8b00000| PB 0x00000000e8b00000| Untracked 
| 140|0x00000000e8c00000, 0x00000000e8c00000, 0x00000000e8d00000|  0%| F|  |TAMS 0x00000000e8c00000| PB 0x00000000e8c00000| Untracked 
| 141|0x00000000e8d00000, 0x00000000e8d00000, 0x00000000e8e00000|  0%| F|  |TAMS 0x00000000e8d00000| PB 0x00000000e8d00000| Untracked 
| 142|0x00000000e8e00000, 0x00000000e8e00000, 0x00000000e8f00000|  0%| F|  |TAMS 0x00000000e8e00000| PB 0x00000000e8e00000| Untracked 
| 143|0x00000000e8f00000, 0x00000000e8f00000, 0x00000000e9000000|  0%| F|  |TAMS 0x00000000e8f00000| PB 0x00000000e8f00000| Untracked 
| 144|0x00000000e9000000, 0x00000000e9000000, 0x00000000e9100000|  0%| F|  |TAMS 0x00000000e9000000| PB 0x00000000e9000000| Untracked 
| 145|0x00000000e9100000, 0x00000000e9100000, 0x00000000e9200000|  0%| F|  |TAMS 0x00000000e9100000| PB 0x00000000e9100000| Untracked 
| 146|0x00000000e9200000, 0x00000000e9200000, 0x00000000e9300000|  0%| F|  |TAMS 0x00000000e9200000| PB 0x00000000e9200000| Untracked 
| 147|0x00000000e9300000, 0x00000000e9300000, 0x00000000e9400000|  0%| F|  |TAMS 0x00000000e9300000| PB 0x00000000e9300000| Untracked 
| 148|0x00000000e9400000, 0x00000000e9400000, 0x00000000e9500000|  0%| F|  |TAMS 0x00000000e9400000| PB 0x00000000e9400000| Untracked 
| 149|0x00000000e9500000, 0x00000000e9500000, 0x00000000e9600000|  0%| F|  |TAMS 0x00000000e9500000| PB 0x00000000e9500000| Untracked 
| 150|0x00000000e9600000, 0x00000000e9600000, 0x00000000e9700000|  0%| F|  |TAMS 0x00000000e9600000| PB 0x00000000e9600000| Untracked 
| 151|0x00000000e9700000, 0x00000000e9700000, 0x00000000e9800000|  0%| F|  |TAMS 0x00000000e9700000| PB 0x00000000e9700000| Untracked 
| 152|0x00000000e9800000, 0x00000000e9800000, 0x00000000e9900000|  0%| F|  |TAMS 0x00000000e9800000| PB 0x00000000e9800000| Untracked 
| 153|0x00000000e9900000, 0x00000000e9900000, 0x00000000e9a00000|  0%| F|  |TAMS 0x00000000e9900000| PB 0x00000000e9900000| Untracked 
| 154|0x00000000e9a00000, 0x00000000e9a00000, 0x00000000e9b00000|  0%| F|  |TAMS 0x00000000e9a00000| PB 0x00000000e9a00000| Untracked 
| 155|0x00000000e9b00000, 0x00000000e9b00000, 0x00000000e9c00000|  0%| F|  |TAMS 0x00000000e9b00000| PB 0x00000000e9b00000| Untracked 
| 156|0x00000000e9c00000, 0x00000000e9c00000, 0x00000000e9d00000|  0%| F|  |TAMS 0x00000000e9c00000| PB 0x00000000e9c00000| Untracked 
| 157|0x00000000e9d00000, 0x00000000e9d00000, 0x00000000e9e00000|  0%| F|  |TAMS 0x00000000e9d00000| PB 0x00000000e9d00000| Untracked 
| 158|0x00000000e9e00000, 0x00000000e9e00000, 0x00000000e9f00000|  0%| F|  |TAMS 0x00000000e9e00000| PB 0x00000000e9e00000| Untracked 
| 159|0x00000000e9f00000, 0x00000000e9f00000, 0x00000000ea000000|  0%| F|  |TAMS 0x00000000e9f00000| PB 0x00000000e9f00000| Untracked 
| 160|0x00000000ea000000, 0x00000000ea000000, 0x00000000ea100000|  0%| F|  |TAMS 0x00000000ea000000| PB 0x00000000ea000000| Untracked 
| 161|0x00000000ea100000, 0x00000000ea100000, 0x00000000ea200000|  0%| F|  |TAMS 0x00000000ea100000| PB 0x00000000ea100000| Untracked 
| 162|0x00000000ea200000, 0x00000000ea200000, 0x00000000ea300000|  0%| F|  |TAMS 0x00000000ea200000| PB 0x00000000ea200000| Untracked 
| 163|0x00000000ea300000, 0x00000000ea300000, 0x00000000ea400000|  0%| F|  |TAMS 0x00000000ea300000| PB 0x00000000ea300000| Untracked 
| 164|0x00000000ea400000, 0x00000000ea400000, 0x00000000ea500000|  0%| F|  |TAMS 0x00000000ea400000| PB 0x00000000ea400000| Untracked 
| 165|0x00000000ea500000, 0x00000000ea500000, 0x00000000ea600000|  0%| F|  |TAMS 0x00000000ea500000| PB 0x00000000ea500000| Untracked 
| 166|0x00000000ea600000, 0x00000000ea600000, 0x00000000ea700000|  0%| F|  |TAMS 0x00000000ea600000| PB 0x00000000ea600000| Untracked 
| 167|0x00000000ea700000, 0x00000000ea791120, 0x00000000ea800000| 56%| E|  |TAMS 0x00000000ea700000| PB 0x00000000ea700000| Complete 
| 168|0x00000000ea800000, 0x00000000ea900000, 0x00000000ea900000|100%| E|CS|TAMS 0x00000000ea800000| PB 0x00000000ea800000| Complete 
| 169|0x00000000ea900000, 0x00000000eaa00000, 0x00000000eaa00000|100%| E|CS|TAMS 0x00000000ea900000| PB 0x00000000ea900000| Complete 
| 170|0x00000000eaa00000, 0x00000000eab00000, 0x00000000eab00000|100%| E|CS|TAMS 0x00000000eaa00000| PB 0x00000000eaa00000| Complete 
| 171|0x00000000eab00000, 0x00000000eac00000, 0x00000000eac00000|100%| E|CS|TAMS 0x00000000eab00000| PB 0x00000000eab00000| Complete 
| 172|0x00000000eac00000, 0x00000000ead00000, 0x00000000ead00000|100%| E|CS|TAMS 0x00000000eac00000| PB 0x00000000eac00000| Complete 
| 173|0x00000000ead00000, 0x00000000eae00000, 0x00000000eae00000|100%| E|CS|TAMS 0x00000000ead00000| PB 0x00000000ead00000| Complete 
| 174|0x00000000eae00000, 0x00000000eaf00000, 0x00000000eaf00000|100%| E|CS|TAMS 0x00000000eae00000| PB 0x00000000eae00000| Complete 
| 175|0x00000000eaf00000, 0x00000000eb000000, 0x00000000eb000000|100%| E|CS|TAMS 0x00000000eaf00000| PB 0x00000000eaf00000| Complete 
| 176|0x00000000eb000000, 0x00000000eb100000, 0x00000000eb100000|100%| E|CS|TAMS 0x00000000eb000000| PB 0x00000000eb000000| Complete 
| 177|0x00000000eb100000, 0x00000000eb200000, 0x00000000eb200000|100%| E|CS|TAMS 0x00000000eb100000| PB 0x00000000eb100000| Complete 
| 178|0x00000000eb200000, 0x00000000eb300000, 0x00000000eb300000|100%| E|CS|TAMS 0x00000000eb200000| PB 0x00000000eb200000| Complete 
| 179|0x00000000eb300000, 0x00000000eb400000, 0x00000000eb400000|100%| E|CS|TAMS 0x00000000eb300000| PB 0x00000000eb300000| Complete 
| 180|0x00000000eb400000, 0x00000000eb500000, 0x00000000eb500000|100%| E|CS|TAMS 0x00000000eb400000| PB 0x00000000eb400000| Complete 
| 181|0x00000000eb500000, 0x00000000eb600000, 0x00000000eb600000|100%| E|CS|TAMS 0x00000000eb500000| PB 0x00000000eb500000| Complete 
| 182|0x00000000eb600000, 0x00000000eb700000, 0x00000000eb700000|100%| E|CS|TAMS 0x00000000eb600000| PB 0x00000000eb600000| Complete 
| 183|0x00000000eb700000, 0x00000000eb800000, 0x00000000eb800000|100%| E|CS|TAMS 0x00000000eb700000| PB 0x00000000eb700000| Complete 
| 184|0x00000000eb800000, 0x00000000eb900000, 0x00000000eb900000|100%| E|CS|TAMS 0x00000000eb800000| PB 0x00000000eb800000| Complete 
| 185|0x00000000eb900000, 0x00000000eba00000, 0x00000000eba00000|100%| E|CS|TAMS 0x00000000eb900000| PB 0x00000000eb900000| Complete 
| 186|0x00000000eba00000, 0x00000000ebb00000, 0x00000000ebb00000|100%| E|CS|TAMS 0x00000000eba00000| PB 0x00000000eba00000| Complete 
| 187|0x00000000ebb00000, 0x00000000ebc00000, 0x00000000ebc00000|100%| E|CS|TAMS 0x00000000ebb00000| PB 0x00000000ebb00000| Complete 
| 188|0x00000000ebc00000, 0x00000000ebd00000, 0x00000000ebd00000|100%| E|CS|TAMS 0x00000000ebc00000| PB 0x00000000ebc00000| Complete 
| 189|0x00000000ebd00000, 0x00000000ebe00000, 0x00000000ebe00000|100%| E|CS|TAMS 0x00000000ebd00000| PB 0x00000000ebd00000| Complete 
| 190|0x00000000ebe00000, 0x00000000ebf00000, 0x00000000ebf00000|100%| E|CS|TAMS 0x00000000ebe00000| PB 0x00000000ebe00000| Complete 
| 191|0x00000000ebf00000, 0x00000000ec000000, 0x00000000ec000000|100%| E|CS|TAMS 0x00000000ebf00000| PB 0x00000000ebf00000| Complete 
| 192|0x00000000ec000000, 0x00000000ec100000, 0x00000000ec100000|100%| E|CS|TAMS 0x00000000ec000000| PB 0x00000000ec000000| Complete 
| 193|0x00000000ec100000, 0x00000000ec200000, 0x00000000ec200000|100%| E|CS|TAMS 0x00000000ec100000| PB 0x00000000ec100000| Complete 
| 194|0x00000000ec200000, 0x00000000ec300000, 0x00000000ec300000|100%| E|CS|TAMS 0x00000000ec200000| PB 0x00000000ec200000| Complete 
| 195|0x00000000ec300000, 0x00000000ec400000, 0x00000000ec400000|100%| E|CS|TAMS 0x00000000ec300000| PB 0x00000000ec300000| Complete 
| 196|0x00000000ec400000, 0x00000000ec500000, 0x00000000ec500000|100%| E|CS|TAMS 0x00000000ec400000| PB 0x00000000ec400000| Complete 
| 197|0x00000000ec500000, 0x00000000ec600000, 0x00000000ec600000|100%| E|CS|TAMS 0x00000000ec500000| PB 0x00000000ec500000| Complete 
| 198|0x00000000ec600000, 0x00000000ec700000, 0x00000000ec700000|100%| E|CS|TAMS 0x00000000ec600000| PB 0x00000000ec600000| Complete 
| 199|0x00000000ec700000, 0x00000000ec800000, 0x00000000ec800000|100%| E|CS|TAMS 0x00000000ec700000| PB 0x00000000ec700000| Complete 
| 200|0x00000000ec800000, 0x00000000ec900000, 0x00000000ec900000|100%| E|CS|TAMS 0x00000000ec800000| PB 0x00000000ec800000| Complete 
| 201|0x00000000ec900000, 0x00000000eca00000, 0x00000000eca00000|100%| E|CS|TAMS 0x00000000ec900000| PB 0x00000000ec900000| Complete 
| 202|0x00000000eca00000, 0x00000000ecb00000, 0x00000000ecb00000|100%| S|CS|TAMS 0x00000000eca00000| PB 0x00000000eca00000| Complete 
| 203|0x00000000ecb00000, 0x00000000ecc00000, 0x00000000ecc00000|100%| S|CS|TAMS 0x00000000ecb00000| PB 0x00000000ecb00000| Complete 
| 204|0x00000000ecc00000, 0x00000000ecd00000, 0x00000000ecd00000|100%| S|CS|TAMS 0x00000000ecc00000| PB 0x00000000ecc00000| Complete 
| 205|0x00000000ecd00000, 0x00000000ece00000, 0x00000000ece00000|100%| S|CS|TAMS 0x00000000ecd00000| PB 0x00000000ecd00000| Complete 
| 206|0x00000000ece00000, 0x00000000ecf00000, 0x00000000ecf00000|100%| S|CS|TAMS 0x00000000ece00000| PB 0x00000000ece00000| Complete 
| 207|0x00000000ecf00000, 0x00000000ed000000, 0x00000000ed000000|100%| S|CS|TAMS 0x00000000ecf00000| PB 0x00000000ecf00000| Complete 
| 208|0x00000000ed000000, 0x00000000ed100000, 0x00000000ed100000|100%| E|CS|TAMS 0x00000000ed000000| PB 0x00000000ed000000| Complete 
| 209|0x00000000ed100000, 0x00000000ed200000, 0x00000000ed200000|100%| E|CS|TAMS 0x00000000ed100000| PB 0x00000000ed100000| Complete 
| 210|0x00000000ed200000, 0x00000000ed300000, 0x00000000ed300000|100%| E|CS|TAMS 0x00000000ed200000| PB 0x00000000ed200000| Complete 
| 211|0x00000000ed300000, 0x00000000ed400000, 0x00000000ed400000|100%| E|CS|TAMS 0x00000000ed300000| PB 0x00000000ed300000| Complete 
| 212|0x00000000ed400000, 0x00000000ed500000, 0x00000000ed500000|100%| E|CS|TAMS 0x00000000ed400000| PB 0x00000000ed400000| Complete 
| 213|0x00000000ed500000, 0x00000000ed600000, 0x00000000ed600000|100%| E|CS|TAMS 0x00000000ed500000| PB 0x00000000ed500000| Complete 
| 214|0x00000000ed600000, 0x00000000ed700000, 0x00000000ed700000|100%| E|CS|TAMS 0x00000000ed600000| PB 0x00000000ed600000| Complete 
| 215|0x00000000ed700000, 0x00000000ed800000, 0x00000000ed800000|100%| E|CS|TAMS 0x00000000ed700000| PB 0x00000000ed700000| Complete 
| 216|0x00000000ed800000, 0x00000000ed900000, 0x00000000ed900000|100%| E|CS|TAMS 0x00000000ed800000| PB 0x00000000ed800000| Complete 
| 217|0x00000000ed900000, 0x00000000eda00000, 0x00000000eda00000|100%| E|CS|TAMS 0x00000000ed900000| PB 0x00000000ed900000| Complete 
| 218|0x00000000eda00000, 0x00000000edb00000, 0x00000000edb00000|100%| E|CS|TAMS 0x00000000eda00000| PB 0x00000000eda00000| Complete 
| 219|0x00000000edb00000, 0x00000000edc00000, 0x00000000edc00000|100%| E|CS|TAMS 0x00000000edb00000| PB 0x00000000edb00000| Complete 
| 220|0x00000000edc00000, 0x00000000edd00000, 0x00000000edd00000|100%| E|CS|TAMS 0x00000000edc00000| PB 0x00000000edc00000| Complete 
| 221|0x00000000edd00000, 0x00000000ede00000, 0x00000000ede00000|100%| E|CS|TAMS 0x00000000edd00000| PB 0x00000000edd00000| Complete 
| 222|0x00000000ede00000, 0x00000000edf00000, 0x00000000edf00000|100%| E|CS|TAMS 0x00000000ede00000| PB 0x00000000ede00000| Complete 
| 223|0x00000000edf00000, 0x00000000ee000000, 0x00000000ee000000|100%| E|CS|TAMS 0x00000000edf00000| PB 0x00000000edf00000| Complete 
| 224|0x00000000ee000000, 0x00000000ee100000, 0x00000000ee100000|100%| E|CS|TAMS 0x00000000ee000000| PB 0x00000000ee000000| Complete 
| 225|0x00000000ee100000, 0x00000000ee200000, 0x00000000ee200000|100%| E|CS|TAMS 0x00000000ee100000| PB 0x00000000ee100000| Complete 
| 226|0x00000000ee200000, 0x00000000ee300000, 0x00000000ee300000|100%| E|CS|TAMS 0x00000000ee200000| PB 0x00000000ee200000| Complete 
| 227|0x00000000ee300000, 0x00000000ee400000, 0x00000000ee400000|100%| E|CS|TAMS 0x00000000ee300000| PB 0x00000000ee300000| Complete 
| 228|0x00000000ee400000, 0x00000000ee500000, 0x00000000ee500000|100%| E|CS|TAMS 0x00000000ee400000| PB 0x00000000ee400000| Complete 
| 229|0x00000000ee500000, 0x00000000ee600000, 0x00000000ee600000|100%| E|CS|TAMS 0x00000000ee500000| PB 0x00000000ee500000| Complete 
| 230|0x00000000ee600000, 0x00000000ee700000, 0x00000000ee700000|100%| E|CS|TAMS 0x00000000ee600000| PB 0x00000000ee600000| Complete 
| 231|0x00000000ee700000, 0x00000000ee800000, 0x00000000ee800000|100%| E|CS|TAMS 0x00000000ee700000| PB 0x00000000ee700000| Complete 
| 232|0x00000000ee800000, 0x00000000ee900000, 0x00000000ee900000|100%| E|CS|TAMS 0x00000000ee800000| PB 0x00000000ee800000| Complete 
| 233|0x00000000ee900000, 0x00000000eea00000, 0x00000000eea00000|100%| E|CS|TAMS 0x00000000ee900000| PB 0x00000000ee900000| Complete 
| 234|0x00000000eea00000, 0x00000000eeb00000, 0x00000000eeb00000|100%| E|CS|TAMS 0x00000000eea00000| PB 0x00000000eea00000| Complete 
| 235|0x00000000eeb00000, 0x00000000eec00000, 0x00000000eec00000|100%| E|CS|TAMS 0x00000000eeb00000| PB 0x00000000eeb00000| Complete 
| 236|0x00000000eec00000, 0x00000000eed00000, 0x00000000eed00000|100%| E|CS|TAMS 0x00000000eec00000| PB 0x00000000eec00000| Complete 
| 237|0x00000000eed00000, 0x00000000eee00000, 0x00000000eee00000|100%| E|CS|TAMS 0x00000000eed00000| PB 0x00000000eed00000| Complete 
| 238|0x00000000eee00000, 0x00000000eef00000, 0x00000000eef00000|100%| E|CS|TAMS 0x00000000eee00000| PB 0x00000000eee00000| Complete 
| 239|0x00000000eef00000, 0x00000000ef000000, 0x00000000ef000000|100%| E|CS|TAMS 0x00000000eef00000| PB 0x00000000eef00000| Complete 
| 240|0x00000000ef000000, 0x00000000ef100000, 0x00000000ef100000|100%| E|CS|TAMS 0x00000000ef000000| PB 0x00000000ef000000| Complete 
| 241|0x00000000ef100000, 0x00000000ef200000, 0x00000000ef200000|100%| E|CS|TAMS 0x00000000ef100000| PB 0x00000000ef100000| Complete 
| 242|0x00000000ef200000, 0x00000000ef300000, 0x00000000ef300000|100%| E|CS|TAMS 0x00000000ef200000| PB 0x00000000ef200000| Complete 
| 243|0x00000000ef300000, 0x00000000ef400000, 0x00000000ef400000|100%| E|CS|TAMS 0x00000000ef300000| PB 0x00000000ef300000| Complete 
| 244|0x00000000ef400000, 0x00000000ef500000, 0x00000000ef500000|100%| E|CS|TAMS 0x00000000ef400000| PB 0x00000000ef400000| Complete 
| 245|0x00000000ef500000, 0x00000000ef600000, 0x00000000ef600000|100%| E|CS|TAMS 0x00000000ef500000| PB 0x00000000ef500000| Complete 
| 246|0x00000000ef600000, 0x00000000ef700000, 0x00000000ef700000|100%| E|CS|TAMS 0x00000000ef600000| PB 0x00000000ef600000| Complete 
| 247|0x00000000ef700000, 0x00000000ef800000, 0x00000000ef800000|100%| E|CS|TAMS 0x00000000ef700000| PB 0x00000000ef700000| Complete 
| 248|0x00000000ef800000, 0x00000000ef900000, 0x00000000ef900000|100%| E|CS|TAMS 0x00000000ef800000| PB 0x00000000ef800000| Complete 
| 249|0x00000000ef900000, 0x00000000efa00000, 0x00000000efa00000|100%| E|CS|TAMS 0x00000000ef900000| PB 0x00000000ef900000| Complete 
| 250|0x00000000efa00000, 0x00000000efb00000, 0x00000000efb00000|100%| E|CS|TAMS 0x00000000efa00000| PB 0x00000000efa00000| Complete 
| 251|0x00000000efb00000, 0x00000000efc00000, 0x00000000efc00000|100%| E|CS|TAMS 0x00000000efb00000| PB 0x00000000efb00000| Complete 
| 252|0x00000000efc00000, 0x00000000efd00000, 0x00000000efd00000|100%| E|CS|TAMS 0x00000000efc00000| PB 0x00000000efc00000| Complete 
| 253|0x00000000efd00000, 0x00000000efe00000, 0x00000000efe00000|100%| E|CS|TAMS 0x00000000efd00000| PB 0x00000000efd00000| Complete 
| 254|0x00000000efe00000, 0x00000000eff00000, 0x00000000eff00000|100%| E|CS|TAMS 0x00000000efe00000| PB 0x00000000efe00000| Complete 
| 255|0x00000000eff00000, 0x00000000f0000000, 0x00000000f0000000|100%| E|CS|TAMS 0x00000000eff00000| PB 0x00000000eff00000| Complete 

Card table byte_map: [0x000002ba68810000,0x000002ba68910000] _byte_map_base: 0x000002ba68110000

Marking Bits: (CMBitMap*) 0x000002ba53ea2640
 Bits: [0x000002ba68910000, 0x000002ba69110000)

Polling page: 0x000002ba58730000

Metaspace:

Usage:
  Non-class:     17.18 MB used.
      Class:      2.95 MB used.
       Both:     20.13 MB used.

Virtual space:
  Non-class space:       64.00 MB reserved,      17.50 MB ( 27%) committed,  1 nodes.
      Class space:      320.00 MB reserved,       3.25 MB (  1%) committed,  1 nodes.
             Both:      384.00 MB reserved,      20.75 MB (  5%) committed. 

Chunk freelists:
   Non-Class:  14.48 MB
       Class:  12.79 MB
        Both:  27.28 MB

MaxMetaspaceSize: 384.00 MB
CompressedClassSpaceSize: 320.00 MB
Initial GC threshold: 21.00 MB
Current GC threshold: 21.00 MB
CDS: on
 - commit_granule_bytes: 65536.
 - commit_granule_words: 8192.
 - virtual_space_node_default_size: 8388608.
 - enlarge_chunks_in_place: 1.
 - use_allocation_guard: 0.


Internal statistics:

num_allocs_failed_limit: 0.
num_arena_births: 942.
num_arena_deaths: 0.
num_vsnodes_births: 2.
num_vsnodes_deaths: 0.
num_space_committed: 332.
num_space_uncommitted: 0.
num_chunks_returned_to_freelist: 0.
num_chunks_taken_from_freelist: 1731.
num_chunk_merges: 0.
num_chunk_splits: 1136.
num_chunks_enlarged: 773.
num_inconsistent_stats: 0.

CodeHeap 'non-profiled nmethods': size=119168Kb used=1591Kb max_used=1591Kb free=117576Kb
 bounds [0x000002ba602f0000, 0x000002ba60560000, 0x000002ba67750000]
CodeHeap 'profiled nmethods': size=119104Kb used=6606Kb max_used=6606Kb free=112497Kb
 bounds [0x000002ba58750000, 0x000002ba58dd0000, 0x000002ba5fba0000]
CodeHeap 'non-nmethods': size=7488Kb used=1982Kb max_used=3101Kb free=5505Kb
 bounds [0x000002ba5fba0000, 0x000002ba5feb0000, 0x000002ba602f0000]
CodeCache: size=245760Kb, used=10179Kb, max_used=11298Kb, free=235578Kb
 total_blobs=3820, nmethods=3244, adapters=479, full_count=0
Compilation: enabled, stopped_count=0, restarted_count=0

Compilation events (20 events):
Event: 14.789 Thread 0x000002ba72dc4970 nmethod 3245 0x000002ba58dbe110 code [0x000002ba58dbe380, 0x000002ba58dbeb18]
Event: 14.789 Thread 0x000002ba72dc4970 3250       3       org.objectweb.asm.SymbolTable$Entry::<init> (20 bytes)
Event: 14.789 Thread 0x000002ba72dc4970 nmethod 3250 0x000002ba58dbee10 code [0x000002ba58dbefc0, 0x000002ba58dbf118]
Event: 14.789 Thread 0x000002ba72dc4970 3251       3       org.objectweb.asm.SymbolTable::addConstantNameAndType (137 bytes)
Event: 14.790 Thread 0x000002ba72dc4970 nmethod 3251 0x000002ba58dbf210 code [0x000002ba58dbf480, 0x000002ba58dbfb80]
Event: 14.790 Thread 0x000002ba72dc4970 3249       3       org.objectweb.asm.SymbolTable$Entry::<init> (18 bytes)
Event: 14.790 Thread 0x000002ba6c164740 nmethod 3248 0x000002ba58dbff90 code [0x000002ba58dc0240, 0x000002ba58dc0fd8]
Event: 14.790 Thread 0x000002ba72dc4970 nmethod 3249 0x000002ba58dc1610 code [0x000002ba58dc17c0, 0x000002ba58dc1938]
Event: 14.790 Thread 0x000002ba6c164740 3252       3       org.objectweb.asm.MethodVisitor::visitInsn (16 bytes)
Event: 14.790 Thread 0x000002ba72dc4970 3253       3       org.objectweb.asm.MethodWriter::visitInsn (115 bytes)
Event: 14.790 Thread 0x000002ba6c164740 nmethod 3252 0x000002ba58dc1a10 code [0x000002ba58dc1bc0, 0x000002ba58dc1dc8]
Event: 14.791 Thread 0x000002ba6c164740 3254       3       org.objectweb.asm.Attribute::computeAttributesSize (62 bytes)
Event: 14.791 Thread 0x000002ba72dc4970 nmethod 3253 0x000002ba58dc1e90 code [0x000002ba58dc2080, 0x000002ba58dc24e0]
Event: 14.791 Thread 0x000002ba72dc4970 3256       3       org.objectweb.asm.ByteVector::putByteArray (49 bytes)
Event: 14.791 Thread 0x000002ba6c164740 nmethod 3254 0x000002ba58dc2690 code [0x000002ba58dc2860, 0x000002ba58dc2b48]
Event: 14.791 Thread 0x000002ba6c164740 3257       3       org.objectweb.asm.AnnotationWriter::putAnnotations (67 bytes)
Event: 14.791 Thread 0x000002ba72dc4970 nmethod 3256 0x000002ba58dc2c90 code [0x000002ba58dc2e60, 0x000002ba58dc3128]
Event: 14.791 Thread 0x000002ba72dc4970 3255       3       org.objectweb.asm.AnnotationWriter::computeAnnotationsSize (66 bytes)
Event: 14.791 Thread 0x000002ba6c164740 nmethod 3257 0x000002ba58dc3210 code [0x000002ba58dc3440, 0x000002ba58dc3818]
Event: 14.791 Thread 0x000002ba6c164740 3258       3       org.objectweb.asm.Attribute::putAttributes (78 bytes)

GC Heap History (6 events):
Event: 3.441 GC heap before
{Heap before GC invocations=0 (full 0):
 garbage-first heap   total 262144K, used 26624K [0x00000000e0000000, 0x0000000100000000)
  region size 1024K, 23 young (23552K), 0 survivors (0K)
 Metaspace       used 1129K, committed 1280K, reserved 393216K
  class space    used 80K, committed 128K, reserved 327680K
}
Event: 3.448 GC heap after
{Heap after GC invocations=1 (full 0):
 garbage-first heap   total 262144K, used 9285K [0x00000000e0000000, 0x0000000100000000)
  region size 1024K, 3 young (3072K), 3 survivors (3072K)
 Metaspace       used 1129K, committed 1280K, reserved 393216K
  class space    used 80K, committed 128K, reserved 327680K
}
Event: 4.898 GC heap before
{Heap before GC invocations=1 (full 0):
 garbage-first heap   total 262144K, used 41029K [0x00000000e0000000, 0x0000000100000000)
  region size 1024K, 34 young (34816K), 3 survivors (3072K)
 Metaspace       used 4364K, committed 4544K, reserved 393216K
  class space    used 546K, committed 640K, reserved 327680K
}
Event: 4.902 GC heap after
{Heap after GC invocations=2 (full 0):
 garbage-first heap   total 262144K, used 12504K [0x00000000e0000000, 0x0000000100000000)
  region size 1024K, 3 young (3072K), 3 survivors (3072K)
 Metaspace       used 4364K, committed 4544K, reserved 393216K
  class space    used 546K, committed 640K, reserved 327680K
}
Event: 8.430 GC heap before
{Heap before GC invocations=2 (full 0):
 garbage-first heap   total 262144K, used 59608K [0x00000000e0000000, 0x0000000100000000)
  region size 1024K, 48 young (49152K), 3 survivors (3072K)
 Metaspace       used 6623K, committed 6912K, reserved 393216K
  class space    used 880K, committed 1024K, reserved 327680K
}
Event: 8.436 GC heap after
{Heap after GC invocations=3 (full 0):
 garbage-first heap   total 262144K, used 19545K [0x00000000e0000000, 0x0000000100000000)
  region size 1024K, 6 young (6144K), 6 survivors (6144K)
 Metaspace       used 6623K, committed 6912K, reserved 393216K
  class space    used 880K, committed 1024K, reserved 327680K
}

Dll operation events (20 events):
Event: 2.256 Attempting to load shared library C:\Users\admoi\.antigravity-ide\extensions\redhat.java-1.56.0-win32-x64\jre\21.0.12.1-win32-x86_64\bin\nio.dll
Event: 2.264 Loaded shared library C:\Users\admoi\.antigravity-ide\extensions\redhat.java-1.56.0-win32-x64\jre\21.0.12.1-win32-x86_64\bin\nio.dll
Event: 2.278 Attempting to load shared library C:\Users\admoi\.antigravity-ide\extensions\redhat.java-1.56.0-win32-x64\jre\21.0.12.1-win32-x86_64\bin\zip.dll
Event: 2.278 Loaded shared library C:\Users\admoi\.antigravity-ide\extensions\redhat.java-1.56.0-win32-x64\jre\21.0.12.1-win32-x86_64\bin\zip.dll
Event: 3.258 Attempting to load shared library C:\Users\admoi\.antigravity-ide\extensions\redhat.java-1.56.0-win32-x64\jre\21.0.12.1-win32-x86_64\bin\jimage.dll
Event: 3.258 Loaded shared library C:\Users\admoi\.antigravity-ide\extensions\redhat.java-1.56.0-win32-x64\jre\21.0.12.1-win32-x86_64\bin\jimage.dll
Event: 3.482 Attempting to load shared library C:\Users\admoi\.antigravity-ide\extensions\redhat.java-1.56.0-win32-x64\jre\21.0.12.1-win32-x86_64\bin\verify.dll
Event: 3.483 Loaded shared library C:\Users\admoi\.antigravity-ide\extensions\redhat.java-1.56.0-win32-x64\jre\21.0.12.1-win32-x86_64\bin\verify.dll
Event: 3.799 Attempting to load shared library C:\Users\admoi\.gradle\native\c067742578af261105cb4f569cf0c3c89f3d7b1fecec35dd04571415982c5e48\windows-amd64\native-platform.dll
Event: 3.800 Loaded shared library C:\Users\admoi\.gradle\native\c067742578af261105cb4f569cf0c3c89f3d7b1fecec35dd04571415982c5e48\windows-amd64\native-platform.dll
Event: 3.808 Attempting to load shared library C:\Users\admoi\.gradle\native\100fb08df4bc3b14c8652ba06237920a3bd2aa13389f12d3474272988ae205f9\windows-amd64\native-platform-file-events.dll
Event: 3.811 Loaded shared library C:\Users\admoi\.gradle\native\100fb08df4bc3b14c8652ba06237920a3bd2aa13389f12d3474272988ae205f9\windows-amd64\native-platform-file-events.dll
Event: 8.246 Attempting to load shared library C:\Users\admoi\.antigravity-ide\extensions\redhat.java-1.56.0-win32-x64\jre\21.0.12.1-win32-x86_64\bin\management.dll
Event: 8.289 Loaded shared library C:\Users\admoi\.antigravity-ide\extensions\redhat.java-1.56.0-win32-x64\jre\21.0.12.1-win32-x86_64\bin\management.dll
Event: 8.293 Attempting to load shared library C:\Users\admoi\.antigravity-ide\extensions\redhat.java-1.56.0-win32-x64\jre\21.0.12.1-win32-x86_64\bin\management_ext.dll
Event: 8.328 Loaded shared library C:\Users\admoi\.antigravity-ide\extensions\redhat.java-1.56.0-win32-x64\jre\21.0.12.1-win32-x86_64\bin\management_ext.dll
Event: 9.045 Attempting to load shared library C:\Users\admoi\.antigravity-ide\extensions\redhat.java-1.56.0-win32-x64\jre\21.0.12.1-win32-x86_64\bin\extnet.dll
Event: 9.072 Loaded shared library C:\Users\admoi\.antigravity-ide\extensions\redhat.java-1.56.0-win32-x64\jre\21.0.12.1-win32-x86_64\bin\extnet.dll
Event: 9.514 Attempting to load shared library C:\Users\admoi\.antigravity-ide\extensions\redhat.java-1.56.0-win32-x64\jre\21.0.12.1-win32-x86_64\bin\sunmscapi.dll
Event: 9.522 Loaded shared library C:\Users\admoi\.antigravity-ide\extensions\redhat.java-1.56.0-win32-x64\jre\21.0.12.1-win32-x86_64\bin\sunmscapi.dll

Deoptimization events (20 events):
Event: 13.179 Thread 0x000002ba71e50070 Uncommon trap: trap_request=0xfffffff4 fr.pc=0x000002ba60375e4c relative=0x00000000000004cc
Event: 13.179 Thread 0x000002ba71e50070 Uncommon trap: reason=null_check action=make_not_entrant pc=0x000002ba60375e4c method=java.io.File.equals(Ljava/lang/Object;)Z @ 1 c2
Event: 13.179 Thread 0x000002ba71e50070 DEOPT PACKING pc=0x000002ba60375e4c sp=0x000000fef38fd7c0
Event: 13.179 Thread 0x000002ba71e50070 DEOPT UNPACKING pc=0x000002ba5fbf4422 sp=0x000000fef38fd778 mode 2
Event: 13.515 Thread 0x000002ba71e50070 DEOPT PACKING pc=0x000002ba58c28382 sp=0x000000fef38fc5b0
Event: 13.515 Thread 0x000002ba71e50070 DEOPT UNPACKING pc=0x000002ba5fbf4bc2 sp=0x000000fef38fbac0 mode 0
Event: 13.558 Thread 0x000002ba71e50070 DEOPT PACKING pc=0x000002ba5883f259 sp=0x000000fef38fb6a0
Event: 13.558 Thread 0x000002ba71e50070 DEOPT UNPACKING pc=0x000002ba5fbf4bc2 sp=0x000000fef38fab38 mode 0
Event: 13.600 Thread 0x000002ba71e50070 DEOPT PACKING pc=0x000002ba58c28382 sp=0x000000fef38f84f0
Event: 13.600 Thread 0x000002ba71e50070 DEOPT UNPACKING pc=0x000002ba5fbf4bc2 sp=0x000000fef38f7a00 mode 0
Event: 13.638 Thread 0x000002ba71e50070 DEOPT PACKING pc=0x000002ba58c28382 sp=0x000000fef38fb970
Event: 13.638 Thread 0x000002ba71e50070 DEOPT UNPACKING pc=0x000002ba5fbf4bc2 sp=0x000000fef38fae80 mode 0
Event: 14.504 Thread 0x000002ba71e50070 Uncommon trap: trap_request=0xffffff45 fr.pc=0x000002ba6045f488 relative=0x00000000000000e8
Event: 14.504 Thread 0x000002ba71e50070 Uncommon trap: reason=unstable_if action=reinterpret pc=0x000002ba6045f488 method=java.util.Arrays.equals([Ljava/lang/Object;[Ljava/lang/Object;)Z @ 44 c2
Event: 14.504 Thread 0x000002ba71e50070 DEOPT PACKING pc=0x000002ba6045f488 sp=0x000000fef38fba80
Event: 14.504 Thread 0x000002ba71e50070 DEOPT UNPACKING pc=0x000002ba5fbf4422 sp=0x000000fef38fba20 mode 2
Event: 14.504 Thread 0x000002ba71e50070 Uncommon trap: trap_request=0xffffff45 fr.pc=0x000002ba604715b4 relative=0x00000000000001d4
Event: 14.504 Thread 0x000002ba71e50070 Uncommon trap: reason=unstable_if action=reinterpret pc=0x000002ba604715b4 method=java.util.HashMap.getNode(Ljava/lang/Object;)Ljava/util/HashMap$Node; @ 131 c2
Event: 14.504 Thread 0x000002ba71e50070 DEOPT PACKING pc=0x000002ba604715b4 sp=0x000000fef38fbb40
Event: 14.504 Thread 0x000002ba71e50070 DEOPT UNPACKING pc=0x000002ba5fbf4422 sp=0x000000fef38fbab0 mode 2

Classes loaded (20 events):
Event: 13.598 Loading class java/io/ObjectInputStream
Event: 13.599 Loading class java/io/ObjectInput
Event: 13.599 Loading class java/io/ObjectInput done
Event: 13.599 Loading class java/io/ObjectStreamConstants
Event: 13.599 Loading class java/io/ObjectStreamConstants done
Event: 13.600 Loading class java/io/ObjectInputStream done
Event: 13.605 Loading class java/io/ObjectOutputStream
Event: 13.605 Loading class java/io/ObjectOutput
Event: 13.606 Loading class java/io/ObjectOutput done
Event: 13.606 Loading class java/io/ObjectOutputStream done
Event: 14.341 Loading class javax/xml/parsers/ParserConfigurationException
Event: 14.341 Loading class javax/xml/parsers/ParserConfigurationException done
Event: 14.341 Loading class org/xml/sax/SAXException
Event: 14.341 Loading class org/xml/sax/SAXException done
Event: 14.341 Loading class javax/xml/xpath/XPathExpressionException
Event: 14.341 Loading class javax/xml/xpath/XPathException
Event: 14.341 Loading class javax/xml/xpath/XPathException done
Event: 14.341 Loading class javax/xml/xpath/XPathExpressionException done
Event: 14.341 Loading class org/xml/sax/ErrorHandler
Event: 14.341 Loading class org/xml/sax/ErrorHandler done

Classes unloaded (0 events):
No events

Classes redefined (0 events):
No events

Internal exceptions (20 events):
Event: 13.062 Thread 0x000002ba71e50070 Exception <a 'java/lang/NoSuchMethodError'{0x00000000ec8c0d08}: 'java.lang.Object java.lang.invoke.DirectMethodHandle$Holder.invokeStatic(java.lang.Object, java.lang.Object, java.lang.Object, java.lang.Object, java.lang.Object, java.lang.Object, java.lang.Object, java.lang.Object, java.lang.Object, java.lang.Object, java.lang.Object, java.lang.Object, java.lang.Object, java.lang.Object, java.lang.Object, java.lang.Object, java.lang.Object, java.lang.Object)'> (0x00000000ec8c0d08) 
thrown [s\src\hotspot\sha
Event: 13.066 Thread 0x000002ba71e50070 Exception <a 'java/lang/NoSuchMethodError'{0x00000000ec8eadd0}: 'java.lang.Object java.lang.invoke.DirectMethodHandle$Holder.invokeStatic(java.lang.Object, java.lang.Object, java.lang.Object, java.lang.Object, java.lang.Object, java.lang.Object, java.lang.Object, java.lang.Object, java.lang.Object, java.lang.Object, java.lang.Object, java.lang.Object, java.lang.Object, java.lang.Object, java.lang.Object, java.lang.Object, java.lang.Object, java.lang.Object, java.lang.Object)'> (0x00000000ec8eadd0) 
thrown 
Event: 13.069 Thread 0x000002ba71e50070 Exception <a 'java/lang/NoSuchMethodError'{0x00000000ec716500}: 'java.lang.Object java.lang.invoke.DirectMethodHandle$Holder.invokeStatic(java.lang.Object, java.lang.Object, java.lang.Object, java.lang.Object, java.lang.Object, java.lang.Object, java.lang.Object, java.lang.Object, java.lang.Object, java.lang.Object, java.lang.Object, java.lang.Object, java.lang.Object, java.lang.Object, java.lang.Object, java.lang.Object, java.lang.Object, java.lang.Object, java.lang.Object, java.lang.Object)'> (0x00000000
Event: 13.073 Thread 0x000002ba71e50070 Exception <a 'java/lang/NoSuchMethodError'{0x00000000ec742c38}: 'java.lang.Object java.lang.invoke.DirectMethodHandle$Holder.invokeStatic(java.lang.Object, java.lang.Object, java.lang.Object, java.lang.Object, java.lang.Object, java.lang.Object, java.lang.Object, java.lang.Object, java.lang.Object, java.lang.Object, java.lang.Object, java.lang.Object, java.lang.Object, java.lang.Object, java.lang.Object, java.lang.Object, java.lang.Object, java.lang.Object, java.lang.Object, java.lang.Object, java.lang.Obj
Event: 13.078 Thread 0x000002ba71e50070 Exception <a 'java/lang/NoSuchMethodError'{0x00000000ec770418}: 'java.lang.Object java.lang.invoke.DirectMethodHandle$Holder.invokeStatic(java.lang.Object, java.lang.Object, java.lang.Object, java.lang.Object, java.lang.Object, java.lang.Object, java.lang.Object, java.lang.Object, java.lang.Object, java.lang.Object, java.lang.Object, java.lang.Object, java.lang.Object, java.lang.Object, java.lang.Object, java.lang.Object, java.lang.Object, java.lang.Object, java.lang.Object, java.lang.Object, java.lang.Obj
Event: 13.085 Thread 0x000002ba71e50070 Exception <a 'java/lang/NoSuchMethodError'{0x00000000ec79e960}: 'java.lang.Object java.lang.invoke.DirectMethodHandle$Holder.invokeStatic(java.lang.Object, java.lang.Object, java.lang.Object, java.lang.Object, java.lang.Object, java.lang.Object, java.lang.Object, java.lang.Object, java.lang.Object, java.lang.Object, java.lang.Object, java.lang.Object, java.lang.Object, java.lang.Object, java.lang.Object, java.lang.Object, java.lang.Object, java.lang.Object, java.lang.Object, java.lang.Object, java.lang.Obj
Event: 13.088 Thread 0x000002ba71e50070 Exception <a 'java/lang/NoSuchMethodError'{0x00000000ec7cdb90}: 'java.lang.Object java.lang.invoke.DirectMethodHandle$Holder.invokeStatic(java.lang.Object, java.lang.Object, java.lang.Object, java.lang.Object, java.lang.Object, java.lang.Object, java.lang.Object, java.lang.Object, java.lang.Object, java.lang.Object, java.lang.Object, java.lang.Object, java.lang.Object, java.lang.Object, java.lang.Object, java.lang.Object, java.lang.Object, java.lang.Object, java.lang.Object, java.lang.Object, java.lang.Obj
Event: 13.091 Thread 0x000002ba71e50070 Exception <a 'java/lang/NoSuchMethodError'{0x00000000ec7fd970}: 'java.lang.Object java.lang.invoke.DirectMethodHandle$Holder.invokeStatic(java.lang.Object, java.lang.Object, java.lang.Object, java.lang.Object, java.lang.Object, java.lang.Object, java.lang.Object, java.lang.Object, java.lang.Object, java.lang.Object, java.lang.Object, java.lang.Object, java.lang.Object, java.lang.Object, java.lang.Object, java.lang.Object, java.lang.Object, java.lang.Object, java.lang.Object, java.lang.Object, java.lang.Obj
Event: 13.097 Thread 0x000002ba71e50070 Exception <a 'java/lang/NoSuchMethodError'{0x00000000ec62f368}: 'java.lang.Object java.lang.invoke.DirectMethodHandle$Holder.invokeStatic(java.lang.Object, java.lang.Object, java.lang.Object, java.lang.Object, java.lang.Object, java.lang.Object, java.lang.Object, java.lang.Object, java.lang.Object, java.lang.Object, java.lang.Object, java.lang.Object, java.lang.Object, java.lang.Object, java.lang.Object, java.lang.Object, java.lang.Object, java.lang.Object, java.lang.Object, java.lang.Object, java.lang.Obj
Event: 13.179 Thread 0x000002ba71e50070 Implicit null exception at 0x000002ba603759bd to 0x000002ba60375e3c
Event: 13.552 Thread 0x000002ba71e50070 Exception <a 'java/lang/IncompatibleClassChangeError'{0x00000000ebe3d2a8}: Found class java.lang.Object, but interface was expected> (0x00000000ebe3d2a8) 
thrown [s\src\hotspot\share\interpreter\linkResolver.cpp, line 840]
Event: 13.568 Thread 0x000002ba71e50070 Exception <a 'java/lang/NoSuchMethodError'{0x00000000ebe71490}: 'java.lang.Object java.lang.invoke.DirectMethodHandle$Holder.newInvokeSpecial(java.lang.Object, java.lang.Object, java.lang.Object, java.lang.Object, java.lang.Object, java.lang.Object, java.lang.Object, java.lang.Object, java.lang.Object, java.lang.Object, java.lang.Object, java.lang.Object, java.lang.Object)'> (0x00000000ebe71490) 
thrown [s\src\hotspot\share\interpreter\linkResolver.cpp, line 773]
Event: 13.569 Thread 0x000002ba71e50070 Exception <a 'java/lang/NoSuchMethodError'{0x00000000ebe76a00}: 'java.lang.Object java.lang.invoke.DirectMethodHandle$Holder.invokeSpecial(java.lang.Object, java.lang.Object, java.lang.Object, java.lang.Object, java.lang.Object, java.lang.Object, java.lang.Object, java.lang.Object, java.lang.Object, java.lang.Object, java.lang.Object, java.lang.Object, java.lang.Object, java.lang.Object)'> (0x00000000ebe76a00) 
thrown [s\src\hotspot\share\interpreter\linkResolver.cpp, line 773]
Event: 13.569 Thread 0x000002ba71e50070 Exception <a 'java/lang/NoSuchMethodError'{0x00000000ebe7b200}: 'java.lang.Object java.lang.invoke.DelegatingMethodHandle$Holder.reinvoke_L(java.lang.Object, java.lang.Object, java.lang.Object, java.lang.Object, java.lang.Object, java.lang.Object, java.lang.Object, java.lang.Object, java.lang.Object, java.lang.Object, java.lang.Object, java.lang.Object, java.lang.Object)'> (0x00000000ebe7b200) 
thrown [s\src\hotspot\share\interpreter\linkResolver.cpp, line 773]
Event: 13.619 Thread 0x000002ba71e50070 Exception <a 'java/lang/NoSuchMethodError'{0x00000000ebda69a0}: 'java.lang.Object java.lang.invoke.DirectMethodHandle$Holder.newInvokeSpecial(java.lang.Object, java.lang.Object, java.lang.Object, java.lang.Object, java.lang.Object, java.lang.Object, java.lang.Object, java.lang.Object)'> (0x00000000ebda69a0) 
thrown [s\src\hotspot\share\interpreter\linkResolver.cpp, line 773]
Event: 13.635 Thread 0x000002ba71e50070 Exception <a 'java/lang/NoSuchMethodError'{0x00000000ebdfd548}: 'int java.lang.invoke.DirectMethodHandle$Holder.invokeStaticInit(java.lang.Object, java.lang.Object, java.lang.Object)'> (0x00000000ebdfd548) 
thrown [s\src\hotspot\share\interpreter\linkResolver.cpp, line 773]
Event: 14.014 Thread 0x000002ba71e50070 Exception <a 'java/lang/NoSuchMethodError'{0x00000000eb751130}: 'java.lang.Object java.lang.invoke.DirectMethodHandle$Holder.invokeVirtual(java.lang.Object, java.lang.Object, java.lang.Object, java.lang.Object, java.lang.Object, java.lang.Object, java.lang.Object, java.lang.Object, java.lang.Object, java.lang.Object, java.lang.Object, java.lang.Object, java.lang.Object, java.lang.Object, java.lang.Object, java.lang.Object, java.lang.Object, java.lang.Object, java.lang.Object, java.lang.Object, java.lang.Ob
Event: 14.032 Thread 0x000002ba71e50070 Exception <a 'java/lang/NoSuchMethodError'{0x00000000eb7c68d8}: 'java.lang.Object java.lang.invoke.DirectMethodHandle$Holder.invokeSpecial(java.lang.Object, java.lang.Object, java.lang.Object, java.lang.Object, java.lang.Object, java.lang.Object, java.lang.Object, java.lang.Object, java.lang.Object, java.lang.Object, java.lang.Object, java.lang.Object, java.lang.Object, java.lang.Object, java.lang.Object, java.lang.Object, java.lang.Object, java.lang.Object, java.lang.Object, java.lang.Object, java.lang.Ob
Event: 14.525 Thread 0x000002ba71e50070 Exception <a 'java/lang/NoSuchMethodError'{0x00000000eafcbaf8}: 'java.lang.Object java.lang.invoke.DirectMethodHandle$Holder.newInvokeSpecial(java.lang.Object, java.lang.Object, java.lang.Object, java.lang.Object, java.lang.Object, java.lang.Object, java.lang.Object)'> (0x00000000eafcbaf8) 
thrown [s\src\hotspot\share\interpreter\linkResolver.cpp, line 773]
Event: 14.597 Thread 0x000002ba71e50070 Exception <a 'java/lang/NoSuchMethodError'{0x00000000eac19ed8}: 'java.lang.Object java.lang.invoke.DirectMethodHandle$Holder.invokeVirtual(java.lang.Object, java.lang.Object, java.lang.Object, java.lang.Object, java.lang.Object, java.lang.Object, java.lang.Object, java.lang.Object, java.lang.Object, java.lang.Object, java.lang.Object)'> (0x00000000eac19ed8) 
thrown [s\src\hotspot\share\interpreter\linkResolver.cpp, line 773]

ZGC Phase Switch (0 events):
No events

VM Operations (20 events):
Event: 9.484 Executing non-safepoint VM operation: HandshakeAllThreads (Deoptimize) done
Event: 9.484 Executing safepoint VM operation: Cleanup
Event: 9.484 Executing safepoint VM operation: Cleanup done
Event: 10.485 Executing safepoint VM operation: Cleanup
Event: 10.485 Executing safepoint VM operation: Cleanup done
Event: 10.585 Executing non-safepoint VM operation: HandshakeAllThreads (Deoptimize)
Event: 10.585 Executing non-safepoint VM operation: HandshakeAllThreads (Deoptimize) done
Event: 11.591 Executing safepoint VM operation: Cleanup
Event: 11.702 Executing safepoint VM operation: Cleanup done
Event: 11.954 Executing non-safepoint VM operation: HandshakeAllThreads (Deoptimize)
Event: 11.954 Executing non-safepoint VM operation: HandshakeAllThreads (Deoptimize) done
Event: 12.966 Executing safepoint VM operation: Cleanup
Event: 12.983 Executing safepoint VM operation: Cleanup done
Event: 13.117 Executing non-safepoint VM operation: HandshakeAllThreads (Deoptimize)
Event: 13.117 Executing non-safepoint VM operation: HandshakeAllThreads (Deoptimize) done
Event: 13.118 Executing non-safepoint VM operation: HandshakeAllThreads (Deoptimize)
Event: 13.118 Executing non-safepoint VM operation: HandshakeAllThreads (Deoptimize) done
Event: 14.130 Executing safepoint VM operation: Cleanup
Event: 14.131 Executing safepoint VM operation: Cleanup done
Event: 15.145 Executing safepoint VM operation: Cleanup

Memory protections (0 events):
No events

Nmethod flushes (0 events):
No events

Events (20 events):
Event: 3.254 Thread 0x000002ba6c20f760 Thread added: 0x000002ba6c555320
Event: 4.321 Thread 0x000002ba6c555320 Thread exited: 0x000002ba6c555320
Event: 8.465 Thread 0x000002ba53e75f40 Thread added: 0x000002ba715f93f0
Event: 9.151 Thread 0x000002ba53e75f40 Thread added: 0x000002ba7164d2d0
Event: 9.442 Thread 0x000002ba53e75f40 Thread added: 0x000002ba715f7f10
Event: 9.565 Thread 0x000002ba7164d2d0 Thread added: 0x000002ba6c2926b0
Event: 9.590 Thread 0x000002ba6c2926b0 Thread added: 0x000002ba713a8920
Event: 9.697 Thread 0x000002ba6c2926b0 Thread added: 0x000002ba6c2daf40
Event: 9.713 Thread 0x000002ba6c2926b0 Thread added: 0x000002ba71e50070
Event: 9.772 Thread 0x000002ba71e50070 Thread added: 0x000002ba71e8ce70
Event: 9.778 Thread 0x000002ba71e50070 Thread added: 0x000002ba71e8bac0
Event: 9.782 Thread 0x000002ba71e50070 Thread added: 0x000002ba71e899f0
Event: 11.710 Thread 0x000002ba6c211e20 Thread exited: 0x000002ba6c211e20
Event: 11.710 Thread 0x000002ba6c20f760 Thread exited: 0x000002ba6c20f760
Event: 11.710 Thread 0x000002ba6c2070a0 Thread exited: 0x000002ba6c2070a0
Event: 11.955 Thread 0x000002ba71e50070 Thread added: 0x000002ba71e8c7e0
Event: 11.994 Thread 0x000002ba71e50070 Thread added: 0x000002ba71e8a710
Event: 12.275 Thread 0x000002ba71e50070 Thread added: 0x000002ba71e8c150
Event: 12.356 Thread 0x000002ba71e8a710 Thread added: 0x000002ba71e8ada0
Event: 14.522 Thread 0x000002ba6c164740 Thread added: 0x000002ba72dc4970


Dynamic libraries:
0x00007ff60c660000 - 0x00007ff60c66e000 	C:\Users\admoi\.antigravity-ide\extensions\redhat.java-1.56.0-win32-x64\jre\21.0.12.1-win32-x86_64\bin\java.exe
0x00007fff40660000 - 0x00007fff408c6000 	C:\WINDOWS\SYSTEM32\ntdll.dll
0x00007fff3f7a0000 - 0x00007fff3f869000 	C:\WINDOWS\System32\KERNEL32.DLL
0x00007fff3dd00000 - 0x00007fff3e0ff000 	C:\WINDOWS\System32\KERNELBASE.dll
0x00007fff3d870000 - 0x00007fff3d9bc000 	C:\WINDOWS\System32\ucrtbase.dll
0x00007fff11c00000 - 0x00007fff11c18000 	C:\Users\admoi\.antigravity-ide\extensions\redhat.java-1.56.0-win32-x64\jre\21.0.12.1-win32-x86_64\bin\jli.dll
0x00007fff40430000 - 0x00007fff405f6000 	C:\WINDOWS\System32\USER32.dll
0x00007fff3db40000 - 0x00007fff3db67000 	C:\WINDOWS\System32\win32u.dll
0x00007fff3e390000 - 0x00007fff3e3bb000 	C:\WINDOWS\System32\GDI32.dll
0x00007fff3e110000 - 0x00007fff3e239000 	C:\WINDOWS\System32\gdi32full.dll
0x00007fff3d9d0000 - 0x00007fff3da73000 	C:\WINDOWS\System32\msvcp_win.dll
0x00007ffed4950000 - 0x00007ffed496e000 	C:\Users\admoi\.antigravity-ide\extensions\redhat.java-1.56.0-win32-x64\jre\21.0.12.1-win32-x86_64\bin\VCRUNTIME140.dll
0x00007fff23ed0000 - 0x00007fff24161000 	C:\WINDOWS\WinSxS\amd64_microsoft.windows.common-controls_6595b64144ccf1df_6.0.26100.8972_none_3e0da176e32f9d4b\COMCTL32.dll
0x00007fff3f560000 - 0x00007fff3f609000 	C:\WINDOWS\System32\msvcrt.dll
0x00007fff3eb20000 - 0x00007fff3eb52000 	C:\WINDOWS\System32\IMM32.DLL
0x00007fff38600000 - 0x00007fff3860c000 	C:\Users\admoi\.antigravity-ide\extensions\redhat.java-1.56.0-win32-x64\jre\21.0.12.1-win32-x86_64\bin\vcruntime140_1.dll
0x00007ffe7ad70000 - 0x00007ffe7adfd000 	C:\Users\admoi\.antigravity-ide\extensions\redhat.java-1.56.0-win32-x64\jre\21.0.12.1-win32-x86_64\bin\msvcp140.dll
0x00007ffe6cb70000 - 0x00007ffe6d912000 	C:\Users\admoi\.antigravity-ide\extensions\redhat.java-1.56.0-win32-x64\jre\21.0.12.1-win32-x86_64\bin\server\jvm.dll
0x00007fff3f6d0000 - 0x00007fff3f78c000 	C:\WINDOWS\System32\ADVAPI32.dll
0x00007fff3ea70000 - 0x00007fff3eb1a000 	C:\WINDOWS\System32\sechost.dll
0x00007fff3e7e0000 - 0x00007fff3e8f8000 	C:\WINDOWS\System32\RPCRT4.dll
0x00007fff3ebe0000 - 0x00007fff3ec62000 	C:\WINDOWS\System32\WS2_32.dll
0x00007fff3d6d0000 - 0x00007fff3d72e000 	C:\WINDOWS\SYSTEM32\POWRPROF.dll
0x00007fff31470000 - 0x00007fff314a6000 	C:\WINDOWS\SYSTEM32\WINMM.dll
0x00007fff35250000 - 0x00007fff3525b000 	C:\WINDOWS\SYSTEM32\VERSION.dll
0x00007fff3d6b0000 - 0x00007fff3d6c5000 	C:\WINDOWS\SYSTEM32\UMPDC.dll
0x00007fff3c560000 - 0x00007fff3c57b000 	C:\WINDOWS\SYSTEM32\kernel.appcore.dll
0x00007fff26e80000 - 0x00007fff26e8a000 	C:\Users\admoi\.antigravity-ide\extensions\redhat.java-1.56.0-win32-x64\jre\21.0.12.1-win32-x86_64\bin\jimage.dll
0x00007fff3aaa0000 - 0x00007fff3ace2000 	C:\WINDOWS\SYSTEM32\DBGHELP.DLL
0x00007fff3e3c0000 - 0x00007fff3e745000 	C:\WINDOWS\System32\combase.dll
0x00007fff3e900000 - 0x00007fff3e9d9000 	C:\WINDOWS\System32\OLEAUT32.dll
0x00007fff22080000 - 0x00007fff220bb000 	C:\WINDOWS\SYSTEM32\dbgcore.DLL
0x00007fff3e240000 - 0x00007fff3e2ec000 	C:\WINDOWS\System32\bcryptPrimitives.dll
0x00007ffeecd90000 - 0x00007ffeecd9f000 	C:\Users\admoi\.antigravity-ide\extensions\redhat.java-1.56.0-win32-x64\jre\21.0.12.1-win32-x86_64\bin\instrument.dll
0x00007ffed4930000 - 0x00007ffed4950000 	C:\Users\admoi\.antigravity-ide\extensions\redhat.java-1.56.0-win32-x64\jre\21.0.12.1-win32-x86_64\bin\java.dll
0x00007fff3ec70000 - 0x00007fff3f3f8000 	C:\WINDOWS\System32\SHELL32.dll
0x00007fff3b2f0000 - 0x00007fff3bb8b000 	C:\WINDOWS\SYSTEM32\windows.storage.dll
0x00007fff3f400000 - 0x00007fff3f4f9000 	C:\WINDOWS\System32\SHCORE.dll
0x00007fff3f8a0000 - 0x00007fff3f906000 	C:\WINDOWS\System32\shlwapi.dll
0x00007fff3d790000 - 0x00007fff3d7b9000 	C:\WINDOWS\SYSTEM32\profapi.dll
0x00007ffead2e0000 - 0x00007ffead2f8000 	C:\Users\admoi\.antigravity-ide\extensions\redhat.java-1.56.0-win32-x64\jre\21.0.12.1-win32-x86_64\bin\zip.dll
0x00007fff1c380000 - 0x00007fff1c390000 	C:\Users\admoi\.antigravity-ide\extensions\redhat.java-1.56.0-win32-x64\jre\21.0.12.1-win32-x86_64\bin\net.dll
0x00007fff36710000 - 0x00007fff36838000 	C:\WINDOWS\SYSTEM32\WINHTTP.dll
0x00007fff3cb10000 - 0x00007fff3cb7c000 	C:\WINDOWS\system32\mswsock.dll
0x00007ffe98b50000 - 0x00007ffe98b66000 	C:\Users\admoi\.antigravity-ide\extensions\redhat.java-1.56.0-win32-x64\jre\21.0.12.1-win32-x86_64\bin\nio.dll
0x00007ffeddab0000 - 0x00007ffeddac0000 	C:\Users\admoi\.antigravity-ide\extensions\redhat.java-1.56.0-win32-x64\jre\21.0.12.1-win32-x86_64\bin\verify.dll
0x00007fff38690000 - 0x00007fff386b7000 	C:\Users\admoi\.gradle\native\c067742578af261105cb4f569cf0c3c89f3d7b1fecec35dd04571415982c5e48\windows-amd64\native-platform.dll
0x00007fff101e0000 - 0x00007fff10324000 	C:\Users\admoi\.gradle\native\100fb08df4bc3b14c8652ba06237920a3bd2aa13389f12d3474272988ae205f9\windows-amd64\native-platform-file-events.dll
0x00007fff357e0000 - 0x00007fff357ea000 	C:\Users\admoi\.antigravity-ide\extensions\redhat.java-1.56.0-win32-x64\jre\21.0.12.1-win32-x86_64\bin\management.dll
0x00007fff357d0000 - 0x00007fff357dc000 	C:\Users\admoi\.antigravity-ide\extensions\redhat.java-1.56.0-win32-x64\jre\21.0.12.1-win32-x86_64\bin\management_ext.dll
0x00007fff3f870000 - 0x00007fff3f878000 	C:\WINDOWS\System32\PSAPI.DLL
0x00007fff3ce00000 - 0x00007fff3ce1b000 	C:\WINDOWS\SYSTEM32\CRYPTSP.dll
0x00007fff3c4c0000 - 0x00007fff3c4f9000 	C:\WINDOWS\system32\rsaenh.dll
0x00007fff3cbc0000 - 0x00007fff3cbf2000 	C:\WINDOWS\SYSTEM32\USERENV.dll
0x00007fff3d760000 - 0x00007fff3d78a000 	C:\WINDOWS\SYSTEM32\bcrypt.dll
0x00007fff3ce20000 - 0x00007fff3ce2c000 	C:\WINDOWS\SYSTEM32\CRYPTBASE.dll
0x00007fff3bf30000 - 0x00007fff3bf63000 	C:\WINDOWS\SYSTEM32\IPHLPAPI.DLL
0x00007fff3fda0000 - 0x00007fff3fdaa000 	C:\WINDOWS\System32\NSI.dll
0x00007ffed9800000 - 0x00007ffed9809000 	C:\Users\admoi\.antigravity-ide\extensions\redhat.java-1.56.0-win32-x64\jre\21.0.12.1-win32-x86_64\bin\extnet.dll
0x00007fff357c0000 - 0x00007fff357ce000 	C:\Users\admoi\.antigravity-ide\extensions\redhat.java-1.56.0-win32-x64\jre\21.0.12.1-win32-x86_64\bin\sunmscapi.dll
0x00007fff3db70000 - 0x00007fff3dcee000 	C:\WINDOWS\System32\CRYPT32.dll
0x00007fff3d040000 - 0x00007fff3d070000 	C:\WINDOWS\SYSTEM32\ncrypt.dll
0x00007fff3cff0000 - 0x00007fff3d02f000 	C:\WINDOWS\SYSTEM32\NTASN1.dll
0x00007fff0e020000 - 0x00007fff0e028000 	C:\WINDOWS\system32\wshunix.dll

JVMTI agents:
C:\Users\admoi\.gradle\wrapper\dists\gradle-8.9-bin\90cnw93cvbtalezasaz0blq0a\gradle-8.9\lib\agents\gradle-instrumentation-agent-8.9.jar path:C:\Users\admoi\.antigravity-ide\extensions\redhat.java-1.56.0-win32-x64\jre\21.0.12.1-win32-x86_64\bin\instrument.dll, loaded, initialized, instrumentlib options:none

dbghelp: loaded successfully - version: 4.0.5 - missing functions: none
symbol engine: initialized successfully - sym options: 0x614 - pdb path: .;C:\Users\admoi\.antigravity-ide\extensions\redhat.java-1.56.0-win32-x64\jre\21.0.12.1-win32-x86_64\bin;C:\WINDOWS\SYSTEM32;C:\WINDOWS\WinSxS\amd64_microsoft.windows.common-controls_6595b64144ccf1df_6.0.26100.8972_none_3e0da176e32f9d4b;C:\Users\admoi\.antigravity-ide\extensions\redhat.java-1.56.0-win32-x64\jre\21.0.12.1-win32-x86_64\bin\server;C:\Users\admoi\.gradle\native\c067742578af261105cb4f569cf0c3c89f3d7b1fecec35dd04571415982c5e48\windows-amd64;C:\Users\admoi\.gradle\native\100fb08df4bc3b14c8652ba06237920a3bd2aa13389f12d3474272988ae205f9\windows-amd64

VM Arguments:
jvm_args: --add-opens=java.base/java.util=ALL-UNNAMED --add-opens=java.base/java.lang=ALL-UNNAMED --add-opens=java.base/java.lang.invoke=ALL-UNNAMED --add-opens=java.prefs/java.util.prefs=ALL-UNNAMED --add-exports=jdk.compiler/com.sun.tools.javac.api=ALL-UNNAMED --add-exports=jdk.compiler/com.sun.tools.javac.util=ALL-UNNAMED --add-opens=java.base/java.nio.charset=ALL-UNNAMED --add-opens=java.base/java.net=ALL-UNNAMED --add-opens=java.base/java.util.concurrent.atomic=ALL-UNNAMED -XX:MaxMetaspaceSize=384m -XX:+HeapDumpOnOutOfMemoryError -Xms256m -Xmx512m -Dfile.encoding=utf8 -Duser.country=US -Duser.language=en -Duser.variant -javaagent:C:\Users\admoi\.gradle\wrapper\dists\gradle-8.9-bin\90cnw93cvbtalezasaz0blq0a\gradle-8.9\lib\agents\gradle-instrumentation-agent-8.9.jar 
java_command: org.gradle.launcher.daemon.bootstrap.GradleDaemon 8.9
java_class_path (initial): C:\Users\admoi\.gradle\wrapper\dists\gradle-8.9-bin\90cnw93cvbtalezasaz0blq0a\gradle-8.9\lib\gradle-daemon-main-8.9.jar
Launcher Type: SUN_STANDARD

[Global flags]
     intx CICompilerCount                          = 12                                        {product} {ergonomic}
   size_t CompressedClassSpaceSize                 = 335544320                                 {product} {ergonomic}
     uint ConcGCThreads                            = 3                                         {product} {ergonomic}
     uint G1ConcRefinementThreads                  = 13                                        {product} {ergonomic}
   size_t G1HeapRegionSize                         = 1048576                                   {product} {ergonomic}
    uintx GCDrainStackTargetSize                   = 64                                        {product} {ergonomic}
     bool HeapDumpOnOutOfMemoryError               = true                                   {manageable} {command line}
   size_t InitialHeapSize                          = 268435456                                 {product} {command line}
   size_t MarkStackSize                            = 4194304                                   {product} {ergonomic}
   size_t MaxHeapSize                              = 536870912                                 {product} {command line}
   size_t MaxMetaspaceSize                         = 402653184                                 {product} {command line}
   size_t MaxNewSize                               = 321912832                                 {product} {ergonomic}
   size_t MinHeapDeltaBytes                        = 1048576                                   {product} {ergonomic}
   size_t MinHeapSize                              = 268435456                                 {product} {command line}
    uintx NonNMethodCodeHeapSize                   = 7602480                                {pd product} {ergonomic}
    uintx NonProfiledCodeHeapSize                  = 122027880                              {pd product} {ergonomic}
    uintx ProfiledCodeHeapSize                     = 122027880                              {pd product} {ergonomic}
    uintx ReservedCodeCacheSize                    = 251658240                              {pd product} {ergonomic}
     bool SegmentedCodeCache                       = true                                      {product} {ergonomic}
   size_t SoftMaxHeapSize                          = 536870912                              {manageable} {ergonomic}
     bool UseCompressedOops                        = true                           {product lp64_product} {ergonomic}
     bool UseG1GC                                  = true                                      {product} {ergonomic}
     bool UseLargePagesIndividualAllocation        = false                                  {pd product} {ergonomic}

Logging:
Log output configuration:
 #0: stdout all=warning uptime,level,tags foldmultilines=false
 #1: stderr all=off uptime,level,tags foldmultilines=false

Release file:
JAVA_VERSION="21.0.12.1" 
MODULES="java.base java.compiler java.datatransfer java.xml java.prefs java.desktop java.instrument java.logging java.management java.security.sasl java.naming java.rmi java.management.rmi java.net.http java.scripting java.security.jgss java.transaction.xa java.sql java.sql.rowset java.xml.crypto java.se java.smartcardio jdk.accessibility jdk.internal.jvmstat jdk.attach jdk.charsets jdk.internal.opt jdk.zipfs jdk.compiler jdk.crypto.ec jdk.crypto.cryptoki jdk.crypto.mscapi jdk.dynalink jdk.internal.ed jdk.editpad jdk.hotspot.agent jdk.httpserver jdk.internal.le jdk.internal.vm.ci jdk.internal.vm.compiler jdk.internal.vm.compiler.management jdk.jartool jdk.javadoc jdk.jcmd jdk.management jdk.management.agent jdk.jconsole jdk.jdeps jdk.jdwp.agent jdk.jdi jdk.jfr jdk.jshell jdk.jsobject jdk.jstatd jdk.localedata jdk.management.jfr jdk.naming.dns jdk.naming.rmi jdk.net jdk.nio.mapmode jdk.random jdk.sctp jdk.security.auth jdk.security.jgss jdk.unsupported jdk.unsupported.desktop jdk.xml.dom" 

Environment Variables:
PATH=C:\Users\admoi\AppData\Local\cloud-code\installer\google-cloud-sdk\bin;C:\Python314\Scripts\;C:\Python314\;C:\Program Files\Common Files\Oracle\Java\javapath;C:\WINDOWS\system32;C:\WINDOWS;C:\WINDOWS\System32\Wbem;C:\WINDOWS\System32\WindowsPowerShell\v1.0\;C:\WINDOWS\System32\OpenSSH\;C:\Program Files\Microsoft SQL Server\150\Tools\Binn\;C:\Program Files\Microsoft SQL Server\Client SDK\ODBC\170\Tools\Binn\;C:\Program Files\dotnet\;C:\Program Files (x86)\Windows Kits\10\Windows Performance Toolkit\;C:\Program Files (x86)\Microsoft SQL Server\160\Tools\Binn\;C:\Program Files\Microsoft SQL Server\160\Tools\Binn\;C:\Program Files\Microsoft SQL Server\160\DTS\Binn\;C:\Program Files\Docker\Docker\resources\bin;C:\Program Files\nodejs\;C:\ProgramData\chocolatey\bin;C:\xampp\php;C:\composer;C:\Program Files\Git\cmd;C:\Program Files\GitHub CLI\;C:\Python314\Scripts\;C:\Python314\;C:\Program Files\Common Files\Oracle\Java\javapath;C:\WINDOWS\system32;C:\WINDOWS;C:\WINDOWS\System32\Wbem;C:\WINDOWS\System32\WindowsPowerShell\v1.0\;C:\WINDOWS\System32\OpenSSH\;C:\Program Files\Microsoft SQL Server\150\Tools\Binn\;C:\Program Files\Microsoft SQL Server\Client SDK\ODBC\170\Tools\Binn\;C:\Program Files\dotnet\;C:\Program Files (x86)\Windows Kits\10\Windows Performance Toolkit\;C:\Program Files (x86)\Microsoft SQL Server\160\Tools\Binn\;C:\Program Files\Microsoft SQL Server\160\Tools\Binn\;C:\Program Files\Microsoft SQL Server\160\DTS\Binn\;C:\Program Files\Arduino PLC IDE Tools\;C:\Program Files\Docker\Docker\resources\bin;C:\Program Files\nodejs\;C:\ProgramData\chocolatey\bin;C:\xampp\php;C:\composer;C:\Program Files\Git\cmd;C:\Program Files\GitHub CLI\;c:\Users\admoi\AppData\Roaming\Code\User\globalStorage\github.copilot-chat\debugCommand;c:\Users\admoi\AppData\Roaming\Code\User\globalStorage\github.copilot-chat\copilotCli;D:\Microsoft VS Code;C:\Python314\Scripts\;C:\Python314\;C:\Program Files\Common Files\Oracle\Java\javapath;C:\WINDOWS\system32;C:\WINDOWS;C:\WINDOWS\System32\Wbem;C:\WINDOWS\System32\WindowsPowerShell\v1.0\;C:\WINDOWS\System32\OpenSSH\;C:\Program Files\Microsoft SQL Server\150\Tools\Binn\;C:\Program Files\Microsoft SQL Server\Client SDK\ODBC\170\Tools\Binn\;C:\Program Files\dotnet\;C:\Program Files (x86)\Windows Kits\10\Windows Performance Toolkit\;C:\Program Files (x86)\Microsoft SQL Server\160\Tools\Binn\;C:\Program Files\Microsoft SQL Server\160\Tools\Binn\;C:\Program Files\Microsoft SQL Server\160\DTS\Binn\;C:\Program Files\Arduino PLC IDE Tools\;C:\Program Files\Docker\Docker\resources\bin;C:\Program Files\nodejs\;C:\ProgramData\chocolatey\bin;C:\xampp\php;C:\composer;C:\Program Files\Git\cmd;C:\Users\admoi\AppData\Local\Microsoft\WindowsApps;;D:\IntelliJ IDEA 2025.1.1.1\bin;;D:\Microsoft VS Code\bin;C:\Users\admoi\.dotnet\tools;C:\Users\admoi\AppData\Local\Programs\mongosh\;D:\Antigravity\bin;C:\Users\admoi\AppData\Roaming\npm;C:\Users\admoi\AppData\Roaming\Composer\vendor\bin;C:\Users\admoi\.local\bin;C:\flutter\flutter\bin;C:\flutter\flutter\bin;;C:\flutter\flutter\bin;C:\Program Files (x86)\NVIDIA Corporation\PhysX\Common;C:\Program Files\NVIDIA Corporation\NVIDIA App\NvDLISR;C:\Program Files (x86)\Microsoft SQL Server\160\DTS\Binn\;D:\bin;C:\Program Files (x86)\cloudflared\;C:\Program Files\Microsoft SQL Server\170\Tools\Binn\
USERNAME=admoi
OS=Windows_NT
PROCESSOR_IDENTIFIER=Intel64 Family 6 Model 154 Stepping 3, GenuineIntel
TMP=C:\Users\admoi\AppData\Local\Temp
TEMP=C:\Users\admoi\AppData\Local\Temp




Periodic native trim disabled

---------------  S Y S T E M  ---------------

OS:
 Windows 11 , 64 bit Build 26100 (10.0.26100.9168)
OS uptime: 0 days 2:42 hours
Hyper-V role detected

CPU: total 16 (initial active 16) (8 cores per cpu, 2 threads per core) family 6 model 154 stepping 3 microcode 0x435, cx8, cmov, fxsr, ht, mmx, 3dnowpref, sse, sse2, sse3, ssse3, sse4.1, sse4.2, popcnt, lzcnt, tsc, tscinvbit, avx, avx2, aes, erms, clmul, bmi1, bmi2, adx, sha, fma, vzeroupper, clflush, clflushopt, clwb, hv, serialize, rdtscp, rdpid, fsrm, f16c, cet_ibt, cet_ss
Processor Information for processor 0
  Max Mhz: 2500, Current Mhz: 2500, Mhz Limit: 2500
Processor Information for processor 1
  Max Mhz: 2500, Current Mhz: 2500, Mhz Limit: 2500
Processor Information for processor 2
  Max Mhz: 2500, Current Mhz: 2500, Mhz Limit: 2500
Processor Information for processor 3
  Max Mhz: 2500, Current Mhz: 2500, Mhz Limit: 2500
Processor Information for processor 4
  Max Mhz: 2500, Current Mhz: 2500, Mhz Limit: 2500
Processor Information for processor 5
  Max Mhz: 2500, Current Mhz: 2500, Mhz Limit: 2500
Processor Information for processor 6
  Max Mhz: 2500, Current Mhz: 2500, Mhz Limit: 2500
Processor Information for processor 7
  Max Mhz: 2500, Current Mhz: 2500, Mhz Limit: 2500
Processor Information for processor 8
  Max Mhz: 2500, Current Mhz: 1800, Mhz Limit: 1800
Processor Information for processor 9
  Max Mhz: 2500, Current Mhz: 1800, Mhz Limit: 1800
Processor Information for processor 10
  Max Mhz: 2500, Current Mhz: 1800, Mhz Limit: 1800
Processor Information for processor 11
  Max Mhz: 2500, Current Mhz: 1800, Mhz Limit: 1800
Processor Information for processor 12
  Max Mhz: 2500, Current Mhz: 1500, Mhz Limit: 1800
Processor Information for processor 13
  Max Mhz: 2500, Current Mhz: 1800, Mhz Limit: 1800
Processor Information for processor 14
  Max Mhz: 2500, Current Mhz: 1800, Mhz Limit: 1800
Processor Information for processor 15
  Max Mhz: 2500, Current Mhz: 1800, Mhz Limit: 1800

Memory: 4k page, system-wide physical 16051M (429M free)
TotalPageFile size 57324M (AvailPageFile size 279M)
current process WorkingSet (physical memory assigned to process): 220M, peak: 220M
current process commit charge ("private bytes"): 428M, peak: 428M

vm_info: OpenJDK 64-Bit Server VM (21.0.12.1+1-LTS) for windows-amd64 JRE (21.0.12.1+1-LTS), built on 2026-08-18T00:00:00Z by "admin" with MS VC++ 17.12 (VS2022)

END.
