#
# There is insufficient memory for the Java Runtime Environment to continue.
# Native memory allocation (malloc) failed to allocate 2408336 bytes. Error detail: Chunk::new
# Possible reasons:
#   The system is out of physical RAM or swap space
#   This process is running with CompressedOops enabled, and the Java Heap may be blocking the growth of the native heap
# Possible solutions:
#   Reduce memory load on the system
#   Increase physical memory or swap space
#   Check if swap backing store is full
#   Decrease Java heap size (-Xmx/-Xms)
#   Decrease number of Java threads
#   Decrease Java thread stack sizes (-Xss)
#   Set larger code cache with -XX:ReservedCodeCacheSize=
#   JVM is running with Unscaled Compressed Oops mode in which the Java heap is
#     placed in the first 4GB address space. The Java Heap base address is the
#     maximum limit for the native heap growth. Please use -XX:HeapBaseMinAddress
#     to set the Java Heap base and to place the Java Heap above 4GB virtual address.
# This output file may be truncated or incomplete.
#
#  Out of Memory Error (arena.cpp:168), pid=34724, tid=34820
#
# JRE version: OpenJDK Runtime Environment (21.0.9) (build 21.0.9+-14787801-b1163.94)
# Java VM: OpenJDK 64-Bit Server VM (21.0.9+-14787801-b1163.94, mixed mode, tiered, compressed oops, compressed class ptrs, g1 gc, windows-amd64)
# No core dump will be written. Minidumps are not enabled by default on client versions of Windows
#

---------------  S U M M A R Y ------------

Command Line: --add-opens=java.base/java.lang=ALL-UNNAMED --add-opens=java.base/java.lang.invoke=ALL-UNNAMED --add-opens=java.base/java.util=ALL-UNNAMED --add-opens=java.prefs/java.util.prefs=ALL-UNNAMED --add-exports=jdk.compiler/com.sun.tools.javac.api=ALL-UNNAMED --add-exports=jdk.compiler/com.sun.tools.javac.util=ALL-UNNAMED --add-opens=java.base/java.util=ALL-UNNAMED --add-opens=java.prefs/java.util.prefs=ALL-UNNAMED --add-opens=java.base/java.nio.charset=ALL-UNNAMED --add-opens=java.base/java.net=ALL-UNNAMED --add-opens=java.base/java.util.concurrent.atomic=ALL-UNNAMED --add-opens=java.xml/javax.xml.namespace=ALL-UNNAMED -Xmx1536m -Dfile.encoding=UTF-8 -Duser.country=US -Duser.language=en -Duser.variant -javaagent:C:\Users\admoi\.gradle\wrapper\dists\gradle-8.14.3-all\10utluxaxniiv4wxiphsi49nj\gradle-8.14.3\lib\agents\gradle-instrumentation-agent-8.14.3.jar org.gradle.launcher.daemon.bootstrap.GradleDaemon 8.14.3

Host: 12th Gen Intel(R) Core(TM) i5-12500H, 16 cores, 15G,  Windows 11 , 64 bit Build 26100 (10.0.26100.9444)
Time: Wed Sep  9 14:37:30 2026 SE Asia Standard Time elapsed time: 1043.357129 seconds (0d 0h 17m 23s)

---------------  T H R E A D  ---------------

Current thread (0x00000250f4ce0000):  JavaThread "C2 CompilerThread0" daemon [_thread_in_native, id=34820, stack(0x0000009739100000,0x0000009739200000) (1024K)]


Current CompileTask:
C2:1043358 10738       4       java.beans.MethodRef::set (58 bytes)

Stack: [0x0000009739100000,0x0000009739200000]
Native frames: (J=compiled Java code, j=interpreted, Vv=VM code, C=native code)
V  [jvm.dll+0x6d6c99]
V  [jvm.dll+0x866b83]
V  [jvm.dll+0x8691ae]
V  [jvm.dll+0x869893]
V  [jvm.dll+0x280776]
V  [jvm.dll+0xc07cd]
V  [jvm.dll+0xc0d03]
V  [jvm.dll+0x3b9831]
V  [jvm.dll+0x3856a7]
V  [jvm.dll+0x384b1a]
V  [jvm.dll+0x249462]
V  [jvm.dll+0x248a31]
V  [jvm.dll+0x1c7344]
V  [jvm.dll+0x2581ae]
V  [jvm.dll+0x2566f6]
V  [jvm.dll+0x3f48a6]
V  [jvm.dll+0x80f118]
V  [jvm.dll+0x6d54ed]
C  [ucrtbase.dll+0x2cd30]
C  [KERNEL32.DLL+0x2cd87]
C  [ntdll.dll+0xacaec]


---------------  P R O C E S S  ---------------

Threads class SMR info:
_java_thread_list=0x00000250fc095ba0, length=91, elements={
0x00000250dd3e6b80, 0x00000250f4cbe420, 0x00000250f4cc2520, 0x00000250f4cc3380,
0x00000250f4ce9a10, 0x00000250f4cea080, 0x00000250f4ceaae0, 0x00000250f4ceb540,
0x00000250f4ce0000, 0x00000250f4d02cc0, 0x00000250f5215270, 0x00000250fa6329f0,
0x00000250f4e8fa70, 0x00000250facfb030, 0x00000250fab917f0, 0x00000250f5795030,
0x00000250f53db150, 0x00000250f52b4bb0, 0x00000250f5269990, 0x00000250f5269300,
0x00000250f5268c70, 0x00000250f526a020, 0x00000250f526a6b0, 0x00000250f526b3d0,
0x00000250f575ddb0, 0x00000250f575e440, 0x00000250f575ead0, 0x00000250f575f160,
0x00000250f575f7f0, 0x00000250f575c370, 0x00000250f5760510, 0x00000250f575fe80,
0x00000250f5761230, 0x00000250f5763990, 0x00000250f57618c0, 0x00000250f5761f50,
0x00000250f57625e0, 0x00000250f5762c70, 0x00000250fb98fe30, 0x00000250fb991f00,
0x00000250fb992c20, 0x00000250fb9932b0, 0x00000250fb993940, 0x00000250fb9904c0,
0x00000250fb993fd0, 0x00000250fb997450, 0x00000250fb994660, 0x00000250fb995a10,
0x00000250fb994cf0, 0x00000250fb995380, 0x00000250fb9960a0, 0x00000250fb996730,
0x00000250fb996dc0, 0x00000250fc584090, 0x00000250fc583370, 0x00000250fc584720,
0x00000250fc583a00, 0x00000250fc586e80, 0x00000250fc585440, 0x00000250fc585ad0,
0x00000250fc588230, 0x00000250fc586160, 0x00000250fc5867f0, 0x00000250fc587510,
0x00000250fc587ba0, 0x00000250fc584db0, 0x00000250fc5888c0, 0x00000250fc589c70,
0x00000250fc58a300, 0x00000250fc588f50, 0x00000250fc58a990, 0x00000250fc5895e0,
0x00000250fd02d6f0, 0x00000250fd02dd80, 0x00000250fd02f7c0, 0x00000250fd02e410,
0x00000250fd02eaa0, 0x00000250fd02f130, 0x00000250fd02c340, 0x00000250fd02c9d0,
0x00000250fd02d060, 0x00000250fcabb0e0, 0x00000250fcab9d30, 0x00000250fcabaa50,
0x00000250fcabb770, 0x00000250fcab9010, 0x00000250fcabc490, 0x00000250fcab96a0,
0x00000250fcabbe00, 0x00000250fcaba3c0, 0x00000250f5763300
}

Java Threads: ( => current thread )
  0x00000250dd3e6b80 JavaThread "main"                              [_thread_blocked, id=6656, stack(0x0000009738200000,0x0000009738300000) (1024K)]
  0x00000250f4cbe420 JavaThread "Common-Cleaner"             daemon [_thread_blocked, id=34080, stack(0x0000009738a00000,0x0000009738b00000) (1024K)]
  0x00000250f4cc2520 JavaThread "Reference Handler"          daemon [_thread_blocked, id=28036, stack(0x0000009738b00000,0x0000009738c00000) (1024K)]
  0x00000250f4cc3380 JavaThread "Finalizer"                  daemon [_thread_blocked, id=34576, stack(0x0000009738c00000,0x0000009738d00000) (1024K)]
  0x00000250f4ce9a10 JavaThread "Signal Dispatcher"          daemon [_thread_blocked, id=33428, stack(0x0000009738d00000,0x0000009738e00000) (1024K)]
  0x00000250f4cea080 JavaThread "Attach Listener"            daemon [_thread_blocked, id=24400, stack(0x0000009738e00000,0x0000009738f00000) (1024K)]
  0x00000250f4ceaae0 JavaThread "Service Thread"             daemon [_thread_blocked, id=33840, stack(0x0000009738f00000,0x0000009739000000) (1024K)]
  0x00000250f4ceb540 JavaThread "Monitor Deflation Thread"   daemon [_thread_blocked, id=32060, stack(0x0000009739000000,0x0000009739100000) (1024K)]
=>0x00000250f4ce0000 JavaThread "C2 CompilerThread0"         daemon [_thread_in_native, id=34820, stack(0x0000009739100000,0x0000009739200000) (1024K)]
  0x00000250f4d02cc0 JavaThread "C1 CompilerThread0"         daemon [_thread_blocked, id=34824, stack(0x0000009739200000,0x0000009739300000) (1024K)]
  0x00000250f5215270 JavaThread "Notification Thread"        daemon [_thread_blocked, id=34848, stack(0x0000009739500000,0x0000009739600000) (1024K)]
  0x00000250fa6329f0 JavaThread "Daemon health stats"               [_thread_blocked, id=32972, stack(0x0000009739600000,0x0000009739700000) (1024K)]
  0x00000250f4e8fa70 JavaThread "Incoming local TCP Connector on port 63809"        [_thread_in_native, id=9192, stack(0x0000009739400000,0x0000009739500000) (1024K)]
  0x00000250facfb030 JavaThread "Daemon periodic checks"            [_thread_blocked, id=12932, stack(0x0000009739c00000,0x0000009739d00000) (1024K)]
  0x00000250fab917f0 JavaThread "Daemon"                            [_thread_blocked, id=23512, stack(0x0000009739d00000,0x0000009739e00000) (1024K)]
  0x00000250f5795030 JavaThread "Handler for socket connection from /127.0.0.1:63809 to /127.0.0.1:63810"        [_thread_in_native, id=3436, stack(0x0000009739e00000,0x0000009739f00000) (1024K)]
  0x00000250f53db150 JavaThread "Cancel handler"                    [_thread_blocked, id=24272, stack(0x0000009739f00000,0x000000973a000000) (1024K)]
  0x00000250f52b4bb0 JavaThread "Daemon worker"                     [_thread_in_vm, id=3988, stack(0x000000973a000000,0x000000973a100000) (1024K)]
  0x00000250f5269990 JavaThread "Asynchronous log dispatcher for DefaultDaemonConnection: socket connection from /127.0.0.1:63809 to /127.0.0.1:63810"        [_thread_blocked, id=19460, stack(0x000000973a100000,0x000000973a200000) (1024K)]
  0x00000250f5269300 JavaThread "Stdin handler"                     [_thread_blocked, id=34892, stack(0x000000973a200000,0x000000973a300000) (1024K)]
  0x00000250f5268c70 JavaThread "Daemon client event forwarder"        [_thread_blocked, id=7432, stack(0x000000973a300000,0x000000973a400000) (1024K)]
  0x00000250f526a020 JavaThread "Cache worker for journal cache (C:\Users\admoi\.gradle\caches\journal-1)"        [_thread_blocked, id=13908, stack(0x000000973ad00000,0x000000973ae00000) (1024K)]
  0x00000250f526a6b0 JavaThread "File lock request listener"        [_thread_in_native, id=2324, stack(0x000000973ae00000,0x000000973af00000) (1024K)]
  0x00000250f526b3d0 JavaThread "Cache worker for file hash cache (C:\Users\admoi\.gradle\caches\8.14.3\fileHashes)"        [_thread_blocked, id=12940, stack(0x000000973b000000,0x000000973b100000) (1024K)]
  0x00000250f575ddb0 JavaThread "Cache worker for file hash cache (D:\BankSystemApp\frontend\android\.gradle\8.14.3\fileHashes)"        [_thread_blocked, id=28992, stack(0x000000973b100000,0x000000973b200000) (1024K)]
  0x00000250f575e440 JavaThread "Cache worker for Build Output Cleanup Cache (D:\BankSystemApp\frontend\android\.gradle\buildOutputCleanup)"        [_thread_blocked, id=26216, stack(0x000000973b200000,0x000000973b300000) (1024K)]
  0x00000250f575ead0 JavaThread "File watcher server"        daemon [_thread_in_native, id=36056, stack(0x000000973b300000,0x000000973b400000) (1024K)]
  0x00000250f575f160 JavaThread "File watcher consumer"      daemon [_thread_blocked, id=36064, stack(0x000000973b400000,0x000000973b500000) (1024K)]
  0x00000250f575f7f0 JavaThread "jar transforms"                    [_thread_blocked, id=34828, stack(0x0000009738100000,0x0000009738200000) (1024K)]
  0x00000250f575c370 JavaThread "jar transforms Thread 2"           [_thread_blocked, id=3532, stack(0x0000009737f00000,0x0000009738000000) (1024K)]
  0x00000250f5760510 JavaThread "Cache worker for checksums cache (D:\BankSystemApp\frontend\android\.gradle\8.14.3\checksums)"        [_thread_blocked, id=32804, stack(0x0000009738000000,0x0000009738100000) (1024K)]
  0x00000250f575fe80 JavaThread "Cache worker for file content cache (C:\Users\admoi\.gradle\caches\8.14.3\fileContent)"        [_thread_blocked, id=31252, stack(0x0000009739300000,0x0000009739400000) (1024K)]
  0x00000250f5761230 JavaThread "jar transforms Thread 3"           [_thread_blocked, id=35132, stack(0x000000973b500000,0x000000973b600000) (1024K)]
  0x00000250f5763990 JavaThread "jar transforms Thread 4"           [_thread_blocked, id=47392, stack(0x000000973b800000,0x000000973b900000) (1024K)]
  0x00000250f57618c0 JavaThread "jar transforms Thread 5"           [_thread_blocked, id=50868, stack(0x000000973b900000,0x000000973ba00000) (1024K)]
  0x00000250f5761f50 JavaThread "jar transforms Thread 6"           [_thread_blocked, id=20728, stack(0x000000973ba00000,0x000000973bb00000) (1024K)]
  0x00000250f57625e0 JavaThread "Cache worker for cache directory md-supplier (C:\Users\admoi\.gradle\caches\8.14.3\md-supplier)"        [_thread_blocked, id=41100, stack(0x000000973bb00000,0x000000973bc00000) (1024K)]
  0x00000250f5762c70 JavaThread "Cache worker for cache directory md-rule (C:\Users\admoi\.gradle\caches\8.14.3\md-rule)"        [_thread_blocked, id=42024, stack(0x000000973bc00000,0x000000973bd00000) (1024K)]
  0x00000250fb98fe30 JavaThread "jar transforms Thread 7"           [_thread_blocked, id=45748, stack(0x000000973af00000,0x000000973b000000) (1024K)]
  0x00000250fb991f00 JavaThread "Unconstrained build operations"        [_thread_blocked, id=51908, stack(0x000000973bf00000,0x000000973c000000) (1024K)]
  0x00000250fb992c20 JavaThread "Unconstrained build operations Thread 2"        [_thread_blocked, id=23932, stack(0x000000973c000000,0x000000973c100000) (1024K)]
  0x00000250fb9932b0 JavaThread "Unconstrained build operations Thread 3"        [_thread_blocked, id=39580, stack(0x000000973c100000,0x000000973c200000) (1024K)]
  0x00000250fb993940 JavaThread "Unconstrained build operations Thread 4"        [_thread_blocked, id=21016, stack(0x000000973c200000,0x000000973c300000) (1024K)]
  0x00000250fb9904c0 JavaThread "Unconstrained build operations Thread 5"        [_thread_blocked, id=48864, stack(0x000000973c300000,0x000000973c400000) (1024K)]
  0x00000250fb993fd0 JavaThread "Unconstrained build operations Thread 6"        [_thread_blocked, id=25296, stack(0x000000973c400000,0x000000973c500000) (1024K)]
  0x00000250fb997450 JavaThread "Unconstrained build operations Thread 7"        [_thread_blocked, id=51696, stack(0x000000973c500000,0x000000973c600000) (1024K)]
  0x00000250fb994660 JavaThread "Unconstrained build operations Thread 8"        [_thread_blocked, id=20700, stack(0x000000973c600000,0x000000973c700000) (1024K)]
  0x00000250fb995a10 JavaThread "Unconstrained build operations Thread 9"        [_thread_blocked, id=44192, stack(0x000000973c700000,0x000000973c800000) (1024K)]
  0x00000250fb994cf0 JavaThread "Unconstrained build operations Thread 10"        [_thread_blocked, id=51424, stack(0x000000973c800000,0x000000973c900000) (1024K)]
  0x00000250fb995380 JavaThread "Unconstrained build operations Thread 11"        [_thread_blocked, id=51976, stack(0x000000973c900000,0x000000973ca00000) (1024K)]
  0x00000250fb9960a0 JavaThread "Unconstrained build operations Thread 12"        [_thread_blocked, id=40432, stack(0x000000973ca00000,0x000000973cb00000) (1024K)]
  0x00000250fb996730 JavaThread "Unconstrained build operations Thread 13"        [_thread_blocked, id=49668, stack(0x000000973cb00000,0x000000973cc00000) (1024K)]
  0x00000250fb996dc0 JavaThread "Unconstrained build operations Thread 14"        [_thread_blocked, id=16556, stack(0x000000973cc00000,0x000000973cd00000) (1024K)]
  0x00000250fc584090 JavaThread "Unconstrained build operations Thread 15"        [_thread_blocked, id=10924, stack(0x000000973cd00000,0x000000973ce00000) (1024K)]
  0x00000250fc583370 JavaThread "Unconstrained build operations Thread 16"        [_thread_blocked, id=52708, stack(0x000000973be00000,0x000000973bf00000) (1024K)]
  0x00000250fc584720 JavaThread "Unconstrained build operations Thread 17"        [_thread_blocked, id=52712, stack(0x000000973ce00000,0x000000973cf00000) (1024K)]
  0x00000250fc583a00 JavaThread "Unconstrained build operations Thread 18"        [_thread_blocked, id=52716, stack(0x000000973cf00000,0x000000973d000000) (1024K)]
  0x00000250fc586e80 JavaThread "Unconstrained build operations Thread 19"        [_thread_blocked, id=52724, stack(0x000000973d000000,0x000000973d100000) (1024K)]
  0x00000250fc585440 JavaThread "Unconstrained build operations Thread 20"        [_thread_blocked, id=52744, stack(0x000000973d200000,0x000000973d300000) (1024K)]
  0x00000250fc585ad0 JavaThread "Unconstrained build operations Thread 21"        [_thread_blocked, id=52748, stack(0x000000973d300000,0x000000973d400000) (1024K)]
  0x00000250fc588230 JavaThread "Unconstrained build operations Thread 22"        [_thread_blocked, id=52760, stack(0x000000973d400000,0x000000973d500000) (1024K)]
  0x00000250fc586160 JavaThread "Unconstrained build operations Thread 23"        [_thread_blocked, id=52764, stack(0x000000973d500000,0x000000973d600000) (1024K)]
  0x00000250fc5867f0 JavaThread "Unconstrained build operations Thread 24"        [_thread_blocked, id=52768, stack(0x000000973d600000,0x000000973d700000) (1024K)]
  0x00000250fc587510 JavaThread "Unconstrained build operations Thread 25"        [_thread_blocked, id=52772, stack(0x000000973d700000,0x000000973d800000) (1024K)]
  0x00000250fc587ba0 JavaThread "Unconstrained build operations Thread 26"        [_thread_blocked, id=52776, stack(0x000000973d800000,0x000000973d900000) (1024K)]
  0x00000250fc584db0 JavaThread "Unconstrained build operations Thread 27"        [_thread_blocked, id=52792, stack(0x000000973d900000,0x000000973da00000) (1024K)]
  0x00000250fc5888c0 JavaThread "Unconstrained build operations Thread 28"        [_thread_blocked, id=52796, stack(0x000000973da00000,0x000000973db00000) (1024K)]
  0x00000250fc589c70 JavaThread "Unconstrained build operations Thread 29"        [_thread_blocked, id=52800, stack(0x000000973db00000,0x000000973dc00000) (1024K)]
  0x00000250fc58a300 JavaThread "Unconstrained build operations Thread 30"        [_thread_blocked, id=52804, stack(0x000000973dc00000,0x000000973dd00000) (1024K)]
  0x00000250fc588f50 JavaThread "Unconstrained build operations Thread 31"        [_thread_blocked, id=53000, stack(0x000000973de00000,0x000000973df00000) (1024K)]
  0x00000250fc58a990 JavaThread "Unconstrained build operations Thread 32"        [_thread_blocked, id=53004, stack(0x000000973df00000,0x000000973e000000) (1024K)]
  0x00000250fc5895e0 JavaThread "Unconstrained build operations Thread 33"        [_thread_blocked, id=53008, stack(0x000000973e000000,0x000000973e100000) (1024K)]
  0x00000250fd02d6f0 JavaThread "Unconstrained build operations Thread 34"        [_thread_blocked, id=53012, stack(0x000000973e100000,0x000000973e200000) (1024K)]
  0x00000250fd02dd80 JavaThread "Unconstrained build operations Thread 35"        [_thread_blocked, id=53016, stack(0x000000973e200000,0x000000973e300000) (1024K)]
  0x00000250fd02f7c0 JavaThread "Unconstrained build operations Thread 36"        [_thread_blocked, id=53020, stack(0x000000973e300000,0x000000973e400000) (1024K)]
  0x00000250fd02e410 JavaThread "Unconstrained build operations Thread 37"        [_thread_blocked, id=53024, stack(0x000000973e400000,0x000000973e500000) (1024K)]
  0x00000250fd02eaa0 JavaThread "Unconstrained build operations Thread 38"        [_thread_blocked, id=53028, stack(0x000000973e500000,0x000000973e600000) (1024K)]
  0x00000250fd02f130 JavaThread "Unconstrained build operations Thread 39"        [_thread_blocked, id=53032, stack(0x000000973e600000,0x000000973e700000) (1024K)]
  0x00000250fd02c340 JavaThread "Unconstrained build operations Thread 40"        [_thread_blocked, id=53036, stack(0x000000973e700000,0x000000973e800000) (1024K)]
  0x00000250fd02c9d0 JavaThread "Unconstrained build operations Thread 41"        [_thread_blocked, id=53040, stack(0x000000973e800000,0x000000973e900000) (1024K)]
  0x00000250fd02d060 JavaThread "Unconstrained build operations Thread 42"        [_thread_blocked, id=53044, stack(0x000000973e900000,0x000000973ea00000) (1024K)]
  0x00000250fcabb0e0 JavaThread "Unconstrained build operations Thread 43"        [_thread_blocked, id=53048, stack(0x000000973ea00000,0x000000973eb00000) (1024K)]
  0x00000250fcab9d30 JavaThread "Unconstrained build operations Thread 44"        [_thread_blocked, id=53052, stack(0x000000973eb00000,0x000000973ec00000) (1024K)]
  0x00000250fcabaa50 JavaThread "Unconstrained build operations Thread 45"        [_thread_blocked, id=53064, stack(0x000000973ec00000,0x000000973ed00000) (1024K)]
  0x00000250fcabb770 JavaThread "jar transforms Thread 8"           [_thread_blocked, id=24248, stack(0x000000973b700000,0x000000973b800000) (1024K)]
  0x00000250fcab9010 JavaThread "jar transforms Thread 9"           [_thread_blocked, id=48312, stack(0x000000973bd00000,0x000000973be00000) (1024K)]
  0x00000250fcabc490 JavaThread "jar transforms Thread 10"          [_thread_blocked, id=47216, stack(0x000000973d100000,0x000000973d200000) (1024K)]
  0x00000250fcab96a0 JavaThread "jar transforms Thread 11"          [_thread_blocked, id=36536, stack(0x000000973dd00000,0x000000973de00000) (1024K)]
  0x00000250fcabbe00 JavaThread "File lock release action executor Thread 7"        [_thread_blocked, id=57944, stack(0x000000973b600000,0x000000973b700000) (1024K)]
  0x00000250fcaba3c0 JavaThread "jar transforms Thread 12"          [_thread_blocked, id=57504, stack(0x000000973ed00000,0x000000973ee00000) (1024K)]
  0x00000250f5763300 JavaThread "Memory manager"                    [_thread_blocked, id=52812, stack(0x000000973ee00000,0x000000973ef00000) (1024K)]
Total: 91

Other Threads:
  0x00000250f464e420 VMThread "VM Thread"                           [id=33388, stack(0x0000009738900000,0x0000009738a00000) (1024K)]
  0x00000250f4c219e0 WatcherThread "VM Periodic Task Thread"        [id=18112, stack(0x0000009738800000,0x0000009738900000) (1024K)]
  0x00000250dd42ea40 WorkerThread "GC Thread#0"                     [id=27948, stack(0x0000009738300000,0x0000009738400000) (1024K)]
  0x00000250f5516f80 WorkerThread "GC Thread#1"                     [id=34904, stack(0x0000009739700000,0x0000009739800000) (1024K)]
  0x00000250f5517320 WorkerThread "GC Thread#2"                     [id=34908, stack(0x0000009739800000,0x0000009739900000) (1024K)]
  0x00000250f53c8700 WorkerThread "GC Thread#3"                     [id=34912, stack(0x0000009739900000,0x0000009739a00000) (1024K)]
  0x00000250f53c8aa0 WorkerThread "GC Thread#4"                     [id=34916, stack(0x0000009739a00000,0x0000009739b00000) (1024K)]
  0x00000250f53c8e40 WorkerThread "GC Thread#5"                     [id=34920, stack(0x0000009739b00000,0x0000009739c00000) (1024K)]
  0x00000250f53e0bf0 WorkerThread "GC Thread#6"                     [id=13652, stack(0x000000973a400000,0x000000973a500000) (1024K)]
  0x00000250f56f6ce0 WorkerThread "GC Thread#7"                     [id=35060, stack(0x000000973a500000,0x000000973a600000) (1024K)]
  0x00000250f56f7080 WorkerThread "GC Thread#8"                     [id=35020, stack(0x000000973a600000,0x000000973a700000) (1024K)]
  0x00000250f56f7420 WorkerThread "GC Thread#9"                     [id=35024, stack(0x000000973a700000,0x000000973a800000) (1024K)]
  0x00000250f52636d0 WorkerThread "GC Thread#10"                    [id=35028, stack(0x000000973a800000,0x000000973a900000) (1024K)]
  0x00000250f5263e10 WorkerThread "GC Thread#11"                    [id=35000, stack(0x000000973a900000,0x000000973aa00000) (1024K)]
  0x00000250f5263a70 WorkerThread "GC Thread#12"                    [id=35044, stack(0x000000973aa00000,0x000000973ab00000) (1024K)]
  0x00000250dd43b930 ConcurrentGCThread "G1 Main Marker"            [id=32012, stack(0x0000009738400000,0x0000009738500000) (1024K)]
  0x00000250dd43cb50 WorkerThread "G1 Conc#0"                       [id=30256, stack(0x0000009738500000,0x0000009738600000) (1024K)]
  0x00000250f5263330 WorkerThread "G1 Conc#1"                       [id=35048, stack(0x000000973ab00000,0x000000973ac00000) (1024K)]
  0x00000250f52641b0 WorkerThread "G1 Conc#2"                       [id=35052, stack(0x000000973ac00000,0x000000973ad00000) (1024K)]
  0x00000250f4559480 ConcurrentGCThread "G1 Refine#0"               [id=27424, stack(0x0000009738600000,0x0000009738700000) (1024K)]
  0x00000250f4559ca0 ConcurrentGCThread "G1 Service"                [id=27392, stack(0x0000009738700000,0x0000009738800000) (1024K)]
Total: 21

Threads with active compile tasks:
C2 CompilerThread0  1043538 10738       4       java.beans.MethodRef::set (58 bytes)
Total: 1

VM state: not at safepoint (normal execution)

VM Mutex/Monitor currently owned by a thread: None

Heap address: 0x00000000a0000000, size: 1536 MB, Compressed Oops mode: 32-bit

CDS archive(s) not mapped
Compressed class space mapped at: 0x0000000100000000-0x0000000140000000, reserved size: 1073741824
Narrow klass base: 0x0000000000000000, Narrow klass shift: 3, Narrow klass range: 0x140000000

GC Precious Log:
 CardTable entry size: 512
 Card Set container configuration: InlinePtr #cards 5 size 8 Array Of Cards #cards 12 size 40 Howl #buckets 4 coarsen threshold 1843 Howl Bitmap #cards 512 size 80 coarsen threshold 460 Card regions per heap region 1 cards per card region 2048
 CPUs: 16 total, 16 available
 Memory: 16051M
 Large Page Support: Disabled
 NUMA Support: Disabled
 Compressed Oops: Enabled (32-bit)
 Heap Region Size: 1M
 Heap Min Capacity: 8M
 Heap Initial Capacity: 252M
 Heap Max Capacity: 1536M
 Pre-touch: Disabled
 Parallel Workers: 13
 Concurrent Workers: 3
 Concurrent Refinement Workers: 13
 Periodic GC: Disabled

Heap:
 garbage-first heap   total 117760K, used 75450K [0x00000000a0000000, 0x0000000100000000)
  region size 1024K, 9 young (9216K), 3 survivors (3072K)
 Metaspace       used 79219K, committed 81024K, reserved 1179648K
  class space    used 10859K, committed 11712K, reserved 1048576K

Heap Regions: E=young(eden), S=young(survivor), O=old, HS=humongous(starts), HC=humongous(continues), CS=collection set, F=free, TAMS=top-at-mark-start, PB=parsable bottom
|   0|0x00000000a0000000, 0x00000000a0100000, 0x00000000a0100000|100%|HS|  |TAMS 0x00000000a0000000| PB 0x00000000a0000000| Complete 
|   1|0x00000000a0100000, 0x00000000a0200000, 0x00000000a0200000|100%|HC|  |TAMS 0x00000000a0100000| PB 0x00000000a0100000| Complete 
|   2|0x00000000a0200000, 0x00000000a0300000, 0x00000000a0300000|100%|HC|  |TAMS 0x00000000a0200000| PB 0x00000000a0200000| Complete 
|   3|0x00000000a0300000, 0x00000000a0400000, 0x00000000a0400000|100%| O|  |TAMS 0x00000000a0300000| PB 0x00000000a0300000| Untracked 
|   4|0x00000000a0400000, 0x00000000a0500000, 0x00000000a0500000|100%| O|  |TAMS 0x00000000a0400000| PB 0x00000000a0400000| Untracked 
|   5|0x00000000a0500000, 0x00000000a0600000, 0x00000000a0600000|100%| O|  |TAMS 0x00000000a0500000| PB 0x00000000a0500000| Untracked 
|   6|0x00000000a0600000, 0x00000000a0700000, 0x00000000a0700000|100%|HS|  |TAMS 0x00000000a0600000| PB 0x00000000a0600000| Complete 
|   7|0x00000000a0700000, 0x00000000a0800000, 0x00000000a0800000|100%| O|  |TAMS 0x00000000a0700000| PB 0x00000000a0700000| Untracked 
|   8|0x00000000a0800000, 0x00000000a0900000, 0x00000000a0900000|100%| O|  |TAMS 0x00000000a0800000| PB 0x00000000a0800000| Untracked 
|   9|0x00000000a0900000, 0x00000000a0a00000, 0x00000000a0a00000|100%| O|  |TAMS 0x00000000a0900000| PB 0x00000000a0900000| Untracked 
|  10|0x00000000a0a00000, 0x00000000a0b00000, 0x00000000a0b00000|100%| O|  |TAMS 0x00000000a0a00000| PB 0x00000000a0a00000| Untracked 
|  11|0x00000000a0b00000, 0x00000000a0c00000, 0x00000000a0c00000|100%| O|  |TAMS 0x00000000a0b00000| PB 0x00000000a0b00000| Untracked 
|  12|0x00000000a0c00000, 0x00000000a0d00000, 0x00000000a0d00000|100%| O|  |TAMS 0x00000000a0c00000| PB 0x00000000a0c00000| Untracked 
|  13|0x00000000a0d00000, 0x00000000a0e00000, 0x00000000a0e00000|100%| O|  |TAMS 0x00000000a0d00000| PB 0x00000000a0d00000| Untracked 
|  14|0x00000000a0e00000, 0x00000000a0f00000, 0x00000000a0f00000|100%| O|  |TAMS 0x00000000a0e00000| PB 0x00000000a0e00000| Untracked 
|  15|0x00000000a0f00000, 0x00000000a1000000, 0x00000000a1000000|100%| O|  |TAMS 0x00000000a0f00000| PB 0x00000000a0f00000| Untracked 
|  16|0x00000000a1000000, 0x00000000a1000000, 0x00000000a1100000|  0%| F|  |TAMS 0x00000000a1000000| PB 0x00000000a1000000| Untracked 
|  17|0x00000000a1100000, 0x00000000a1200000, 0x00000000a1200000|100%| O|  |TAMS 0x00000000a1100000| PB 0x00000000a1100000| Untracked 
|  18|0x00000000a1200000, 0x00000000a1300000, 0x00000000a1300000|100%| O|  |TAMS 0x00000000a1200000| PB 0x00000000a1200000| Untracked 
|  19|0x00000000a1300000, 0x00000000a1400000, 0x00000000a1400000|100%| O|  |TAMS 0x00000000a1300000| PB 0x00000000a1300000| Untracked 
|  20|0x00000000a1400000, 0x00000000a1500000, 0x00000000a1500000|100%| O|  |TAMS 0x00000000a1400000| PB 0x00000000a1400000| Untracked 
|  21|0x00000000a1500000, 0x00000000a1600000, 0x00000000a1600000|100%| O|  |TAMS 0x00000000a1500000| PB 0x00000000a1500000| Untracked 
|  22|0x00000000a1600000, 0x00000000a1700000, 0x00000000a1700000|100%| O|  |TAMS 0x00000000a1600000| PB 0x00000000a1600000| Untracked 
|  23|0x00000000a1700000, 0x00000000a1800000, 0x00000000a1800000|100%| O|  |TAMS 0x00000000a1700000| PB 0x00000000a1700000| Untracked 
|  24|0x00000000a1800000, 0x00000000a1900000, 0x00000000a1900000|100%| O|  |TAMS 0x00000000a1800000| PB 0x00000000a1800000| Untracked 
|  25|0x00000000a1900000, 0x00000000a1a00000, 0x00000000a1a00000|100%| O|  |TAMS 0x00000000a1900000| PB 0x00000000a1900000| Untracked 
|  26|0x00000000a1a00000, 0x00000000a1b00000, 0x00000000a1b00000|100%| O|  |TAMS 0x00000000a1a00000| PB 0x00000000a1a00000| Untracked 
|  27|0x00000000a1b00000, 0x00000000a1c00000, 0x00000000a1c00000|100%| O|  |TAMS 0x00000000a1b00000| PB 0x00000000a1b00000| Untracked 
|  28|0x00000000a1c00000, 0x00000000a1d00000, 0x00000000a1d00000|100%| O|  |TAMS 0x00000000a1c00000| PB 0x00000000a1c00000| Untracked 
|  29|0x00000000a1d00000, 0x00000000a1e00000, 0x00000000a1e00000|100%| O|  |TAMS 0x00000000a1d00000| PB 0x00000000a1d00000| Untracked 
|  30|0x00000000a1e00000, 0x00000000a1f00000, 0x00000000a1f00000|100%| O|  |TAMS 0x00000000a1e00000| PB 0x00000000a1e00000| Untracked 
|  31|0x00000000a1f00000, 0x00000000a2000000, 0x00000000a2000000|100%| O|  |TAMS 0x00000000a1f00000| PB 0x00000000a1f00000| Untracked 
|  32|0x00000000a2000000, 0x00000000a2100000, 0x00000000a2100000|100%| O|  |TAMS 0x00000000a2000000| PB 0x00000000a2000000| Untracked 
|  33|0x00000000a2100000, 0x00000000a2200000, 0x00000000a2200000|100%|HS|  |TAMS 0x00000000a2100000| PB 0x00000000a2100000| Complete 
|  34|0x00000000a2200000, 0x00000000a2300000, 0x00000000a2300000|100%|HS|  |TAMS 0x00000000a2200000| PB 0x00000000a2200000| Complete 
|  35|0x00000000a2300000, 0x00000000a2400000, 0x00000000a2400000|100%|HS|  |TAMS 0x00000000a2300000| PB 0x00000000a2300000| Complete 
|  36|0x00000000a2400000, 0x00000000a2500000, 0x00000000a2500000|100%|HS|  |TAMS 0x00000000a2400000| PB 0x00000000a2400000| Complete 
|  37|0x00000000a2500000, 0x00000000a2600000, 0x00000000a2600000|100%| O|  |TAMS 0x00000000a2500000| PB 0x00000000a2500000| Untracked 
|  38|0x00000000a2600000, 0x00000000a2700000, 0x00000000a2700000|100%| O|  |TAMS 0x00000000a2600000| PB 0x00000000a2600000| Untracked 
|  39|0x00000000a2700000, 0x00000000a2800000, 0x00000000a2800000|100%| O|  |TAMS 0x00000000a2700000| PB 0x00000000a2700000| Untracked 
|  40|0x00000000a2800000, 0x00000000a2900000, 0x00000000a2900000|100%| O|  |TAMS 0x00000000a2800000| PB 0x00000000a2800000| Untracked 
|  41|0x00000000a2900000, 0x00000000a2a00000, 0x00000000a2a00000|100%| O|  |TAMS 0x00000000a2900000| PB 0x00000000a2900000| Untracked 
|  42|0x00000000a2a00000, 0x00000000a2b00000, 0x00000000a2b00000|100%| O|  |TAMS 0x00000000a2a00000| PB 0x00000000a2a00000| Untracked 
|  43|0x00000000a2b00000, 0x00000000a2c00000, 0x00000000a2c00000|100%| O|  |TAMS 0x00000000a2b00000| PB 0x00000000a2b00000| Untracked 
|  44|0x00000000a2c00000, 0x00000000a2d00000, 0x00000000a2d00000|100%| O|  |TAMS 0x00000000a2c00000| PB 0x00000000a2c00000| Untracked 
|  45|0x00000000a2d00000, 0x00000000a2e00000, 0x00000000a2e00000|100%| O|  |TAMS 0x00000000a2d00000| PB 0x00000000a2d00000| Untracked 
|  46|0x00000000a2e00000, 0x00000000a2f00000, 0x00000000a2f00000|100%|HS|  |TAMS 0x00000000a2e00000| PB 0x00000000a2e00000| Complete 
|  47|0x00000000a2f00000, 0x00000000a3000000, 0x00000000a3000000|100%| O|  |TAMS 0x00000000a2f00000| PB 0x00000000a2f00000| Untracked 
|  48|0x00000000a3000000, 0x00000000a3100000, 0x00000000a3100000|100%| O|  |TAMS 0x00000000a3000000| PB 0x00000000a3000000| Untracked 
|  49|0x00000000a3100000, 0x00000000a314a8f8, 0x00000000a3200000| 29%| O|  |TAMS 0x00000000a3100000| PB 0x00000000a3100000| Untracked 
|  50|0x00000000a3200000, 0x00000000a3300000, 0x00000000a3300000|100%|HS|  |TAMS 0x00000000a3200000| PB 0x00000000a3200000| Complete 
|  51|0x00000000a3300000, 0x00000000a3400000, 0x00000000a3400000|100%| O|  |TAMS 0x00000000a3300000| PB 0x00000000a3300000| Untracked 
|  52|0x00000000a3400000, 0x00000000a3500000, 0x00000000a3500000|100%| O|  |TAMS 0x00000000a3400000| PB 0x00000000a3400000| Untracked 
|  53|0x00000000a3500000, 0x00000000a3600000, 0x00000000a3600000|100%| O|  |TAMS 0x00000000a3500000| PB 0x00000000a3500000| Untracked 
|  54|0x00000000a3600000, 0x00000000a3700000, 0x00000000a3700000|100%| O|  |TAMS 0x00000000a3600000| PB 0x00000000a3600000| Untracked 
|  55|0x00000000a3700000, 0x00000000a3800000, 0x00000000a3800000|100%| O|  |TAMS 0x00000000a3700000| PB 0x00000000a3700000| Untracked 
|  56|0x00000000a3800000, 0x00000000a3900000, 0x00000000a3900000|100%| O|  |TAMS 0x00000000a3800000| PB 0x00000000a3800000| Untracked 
|  57|0x00000000a3900000, 0x00000000a3a00000, 0x00000000a3a00000|100%|HS|  |TAMS 0x00000000a3900000| PB 0x00000000a3900000| Complete 
|  58|0x00000000a3a00000, 0x00000000a3b00000, 0x00000000a3b00000|100%| O|  |TAMS 0x00000000a3a00000| PB 0x00000000a3a00000| Untracked 
|  59|0x00000000a3b00000, 0x00000000a3c00000, 0x00000000a3c00000|100%| O|  |TAMS 0x00000000a3b00000| PB 0x00000000a3b00000| Untracked 
|  60|0x00000000a3c00000, 0x00000000a3d00000, 0x00000000a3d00000|100%| O|  |TAMS 0x00000000a3c00000| PB 0x00000000a3c00000| Untracked 
|  61|0x00000000a3d00000, 0x00000000a3d00000, 0x00000000a3e00000|  0%| F|  |TAMS 0x00000000a3d00000| PB 0x00000000a3d00000| Untracked 
|  62|0x00000000a3e00000, 0x00000000a3e00000, 0x00000000a3f00000|  0%| F|  |TAMS 0x00000000a3e00000| PB 0x00000000a3e00000| Untracked 
|  63|0x00000000a3f00000, 0x00000000a3f00000, 0x00000000a4000000|  0%| F|  |TAMS 0x00000000a3f00000| PB 0x00000000a3f00000| Untracked 
|  64|0x00000000a4000000, 0x00000000a4000000, 0x00000000a4100000|  0%| F|  |TAMS 0x00000000a4000000| PB 0x00000000a4000000| Untracked 
|  65|0x00000000a4100000, 0x00000000a4100000, 0x00000000a4200000|  0%| F|  |TAMS 0x00000000a4100000| PB 0x00000000a4100000| Untracked 
|  66|0x00000000a4200000, 0x00000000a4200000, 0x00000000a4300000|  0%| F|  |TAMS 0x00000000a4200000| PB 0x00000000a4200000| Untracked 
|  67|0x00000000a4300000, 0x00000000a4300000, 0x00000000a4400000|  0%| F|  |TAMS 0x00000000a4300000| PB 0x00000000a4300000| Untracked 
|  68|0x00000000a4400000, 0x00000000a4400000, 0x00000000a4500000|  0%| F|  |TAMS 0x00000000a4400000| PB 0x00000000a4400000| Untracked 
|  69|0x00000000a4500000, 0x00000000a4500000, 0x00000000a4600000|  0%| F|  |TAMS 0x00000000a4500000| PB 0x00000000a4500000| Untracked 
|  70|0x00000000a4600000, 0x00000000a4600000, 0x00000000a4700000|  0%| F|  |TAMS 0x00000000a4600000| PB 0x00000000a4600000| Untracked 
|  71|0x00000000a4700000, 0x00000000a4700000, 0x00000000a4800000|  0%| F|  |TAMS 0x00000000a4700000| PB 0x00000000a4700000| Untracked 
|  72|0x00000000a4800000, 0x00000000a48640c0, 0x00000000a4900000| 39%| S|CS|TAMS 0x00000000a4800000| PB 0x00000000a4800000| Complete 
|  73|0x00000000a4900000, 0x00000000a4a00000, 0x00000000a4a00000|100%| S|CS|TAMS 0x00000000a4900000| PB 0x00000000a4900000| Complete 
|  74|0x00000000a4a00000, 0x00000000a4b00000, 0x00000000a4b00000|100%| S|CS|TAMS 0x00000000a4a00000| PB 0x00000000a4a00000| Complete 
|  75|0x00000000a4b00000, 0x00000000a4b00000, 0x00000000a4c00000|  0%| F|  |TAMS 0x00000000a4b00000| PB 0x00000000a4b00000| Untracked 
|  76|0x00000000a4c00000, 0x00000000a4c00000, 0x00000000a4d00000|  0%| F|  |TAMS 0x00000000a4c00000| PB 0x00000000a4c00000| Untracked 
|  77|0x00000000a4d00000, 0x00000000a4d00000, 0x00000000a4e00000|  0%| F|  |TAMS 0x00000000a4d00000| PB 0x00000000a4d00000| Untracked 
|  78|0x00000000a4e00000, 0x00000000a4e00000, 0x00000000a4f00000|  0%| F|  |TAMS 0x00000000a4e00000| PB 0x00000000a4e00000| Untracked 
|  79|0x00000000a4f00000, 0x00000000a4f00000, 0x00000000a5000000|  0%| F|  |TAMS 0x00000000a4f00000| PB 0x00000000a4f00000| Untracked 
|  80|0x00000000a5000000, 0x00000000a5000000, 0x00000000a5100000|  0%| F|  |TAMS 0x00000000a5000000| PB 0x00000000a5000000| Untracked 
|  81|0x00000000a5100000, 0x00000000a5100000, 0x00000000a5200000|  0%| F|  |TAMS 0x00000000a5100000| PB 0x00000000a5100000| Untracked 
|  82|0x00000000a5200000, 0x00000000a5200000, 0x00000000a5300000|  0%| F|  |TAMS 0x00000000a5200000| PB 0x00000000a5200000| Untracked 
|  83|0x00000000a5300000, 0x00000000a5300000, 0x00000000a5400000|  0%| F|  |TAMS 0x00000000a5300000| PB 0x00000000a5300000| Untracked 
|  84|0x00000000a5400000, 0x00000000a5400000, 0x00000000a5500000|  0%| F|  |TAMS 0x00000000a5400000| PB 0x00000000a5400000| Untracked 
|  85|0x00000000a5500000, 0x00000000a5500000, 0x00000000a5600000|  0%| F|  |TAMS 0x00000000a5500000| PB 0x00000000a5500000| Untracked 
|  86|0x00000000a5600000, 0x00000000a5600000, 0x00000000a5700000|  0%| F|  |TAMS 0x00000000a5600000| PB 0x00000000a5600000| Untracked 
|  87|0x00000000a5700000, 0x00000000a5700000, 0x00000000a5800000|  0%| F|  |TAMS 0x00000000a5700000| PB 0x00000000a5700000| Untracked 
|  88|0x00000000a5800000, 0x00000000a5800000, 0x00000000a5900000|  0%| F|  |TAMS 0x00000000a5800000| PB 0x00000000a5800000| Untracked 
|  89|0x00000000a5900000, 0x00000000a5900000, 0x00000000a5a00000|  0%| F|  |TAMS 0x00000000a5900000| PB 0x00000000a5900000| Untracked 
|  90|0x00000000a5a00000, 0x00000000a5a00000, 0x00000000a5b00000|  0%| F|  |TAMS 0x00000000a5a00000| PB 0x00000000a5a00000| Untracked 
|  91|0x00000000a5b00000, 0x00000000a5b00000, 0x00000000a5c00000|  0%| F|  |TAMS 0x00000000a5b00000| PB 0x00000000a5b00000| Untracked 
|  92|0x00000000a5c00000, 0x00000000a5c00000, 0x00000000a5d00000|  0%| F|  |TAMS 0x00000000a5c00000| PB 0x00000000a5c00000| Untracked 
|  93|0x00000000a5d00000, 0x00000000a5d00000, 0x00000000a5e00000|  0%| F|  |TAMS 0x00000000a5d00000| PB 0x00000000a5d00000| Untracked 
|  94|0x00000000a5e00000, 0x00000000a5e00000, 0x00000000a5f00000|  0%| F|  |TAMS 0x00000000a5e00000| PB 0x00000000a5e00000| Untracked 
|  95|0x00000000a5f00000, 0x00000000a5f00000, 0x00000000a6000000|  0%| F|  |TAMS 0x00000000a5f00000| PB 0x00000000a5f00000| Untracked 
|  96|0x00000000a6000000, 0x00000000a6000000, 0x00000000a6100000|  0%| F|  |TAMS 0x00000000a6000000| PB 0x00000000a6000000| Untracked 
|  97|0x00000000a6100000, 0x00000000a6100000, 0x00000000a6200000|  0%| F|  |TAMS 0x00000000a6100000| PB 0x00000000a6100000| Untracked 
|  98|0x00000000a6200000, 0x00000000a6200000, 0x00000000a6300000|  0%| F|  |TAMS 0x00000000a6200000| PB 0x00000000a6200000| Untracked 
|  99|0x00000000a6300000, 0x00000000a6300000, 0x00000000a6400000|  0%| F|  |TAMS 0x00000000a6300000| PB 0x00000000a6300000| Untracked 
| 100|0x00000000a6400000, 0x00000000a6400000, 0x00000000a6500000|  0%| F|  |TAMS 0x00000000a6400000| PB 0x00000000a6400000| Untracked 
| 101|0x00000000a6500000, 0x00000000a6583228, 0x00000000a6600000| 51%| E|  |TAMS 0x00000000a6500000| PB 0x00000000a6500000| Complete 
| 102|0x00000000a6600000, 0x00000000a6700000, 0x00000000a6700000|100%| E|CS|TAMS 0x00000000a6600000| PB 0x00000000a6600000| Complete 
| 103|0x00000000a6700000, 0x00000000a6800000, 0x00000000a6800000|100%| E|CS|TAMS 0x00000000a6700000| PB 0x00000000a6700000| Complete 
| 104|0x00000000a6800000, 0x00000000a6900000, 0x00000000a6900000|100%| E|CS|TAMS 0x00000000a6800000| PB 0x00000000a6800000| Complete 
| 250|0x00000000afa00000, 0x00000000afb00000, 0x00000000afb00000|100%| E|CS|TAMS 0x00000000afa00000| PB 0x00000000afa00000| Complete 
| 251|0x00000000afb00000, 0x00000000afc00000, 0x00000000afc00000|100%| E|  |TAMS 0x00000000afb00000| PB 0x00000000afb00000| Complete 
|1528|0x00000000ff800000, 0x00000000ff900000, 0x00000000ff900000|100%| O|  |TAMS 0x00000000ff800000| PB 0x00000000ff800000| Untracked 
|1529|0x00000000ff900000, 0x00000000ffa00000, 0x00000000ffa00000|100%| O|  |TAMS 0x00000000ff900000| PB 0x00000000ff900000| Untracked 
|1530|0x00000000ffa00000, 0x00000000ffb00000, 0x00000000ffb00000|100%| O|  |TAMS 0x00000000ffa00000| PB 0x00000000ffa00000| Untracked 
|1531|0x00000000ffb00000, 0x00000000ffc00000, 0x00000000ffc00000|100%| O|  |TAMS 0x00000000ffb00000| PB 0x00000000ffb00000| Untracked 
|1532|0x00000000ffc00000, 0x00000000ffd00000, 0x00000000ffd00000|100%| O|  |TAMS 0x00000000ffc00000| PB 0x00000000ffc00000| Untracked 
|1533|0x00000000ffd00000, 0x00000000ffe00000, 0x00000000ffe00000|100%| O|  |TAMS 0x00000000ffd00000| PB 0x00000000ffd00000| Untracked 
|1534|0x00000000ffe00000, 0x00000000fff00000, 0x00000000fff00000|100%| O|  |TAMS 0x00000000ffe00000| PB 0x00000000ffe00000| Untracked 
|1535|0x00000000fff00000, 0x0000000100000000, 0x0000000100000000|100%| O|  |TAMS 0x00000000fff00000| PB 0x00000000fff00000| Untracked 

Card table byte_map: [0x00000250f00d0000,0x00000250f03d0000] _byte_map_base: 0x00000250efbd0000

Marking Bits: (CMBitMap*) 0x00000250dd42f050
 Bits: [0x00000250f03d0000, 0x00000250f1bd0000)

Polling page: 0x00000250db190000

Metaspace:

Usage:
  Non-class:     66.76 MB used.
      Class:     10.60 MB used.
       Both:     77.36 MB used.

Virtual space:
  Non-class space:      128.00 MB reserved,      67.69 MB ( 53%) committed,  2 nodes.
      Class space:        1.00 GB reserved,      11.44 MB (  1%) committed,  1 nodes.
             Both:        1.12 GB reserved,      79.12 MB (  7%) committed. 

Chunk freelists:
   Non-Class:  12.02 MB
       Class:  4.44 MB
        Both:  16.45 MB

MaxMetaspaceSize: unlimited
CompressedClassSpaceSize: 1.00 GB
Initial GC threshold: 21.00 MB
Current GC threshold: 123.75 MB
CDS: off
 - commit_granule_bytes: 65536.
 - commit_granule_words: 8192.
 - virtual_space_node_default_size: 8388608.
 - enlarge_chunks_in_place: 1.
 - use_allocation_guard: 0.


Internal statistics:

num_allocs_failed_limit: 9.
num_arena_births: 3456.
num_arena_deaths: 0.
num_vsnodes_births: 3.
num_vsnodes_deaths: 0.
num_space_committed: 1266.
num_space_uncommitted: 0.
num_chunks_returned_to_freelist: 9.
num_chunks_taken_from_freelist: 6725.
num_chunk_merges: 9.
num_chunk_splits: 4369.
num_chunks_enlarged: 2684.
num_inconsistent_stats: 0.

CodeHeap 'non-profiled nmethods': size=119168Kb used=5674Kb max_used=5674Kb free=113493Kb
 bounds [0x00000250e80e0000, 0x00000250e8670000, 0x00000250ef540000]
CodeHeap 'profiled nmethods': size=119104Kb used=15297Kb max_used=16327Kb free=103806Kb
 bounds [0x00000250e0540000, 0x00000250e1540000, 0x00000250e7990000]
CodeHeap 'non-nmethods': size=7488Kb used=2613Kb max_used=4297Kb free=4874Kb
 bounds [0x00000250e7990000, 0x00000250e7e30000, 0x00000250e80e0000]
CodeCache: size=245760Kb, used=23584Kb, max_used=26298Kb, free=222173Kb
 total_blobs=9166, nmethods=8261, adapters=809, full_count=0
Compilation: enabled, stopped_count=0, restarted_count=0

Compilation events (20 events):
Event: 1042.989 Thread 0x00000250f4d02cc0 10739       3       com.sun.beans.util.Cache$CacheEntry::matches (53 bytes)
Event: 1042.990 Thread 0x00000250f4d02cc0 nmethod 10739 0x00000250e0a19a90 code [0x00000250e0a19c80, 0x00000250e0a1a0f8]
Event: 1042.993 Thread 0x00000250f4ce0000 nmethod 10737 0x00000250e8668390 code [0x00000250e8668540, 0x00000250e86688e0]
Event: 1042.993 Thread 0x00000250f4ce0000 10738       4       java.beans.MethodRef::set (58 bytes)
Event: 1043.043 Thread 0x00000250f4d02cc0 10741       3       java.beans.FeatureDescriptor::<init> (69 bytes)
Event: 1043.045 Thread 0x00000250f4d02cc0 nmethod 10741 0x00000250e0a18e90 code [0x00000250e0a190c0, 0x00000250e0a19838]
Event: 1043.047 Thread 0x00000250f4d02cc0 10743   !   3       java.beans.PropertyDescriptor::<init> (349 bytes)
Event: 1043.056 Thread 0x00000250f4d02cc0 nmethod 10743 0x00000250e0a5fa90 code [0x00000250e0a602a0, 0x00000250e0a65108]
Event: 1043.056 Thread 0x00000250f4d02cc0 10744       3       java.beans.PropertyDescriptor::isAssignable (148 bytes)
Event: 1043.060 Thread 0x00000250f4d02cc0 nmethod 10744 0x00000250e0a53390 code [0x00000250e0a53a00, 0x00000250e0a56ce0]
Event: 1043.060 Thread 0x00000250f4d02cc0 10745       3       java.beans.PropertyDescriptor::setPropertyEditorClass (9 bytes)
Event: 1043.060 Thread 0x00000250f4d02cc0 nmethod 10745 0x00000250e0a5f210 code [0x00000250e0a5f3e0, 0x00000250e0a5f760]
Event: 1043.060 Thread 0x00000250f4d02cc0 10746  s    3       java.beans.PropertyDescriptor::setReadMethod (22 bytes)
Event: 1043.061 Thread 0x00000250f4d02cc0 nmethod 10746 0x00000250e0a18490 code [0x00000250e0a186a0, 0x00000250e0a18c40]
Event: 1043.061 Thread 0x00000250f4d02cc0 10747  s    3       java.beans.PropertyDescriptor::setWriteMethod (19 bytes)
Event: 1043.061 Thread 0x00000250f4d02cc0 nmethod 10747 0x00000250e06b2f10 code [0x00000250e06b3120, 0x00000250e06b3738]
Event: 1043.061 Thread 0x00000250f4d02cc0 10748       3       java.beans.Introspector::isAssignable (27 bytes)
Event: 1043.061 Thread 0x00000250f4d02cc0 nmethod 10748 0x00000250e0b8b710 code [0x00000250e0b8b8c0, 0x00000250e0b8bab0]
Event: 1043.206 Thread 0x00000250f4d02cc0 10749       1       java.lang.invoke.MethodHandleImpl$AsVarargsCollector::getTarget (5 bytes)
Event: 1043.207 Thread 0x00000250f4d02cc0 nmethod 10749 0x00000250e8668a90 code [0x00000250e8668c20, 0x00000250e8668ce8]

GC Heap History (20 events):
Event: 739.622 GC heap before
{Heap before GC invocations=20 (full 0):
 garbage-first heap   total 108544K, used 100023K [0x00000000a0000000, 0x0000000100000000)
  region size 1024K, 54 young (55296K), 3 survivors (3072K)
 Metaspace       used 63849K, committed 65408K, reserved 1114112K
  class space    used 8808K, committed 9600K, reserved 1048576K
}
Event: 740.079 GC heap after
{Heap after GC invocations=21 (full 0):
 garbage-first heap   total 108544K, used 47789K [0x00000000a0000000, 0x0000000100000000)
  region size 1024K, 3 young (3072K), 3 survivors (3072K)
 Metaspace       used 63849K, committed 65408K, reserved 1114112K
  class space    used 8808K, committed 9600K, reserved 1048576K
}
Event: 932.705 GC heap before
{Heap before GC invocations=21 (full 0):
 garbage-first heap   total 108544K, used 106157K [0x00000000a0000000, 0x0000000100000000)
  region size 1024K, 55 young (56320K), 3 survivors (3072K)
 Metaspace       used 64513K, committed 66176K, reserved 1114112K
  class space    used 8926K, committed 9728K, reserved 1048576K
}
Event: 933.480 GC heap after
{Heap after GC invocations=22 (full 0):
 garbage-first heap   total 116736K, used 57866K [0x00000000a0000000, 0x0000000100000000)
  region size 1024K, 7 young (7168K), 7 survivors (7168K)
 Metaspace       used 64513K, committed 66176K, reserved 1114112K
  class space    used 8926K, committed 9728K, reserved 1048576K
}
Event: 938.151 GC heap before
{Heap before GC invocations=22 (full 0):
 garbage-first heap   total 116736K, used 58890K [0x00000000a0000000, 0x0000000100000000)
  region size 1024K, 8 young (8192K), 7 survivors (7168K)
 Metaspace       used 64513K, committed 66176K, reserved 1114112K
  class space    used 8926K, committed 9728K, reserved 1048576K
}
Event: 938.308 GC heap after
{Heap after GC invocations=23 (full 0):
 garbage-first heap   total 116736K, used 58472K [0x00000000a0000000, 0x0000000100000000)
  region size 1024K, 1 young (1024K), 1 survivors (1024K)
 Metaspace       used 64513K, committed 66176K, reserved 1114112K
  class space    used 8926K, committed 9728K, reserved 1048576K
}
Event: 1030.325 GC heap before
{Heap before GC invocations=24 (full 0):
 garbage-first heap   total 116736K, used 107624K [0x00000000a0000000, 0x0000000100000000)
  region size 1024K, 48 young (49152K), 1 survivors (1024K)
 Metaspace       used 67510K, committed 69184K, reserved 1114112K
  class space    used 9298K, committed 10112K, reserved 1048576K
}
Event: 1030.347 GC heap after
{Heap after GC invocations=25 (full 0):
 garbage-first heap   total 116736K, used 62707K [0x00000000a0000000, 0x0000000100000000)
  region size 1024K, 3 young (3072K), 3 survivors (3072K)
 Metaspace       used 67510K, committed 69184K, reserved 1114112K
  class space    used 9298K, committed 10112K, reserved 1048576K
}
Event: 1030.958 GC heap before
{Heap before GC invocations=25 (full 0):
 garbage-first heap   total 116736K, used 69875K [0x00000000a0000000, 0x0000000100000000)
  region size 1024K, 10 young (10240K), 3 survivors (3072K)
 Metaspace       used 68343K, committed 70016K, reserved 1114112K
  class space    used 9380K, committed 10176K, reserved 1048576K
}
Event: 1030.970 GC heap after
{Heap after GC invocations=26 (full 0):
 garbage-first heap   total 116736K, used 62270K [0x00000000a0000000, 0x0000000100000000)
  region size 1024K, 1 young (1024K), 1 survivors (1024K)
 Metaspace       used 68343K, committed 70016K, reserved 1114112K
  class space    used 9380K, committed 10176K, reserved 1048576K
}
Event: 1035.325 GC heap before
{Heap before GC invocations=26 (full 0):
 garbage-first heap   total 116736K, used 101182K [0x00000000a0000000, 0x0000000100000000)
  region size 1024K, 40 young (40960K), 1 survivors (1024K)
 Metaspace       used 73042K, committed 74816K, reserved 1114112K
  class space    used 10049K, committed 10944K, reserved 1048576K
}
Event: 1035.337 GC heap after
{Heap after GC invocations=27 (full 0):
 garbage-first heap   total 116736K, used 63238K [0x00000000a0000000, 0x0000000100000000)
  region size 1024K, 2 young (2048K), 2 survivors (2048K)
 Metaspace       used 73042K, committed 74816K, reserved 1114112K
  class space    used 10049K, committed 10944K, reserved 1048576K
}
Event: 1035.908 GC heap before
{Heap before GC invocations=27 (full 0):
 garbage-first heap   total 116736K, used 68358K [0x00000000a0000000, 0x0000000100000000)
  region size 1024K, 8 young (8192K), 2 survivors (2048K)
 Metaspace       used 74245K, committed 76032K, reserved 1114112K
  class space    used 10184K, committed 11072K, reserved 1048576K
}
Event: 1035.930 GC heap after
{Heap after GC invocations=28 (full 0):
 garbage-first heap   total 116736K, used 64941K [0x00000000a0000000, 0x0000000100000000)
  region size 1024K, 4 young (4096K), 4 survivors (4096K)
 Metaspace       used 74245K, committed 76032K, reserved 1114112K
  class space    used 10184K, committed 11072K, reserved 1048576K
}
Event: 1038.756 GC heap before
{Heap before GC invocations=29 (full 0):
 garbage-first heap   total 117760K, used 99757K [0x00000000a0000000, 0x0000000100000000)
  region size 1024K, 33 young (33792K), 4 survivors (4096K)
 Metaspace       used 75894K, committed 77760K, reserved 1179648K
  class space    used 10415K, committed 11328K, reserved 1048576K
}
Event: 1038.771 GC heap after
{Heap after GC invocations=30 (full 0):
 garbage-first heap   total 117760K, used 69010K [0x00000000a0000000, 0x0000000100000000)
  region size 1024K, 5 young (5120K), 5 survivors (5120K)
 Metaspace       used 75894K, committed 77760K, reserved 1179648K
  class space    used 10415K, committed 11328K, reserved 1048576K
}
Event: 1039.446 GC heap before
{Heap before GC invocations=30 (full 0):
 garbage-first heap   total 117760K, used 78226K [0x00000000a0000000, 0x0000000100000000)
  region size 1024K, 15 young (15360K), 5 survivors (5120K)
 Metaspace       used 76698K, committed 78528K, reserved 1179648K
  class space    used 10526K, committed 11392K, reserved 1048576K
}
Event: 1039.452 GC heap after
{Heap after GC invocations=31 (full 0):
 garbage-first heap   total 117760K, used 69805K [0x00000000a0000000, 0x0000000100000000)
  region size 1024K, 2 young (2048K), 2 survivors (2048K)
 Metaspace       used 76698K, committed 78528K, reserved 1179648K
  class space    used 10526K, committed 11392K, reserved 1048576K
}
Event: 1042.645 GC heap before
{Heap before GC invocations=31 (full 0):
 garbage-first heap   total 117760K, used 99501K [0x00000000a0000000, 0x0000000100000000)
  region size 1024K, 32 young (32768K), 2 survivors (2048K)
 Metaspace       used 79015K, committed 80832K, reserved 1179648K
  class space    used 10825K, committed 11712K, reserved 1048576K
}
Event: 1042.714 GC heap after
{Heap after GC invocations=32 (full 0):
 garbage-first heap   total 117760K, used 71354K [0x00000000a0000000, 0x0000000100000000)
  region size 1024K, 3 young (3072K), 3 survivors (3072K)
 Metaspace       used 79015K, committed 80832K, reserved 1179648K
  class space    used 10825K, committed 11712K, reserved 1048576K
}

Dll operation events (3 events):
Event: 0.011 Loaded shared library C:\Program Files\Android\Android Studio\jbr\bin\java.dll
Event: 0.020 Loaded shared library C:\Program Files\Android\Android Studio\jbr\bin\zip.dll
Event: 1.114 Loaded shared library C:\Program Files\Android\Android Studio\jbr\bin\verify.dll

Deoptimization events (20 events):
Event: 1041.624 Thread 0x00000250f52b4bb0 DEOPT PACKING pc=0x00000250e82ee0d0 sp=0x000000973a0f6dd0
Event: 1041.624 Thread 0x00000250f52b4bb0 DEOPT UNPACKING pc=0x00000250e79e43a2 sp=0x000000973a0f6d60 mode 2
Event: 1041.820 Thread 0x00000250f52b4bb0 DEOPT PACKING pc=0x00000250e083073e sp=0x000000973a0f66a0
Event: 1041.820 Thread 0x00000250f52b4bb0 DEOPT UNPACKING pc=0x00000250e79e4b42 sp=0x000000973a0f5c60 mode 0
Event: 1041.885 Thread 0x00000250f52b4bb0 Uncommon trap: trap_request=0xffffff45 fr.pc=0x00000250e81af46c relative=0x000000000000014c
Event: 1041.885 Thread 0x00000250f52b4bb0 Uncommon trap: reason=unstable_if action=reinterpret pc=0x00000250e81af46c method=org.objectweb.asm.ByteVector.putByteArray([BII)Lorg/objectweb/asm/ByteVector; @ 20 c2
Event: 1041.885 Thread 0x00000250f52b4bb0 DEOPT PACKING pc=0x00000250e81af46c sp=0x000000973a0f5c20
Event: 1041.885 Thread 0x00000250f52b4bb0 DEOPT UNPACKING pc=0x00000250e79e43a2 sp=0x000000973a0f5bf0 mode 2
Event: 1041.885 Thread 0x00000250f52b4bb0 Uncommon trap: trap_request=0xffffff45 fr.pc=0x00000250e84ff2cc relative=0x0000000000000a4c
Event: 1041.885 Thread 0x00000250f52b4bb0 Uncommon trap: reason=unstable_if action=reinterpret pc=0x00000250e84ff2cc method=org.objectweb.asm.Label.resolve([BLorg/objectweb/asm/ByteVector;I)Z @ 81 c2
Event: 1041.885 Thread 0x00000250f52b4bb0 DEOPT PACKING pc=0x00000250e84ff2cc sp=0x000000973a0f5c40
Event: 1041.885 Thread 0x00000250f52b4bb0 DEOPT UNPACKING pc=0x00000250e79e43a2 sp=0x000000973a0f5b68 mode 2
Event: 1041.886 Thread 0x00000250f52b4bb0 Uncommon trap: trap_request=0xffffff45 fr.pc=0x00000250e84d4c60 relative=0x0000000000000240
Event: 1041.886 Thread 0x00000250f52b4bb0 Uncommon trap: reason=unstable_if action=reinterpret pc=0x00000250e84d4c60 method=org.objectweb.asm.Label.resolve([BLorg/objectweb/asm/ByteVector;I)Z @ 81 c2
Event: 1041.886 Thread 0x00000250f52b4bb0 DEOPT PACKING pc=0x00000250e84d4c60 sp=0x000000973a0f5bd0
Event: 1041.886 Thread 0x00000250f52b4bb0 DEOPT UNPACKING pc=0x00000250e79e43a2 sp=0x000000973a0f5b60 mode 2
Event: 1041.974 Thread 0x00000250f52b4bb0 Uncommon trap: trap_request=0xffffffc6 fr.pc=0x00000250e81ee058 relative=0x0000000000000438
Event: 1041.974 Thread 0x00000250f52b4bb0 Uncommon trap: reason=bimorphic_or_optimized_type_check action=maybe_recompile pc=0x00000250e81ee058 method=com.google.common.cache.LocalCache$Segment.getEntry(Ljava/lang/Object;I)Lcom/google/common/cache/ReferenceEntry; @ 24 c2
Event: 1041.974 Thread 0x00000250f52b4bb0 DEOPT PACKING pc=0x00000250e81ee058 sp=0x000000973a0f6640
Event: 1041.975 Thread 0x00000250f52b4bb0 DEOPT UNPACKING pc=0x00000250e79e43a2 sp=0x000000973a0f65d8 mode 2

Classes loaded (20 events):
Event: 1035.814 Loading class java/util/Base64$Encoder
Event: 1035.814 Loading class java/util/Base64$Encoder done
Event: 1035.817 Loading class java/util/jar/JarVerifier$VerifierStream
Event: 1035.818 Loading class java/util/jar/JarVerifier$VerifierStream done
Event: 1035.819 Loading class sun/security/util/ManifestEntryVerifier$SunProviderHolder
Event: 1035.819 Loading class sun/security/util/ManifestEntryVerifier$SunProviderHolder done
Event: 1036.377 Loading class java/security/KeyStore$ProtectionParameter
Event: 1036.377 Loading class java/security/KeyStore$ProtectionParameter done
Event: 1037.659 Loading class sun/misc/Unsafe
Event: 1037.660 Loading class sun/misc/Unsafe done
Event: 1037.852 Loading class sun/reflect/annotation/AnnotationInvocationHandler$1
Event: 1037.852 Loading class sun/reflect/annotation/AnnotationInvocationHandler$1 done
Event: 1037.961 Loading class java/lang/foreign/ValueLayout
Event: 1037.961 Loading class java/lang/foreign/MemoryLayout
Event: 1037.962 Loading class java/lang/foreign/MemoryLayout done
Event: 1037.962 Loading class java/lang/foreign/ValueLayout done
Event: 1039.805 Loading class java/security/KeyStore
Event: 1039.816 Loading class java/security/KeyStore done
Event: 1041.260 Loading class javax/xml/stream/XMLStreamException
Event: 1041.268 Loading class javax/xml/stream/XMLStreamException done

Classes unloaded (0 events):
No events

Classes redefined (0 events):
No events

Internal exceptions (20 events):
Event: 1035.804 Thread 0x00000250f52b4bb0 Implicit null exception at 0x00000250e83c5f74 to 0x00000250e83c67ce
Event: 1039.529 Thread 0x00000250facfb030 Exception <a 'sun/nio/fs/WindowsException'{0x00000000afbc13e0}> (0x00000000afbc13e0) 
thrown [s\src\hotspot\share\prims\jni.cpp, line 537]
Event: 1039.536 Thread 0x00000250facfb030 Exception <a 'sun/nio/fs/WindowsException'{0x00000000afa7a118}> (0x00000000afa7a118) 
thrown [s\src\hotspot\share\prims\jni.cpp, line 537]
Event: 1039.536 Thread 0x00000250facfb030 Exception <a 'sun/nio/fs/WindowsException'{0x00000000afa7b938}> (0x00000000afa7b938) 
thrown [s\src\hotspot\share\prims\jni.cpp, line 537]
Event: 1039.537 Thread 0x00000250facfb030 Exception <a 'sun/nio/fs/WindowsException'{0x00000000afa7cf50}> (0x00000000afa7cf50) 
thrown [s\src\hotspot\share\prims\jni.cpp, line 537]
Event: 1039.537 Thread 0x00000250facfb030 Exception <a 'sun/nio/fs/WindowsException'{0x00000000afa7e9c8}> (0x00000000afa7e9c8) 
thrown [s\src\hotspot\share\prims\jni.cpp, line 537]
Event: 1039.544 Thread 0x00000250facfb030 Exception <a 'sun/nio/fs/WindowsException'{0x00000000afa82588}> (0x00000000afa82588) 
thrown [s\src\hotspot\share\prims\jni.cpp, line 537]
Event: 1041.885 Thread 0x00000250f52b4bb0 Implicit null exception at 0x00000250e81af375 to 0x00000250e81af450
Event: 1042.945 Thread 0x00000250f52b4bb0 Exception <a 'java/lang/ClassNotFoundException'{0x00000000afaf1830}: com/android/build/gradle/internal/dsl/BaseAppModuleExtension_DecoratedBeanInfo> (0x00000000afaf1830) 
thrown [s\src\hotspot\share\classfile\systemDictionary.cpp, line 312]
Event: 1042.946 Thread 0x00000250f52b4bb0 Exception <a 'java/lang/ClassNotFoundException'{0x00000000afafc700}: com/android/build/gradle/internal/dsl/BaseAppModuleExtensionBeanInfo> (0x00000000afafc700) 
thrown [s\src\hotspot\share\classfile\systemDictionary.cpp, line 312]
Event: 1042.948 Thread 0x00000250f52b4bb0 Exception <a 'java/lang/ClassNotFoundException'{0x00000000a6807718}: com/android/build/gradle/AppExtensionBeanInfo> (0x00000000a6807718) 
thrown [s\src\hotspot\share\classfile\systemDictionary.cpp, line 312]
Event: 1042.949 Thread 0x00000250f52b4bb0 Exception <a 'java/lang/ClassNotFoundException'{0x00000000a6812598}: com/android/build/gradle/AbstractAppExtensionBeanInfo> (0x00000000a6812598) 
thrown [s\src\hotspot\share\classfile\systemDictionary.cpp, line 312]
Event: 1042.950 Thread 0x00000250f52b4bb0 Exception <a 'java/lang/ClassNotFoundException'{0x00000000a681d3d0}: com/android/build/gradle/TestedExtensionBeanInfo> (0x00000000a681d3d0) 
thrown [s\src\hotspot\share\classfile\systemDictionary.cpp, line 312]
Event: 1042.950 Thread 0x00000250f52b4bb0 Exception <a 'java/lang/ClassNotFoundException'{0x00000000a6828110}: com/android/build/gradle/BaseExtensionBeanInfo> (0x00000000a6828110) 
thrown [s\src\hotspot\share\classfile\systemDictionary.cpp, line 312]
Event: 1042.951 Thread 0x00000250f52b4bb0 Exception <a 'java/lang/ClassNotFoundException'{0x00000000a6832f10}: com/android/build/gradle/BaseExtensionCustomizer> (0x00000000a6832f10) 
thrown [s\src\hotspot\share\classfile\systemDictionary.cpp, line 312]
Event: 1042.988 Thread 0x00000250f52b4bb0 Exception <a 'java/lang/ClassNotFoundException'{0x00000000a68976b8}: com/android/build/gradle/TestedExtensionCustomizer> (0x00000000a68976b8) 
thrown [s\src\hotspot\share\classfile\systemDictionary.cpp, line 312]
Event: 1042.990 Thread 0x00000250f52b4bb0 Exception <a 'java/lang/ClassNotFoundException'{0x00000000a68be6d0}: com/android/build/gradle/AbstractAppExtensionCustomizer> (0x00000000a68be6d0) 
thrown [s\src\hotspot\share\classfile\systemDictionary.cpp, line 312]
Event: 1043.016 Thread 0x00000250f52b4bb0 Exception <a 'java/lang/ClassNotFoundException'{0x00000000a68dfbf0}: com/android/build/gradle/AppExtensionCustomizer> (0x00000000a68dfbf0) 
thrown [s\src\hotspot\share\classfile\systemDictionary.cpp, line 312]
Event: 1043.029 Thread 0x00000250f52b4bb0 Exception <a 'java/lang/ClassNotFoundException'{0x00000000a68ffc08}: com/android/build/gradle/internal/dsl/BaseAppModuleExtensionCustomizer> (0x00000000a68ffc08) 
thrown [s\src\hotspot\share\classfile\systemDictionary.cpp, line 312]
Event: 1043.039 Thread 0x00000250f52b4bb0 Exception <a 'java/lang/ClassNotFoundException'{0x00000000a67fb3b0}: com/android/build/gradle/internal/dsl/BaseAppModuleExtension_DecoratedCustomizer> (0x00000000a67fb3b0) 
thrown [s\src\hotspot\share\classfile\systemDictionary.cpp, line 312]

ZGC Phase Switch (0 events):
No events

VM Operations (20 events):
Event: 1036.276 Executing VM operation: G1PauseRemark
Event: 1036.309 Executing VM operation: G1PauseRemark done
Event: 1036.325 Executing VM operation: G1PauseCleanup
Event: 1036.326 Executing VM operation: G1PauseCleanup done
Event: 1037.328 Executing VM operation: Cleanup
Event: 1037.328 Executing VM operation: Cleanup done
Event: 1038.329 Executing VM operation: Cleanup
Event: 1038.345 Executing VM operation: Cleanup done
Event: 1038.755 Executing VM operation: G1CollectForAllocation (G1 Evacuation Pause)
Event: 1038.771 Executing VM operation: G1CollectForAllocation (G1 Evacuation Pause) done
Event: 1039.446 Executing VM operation: G1CollectForAllocation (G1 Evacuation Pause)
Event: 1039.452 Executing VM operation: G1CollectForAllocation (G1 Evacuation Pause) done
Event: 1040.462 Executing VM operation: Cleanup
Event: 1040.462 Executing VM operation: Cleanup done
Event: 1041.464 Executing VM operation: Cleanup
Event: 1041.479 Executing VM operation: Cleanup done
Event: 1042.492 Executing VM operation: Cleanup
Event: 1042.493 Executing VM operation: Cleanup done
Event: 1042.645 Executing VM operation: G1CollectForAllocation (G1 Evacuation Pause)
Event: 1042.714 Executing VM operation: G1CollectForAllocation (G1 Evacuation Pause) done

Memory protections (0 events):
No events

Nmethod flushes (20 events):
Event: 1036.304 Thread 0x00000250f464e420 flushing  nmethod 0x00000250e0eef790
Event: 1036.304 Thread 0x00000250f464e420 flushing  nmethod 0x00000250e111e990
Event: 1036.304 Thread 0x00000250f464e420 flushing  nmethod 0x00000250e1168190
Event: 1036.305 Thread 0x00000250f464e420 flushing  nmethod 0x00000250e1168910
Event: 1036.305 Thread 0x00000250f464e420 flushing  nmethod 0x00000250e116ab90
Event: 1036.305 Thread 0x00000250f464e420 flushing  nmethod 0x00000250e1313890
Event: 1036.305 Thread 0x00000250f464e420 flushing  nmethod 0x00000250e81e4f90
Event: 1036.305 Thread 0x00000250f464e420 flushing  nmethod 0x00000250e827e390
Event: 1036.305 Thread 0x00000250f464e420 flushing  nmethod 0x00000250e0620690
Event: 1036.305 Thread 0x00000250f464e420 flushing  nmethod 0x00000250e0623190
Event: 1036.305 Thread 0x00000250f464e420 flushing  nmethod 0x00000250e0623990
Event: 1036.305 Thread 0x00000250f464e420 flushing  nmethod 0x00000250e0a7fa90
Event: 1036.305 Thread 0x00000250f464e420 flushing  nmethod 0x00000250e0b9f010
Event: 1036.305 Thread 0x00000250f464e420 flushing  nmethod 0x00000250e0e1c410
Event: 1036.305 Thread 0x00000250f464e420 flushing  nmethod 0x00000250e0e23490
Event: 1036.305 Thread 0x00000250f464e420 flushing  nmethod 0x00000250e840d610
Event: 1036.305 Thread 0x00000250f464e420 flushing  nmethod 0x00000250e0775410
Event: 1036.305 Thread 0x00000250f464e420 flushing  nmethod 0x00000250e0e97990
Event: 1036.305 Thread 0x00000250f464e420 flushing  nmethod 0x00000250e12e3090
Event: 1036.305 Thread 0x00000250f464e420 flushing  nmethod 0x00000250e1395b10

Events (20 events):
Event: 479.465 Thread 0x00000250f52b4bb0 Thread added: 0x00000250fcab9d30
Event: 479.466 Thread 0x00000250f52b4bb0 Thread added: 0x00000250fcabaa50
Event: 480.821 Thread 0x00000250f51375b0 Thread exited: 0x00000250f51375b0
Event: 480.821 Thread 0x00000250f5134cd0 Thread exited: 0x00000250f5134cd0
Event: 485.831 Thread 0x00000250f5138350 Thread exited: 0x00000250f5138350
Event: 487.425 Thread 0x00000250fa24a8d0 Thread exited: 0x00000250fa24a8d0
Event: 539.572 Thread 0x00000250f5763300 Thread exited: 0x00000250f5763300
Event: 555.282 Thread 0x00000250f526a6b0 Thread added: 0x00000250fcab9010
Event: 555.364 Thread 0x00000250f52b4bb0 Thread added: 0x00000250fcabb770
Event: 619.208 Thread 0x00000250fcab9010 Thread exited: 0x00000250fcab9010
Event: 682.813 Thread 0x00000250f526a6b0 Thread added: 0x00000250fcabc490
Event: 683.003 Thread 0x00000250f52b4bb0 Thread added: 0x00000250fcab9010
Event: 744.557 Thread 0x00000250fcabc490 Thread exited: 0x00000250fcabc490
Event: 770.103 Thread 0x00000250f526a6b0 Thread added: 0x00000250fcabbe00
Event: 770.323 Thread 0x00000250f52b4bb0 Thread added: 0x00000250fcabc490
Event: 834.327 Thread 0x00000250f52b4bb0 Thread added: 0x00000250fcab96a0
Event: 895.295 Thread 0x00000250fcabbe00 Thread exited: 0x00000250fcabbe00
Event: 1020.790 Thread 0x00000250f526a6b0 Thread added: 0x00000250fcabbe00
Event: 1020.914 Thread 0x00000250f52b4bb0 Thread added: 0x00000250fcaba3c0
Event: 1034.611 Thread 0x00000250f52b4bb0 Thread added: 0x00000250f5763300


Dynamic libraries:
0x00007ff6f5290000 - 0x00007ff6f529a000 	C:\Program Files\Android\Android Studio\jbr\bin\java.exe
0x00007ffd17b40000 - 0x00007ffd17da7000 	C:\WINDOWS\SYSTEM32\ntdll.dll
0x00007ffd16800000 - 0x00007ffd168cb000 	C:\WINDOWS\System32\KERNEL32.DLL
0x00007ffd14d70000 - 0x00007ffd15172000 	C:\WINDOWS\System32\KERNELBASE.dll
0x00007ffd155b0000 - 0x00007ffd156fc000 	C:\WINDOWS\System32\ucrtbase.dll
0x00007ffc3d9a0000 - 0x00007ffc3d9bb000 	C:\Program Files\Android\Android Studio\jbr\bin\VCRUNTIME140.dll
0x00007ffc8ce20000 - 0x00007ffc8ce38000 	C:\Program Files\Android\Android Studio\jbr\bin\jli.dll
0x00007ffd16170000 - 0x00007ffd1633f000 	C:\WINDOWS\System32\USER32.dll
0x00007ffd14d40000 - 0x00007ffd14d67000 	C:\WINDOWS\System32\win32u.dll
0x00007ffcf76b0000 - 0x00007ffcf7940000 	C:\WINDOWS\WinSxS\amd64_microsoft.windows.common-controls_6595b64144ccf1df_6.0.26100.9278_none_3e0d1ba8e3303201\COMCTL32.dll
0x00007ffd16a80000 - 0x00007ffd16aab000 	C:\WINDOWS\System32\GDI32.dll
0x00007ffd171d0000 - 0x00007ffd17279000 	C:\WINDOWS\System32\msvcrt.dll
0x00007ffd153c0000 - 0x00007ffd154e9000 	C:\WINDOWS\System32\gdi32full.dll
0x00007ffd15180000 - 0x00007ffd15223000 	C:\WINDOWS\System32\msvcp_win.dll
0x00007ffd17100000 - 0x00007ffd17131000 	C:\WINDOWS\System32\IMM32.DLL
0x00007ffca1830000 - 0x00007ffca183c000 	C:\Program Files\Android\Android Studio\jbr\bin\vcruntime140_1.dll
0x00007ffc3d910000 - 0x00007ffc3d99d000 	C:\Program Files\Android\Android Studio\jbr\bin\msvcp140.dll
0x00007ffc3bea0000 - 0x00007ffc3cb36000 	C:\Program Files\Android\Android Studio\jbr\bin\server\jvm.dll
0x00007ffd17280000 - 0x00007ffd1733c000 	C:\WINDOWS\System32\ADVAPI32.dll
0x00007ffd168e0000 - 0x00007ffd16989000 	C:\WINDOWS\System32\sechost.dll
0x00007ffd16050000 - 0x00007ffd16168000 	C:\WINDOWS\System32\RPCRT4.dll
0x00007ffd17140000 - 0x00007ffd171c0000 	C:\WINDOWS\System32\WS2_32.dll
0x00007ffd14ba0000 - 0x00007ffd14bfe000 	C:\WINDOWS\SYSTEM32\POWRPROF.dll
0x00007ffd0aa20000 - 0x00007ffd0aa2b000 	C:\WINDOWS\SYSTEM32\VERSION.dll
0x00007ffd06600000 - 0x00007ffd06636000 	C:\WINDOWS\SYSTEM32\WINMM.dll
0x00007ffd14b80000 - 0x00007ffd14b95000 	C:\WINDOWS\SYSTEM32\UMPDC.dll
0x00007ffd139f0000 - 0x00007ffd13a0b000 	C:\WINDOWS\SYSTEM32\kernel.appcore.dll
0x00007ffc99030000 - 0x00007ffc9903a000 	C:\Program Files\Android\Android Studio\jbr\bin\jimage.dll
0x00007ffd12350000 - 0x00007ffd1259c000 	C:\WINDOWS\SYSTEM32\DBGHELP.DLL
0x00007ffd16450000 - 0x00007ffd167d5000 	C:\WINDOWS\System32\combase.dll
0x00007ffd16b20000 - 0x00007ffd16bf9000 	C:\WINDOWS\System32\OLEAUT32.dll
0x00007ffcfa1c0000 - 0x00007ffcfa1fb000 	C:\WINDOWS\SYSTEM32\dbgcore.DLL
0x00007ffd157a0000 - 0x00007ffd1584c000 	C:\WINDOWS\System32\bcryptPrimitives.dll
0x00007ffc3db40000 - 0x00007ffc3db4e000 	C:\Program Files\Android\Android Studio\jbr\bin\instrument.dll
0x00007ffc3d8f0000 - 0x00007ffc3d910000 	C:\Program Files\Android\Android Studio\jbr\bin\java.dll
0x00007ffc3d8d0000 - 0x00007ffc3d8e8000 	C:\Program Files\Android\Android Studio\jbr\bin\zip.dll
0x00007ffd158b0000 - 0x00007ffd16048000 	C:\WINDOWS\System32\SHELL32.dll
0x00007ffd12760000 - 0x00007ffd1300e000 	C:\WINDOWS\SYSTEM32\windows.storage.dll
0x00007ffd17a00000 - 0x00007ffd17afb000 	C:\WINDOWS\System32\SHCORE.dll
0x00007ffd16350000 - 0x00007ffd163b6000 	C:\WINDOWS\System32\shlwapi.dll
0x00007ffd14c60000 - 0x00007ffd14c89000 	C:\WINDOWS\SYSTEM32\profapi.dll
0x00007ffc3d8c0000 - 0x00007ffc3d8d0000 	C:\Program Files\Android\Android Studio\jbr\bin\net.dll
0x00007ffd0b920000 - 0x00007ffd0ba4a000 	C:\WINDOWS\SYSTEM32\WINHTTP.dll
0x00007ffd13fd0000 - 0x00007ffd1403c000 	C:\WINDOWS\system32\mswsock.dll
0x00007ffc3d8a0000 - 0x00007ffc3d8b6000 	C:\Program Files\Android\Android Studio\jbr\bin\nio.dll
0x00007ffc3d890000 - 0x00007ffc3d8a0000 	C:\Program Files\Android\Android Studio\jbr\bin\verify.dll
0x00007ffc39eb0000 - 0x00007ffc39ed7000 	C:\Users\admoi\.gradle\native\1def1411415f61bf3af743bc5b6707747c0891f09f0c88961ee8f79bc544acac\windows-amd64\native-platform.dll
0x00007ffc3d700000 - 0x00007ffc3d778000 	C:\Users\admoi\.gradle\native\0.2.7\x86_64-windows-gnu\gradle-fileevents.dll
0x00007ffcf7a00000 - 0x00007ffcf7a09000 	C:\Program Files\Android\Android Studio\jbr\bin\management.dll
0x00007ffcf79f0000 - 0x00007ffcf79fb000 	C:\Program Files\Android\Android Studio\jbr\bin\management_ext.dll
0x00007ffd16ac0000 - 0x00007ffd16ac8000 	C:\WINDOWS\System32\PSAPI.DLL
0x00007ffd13380000 - 0x00007ffd133b3000 	C:\WINDOWS\SYSTEM32\IPHLPAPI.DLL
0x00007ffd168d0000 - 0x00007ffd168da000 	C:\WINDOWS\System32\NSI.dll
0x00007ffcf79e0000 - 0x00007ffcf79e9000 	C:\Program Files\Android\Android Studio\jbr\bin\extnet.dll
0x00007ffd142c0000 - 0x00007ffd142db000 	C:\WINDOWS\SYSTEM32\CRYPTSP.dll
0x00007ffd13940000 - 0x00007ffd13979000 	C:\WINDOWS\system32\rsaenh.dll
0x00007ffd14080000 - 0x00007ffd140b4000 	C:\WINDOWS\SYSTEM32\USERENV.dll
0x00007ffd14c30000 - 0x00007ffd14c5a000 	C:\WINDOWS\SYSTEM32\bcrypt.dll
0x00007ffd142e0000 - 0x00007ffd142ec000 	C:\WINDOWS\SYSTEM32\CRYPTBASE.dll
0x00007ffcf5400000 - 0x00007ffcf5408000 	C:\WINDOWS\system32\wshunix.dll

JVMTI agents:
C:\Users\admoi\.gradle\wrapper\dists\gradle-8.14.3-all\10utluxaxniiv4wxiphsi49nj\gradle-8.14.3\lib\agents\gradle-instrumentation-agent-8.14.3.jar path:C:\Program Files\Android\Android Studio\jbr\bin\instrument.dll, loaded, initialized, instrumentlib options:none

dbghelp: loaded successfully - version: 4.0.5 - missing functions: none
symbol engine: initialized successfully - sym options: 0x614 - pdb path: .;C:\Program Files\Android\Android Studio\jbr\bin;C:\WINDOWS\SYSTEM32;C:\WINDOWS\WinSxS\amd64_microsoft.windows.common-controls_6595b64144ccf1df_6.0.26100.9278_none_3e0d1ba8e3303201;C:\Program Files\Android\Android Studio\jbr\bin\server;C:\Users\admoi\.gradle\native\1def1411415f61bf3af743bc5b6707747c0891f09f0c88961ee8f79bc544acac\windows-amd64;C:\Users\admoi\.gradle\native\0.2.7\x86_64-windows-gnu

VM Arguments:
jvm_args: --add-opens=java.base/java.lang=ALL-UNNAMED --add-opens=java.base/java.lang.invoke=ALL-UNNAMED --add-opens=java.base/java.util=ALL-UNNAMED --add-opens=java.prefs/java.util.prefs=ALL-UNNAMED --add-exports=jdk.compiler/com.sun.tools.javac.api=ALL-UNNAMED --add-exports=jdk.compiler/com.sun.tools.javac.util=ALL-UNNAMED --add-opens=java.base/java.util=ALL-UNNAMED --add-opens=java.prefs/java.util.prefs=ALL-UNNAMED --add-opens=java.base/java.nio.charset=ALL-UNNAMED --add-opens=java.base/java.net=ALL-UNNAMED --add-opens=java.base/java.util.concurrent.atomic=ALL-UNNAMED --add-opens=java.xml/javax.xml.namespace=ALL-UNNAMED -Xmx1536m -Dfile.encoding=UTF-8 -Duser.country=US -Duser.language=en -Duser.variant -javaagent:C:\Users\admoi\.gradle\wrapper\dists\gradle-8.14.3-all\10utluxaxniiv4wxiphsi49nj\gradle-8.14.3\lib\agents\gradle-instrumentation-agent-8.14.3.jar 
java_command: org.gradle.launcher.daemon.bootstrap.GradleDaemon 8.14.3
java_class_path (initial): C:\Users\admoi\.gradle\wrapper\dists\gradle-8.14.3-all\10utluxaxniiv4wxiphsi49nj\gradle-8.14.3\lib\gradle-daemon-main-8.14.3.jar
Launcher Type: SUN_STANDARD

[Global flags]
     intx CICompilerCount                          = 12                                        {product} {ergonomic}
     uint ConcGCThreads                            = 3                                         {product} {ergonomic}
     uint G1ConcRefinementThreads                  = 13                                        {product} {ergonomic}
   size_t G1HeapRegionSize                         = 1048576                                   {product} {ergonomic}
    uintx GCDrainStackTargetSize                   = 64                                        {product} {ergonomic}
   size_t InitialHeapSize                          = 264241152                                 {product} {ergonomic}
   size_t MarkStackSize                            = 4194304                                   {product} {ergonomic}
   size_t MaxHeapSize                              = 1610612736                                {product} {command line}
   size_t MaxNewSize                               = 965738496                                 {product} {ergonomic}
   size_t MinHeapDeltaBytes                        = 1048576                                   {product} {ergonomic}
   size_t MinHeapSize                              = 8388608                                   {product} {ergonomic}
    uintx NonNMethodCodeHeapSize                   = 7602480                                {pd product} {ergonomic}
    uintx NonProfiledCodeHeapSize                  = 122027880                              {pd product} {ergonomic}
    uintx ProfiledCodeHeapSize                     = 122027880                              {pd product} {ergonomic}
    uintx ReservedCodeCacheSize                    = 251658240                              {pd product} {ergonomic}
     bool SegmentedCodeCache                       = true                                      {product} {ergonomic}
   size_t SoftMaxHeapSize                          = 1610612736                             {manageable} {ergonomic}
     bool UseCompressedOops                        = true                           {product lp64_product} {ergonomic}
     bool UseG1GC                                  = true                                      {product} {ergonomic}
     bool UseLargePagesIndividualAllocation        = false                                  {pd product} {ergonomic}

Logging:
Log output configuration:
 #0: stdout all=warning uptime,level,tags foldmultilines=false
 #1: stderr all=off uptime,level,tags foldmultilines=false

Release file:
JAVA_VERSION="21.0.9" 
MODULES="java.base java.compiler java.datatransfer java.xml java.prefs java.desktop java.instrument java.logging java.management java.security.sasl java.naming java.rmi java.management.rmi java.net.http java.scripting java.security.jgss java.transaction.xa java.sql java.sql.rowset java.xml.crypto java.se java.smartcardio jdk.accessibility jdk.internal.jvmstat jdk.attach jdk.charsets jdk.internal.opt jdk.zipfs jdk.compiler jdk.crypto.ec jdk.crypto.cryptoki jdk.dynalink jdk.hotspot.agent jdk.httpserver jdk.internal.ed jdk.internal.le jdk.internal.vm.ci jdk.jartool jdk.javadoc jdk.jcmd jdk.jdeps jdk.jdwp.agent jdk.jdi jdk.jfr jdk.jlink jdk.jsobject jdk.localedata jdk.management jdk.management.agent jdk.management.jfr jdk.naming.dns jdk.naming.rmi jdk.net jdk.sctp jdk.security.auth jdk.security.jgss jdk.unsupported jdk.unsupported.desktop jdk.xml.dom" 
IMPLEMENTOR="JetBrains s.r.o." 
JAVA_RUNTIME_VERSION="21.0.9+-14787801-b1163.94" 
LIBC="default" 
OS_ARCH="x86_64" 
OS_NAME="Windows" 
SOURCE=".:git:0c757ddc9f2f" 

Environment Variables:
PATH=C:\Users\admoi\AppData\Local\cloud-code\installer\google-cloud-sdk\bin;C:\Python314\Scripts\;C:\Python314\;C:\Program Files\Common Files\Oracle\Java\javapath;C:\WINDOWS\system32;C:\WINDOWS;C:\WINDOWS\System32\Wbem;C:\WINDOWS\System32\WindowsPowerShell\v1.0\;C:\WINDOWS\System32\OpenSSH\;C:\Program Files\Microsoft SQL Server\150\Tools\Binn\;C:\Program Files\Microsoft SQL Server\Client SDK\ODBC\170\Tools\Binn\;C:\Program Files\dotnet\;C:\Program Files (x86)\Windows Kits\10\Windows Performance Toolkit\;C:\Program Files (x86)\Microsoft SQL Server\160\Tools\Binn\;C:\Program Files\Microsoft SQL Server\160\Tools\Binn\;C:\Program Files\Microsoft SQL Server\160\DTS\Binn\;C:\Program Files\Docker\Docker\resources\bin;C:\Program Files\nodejs\;C:\ProgramData\chocolatey\bin;C:\xampp\php;C:\composer;C:\Program Files\Git\cmd;C:\Program Files\GitHub CLI\;C:\Python314\Scripts\;C:\Python314\;C:\Program Files\Common Files\Oracle\Java\javapath;C:\WINDOWS\system32;C:\WINDOWS;C:\WINDOWS\System32\Wbem;C:\WINDOWS\System32\WindowsPowerShell\v1.0\;C:\WINDOWS\System32\OpenSSH\;C:\Program Files\Microsoft SQL Server\150\Tools\Binn\;C:\Program Files\Microsoft SQL Server\Client SDK\ODBC\170\Tools\Binn\;C:\Program Files\dotnet\;C:\Program Files (x86)\Windows Kits\10\Windows Performance Toolkit\;C:\Program Files (x86)\Microsoft SQL Server\160\Tools\Binn\;C:\Program Files\Microsoft SQL Server\160\Tools\Binn\;C:\Program Files\Microsoft SQL Server\160\DTS\Binn\;C:\Program Files\Arduino PLC IDE Tools\;C:\Program Files\Docker\Docker\resources\bin;C:\Program Files\nodejs\;C:\ProgramData\chocolatey\bin;C:\xampp\php;C:\composer;C:\Program Files\Git\cmd;C:\Program Files\GitHub CLI\;c:\Users\admoi\AppData\Roaming\Code\User\globalStorage\github.copilot-chat\debugCommand;c:\Users\admoi\AppData\Roaming\Code\User\globalStorage\github.copilot-chat\copilotCli;D:\Microsoft VS Code;C:\Python314\Scripts\;C:\Python314\;C:\Program Files\Common Files\Oracle\Java\javapath;C:\WINDOWS\system32;C:\WINDOWS;C:\WINDOWS\System32\Wbem;C:\WINDOWS\System32\WindowsPowerShell\v1.0\;C:\WINDOWS\System32\OpenSSH\;C:\Program Files\Microsoft SQL Server\150\Tools\Binn\;C:\Program Files\Microsoft SQL Server\Client SDK\ODBC\170\Tools\Binn\;C:\Program Files\dotnet\;C:\Program Files (x86)\Windows Kits\10\Windows Performance Toolkit\;C:\Program Files (x86)\Microsoft SQL Server\160\Tools\Binn\;C:\Program Files\Microsoft SQL Server\160\Tools\Binn\;C:\Program Files\Microsoft SQL Server\160\DTS\Binn\;C:\Program Files\Arduino PLC IDE Tools\;C:\Program Files\Docker\Docker\resources\bin;C:\Program Files\nodejs\;C:\ProgramData\chocolatey\bin;C:\xampp\php;C:\composer;C:\Program Files\Git\cmd;C:\Users\admoi\AppData\Local\Microsoft\WindowsApps;;D:\IntelliJ IDEA 2025.1.1.1\bin;;D:\Microsoft VS Code\bin;C:\Users\admoi\.dotnet\tools;C:\Users\admoi\AppData\Local\Programs\mongosh\;D:\Antigravity\bin;C:\Users\admoi\AppData\Roaming\npm;C:\Users\admoi\AppData\Roaming\Composer\vendor\bin;C:\Users\admoi\.local\bin;C:\flutter\flutter\bin;C:\flutter\flutter\bin;;C:\flutter\flutter\bin;C:\Program Files (x86)\NVIDIA Corporation\PhysX\Common;C:\Program Files\NVIDIA Corporation\NVIDIA App\NvDLISR;C:\Program Files (x86)\Microsoft SQL Server\160\DTS\Binn\;D:\bin;C:\Program Files (x86)\cloudflared\;C:\Program Files\Microsoft SQL Server\170\Tools\Binn\;C:\Users\admoi\.local\bin;C:\Python314\Scripts\;C:\Python314\;C:\Program Files\Common Files\Oracle\Java\javapath;C:\WINDOWS\system32;C:\WINDOWS;C:\WINDOWS\System32\Wbem;C:\WINDOWS\System32\WindowsPowerShell\v1.0\;C:\WINDOWS\System32\OpenSSH\;C:\Program Files\Microsoft SQL Server\150\Tools\Binn\;C:\Program Files\Microsoft SQL Server\Client SDK\ODBC\170\Tools\Binn\;C:\Program Files\dotnet\;C:\Program Files (x86)\Windows Kits\10\Windows Performance Toolkit\;C:\Program Files (x86)\Microsoft SQL Server\160\Tools\Binn\;C:\Program Files\Microsoft SQL Server\160\Tools\Binn\;C:\Program Files\Microsoft SQL Server\160\DTS\Binn\;C:\Program Files\Docker\Docker\resources\bin;C:\Program Files\nodejs\;C:\ProgramData\chocolatey\bin;C:\xampp\php;C:\composer;C:\Program Files\Git\cmd;C:\Program Files\GitHub CLI\;C:\Python314\Scripts\;C:\Python314\;C:\Program Files\Common Files\Oracle\Java\javapath;C:\WINDOWS\system32;C:\WINDOWS;C:\WINDOWS\System32\Wbem;C:\WINDOWS\System32\WindowsPowerShell\v1.0\;C:\WINDOWS\System32\OpenSSH\;C:\Program Files\Microsoft SQL;C:\Users\admoi\AppData\Local\Programs\Antigravity IDE\bin;C:\Users\admoi\.dotnet\tools;E:\Microsoft VS Code\bin;C:\Users\admoi\AppData\Local\Microsoft\WinGet\Links;
USERNAME=admoi
OS=Windows_NT
PROCESSOR_IDENTIFIER=Intel64 Family 6 Model 154 Stepping 3, GenuineIntel
TMP=C:\Users\admoi\AppData\Local\Temp
TEMP=C:\Users\admoi\AppData\Local\Temp




Periodic native trim disabled

JNI global refs:
JNI global refs: 34, weak refs: 0

JNI global refs memory usage: 835, weak refs: 833

Process memory usage:
Resident Set Size: 103220K (0% of 16436640K total physical memory with 616K free physical memory)

OOME stack traces (most recent first):
Classloader memory used:
Loader org.gradle.internal.classloader.VisitableURLClassLoader                         : 33216K
Loader bootstrap                                                                       : 25705K
Loader org.gradle.initialization.MixInLegacyTypesClassLoader                           : 9719K
Loader org.gradle.internal.classloader.VisitableURLClassLoader$InstrumentingVisitableURLClassLoader: 9642K
Loader jdk.internal.loader.ClassLoaders$PlatformClassLoader                            : 514K
Loader jdk.internal.loader.ClassLoaders$AppClassLoader                                 : 236K
Loader org.gradle.groovy.scripts.internal.DefaultScriptCompilationHandler$ScriptClassLoader: 134K
Loader jdk.internal.reflect.DelegatingClassLoader                                      : 45704B
Loader org.codehaus.groovy.runtime.callsite.CallSiteClassLoader                        : 15104B

Classes loaded by more than one classloader:
Class com.google.common.base.PairwiseEquivalence                                      : loaded 2 times (x 83B)
Class com.google.common.base.Equivalence$Identity                                     : loaded 2 times (x 82B)
Class com.google.common.collect.RegularImmutableMap$KeySet                            : loaded 2 times (x 152B)
Class org.gradle.internal.classloader.FilteringClassLoader                            : loaded 2 times (x 105B)
Class com.google.common.base.CharMatcher$IsEither                                     : loaded 2 times (x 111B)
Class org.gradle.internal.classloader.ClassLoaderHierarchy                            : loaded 2 times (x 70B)
Class com.google.common.collect.ImmutableEnumSet                                      : loaded 2 times (x 146B)
Class com.google.common.util.concurrent.ExecutionError                                : loaded 2 times (x 82B)
Class com.google.common.collect.ImmutableList$1                                       : loaded 2 times (x 97B)
Class org.gradle.api.internal.classpath.ManifestUtil                                  : loaded 2 times (x 71B)
Class com.google.common.collect.RegularImmutableMap                                   : loaded 2 times (x 121B)
Class com.google.common.collect.ImmutableMap$MapViewOfValuesAsSingletonSets           : loaded 2 times (x 126B)
Class [Lorg.objectweb.asm.Symbol;                                                     : loaded 2 times (x 69B)
Class org.objectweb.asm.ClassVisitor                                                  : loaded 2 times (x 88B)
Class com.google.common.collect.UnmodifiableListIterator                              : loaded 2 times (x 95B)
Class org.objectweb.asm.MethodTooLargeException                                       : loaded 2 times (x 83B)
Class [Lcom.google.common.cache.CacheBuilder$OneWeigher;                              : loaded 2 times (x 69B)
Class com.google.common.base.Suppliers                                                : loaded 2 times (x 71B)
Class org.gradle.internal.classloader.DefaultClassLoaderFactory                       : loaded 2 times (x 82B)
Class org.gradle.internal.classloader.ClassLoaderVisitor                              : loaded 2 times (x 76B)
Class [Lcom.google.common.collect.ImmutableMapEntry;                                  : loaded 2 times (x 69B)
Class org.gradle.api.internal.classpath.EffectiveClassPath                            : loaded 2 times (x 90B)
Class com.google.common.collect.ListMultimap                                          : loaded 2 times (x 70B)
Class com.google.common.collect.ImmutableEnumMap                                      : loaded 2 times (x 126B)
Class com.google.common.collect.Sets$1                                                : loaded 2 times (x 139B)
Class org.objectweb.asm.AnnotationVisitor                                             : loaded 2 times (x 78B)
Class org.gradle.api.internal.DefaultClassPathProvider                                : loaded 2 times (x 76B)
Class com.google.common.collect.Sets$2                                                : loaded 2 times (x 139B)
Class [Lorg.gradle.api.internal.ClassPathProvider;                                    : loaded 2 times (x 69B)
Class org.gradle.api.internal.ClassPathProvider                                       : loaded 2 times (x 70B)
Class [Lorg.objectweb.asm.AnnotationVisitor;                                          : loaded 2 times (x 69B)
Class com.google.common.collect.Sets$3                                                : loaded 2 times (x 139B)
Class com.google.common.cache.LocalCache$LocalLoadingCache                            : loaded 2 times (x 134B)
Class org.gradle.internal.service.UnknownServiceException                             : loaded 2 times (x 83B)
Class com.google.common.collect.Sets$4                                                : loaded 2 times (x 139B)
Class org.objectweb.asm.ModuleVisitor                                                 : loaded 2 times (x 81B)
Class com.google.common.cache.LocalCache$Strength$1                                   : loaded 2 times (x 81B)
Class com.google.common.util.concurrent.SettableFuture                                : loaded 2 times (x 114B)
Class com.google.common.cache.LocalCache$Strength$2                                   : loaded 2 times (x 81B)
Class com.google.common.cache.LocalCache$Strength$3                                   : loaded 2 times (x 81B)
Class com.google.common.collect.MapDifference                                         : loaded 2 times (x 70B)
Class org.objectweb.asm.FieldWriter                                                   : loaded 2 times (x 78B)
Class com.google.common.cache.CacheBuilder$NullListener                               : loaded 2 times (x 82B)
Class org.gradle.internal.classpath.TransformedClassPath                              : loaded 2 times (x 96B)
Class org.gradle.internal.classloader.InstrumentingClassLoader                        : loaded 2 times (x 70B)
Class com.google.common.cache.CacheLoader$FunctionToCacheLoader                       : loaded 2 times (x 75B)
Class com.google.common.collect.Iterators$ArrayItr                                    : loaded 2 times (x 97B)
Class com.google.common.collect.ImmutableCollection$Builder                           : loaded 2 times (x 76B)
Class com.google.common.base.Joiner                                                   : loaded 2 times (x 79B)
Class com.google.common.base.MoreObjects                                              : loaded 2 times (x 71B)
Class com.google.common.collect.Platform                                              : loaded 2 times (x 71B)
Class [Lorg.objectweb.asm.Type;                                                       : loaded 2 times (x 69B)
Class com.google.common.collect.UnmodifiableIterator                                  : loaded 2 times (x 80B)
Class org.gradle.internal.service.ServiceLocator                                      : loaded 2 times (x 70B)
Class com.google.common.base.Ascii                                                    : loaded 2 times (x 71B)
Class com.google.common.collect.SingletonImmutableBiMap                               : loaded 2 times (x 143B)
Class com.google.common.cache.LocalCache$1                                            : loaded 2 times (x 89B)
Class com.google.common.collect.Iterators$SingletonIterator                           : loaded 2 times (x 81B)
Class com.google.common.collect.AbstractMapEntry                                      : loaded 2 times (x 81B)
Class com.google.common.collect.AbstractMultimap                                      : loaded 2 times (x 123B)
Class com.google.common.cache.LocalCache$2                                            : loaded 2 times (x 142B)
Class com.google.common.collect.RegularImmutableAsList                                : loaded 2 times (x 217B)
Class com.google.common.util.concurrent.AbstractFuture$Trusted                        : loaded 2 times (x 70B)
Class com.google.common.collect.Iterators                                             : loaded 2 times (x 71B)
Class com.google.common.collect.Lists$StringAsImmutableList                           : loaded 2 times (x 207B)
Class com.google.common.util.concurrent.UncheckedExecutionException                   : loaded 2 times (x 82B)
Class org.gradle.internal.InternalTransformer                                         : loaded 2 times (x 70B)
Class org.objectweb.asm.ClassWriter                                                   : loaded 2 times (x 106B)
Class com.google.common.cache.CacheLoader$UnsupportedLoadingOperationException        : loaded 2 times (x 82B)
Class com.google.common.base.CharMatcher$And                                          : loaded 2 times (x 112B)
Class org.gradle.internal.classloader.ClasspathUtil$1                                 : loaded 2 times (x 76B)
Class org.objectweb.asm.FieldVisitor                                                  : loaded 2 times (x 77B)
Class com.google.common.collect.IndexedImmutableSet                                   : loaded 2 times (x 152B)
Class com.google.common.collect.ImmutableMap$1                                        : loaded 2 times (x 81B)
Class com.google.common.collect.BiMap                                                 : loaded 2 times (x 70B)
Class org.gradle.api.internal.classpath.DefaultModuleRegistry$DefaultModule           : loaded 2 times (x 86B)
Class com.google.common.primitives.Ints                                               : loaded 2 times (x 71B)
Class com.google.common.collect.AbstractIterator                                      : loaded 2 times (x 82B)
Class com.google.common.collect.ObjectArrays                                          : loaded 2 times (x 71B)
Class com.google.common.collect.Multiset                                              : loaded 2 times (x 70B)
Class com.google.common.collect.ArrayListMultimapGwtSerializationDependencies         : loaded 2 times (x 172B)
Class com.google.common.collect.AbstractIndexedListIterator                           : loaded 2 times (x 96B)
Class com.google.common.math.MathPreconditions                                        : loaded 2 times (x 71B)
Class com.google.common.collect.ImmutableMapEntrySet                                  : loaded 2 times (x 152B)
Class org.gradle.api.internal.classpath.Module                                        : loaded 2 times (x 70B)
Class com.google.common.cache.Weigher                                                 : loaded 2 times (x 70B)
Class org.gradle.api.internal.classpath.UnknownModuleException                        : loaded 2 times (x 82B)
Class com.google.common.base.Stopwatch                                                : loaded 2 times (x 72B)
Class com.google.common.cache.LocalCache$Strength                                     : loaded 2 times (x 81B)
Class com.google.common.cache.Cache                                                   : loaded 2 times (x 70B)
Class com.google.common.util.concurrent.AbstractFuture$Cancellation                   : loaded 2 times (x 72B)
Class com.google.common.collect.ImmutableMap$Builder                                  : loaded 2 times (x 82B)
Class com.google.common.cache.RemovalListener                                         : loaded 2 times (x 70B)
Class org.gradle.api.internal.DefaultClassPathRegistry                                : loaded 2 times (x 76B)
Class com.google.common.primitives.IntsMethodsForWeb                                  : loaded 2 times (x 71B)
Class com.google.common.collect.Multimap                                              : loaded 2 times (x 70B)
Class org.gradle.api.internal.ClassPathRegistry                                       : loaded 2 times (x 70B)
Class org.gradle.internal.classpath.DefaultClassPath$ImmutableUniqueList              : loaded 2 times (x 199B)
Class com.google.common.cache.CacheBuilder                                            : loaded 2 times (x 72B)
Class com.google.common.collect.SingletonImmutableList                                : loaded 2 times (x 207B)
Class org.gradle.internal.classpath.ClassPath                                         : loaded 2 times (x 70B)
Class org.gradle.api.UncheckedIOException                                             : loaded 2 times (x 82B)
Class com.google.common.collect.ImmutableList$ReverseImmutableList                    : loaded 2 times (x 209B)
Class org.objectweb.asm.SymbolTable$Entry                                             : loaded 2 times (x 74B)
Class org.objectweb.asm.Edge                                                          : loaded 2 times (x 72B)
Class com.google.common.base.Suppliers$SupplierOfInstance                             : loaded 2 times (x 79B)
Class com.google.common.collect.Iterators$1                                           : loaded 2 times (x 81B)
Class com.google.common.cache.LocalCache$ComputingValueReference                      : loaded 2 times (x 96B)
Class com.google.common.collect.SingletonImmutableSet                                 : loaded 2 times (x 146B)
Class com.google.common.collect.ImmutableMap$IteratorBasedImmutableMap                : loaded 2 times (x 126B)
Class com.google.common.cache.LocalCache$Segment                                      : loaded 2 times (x 154B)
Class com.google.common.collect.AbstractListMultimap                                  : loaded 2 times (x 172B)
Class [Lorg.objectweb.asm.SymbolTable$Entry;                                          : loaded 2 times (x 69B)
Class com.google.common.cache.CacheLoader                                             : loaded 2 times (x 74B)
Class com.google.common.collect.Iterators$4                                           : loaded 2 times (x 82B)
Class com.google.common.collect.ImmutableBiMap                                        : loaded 2 times (x 143B)
Class org.gradle.internal.installation.GradleInstallation$1                           : loaded 2 times (x 75B)
Class org.gradle.api.internal.classpath.ModuleRegistry                                : loaded 2 times (x 70B)
Class com.google.common.util.concurrent.internal.InternalFutureFailureAccess          : loaded 2 times (x 72B)
Class com.google.common.collect.Iterators$5                                           : loaded 2 times (x 82B)
Class com.google.common.collect.ImmutableSet$JdkBackedSetBuilderImpl                  : loaded 2 times (x 76B)
Class com.google.common.cache.LocalCache$LocalManualCache$1                           : loaded 2 times (x 75B)
Class com.google.common.base.CharMatcher$ForPredicate                                 : loaded 2 times (x 112B)
Class com.google.common.base.CharMatcher$AnyOf                                        : loaded 2 times (x 112B)
Class com.google.common.collect.ImmutableCollection                                   : loaded 2 times (x 125B)
Class org.gradle.api.internal.classpath.DefaultModuleRegistry                         : loaded 2 times (x 86B)
Class com.google.common.collect.Lists                                                 : loaded 2 times (x 71B)
Class com.google.common.util.concurrent.ListenableFuture                              : loaded 2 times (x 70B)
Class com.google.common.cache.ReferenceEntry                                          : loaded 2 times (x 70B)
Class com.google.common.base.Converter                                                : loaded 2 times (x 90B)
Class com.google.common.collect.ImmutableSet$CachingAsList                            : loaded 2 times (x 148B)
Class com.google.common.collect.AbstractMapBasedMultimap                              : loaded 2 times (x 139B)
Class com.google.common.util.concurrent.AbstractFuture                                : loaded 2 times (x 106B)
Class com.google.common.base.FunctionalEquivalence                                    : loaded 2 times (x 83B)
Class com.google.common.collect.Iterators$9                                           : loaded 2 times (x 81B)
Class com.google.common.collect.ImmutableAsList                                       : loaded 2 times (x 209B)
Class org.objectweb.asm.RecordComponentVisitor                                        : loaded 2 times (x 77B)
Class com.google.common.cache.CacheLoader$SupplierToCacheLoader                       : loaded 2 times (x 75B)
Class org.gradle.internal.service.ServiceLookupException                              : loaded 2 times (x 82B)
Class [Lcom.google.common.cache.LocalCache$EntryFactory;                              : loaded 2 times (x 69B)
Class org.gradle.internal.classloader.ClassLoaderFactory                              : loaded 2 times (x 70B)
Class com.google.common.cache.LocalCache$LocalManualCache                             : loaded 2 times (x 99B)
Class com.google.common.base.CharMatcher$IsNot                                        : loaded 2 times (x 111B)
Class org.gradle.internal.service.CachingServiceLocator                               : loaded 2 times (x 82B)
Class com.google.common.math.IntMath                                                  : loaded 2 times (x 71B)
Class com.google.common.collect.ImmutableMapEntry                                     : loaded 2 times (x 85B)
Class com.google.common.base.Equivalence                                              : loaded 2 times (x 82B)
Class com.google.common.base.Function                                                 : loaded 2 times (x 70B)
Class com.google.common.collect.ImmutableMapEntry$NonTerminalImmutableMapEntry        : loaded 2 times (x 85B)
Class com.google.common.cache.CacheBuilder$OneWeigher                                 : loaded 2 times (x 82B)
Class com.google.common.collect.RegularImmutableList                                  : loaded 2 times (x 213B)
Class org.gradle.internal.classloader.ClasspathUtil                                   : loaded 2 times (x 71B)
Class com.google.common.util.concurrent.Uninterruptibles                              : loaded 2 times (x 71B)
Class com.google.common.util.concurrent.LazyLogger                                    : loaded 2 times (x 72B)
Class com.google.common.collect.Maps                                                  : loaded 2 times (x 71B)
Class build_b1xgi21ie1mzz6pjwqt6busxq$_run_closure1$_closure3                         : loaded 2 times (x 139B)
Class org.gradle.api.specs.Spec                                                       : loaded 2 times (x 70B)
Class [Lcom.google.common.collect.ImmutableEntry;                                     : loaded 2 times (x 69B)
Class com.google.common.cache.LocalCache$LoadingValueReference                        : loaded 2 times (x 96B)
Class [Lorg.objectweb.asm.AnnotationWriter;                                           : loaded 2 times (x 69B)
Class com.google.common.collect.Maps$8                                                : loaded 2 times (x 82B)
Class com.google.common.collect.Sets$SetView                                          : loaded 2 times (x 138B)
Class com.google.common.cache.LocalCache$StrongValueReference                         : loaded 2 times (x 90B)
Class org.objectweb.asm.Type                                                          : loaded 2 times (x 72B)
Class org.gradle.internal.classloader.VisitableURLClassLoader$InstrumentingVisitableURLClassLoader: loaded 2 times (x 123B)
Class org.objectweb.asm.ByteVector                                                    : loaded 2 times (x 79B)
Class [Lcom.google.common.cache.CacheBuilder$NullListener;                            : loaded 2 times (x 69B)
Class com.google.common.math.IntMath$1                                                : loaded 2 times (x 71B)
Class org.gradle.internal.classloader.VisitableURLClassLoader$Spec                    : loaded 2 times (x 74B)
Class org.gradle.internal.classpath.DefaultClassPath                                  : loaded 2 times (x 90B)
Class org.objectweb.asm.Symbol                                                        : loaded 2 times (x 73B)
Class build_b1xgi21ie1mzz6pjwqt6busxq                                                 : loaded 2 times (x 180B)
Class com.google.common.base.CharMatcher$BitSetMatcher                                : loaded 2 times (x 112B)
Class com.google.common.collect.RegularImmutableMap$Values                            : loaded 2 times (x 207B)
Class com.google.common.collect.ImmutableSet                                          : loaded 2 times (x 145B)
Class org.gradle.internal.classloader.ClassLoaderSpec                                 : loaded 2 times (x 71B)
Class org.objectweb.asm.AnnotationWriter                                              : loaded 2 times (x 79B)
Class com.google.common.cache.CacheStats                                              : loaded 2 times (x 71B)
Class org.objectweb.asm.RecordComponentWriter                                         : loaded 2 times (x 78B)
Class com.google.common.util.concurrent.AbstractFuture$Listener                       : loaded 2 times (x 72B)
Class com.google.common.base.CharMatcher$Or                                           : loaded 2 times (x 112B)
Class org.objectweb.asm.Attribute                                                     : loaded 2 times (x 77B)
Class com.google.common.base.Supplier                                                 : loaded 2 times (x 70B)
Class org.gradle.internal.classloader.VisitableURLClassLoader                         : loaded 2 times (x 117B)
Class org.gradle.internal.Cast                                                        : loaded 2 times (x 71B)
Class org.gradle.api.Action                                                           : loaded 2 times (x 70B)
Class com.google.common.collect.Sets                                                  : loaded 2 times (x 71B)
Class org.objectweb.asm.Handler                                                       : loaded 2 times (x 72B)
Class com.google.common.base.Ticker                                                   : loaded 2 times (x 72B)
Class com.google.common.base.CharMatcher$FastMatcher                                  : loaded 2 times (x 111B)
Class [Lcom.google.common.cache.LocalCache$Segment;                                   : loaded 2 times (x 69B)
Class [Lcom.google.common.cache.LocalCache$Strength;                                  : loaded 2 times (x 69B)
Class com.google.common.cache.CacheBuilder$1                                          : loaded 2 times (x 85B)
Class com.google.common.base.Predicate                                                : loaded 2 times (x 70B)
Class com.google.common.collect.ImmutableMap                                          : loaded 2 times (x 120B)
Class org.gradle.internal.classpath.DefaultClassPath$ImmutableUniqueList$Builder      : loaded 2 times (x 75B)
Class com.google.common.cache.LocalCache                                              : loaded 2 times (x 187B)
Class com.google.common.cache.CacheBuilder$2                                          : loaded 2 times (x 79B)
Class com.google.common.base.CharMatcher$NegatedFastMatcher                           : loaded 2 times (x 113B)
Class com.google.common.collect.ArrayListMultimap                                     : loaded 2 times (x 172B)
Class com.google.common.cache.CacheBuilder$3                                          : loaded 2 times (x 72B)
Class [Lcom.google.common.collect.AbstractMapEntry;                                   : loaded 2 times (x 69B)
Class com.google.common.collect.ImmutableEntry                                        : loaded 2 times (x 82B)
Class org.gradle.api.GradleException                                                  : loaded 2 times (x 82B)
Class com.google.common.collect.CollectPreconditions                                  : loaded 2 times (x 71B)
Class com.google.common.collect.SortedMapDifference                                   : loaded 2 times (x 70B)
Class com.google.common.cache.LocalCache$EntryFactory                                 : loaded 2 times (x 83B)
Class com.google.common.cache.LocalCache$AbstractReferenceEntry                       : loaded 2 times (x 107B)
Class org.gradle.internal.IoActions                                                   : loaded 2 times (x 71B)
Class org.objectweb.asm.SymbolTable                                                   : loaded 2 times (x 72B)
Class com.google.common.cache.CacheLoader$InvalidCacheLoadException                   : loaded 2 times (x 82B)
Class com.google.common.collect.ImmutableSet$RegularSetBuilderImpl                    : loaded 2 times (x 77B)
Class org.gradle.internal.classloader.SystemClassLoaderSpec                           : loaded 2 times (x 71B)
Class com.google.common.cache.LocalCache$StrongEntry                                  : loaded 2 times (x 108B)
Class com.google.common.util.concurrent.AbstractFuture$TrustedFuture                  : loaded 2 times (x 114B)
Class com.google.common.cache.LoadingCache                                            : loaded 2 times (x 70B)
Class org.objectweb.asm.MethodWriter                                                  : loaded 2 times (x 106B)
Class [Lcom.google.common.cache.Weigher;                                              : loaded 2 times (x 69B)
Class com.google.common.collect.RegularImmutableMap$BucketOverflowException           : loaded 2 times (x 82B)
Class build_b1xgi21ie1mzz6pjwqt6busxq$_run_closure1                                   : loaded 2 times (x 139B)
Class com.google.common.collect.RegularImmutableBiMap                                 : loaded 2 times (x 149B)
Class com.google.common.cache.LocalCache$ValueReference                               : loaded 2 times (x 70B)
Class com.google.common.base.CharMatcher$Negated                                      : loaded 2 times (x 113B)
Class com.google.common.base.CharMatcher$Is                                           : loaded 2 times (x 111B)
Class com.google.common.util.concurrent.AbstractFuture$Failure                        : loaded 2 times (x 72B)
Class com.google.common.base.Equivalence$Equals                                       : loaded 2 times (x 82B)
Class com.google.common.collect.Hashing                                               : loaded 2 times (x 71B)
Class com.google.common.base.Preconditions                                            : loaded 2 times (x 71B)
Class com.google.common.base.Joiner$1                                                 : loaded 2 times (x 80B)
Class org.objectweb.asm.Label                                                         : loaded 2 times (x 73B)
Class org.objectweb.asm.CurrentFrame                                                  : loaded 2 times (x 73B)
Class org.objectweb.asm.ClassTooLargeException                                        : loaded 2 times (x 83B)
Class com.google.common.base.CharMatcher                                              : loaded 2 times (x 111B)
Class com.google.common.collect.PeekingIterator                                       : loaded 2 times (x 70B)
Class com.google.common.base.Joiner$2                                                 : loaded 2 times (x 79B)
Class org.objectweb.asm.Frame                                                         : loaded 2 times (x 73B)
Class org.objectweb.asm.MethodVisitor                                                 : loaded 2 times (x 105B)
Class com.google.common.cache.LocalCache$EntryFactory$1                               : loaded 2 times (x 83B)
Class [Lcom.google.common.cache.RemovalListener;                                      : loaded 2 times (x 69B)
Class com.google.common.base.CharMatcher$NamedFastMatcher                             : loaded 2 times (x 112B)
Class com.google.common.base.CharMatcher$1                                            : loaded 2 times (x 113B)
Class com.google.common.cache.LocalCache$EntryFactory$2                               : loaded 2 times (x 83B)
Class org.gradle.api.internal.classpath.GlobalCacheRootsProvider                      : loaded 2 times (x 70B)
Class org.objectweb.asm.ModuleWriter                                                  : loaded 2 times (x 82B)
Class com.google.common.cache.LocalCache$EntryFactory$3                               : loaded 2 times (x 83B)
Class com.google.common.base.Ticker$1                                                 : loaded 2 times (x 72B)
Class com.google.common.collect.Maps$BiMapConverter                                   : loaded 2 times (x 90B)
Class com.google.common.collect.ImmutableMapEntrySet$RegularEntrySet                  : loaded 2 times (x 152B)
Class com.google.common.cache.LocalCache$EntryFactory$4                               : loaded 2 times (x 83B)
Class com.google.common.base.CharMatcher$InRange                                      : loaded 2 times (x 111B)
Class com.google.common.collect.ImmutableSet$Builder                                  : loaded 2 times (x 85B)
Class com.google.common.cache.LocalCache$EntryFactory$5                               : loaded 2 times (x 83B)
Class com.google.common.cache.LocalCache$EntryFactory$6                               : loaded 2 times (x 83B)
Class org.gradle.internal.installation.CurrentGradleInstallationLocator               : loaded 2 times (x 71B)
Class com.google.common.cache.LocalCache$EntryFactory$7                               : loaded 2 times (x 83B)
Class com.google.common.collect.ImmutableSet$EmptySetBuilderImpl                      : loaded 2 times (x 76B)
Class com.google.common.collect.ImmutableList                                         : loaded 2 times (x 206B)
Class org.gradle.internal.service.DefaultServiceLocator                               : loaded 2 times (x 83B)
Class com.google.common.cache.LocalCache$EntryFactory$8                               : loaded 2 times (x 83B)
Class com.google.common.collect.ImmutableSet$SetBuilderImpl                           : loaded 2 times (x 76B)
Class org.gradle.internal.installation.CurrentGradleInstallation                      : loaded 2 times (x 73B)
Class com.google.common.cache.CacheLoader$1                                           : loaded 2 times (x 75B)
Class com.google.common.collect.ImmutableList$SubList                                 : loaded 2 times (x 209B)
Class org.gradle.util.internal.GUtil                                                  : loaded 2 times (x 71B)
Class com.google.common.cache.AbstractCache$StatsCounter                              : loaded 2 times (x 70B)
Class com.google.common.collect.Iterators$MergingIterator                             : loaded 2 times (x 81B)
Class com.google.common.collect.RegularImmutableSet                                   : loaded 2 times (x 149B)
Class org.gradle.internal.installation.GradleInstallation                             : loaded 2 times (x 75B)
Class com.google.common.collect.Iterables                                             : loaded 2 times (x 71B)

---------------  S Y S T E M  ---------------

OS:
 Windows 11 , 64 bit Build 26100 (10.0.26100.9444)
OS uptime: 0 days 0:24 hours
Hyper-V role detected

CPU: total 16 (initial active 16) (8 cores per cpu, 2 threads per core) family 6 model 154 stepping 3 microcode 0x435, cx8, cmov, fxsr, ht, mmx, 3dnowpref, sse, sse2, sse3, ssse3, sse4.1, sse4.2, popcnt, lzcnt, tsc, tscinvbit, avx, avx2, aes, erms, clmul, bmi1, bmi2, adx, sha, fma, vzeroupper, clflush, clflushopt, clwb, hv, serialize, rdtscp, rdpid, fsrm, f16c, cet_ibt, cet_ss
Processor Information for processor 0
  Max Mhz: 2500, Current Mhz: 2500, Mhz Limit: 2500
Processor Information for processor 1
  Max Mhz: 2500, Current Mhz: 2500, Mhz Limit: 2500
Processor Information for processor 2
  Max Mhz: 2500, Current Mhz: 2500, Mhz Limit: 2500
Processor Information for processor 3
  Max Mhz: 2500, Current Mhz: 2500, Mhz Limit: 2500
Processor Information for processor 4
  Max Mhz: 2500, Current Mhz: 2500, Mhz Limit: 2500
Processor Information for processor 5
  Max Mhz: 2500, Current Mhz: 2500, Mhz Limit: 2500
Processor Information for processor 6
  Max Mhz: 2500, Current Mhz: 2500, Mhz Limit: 2500
Processor Information for processor 7
  Max Mhz: 2500, Current Mhz: 2500, Mhz Limit: 2500
Processor Information for processor 8
  Max Mhz: 2500, Current Mhz: 1800, Mhz Limit: 1800
Processor Information for processor 9
  Max Mhz: 2500, Current Mhz: 1800, Mhz Limit: 1800
Processor Information for processor 10
  Max Mhz: 2500, Current Mhz: 1500, Mhz Limit: 1800
Processor Information for processor 11
  Max Mhz: 2500, Current Mhz: 1500, Mhz Limit: 1800
Processor Information for processor 12
  Max Mhz: 2500, Current Mhz: 1800, Mhz Limit: 1800
Processor Information for processor 13
  Max Mhz: 2500, Current Mhz: 1500, Mhz Limit: 1800
Processor Information for processor 14
  Max Mhz: 2500, Current Mhz: 1800, Mhz Limit: 1800
Processor Information for processor 15
  Max Mhz: 2500, Current Mhz: 1800, Mhz Limit: 1800

Memory: 4k page, system-wide physical 16051M (82M free)
TotalPageFile size 57195M (AvailPageFile size 396M)
current process WorkingSet (physical memory assigned to process): 118M, peak: 255M
current process commit charge ("private bytes"): 387M, peak: 392M

vm_info: OpenJDK 64-Bit Server VM (21.0.9+-14787801-b1163.94) for windows-amd64 JRE (21.0.9+-14787801-b1163.94), built on 2026-01-27T21:15:44Z by "builder" with MS VC++ 16.10 / 16.11 (VS2019)

END.
