#
# There is insufficient memory for the Java Runtime Environment to continue.
# Native memory allocation (mmap) failed to map 65536 bytes. Error detail: Failed to commit metaspace.
# Possible reasons:
#   The system is out of physical RAM or swap space
#   This process is running with CompressedOops enabled, and the Java Heap may be blocking the growth of the native heap
# Possible solutions:
#   Reduce memory load on the system
#   Increase physical memory or swap space
#   Check if swap backing store is full
#   Decrease Java heap size (-Xmx/-Xms)
#   Decrease number of Java threads
#   Decrease Java thread stack sizes (-Xss)
#   Set larger code cache with -XX:ReservedCodeCacheSize=
#   JVM is running with Unscaled Compressed Oops mode in which the Java heap is
#     placed in the first 4GB address space. The Java Heap base address is the
#     maximum limit for the native heap growth. Please use -XX:HeapBaseMinAddress
#     to set the Java Heap base and to place the Java Heap above 4GB virtual address.
# This output file may be truncated or incomplete.
#
#  Out of Memory Error (virtualSpaceNode.cpp:113), pid=47160, tid=42612
#
# JRE version: OpenJDK Runtime Environment Temurin-21.0.12.1+1 (21.0.12.1+1) (build 21.0.12.1+1-LTS)
# Java VM: OpenJDK 64-Bit Server VM Temurin-21.0.12.1+1 (21.0.12.1+1-LTS, mixed mode, sharing, tiered, compressed oops, compressed class ptrs, g1 gc, windows-amd64)
# No core dump will be written. Minidumps are not enabled by default on client versions of Windows
#

---------------  S U M M A R Y ------------

Command Line: --add-opens=java.base/java.util=ALL-UNNAMED --add-opens=java.base/java.lang=ALL-UNNAMED --add-opens=java.base/java.lang.invoke=ALL-UNNAMED --add-opens=java.prefs/java.util.prefs=ALL-UNNAMED --add-exports=jdk.compiler/com.sun.tools.javac.api=ALL-UNNAMED --add-exports=jdk.compiler/com.sun.tools.javac.util=ALL-UNNAMED --add-opens=java.base/java.nio.charset=ALL-UNNAMED --add-opens=java.base/java.net=ALL-UNNAMED --add-opens=java.base/java.util.concurrent.atomic=ALL-UNNAMED -XX:MaxMetaspaceSize=384m -XX:+HeapDumpOnOutOfMemoryError -Xms256m -Xmx512m -Dfile.encoding=utf8 -Duser.country=US -Duser.language=en -Duser.variant -javaagent:C:\Users\admoi\.gradle\wrapper\dists\gradle-8.9-bin\90cnw93cvbtalezasaz0blq0a\gradle-8.9\lib\agents\gradle-instrumentation-agent-8.9.jar org.gradle.launcher.daemon.bootstrap.GradleDaemon 8.9

Host: 12th Gen Intel(R) Core(TM) i5-12500H, 16 cores, 15G,  Windows 11 , 64 bit Build 26100 (10.0.26100.9444)
Time: Wed Sep  9 14:35:52 2026 SE Asia Standard Time elapsed time: 16.935955 seconds (0d 0h 0m 16s)

---------------  T H R E A D  ---------------

Current thread (0x000001da396ca2a0):  JavaThread "Daemon worker"        [_thread_in_vm, id=42612, stack(0x000000aeee800000,0x000000aeee900000) (1024K)]

Stack: [0x000000aeee800000,0x000000aeee900000]
Native frames: (J=compiled Java code, j=interpreted, Vv=VM code, C=native code)
V  [jvm.dll+0x6d83e9]
V  [jvm.dll+0x8b5736]
V  [jvm.dll+0x8b7cee]
V  [jvm.dll+0x8b83d3]
V  [jvm.dll+0x284596]
V  [jvm.dll+0x8b147e]
V  [jvm.dll+0x679ad4]
V  [jvm.dll+0x1e849b]
V  [jvm.dll+0x1e825e]
V  [jvm.dll+0x67c3d2]
V  [jvm.dll+0x67c202]
V  [jvm.dll+0x67a4ae]
V  [jvm.dll+0x26f864]
V  [jvm.dll+0x21a11f]
V  [jvm.dll+0x20f80e]
V  [jvm.dll+0x5b6a7f]
V  [jvm.dll+0x82f606]
V  [jvm.dll+0x4792f8]
V  [jvm.dll+0x47f128]
C  [java.dll+0x17ec]

Java frames: (J=compiled Java code, j=interpreted, Vv=VM code)
J 858  java.lang.ClassLoader.defineClass1(Ljava/lang/ClassLoader;Ljava/lang/String;[BIILjava/security/ProtectionDomain;Ljava/lang/String;)Ljava/lang/Class; java.base@21.0.12.1 (0 bytes) @ 0x000001da1321a191 [0x000001da1321a0c0+0x00000000000000d1]
J 1090 c1 java.lang.ClassLoader.defineClass(Ljava/lang/String;[BIILjava/security/ProtectionDomain;)Ljava/lang/Class; java.base@21.0.12.1 (43 bytes) @ 0x000001da0b7f9d74 [0x000001da0b7f9a20+0x0000000000000354]
J 1103 c1 java.security.SecureClassLoader.defineClass(Ljava/lang/String;[BIILjava/security/CodeSource;)Ljava/lang/Class; java.base@21.0.12.1 (16 bytes) @ 0x000001da0b80381c [0x000001da0b803740+0x00000000000000dc]
J 2976 c2 java.net.URLClassLoader.findClass(Ljava/lang/String;)Ljava/lang/Class; java.base@21.0.12.1 (47 bytes) @ 0x000001da13326fa0 [0x000001da13325cc0+0x00000000000012e0]
J 2831 c2 java.lang.ClassLoader.loadClass(Ljava/lang/String;Z)Ljava/lang/Class; java.base@21.0.12.1 (121 bytes) @ 0x000001da1330d46c [0x000001da13309f40+0x000000000000352c]
J 875 c1 java.lang.ClassLoader.loadClass(Ljava/lang/String;)Ljava/lang/Class; java.base@21.0.12.1 (7 bytes) @ 0x000001da0b78f454 [0x000001da0b78f340+0x0000000000000114]
v  ~StubRoutines::call_stub 0x000001da12a7100d
j  org.gradle.internal.service.scopes.ExecutionBuildServices.createExecutionEngine(Lorg/gradle/caching/internal/controller/BuildCacheController;Lorg/gradle/initialization/BuildCancellationToken;Lorg/gradle/internal/scopeids/id/BuildInvocationScopeId;Lorg/gradle/internal/operations/BuildOperationRunner;Lorg/gradle/internal/operations/BuildOperationProgressEventEmitter;Lorg/gradle/internal/execution/BuildOutputCleanupRegistry;Lorg/gradle/internal/hash/ClassLoaderHierarchyHasher;Lorg/gradle/internal/operations/CurrentBuildOperationRef;Lorg/gradle/internal/file/Deleter;Lorg/gradle/internal/execution/history/changes/ExecutionStateChangeDetector;Lorg/gradle/internal/vfs/FileSystemAccess;Lorg/gradle/internal/execution/history/ImmutableWorkspaceMetadataStore;Lorg/gradle/internal/execution/OutputChangeListener;Lorg/gradle/internal/execution/WorkInputListeners;Lorg/gradle/internal/execution/history/OutputFilesRepository;Lorg/gradle/internal/execution/OutputSnapshotter;Lorg/gradle/internal/execution/history/OverlappingOutputDetector;Lorg/gradle/StartParameter;Lorg/gradle/internal/execution/timeout/TimeoutHandler;Lorg/gradle/internal/execution/steps/ValidateStep$ValidationWarningRecorder;Lorg/gradle/internal/vfs/VirtualFileSystem;)Lorg/gradle/internal/execution/ExecutionEngine;+252
j  java.lang.invoke.LambdaForm$DMH+0x000001da202d8000.invokeVirtual(Ljava/lang/Object;Ljava/lang/Object;Ljava/lang/Object;Ljava/lang/Object;Ljava/lang/Object;Ljava/lang/Object;Ljava/lang/Object;Ljava/lang/Object;Ljava/lang/Object;Ljava/lang/Object;Ljava/lang/Object;Ljava/lang/Object;Ljava/lang/Object;Ljava/lang/Object;Ljava/lang/Object;Ljava/lang/Object;Ljava/lang/Object;Ljava/lang/Object;Ljava/lang/Object;Ljava/lang/Object;Ljava/lang/Object;Ljava/lang/Object;Ljava/lang/Object;)Ljava/lang/Object;+52 java.base@21.0.12.1
j  java.lang.invoke.LambdaForm$MH+0x000001da2034d800.invoke(Ljava/lang/Object;Ljava/lang/Object;Ljava/lang/Object;Ljava/lang/Object;Ljava/lang/Object;Ljava/lang/Object;Ljava/lang/Object;Ljava/lang/Object;Ljava/lang/Object;Ljava/lang/Object;Ljava/lang/Object;Ljava/lang/Object;Ljava/lang/Object;Ljava/lang/Object;Ljava/lang/Object;Ljava/lang/Object;Ljava/lang/Object;Ljava/lang/Object;Ljava/lang/Object;Ljava/lang/Object;Ljava/lang/Object;Ljava/lang/Object;)Ljava/lang/Object;+441 java.base@21.0.12.1
j  java.lang.invoke.LambdaForm$MH+0x000001da20348400.invoke(Ljava/lang/Object;Ljava/lang/Object;Ljava/lang/Object;)Ljava/lang/Object;+201 java.base@21.0.12.1
J 2681 c1 java.lang.invoke.Invokers$Holder.invokeExact_MT(Ljava/lang/Object;Ljava/lang/Object;Ljava/lang/Object;Ljava/lang/Object;)Ljava/lang/Object; java.base@21.0.12.1 (24 bytes) @ 0x000001da0bb56964 [0x000001da0bb564a0+0x00000000000004c4]
j  java.lang.invoke.MethodHandle.invokeWithArguments([Ljava/lang/Object;)Ljava/lang/Object;+28 java.base@21.0.12.1
j  org.gradle.internal.service.MethodHandleBasedServiceMethod.invoke(Ljava/lang/Object;[Ljava/lang/Object;)Ljava/lang/Object;+9
j  org.gradle.internal.service.DefaultServiceRegistry$FactoryMethodService.invokeMethod([Ljava/lang/Object;)Ljava/lang/Object;+9
j  org.gradle.internal.service.DefaultServiceRegistry$FactoryService.createServiceInstance()Ljava/lang/Object;+7
J 2712 c1 org.gradle.internal.service.DefaultServiceRegistry$ManagedObjectServiceProvider.getInstance()Ljava/lang/Object; (47 bytes) @ 0x000001da0bb6d68c [0x000001da0bb6d4e0+0x00000000000001ac]
J 2711 c1 org.gradle.internal.service.DefaultServiceRegistry$SingletonService.get()Ljava/lang/Object; (5 bytes) @ 0x000001da0bb6d1bc [0x000001da0bb6d140+0x000000000000007c]
j  org.gradle.internal.service.DefaultServiceRegistry$FactoryService.assembleParameters()[Ljava/lang/Object;+44
j  org.gradle.internal.service.DefaultServiceRegistry$FactoryService.createServiceInstance()Ljava/lang/Object;+1
J 2712 c1 org.gradle.internal.service.DefaultServiceRegistry$ManagedObjectServiceProvider.getInstance()Ljava/lang/Object; (47 bytes) @ 0x000001da0bb6d68c [0x000001da0bb6d4e0+0x00000000000001ac]
J 2711 c1 org.gradle.internal.service.DefaultServiceRegistry$SingletonService.get()Ljava/lang/Object; (5 bytes) @ 0x000001da0bb6d1bc [0x000001da0bb6d140+0x000000000000007c]
j  org.gradle.internal.service.DefaultServiceRegistry$FactoryService.assembleParameters()[Ljava/lang/Object;+44
j  org.gradle.internal.service.DefaultServiceRegistry$FactoryService.createServiceInstance()Ljava/lang/Object;+1
J 2712 c1 org.gradle.internal.service.DefaultServiceRegistry$ManagedObjectServiceProvider.getInstance()Ljava/lang/Object; (47 bytes) @ 0x000001da0bb6d68c [0x000001da0bb6d4e0+0x00000000000001ac]
J 2711 c1 org.gradle.internal.service.DefaultServiceRegistry$SingletonService.get()Ljava/lang/Object; (5 bytes) @ 0x000001da0bb6d1bc [0x000001da0bb6d140+0x000000000000007c]
j  org.gradle.internal.service.DefaultServiceRegistry.find(Ljava/lang/reflect/Type;)Ljava/lang/Object;+22
j  org.gradle.internal.service.DefaultServiceRegistry.get(Ljava/lang/reflect/Type;)Ljava/lang/Object;+2
j  org.gradle.internal.service.DefaultServiceRegistry.get(Ljava/lang/Class;)Ljava/lang/Object;+3
j  org.gradle.internal.service.scopes.BuildScopeServices.defaultScriptPluginFactory()Lorg/gradle/configuration/DefaultScriptPluginFactory;+8
j  org.gradle.internal.service.scopes.BuildScopeServices.createScriptPluginFactory(Lorg/gradle/internal/instantiation/InstantiatorFactory;Lorg/gradle/internal/operations/BuildOperationRunner;Lorg/gradle/internal/code/UserCodeApplicationContext;Lorg/gradle/internal/event/ListenerManager;)Lorg/gradle/configuration/ScriptPluginFactory;+1
j  java.lang.invoke.LambdaForm$DMH+0x000001da200e5800.invokeVirtual(Ljava/lang/Object;Ljava/lang/Object;Ljava/lang/Object;Ljava/lang/Object;Ljava/lang/Object;Ljava/lang/Object;)Ljava/lang/Object;+18 java.base@21.0.12.1
j  java.lang.invoke.LambdaForm$MH+0x000001da202ee000.invoke(Ljava/lang/Object;Ljava/lang/Object;Ljava/lang/Object;)Ljava/lang/Object;+143 java.base@21.0.12.1
J 2257 c1 jdk.internal.reflect.DirectMethodHandleAccessor.invoke(Ljava/lang/Object;[Ljava/lang/Object;)Ljava/lang/Object; java.base@21.0.12.1 (92 bytes) @ 0x000001da0ba807a4 [0x000001da0ba7ff40+0x0000000000000864]
J 2256 c1 java.lang.reflect.Method.invoke(Ljava/lang/Object;[Ljava/lang/Object;)Ljava/lang/Object; java.base@21.0.12.1 (108 bytes) @ 0x000001da0ba7f6d4 [0x000001da0ba7f1c0+0x0000000000000514]
j  org.gradle.internal.reflect.JavaMethod.invoke(Ljava/lang/Object;[Ljava/lang/Object;)Ljava/lang/Object;+6
j  org.gradle.internal.service.ReflectionBasedServiceMethod.invoke(Ljava/lang/Object;[Ljava/lang/Object;)Ljava/lang/Object;+6
j  org.gradle.internal.service.DefaultServiceRegistry$FactoryMethodService.invokeMethod([Ljava/lang/Object;)Ljava/lang/Object;+9
j  org.gradle.internal.service.DefaultServiceRegistry$FactoryService.createServiceInstance()Ljava/lang/Object;+7
J 2712 c1 org.gradle.internal.service.DefaultServiceRegistry$ManagedObjectServiceProvider.getInstance()Ljava/lang/Object; (47 bytes) @ 0x000001da0bb6d68c [0x000001da0bb6d4e0+0x00000000000001ac]
J 2711 c1 org.gradle.internal.service.DefaultServiceRegistry$SingletonService.get()Ljava/lang/Object; (5 bytes) @ 0x000001da0bb6d1bc [0x000001da0bb6d140+0x000000000000007c]
j  org.gradle.internal.service.DefaultServiceRegistry$FactoryService.assembleParameters()[Ljava/lang/Object;+44
j  org.gradle.internal.service.DefaultServiceRegistry$FactoryService.createServiceInstance()Ljava/lang/Object;+1
J 2712 c1 org.gradle.internal.service.DefaultServiceRegistry$ManagedObjectServiceProvider.getInstance()Ljava/lang/Object; (47 bytes) @ 0x000001da0bb6d68c [0x000001da0bb6d4e0+0x00000000000001ac]
J 2711 c1 org.gradle.internal.service.DefaultServiceRegistry$SingletonService.get()Ljava/lang/Object; (5 bytes) @ 0x000001da0bb6d1bc [0x000001da0bb6d140+0x000000000000007c]
j  org.gradle.internal.service.DefaultServiceRegistry$FactoryService.assembleParameters()[Ljava/lang/Object;+44
j  org.gradle.internal.service.DefaultServiceRegistry$FactoryService.createServiceInstance()Ljava/lang/Object;+1
J 2712 c1 org.gradle.internal.service.DefaultServiceRegistry$ManagedObjectServiceProvider.getInstance()Ljava/lang/Object; (47 bytes) @ 0x000001da0bb6d68c [0x000001da0bb6d4e0+0x00000000000001ac]
J 2711 c1 org.gradle.internal.service.DefaultServiceRegistry$SingletonService.get()Ljava/lang/Object; (5 bytes) @ 0x000001da0bb6d1bc [0x000001da0bb6d140+0x000000000000007c]
j  org.gradle.internal.service.DefaultServiceRegistry$FactoryService.assembleParameters()[Ljava/lang/Object;+44
j  org.gradle.internal.service.DefaultServiceRegistry$FactoryService.createServiceInstance()Ljava/lang/Object;+1
J 2712 c1 org.gradle.internal.service.DefaultServiceRegistry$ManagedObjectServiceProvider.getInstance()Ljava/lang/Object; (47 bytes) @ 0x000001da0bb6d68c [0x000001da0bb6d4e0+0x00000000000001ac]
J 2711 c1 org.gradle.internal.service.DefaultServiceRegistry$SingletonService.get()Ljava/lang/Object; (5 bytes) @ 0x000001da0bb6d1bc [0x000001da0bb6d140+0x000000000000007c]
j  org.gradle.internal.service.DefaultServiceRegistry.find(Ljava/lang/reflect/Type;)Ljava/lang/Object;+22
j  org.gradle.internal.service.DefaultServiceRegistry.get(Ljava/lang/reflect/Type;)Ljava/lang/Object;+2
j  org.gradle.internal.service.DefaultServiceRegistry.get(Ljava/lang/Class;)Ljava/lang/Object;+3
j  org.gradle.internal.cc.impl.DefaultBuildModelControllerServices$VintageBuildControllerProvider.createBuildModelController(Lorg/gradle/api/internal/GradleInternal;Lorg/gradle/internal/model/StateTransitionControllerFactory;)Lorg/gradle/internal/build/BuildModelController;+69
j  java.lang.invoke.DirectMethodHandle$Holder.invokeSpecial(Ljava/lang/Object;Ljava/lang/Object;Ljava/lang/Object;Ljava/lang/Object;)Ljava/lang/Object;+14 java.base@21.0.12.1
j  java.lang.invoke.LambdaForm$MH+0x000001da20098000.invoke(Ljava/lang/Object;Ljava/lang/Object;Ljava/lang/Object;Ljava/lang/Object;)Ljava/lang/Object;+73 java.base@21.0.12.1
J 2257 c1 jdk.internal.reflect.DirectMethodHandleAccessor.invoke(Ljava/lang/Object;[Ljava/lang/Object;)Ljava/lang/Object; java.base@21.0.12.1 (92 bytes) @ 0x000001da0ba814e4 [0x000001da0ba7ff40+0x00000000000015a4]
J 2256 c1 java.lang.reflect.Method.invoke(Ljava/lang/Object;[Ljava/lang/Object;)Ljava/lang/Object; java.base@21.0.12.1 (108 bytes) @ 0x000001da0ba7f6d4 [0x000001da0ba7f1c0+0x0000000000000514]
j  org.gradle.internal.reflect.JavaMethod.invoke(Ljava/lang/Object;[Ljava/lang/Object;)Ljava/lang/Object;+6
j  org.gradle.internal.service.ReflectionBasedServiceMethod.invoke(Ljava/lang/Object;[Ljava/lang/Object;)Ljava/lang/Object;+6
j  org.gradle.internal.service.DefaultServiceRegistry$FactoryMethodService.invokeMethod([Ljava/lang/Object;)Ljava/lang/Object;+9
j  org.gradle.internal.service.DefaultServiceRegistry$FactoryService.createServiceInstance()Ljava/lang/Object;+7
J 2712 c1 org.gradle.internal.service.DefaultServiceRegistry$ManagedObjectServiceProvider.getInstance()Ljava/lang/Object; (47 bytes) @ 0x000001da0bb6d68c [0x000001da0bb6d4e0+0x00000000000001ac]
J 2711 c1 org.gradle.internal.service.DefaultServiceRegistry$SingletonService.get()Ljava/lang/Object; (5 bytes) @ 0x000001da0bb6d1bc [0x000001da0bb6d140+0x000000000000007c]
j  org.gradle.internal.service.DefaultServiceRegistry.find(Ljava/lang/reflect/Type;)Ljava/lang/Object;+22
j  org.gradle.internal.service.DefaultServiceRegistry.get(Ljava/lang/reflect/Type;)Ljava/lang/Object;+2
j  org.gradle.internal.service.DefaultServiceRegistry.get(Ljava/lang/Class;)Ljava/lang/Object;+3
j  org.gradle.internal.build.DefaultBuildLifecycleControllerFactory.newInstance(Lorg/gradle/api/internal/BuildDefinition;Lorg/gradle/internal/service/scopes/BuildScopeServices;)Lorg/gradle/internal/build/BuildLifecycleController;+94
j  org.gradle.internal.cc.impl.DefaultBuildModelControllerServices$ServicesProvider.createBuildLifecycleController(Lorg/gradle/internal/build/BuildLifecycleControllerFactory;)Lorg/gradle/internal/build/BuildLifecycleController;+15
J 1670 c1 java.lang.invoke.DirectMethodHandle$Holder.invokeSpecial(Ljava/lang/Object;Ljava/lang/Object;Ljava/lang/Object;)Ljava/lang/Object; java.base@21.0.12.1 (15 bytes) @ 0x000001da0b956f54 [0x000001da0b956b60+0x00000000000003f4]
j  java.lang.invoke.LambdaForm$MH+0x000001da20095000.invoke(Ljava/lang/Object;Ljava/lang/Object;Ljava/lang/Object;)Ljava/lang/Object;+52 java.base@21.0.12.1
J 2257 c1 jdk.internal.reflect.DirectMethodHandleAccessor.invoke(Ljava/lang/Object;[Ljava/lang/Object;)Ljava/lang/Object; java.base@21.0.12.1 (92 bytes) @ 0x000001da0ba81b3c [0x000001da0ba7ff40+0x0000000000001bfc]
J 2256 c1 java.lang.reflect.Method.invoke(Ljava/lang/Object;[Ljava/lang/Object;)Ljava/lang/Object; java.base@21.0.12.1 (108 bytes) @ 0x000001da0ba7f6d4 [0x000001da0ba7f1c0+0x0000000000000514]
j  org.gradle.internal.reflect.JavaMethod.invoke(Ljava/lang/Object;[Ljava/lang/Object;)Ljava/lang/Object;+6
j  org.gradle.internal.service.ReflectionBasedServiceMethod.invoke(Ljava/lang/Object;[Ljava/lang/Object;)Ljava/lang/Object;+6
j  org.gradle.internal.service.DefaultServiceRegistry$FactoryMethodService.invokeMethod([Ljava/lang/Object;)Ljava/lang/Object;+9
j  org.gradle.internal.service.DefaultServiceRegistry$FactoryService.createServiceInstance()Ljava/lang/Object;+7
J 2712 c1 org.gradle.internal.service.DefaultServiceRegistry$ManagedObjectServiceProvider.getInstance()Ljava/lang/Object; (47 bytes) @ 0x000001da0bb6d68c [0x000001da0bb6d4e0+0x00000000000001ac]
J 2711 c1 org.gradle.internal.service.DefaultServiceRegistry$SingletonService.get()Ljava/lang/Object; (5 bytes) @ 0x000001da0bb6d1bc [0x000001da0bb6d140+0x000000000000007c]
j  org.gradle.internal.service.DefaultServiceRegistry.find(Ljava/lang/reflect/Type;)Ljava/lang/Object;+22
j  org.gradle.internal.service.DefaultServiceRegistry.get(Ljava/lang/reflect/Type;)Ljava/lang/Object;+2
j  org.gradle.internal.service.DefaultServiceRegistry.get(Ljava/lang/Class;)Ljava/lang/Object;+3
j  org.gradle.internal.build.AbstractBuildState.lambda$new$0()Lorg/gradle/internal/build/BuildLifecycleController;+6
j  org.gradle.internal.build.AbstractBuildState$$Lambda+0x000001da202f3190.get()Ljava/lang/Object;+4
j  org.gradle.internal.lazy.LockingLazy.get()Ljava/lang/Object;+22
j  org.gradle.internal.build.AbstractBuildState.getBuildController()Lorg/gradle/internal/build/BuildLifecycleController;+4
j  org.gradle.composite.internal.DefaultRootBuildState.<init>(Lorg/gradle/api/internal/BuildDefinition;Lorg/gradle/internal/buildtree/BuildTreeState;Lorg/gradle/internal/event/ListenerManager;)V+19
j  org.gradle.composite.internal.BuildStateFactory.createRootBuild(Lorg/gradle/api/internal/BuildDefinition;)Lorg/gradle/internal/build/RootBuildState;+13
j  org.gradle.composite.internal.DefaultIncludedBuildRegistry.createRootBuild(Lorg/gradle/api/internal/BuildDefinition;)Lorg/gradle/internal/build/RootBuildState;+23
j  org.gradle.launcher.exec.RootBuildLifecycleBuildActionExecutor.execute(Lorg/gradle/internal/invocation/BuildAction;Lorg/gradle/internal/buildtree/BuildTreeContext;)Lorg/gradle/internal/buildtree/BuildActionRunner$Result;+14
j  org.gradle.internal.buildtree.InitDeprecationLoggingActionExecutor.execute(Lorg/gradle/internal/invocation/BuildAction;Lorg/gradle/internal/buildtree/BuildTreeContext;)Lorg/gradle/internal/buildtree/BuildActionRunner$Result;+83
j  org.gradle.internal.buildtree.InitProblems.execute(Lorg/gradle/internal/invocation/BuildAction;Lorg/gradle/internal/buildtree/BuildTreeContext;)Lorg/gradle/internal/buildtree/BuildActionRunner$Result;+13
j  org.gradle.internal.buildtree.DefaultBuildTreeContext.execute(Lorg/gradle/internal/invocation/BuildAction;)Lorg/gradle/internal/buildtree/BuildActionRunner$Result;+64
j  org.gradle.launcher.exec.BuildTreeLifecycleBuildActionExecutor.lambda$execute$0(Lorg/gradle/internal/invocation/BuildAction;Lorg/gradle/internal/buildtree/BuildTreeContext;)Lorg/gradle/internal/buildtree/BuildActionRunner$Result;+2
j  org.gradle.launcher.exec.BuildTreeLifecycleBuildActionExecutor$$Lambda+0x000001da2029dd38.apply(Ljava/lang/Object;)Ljava/lang/Object;+8
j  org.gradle.internal.buildtree.BuildTreeState.run(Ljava/util/function/Function;)Ljava/lang/Object;+45
j  org.gradle.launcher.exec.BuildTreeLifecycleBuildActionExecutor.execute(Lorg/gradle/internal/invocation/BuildAction;Lorg/gradle/internal/session/BuildSessionContext;)Lorg/gradle/internal/buildtree/BuildActionRunner$Result;+74
j  org.gradle.launcher.exec.RunAsBuildOperationBuildActionExecutor$3.call(Lorg/gradle/internal/operations/BuildOperationContext;)Lorg/gradle/internal/buildtree/BuildActionRunner$Result;+25
j  org.gradle.launcher.exec.RunAsBuildOperationBuildActionExecutor$3.call(Lorg/gradle/internal/operations/BuildOperationContext;)Ljava/lang/Object;+2
j  org.gradle.internal.operations.DefaultBuildOperationRunner$CallableBuildOperationWorker.execute(Lorg/gradle/internal/operations/CallableBuildOperation;Lorg/gradle/internal/operations/BuildOperationContext;)V+3
j  org.gradle.internal.operations.DefaultBuildOperationRunner$CallableBuildOperationWorker.execute(Lorg/gradle/internal/operations/BuildOperation;Lorg/gradle/internal/operations/BuildOperationContext;)V+6
j  org.gradle.internal.operations.DefaultBuildOperationRunner$2.execute(Lorg/gradle/internal/operations/BuildOperationDescriptor;Lorg/gradle/internal/operations/BuildOperationState;Lorg/gradle/internal/operations/BuildOperationState;Lorg/gradle/internal/operations/DefaultBuildOperationRunner$ReadableBuildOperationContext;Lorg/gradle/internal/operations/DefaultBuildOperationRunner$BuildOperationExecutionListener;)Lorg/gradle/internal/operations/BuildOperation;+22
j  org.gradle.internal.operations.DefaultBuildOperationRunner$2.execute(Lorg/gradle/internal/operations/BuildOperationDescriptor;Lorg/gradle/internal/operations/BuildOperationState;Lorg/gradle/internal/operations/BuildOperationState;Lorg/gradle/internal/operations/DefaultBuildOperationRunner$ReadableBuildOperationContext;Lorg/gradle/internal/operations/DefaultBuildOperationRunner$BuildOperationExecutionListener;)Ljava/lang/Object;+8
j  org.gradle.internal.operations.DefaultBuildOperationRunner.execute(Lorg/gradle/internal/operations/BuildOperationDescriptor$Builder;Lorg/gradle/internal/operations/BuildOperationState;Lorg/gradle/internal/operations/DefaultBuildOperationRunner$BuildOperationExecution;)Ljava/lang/Object;+141
j  org.gradle.internal.operations.DefaultBuildOperationRunner.execute(Lorg/gradle/internal/operations/BuildOperation;Lorg/gradle/internal/operations/BuildOperationWorker;Lorg/gradle/internal/operations/BuildOperationState;)V+18
j  org.gradle.internal.operations.DefaultBuildOperationRunner.call(Lorg/gradle/internal/operations/CallableBuildOperation;)Ljava/lang/Object;+16
j  org.gradle.launcher.exec.RunAsBuildOperationBuildActionExecutor.execute(Lorg/gradle/internal/invocation/BuildAction;Lorg/gradle/internal/session/BuildSessionContext;)Lorg/gradle/internal/buildtree/BuildActionRunner$Result;+23
j  org.gradle.launcher.exec.RunAsWorkerThreadBuildActionExecutor.lambda$execute$0(Lorg/gradle/internal/invocation/BuildAction;Lorg/gradle/internal/session/BuildSessionContext;)Lorg/gradle/internal/buildtree/BuildActionRunner$Result;+6
j  org.gradle.launcher.exec.RunAsWorkerThreadBuildActionExecutor$$Lambda+0x000001da2026eef0.create()Ljava/lang/Object;+12
j  org.gradle.internal.work.DefaultWorkerLeaseService.withLocks(Ljava/util/Collection;Lorg/gradle/internal/Factory;)Ljava/lang/Object;+28
j  org.gradle.internal.work.DefaultWorkerLeaseService.runAsWorkerThread(Lorg/gradle/internal/Factory;)Ljava/lang/Object;+33
j  org.gradle.launcher.exec.RunAsWorkerThreadBuildActionExecutor.execute(Lorg/gradle/internal/invocation/BuildAction;Lorg/gradle/internal/session/BuildSessionContext;)Lorg/gradle/internal/buildtree/BuildActionRunner$Result;+12
j  org.gradle.tooling.internal.provider.continuous.ContinuousBuildActionExecutor.execute(Lorg/gradle/internal/invocation/BuildAction;Lorg/gradle/internal/session/BuildSessionContext;)Lorg/gradle/internal/buildtree/BuildActionRunner$Result;+58
j  org.gradle.tooling.internal.provider.SubscribableBuildActionExecutor.execute(Lorg/gradle/internal/invocation/BuildAction;Lorg/gradle/internal/session/BuildSessionContext;)Lorg/gradle/internal/buildtree/BuildActionRunner$Result;+30
j  org.gradle.internal.session.DefaultBuildSessionContext.execute(Lorg/gradle/internal/invocation/BuildAction;)Lorg/gradle/internal/buildtree/BuildActionRunner$Result;+64
j  org.gradle.internal.buildprocess.execution.BuildSessionLifecycleBuildActionExecutor$ActionImpl.apply(Lorg/gradle/internal/session/BuildSessionContext;)Lorg/gradle/launcher/exec/BuildActionResult;+6
j  org.gradle.internal.buildprocess.execution.BuildSessionLifecycleBuildActionExecutor$ActionImpl.apply(Ljava/lang/Object;)Ljava/lang/Object;+5
j  org.gradle.internal.session.BuildSessionState.run(Ljava/util/function/Function;)Ljava/lang/Object;+5
j  org.gradle.internal.buildprocess.execution.BuildSessionLifecycleBuildActionExecutor.execute(Lorg/gradle/internal/invocation/BuildAction;Lorg/gradle/launcher/exec/BuildActionParameters;Lorg/gradle/initialization/BuildRequestContext;)Lorg/gradle/launcher/exec/BuildActionResult;+95
j  org.gradle.internal.buildprocess.execution.BuildSessionLifecycleBuildActionExecutor.execute(Lorg/gradle/internal/invocation/BuildAction;Ljava/lang/Object;Ljava/lang/Object;)Lorg/gradle/launcher/exec/BuildActionResult;+10
j  org.gradle.internal.buildprocess.execution.StartParamsValidatingActionExecutor.execute(Lorg/gradle/internal/invocation/BuildAction;Lorg/gradle/launcher/exec/BuildActionParameters;Lorg/gradle/initialization/BuildRequestContext;)Lorg/gradle/launcher/exec/BuildActionResult;+203
j  org.gradle.internal.buildprocess.execution.StartParamsValidatingActionExecutor.execute(Lorg/gradle/internal/invocation/BuildAction;Ljava/lang/Object;Ljava/lang/Object;)Lorg/gradle/launcher/exec/BuildActionResult;+10
j  org.gradle.internal.buildprocess.execution.SessionFailureReportingActionExecutor.execute(Lorg/gradle/internal/invocation/BuildAction;Lorg/gradle/launcher/exec/BuildActionParameters;Lorg/gradle/initialization/BuildRequestContext;)Lorg/gradle/launcher/exec/BuildActionResult;+7
j  org.gradle.internal.buildprocess.execution.SessionFailureReportingActionExecutor.execute(Lorg/gradle/internal/invocation/BuildAction;Ljava/lang/Object;Ljava/lang/Object;)Lorg/gradle/launcher/exec/BuildActionResult;+10
j  org.gradle.internal.buildprocess.execution.SetupLoggingActionExecutor.execute(Lorg/gradle/internal/invocation/BuildAction;Lorg/gradle/launcher/exec/BuildActionParameters;Lorg/gradle/initialization/BuildRequestContext;)Lorg/gradle/launcher/exec/BuildActionResult;+50
j  org.gradle.internal.buildprocess.execution.SetupLoggingActionExecutor.execute(Lorg/gradle/internal/invocation/BuildAction;Ljava/lang/Object;Ljava/lang/Object;)Lorg/gradle/launcher/exec/BuildActionResult;+10
j  org.gradle.launcher.daemon.server.exec.ExecuteBuild.doBuild(Lorg/gradle/launcher/daemon/server/api/DaemonCommandExecution;Lorg/gradle/launcher/daemon/protocol/Build;)V+147
j  org.gradle.launcher.daemon.server.exec.BuildCommandOnly.execute(Lorg/gradle/launcher/daemon/server/api/DaemonCommandExecution;)V+49
j  org.gradle.launcher.daemon.server.api.DaemonCommandExecution.proceed()Z+23
j  org.gradle.launcher.daemon.server.exec.WatchForDisconnection.execute(Lorg/gradle/launcher/daemon/server/api/DaemonCommandExecution;)V+19
j  org.gradle.launcher.daemon.server.api.DaemonCommandExecution.proceed()Z+23
j  org.gradle.launcher.daemon.server.exec.ResetDeprecationLogger.execute(Lorg/gradle/launcher/daemon/server/api/DaemonCommandExecution;)V+7
j  org.gradle.launcher.daemon.server.api.DaemonCommandExecution.proceed()Z+23
j  org.gradle.launcher.daemon.server.exec.RequestStopIfSingleUsedDaemon.execute(Lorg/gradle/launcher/daemon/server/api/DaemonCommandExecution;)V+33
j  org.gradle.launcher.daemon.server.api.DaemonCommandExecution.proceed()Z+23
j  org.gradle.launcher.daemon.server.exec.ForwardClientInput.lambda$execute$0(Lorg/gradle/launcher/daemon/server/api/DaemonCommandExecution;Lorg/gradle/internal/daemon/clientinput/StdinHandler;)Ljava/lang/Object;+11
j  org.gradle.launcher.daemon.server.exec.ForwardClientInput$$Lambda+0x000001da20189d00.apply(Ljava/lang/Object;)Ljava/lang/Object;+8
j  org.gradle.internal.daemon.clientinput.ClientInputForwarder.forwardInput(Ljava/util/function/Function;)Ljava/lang/Object;+46
j  org.gradle.launcher.daemon.server.exec.ForwardClientInput.execute(Lorg/gradle/launcher/daemon/server/api/DaemonCommandExecution;)V+10
j  org.gradle.launcher.daemon.server.api.DaemonCommandExecution.proceed()Z+23
j  org.gradle.launcher.daemon.server.exec.LogAndCheckHealth.execute(Lorg/gradle/launcher/daemon/server/api/DaemonCommandExecution;)V+51
j  org.gradle.launcher.daemon.server.api.DaemonCommandExecution.proceed()Z+23
j  org.gradle.launcher.daemon.server.exec.LogToClient.doBuild(Lorg/gradle/launcher/daemon/server/api/DaemonCommandExecution;Lorg/gradle/launcher/daemon/protocol/Build;)V+87
j  org.gradle.launcher.daemon.server.exec.BuildCommandOnly.execute(Lorg/gradle/launcher/daemon/server/api/DaemonCommandExecution;)V+49
j  org.gradle.launcher.daemon.server.api.DaemonCommandExecution.proceed()Z+23
j  org.gradle.launcher.daemon.server.exec.EstablishBuildEnvironment.doBuild(Lorg/gradle/launcher/daemon/server/api/DaemonCommandExecution;Lorg/gradle/launcher/daemon/protocol/Build;)V+356
j  org.gradle.launcher.daemon.server.exec.BuildCommandOnly.execute(Lorg/gradle/launcher/daemon/server/api/DaemonCommandExecution;)V+49
j  org.gradle.launcher.daemon.server.api.DaemonCommandExecution.proceed()Z+23
j  org.gradle.launcher.daemon.server.exec.StartBuildOrRespondWithBusy$1.run()V+44
j  org.gradle.launcher.daemon.server.DaemonStateCoordinator.lambda$runCommand$0(Ljava/lang/Runnable;)V+1
j  org.gradle.launcher.daemon.server.DaemonStateCoordinator$$Lambda+0x000001da20188688.run()V+8
j  org.gradle.internal.concurrent.ExecutorPolicy$CatchAndRecordFailures.onExecute(Ljava/lang/Runnable;)V+1
j  org.gradle.internal.concurrent.AbstractManagedExecutor$1.run()V+25
j  java.util.concurrent.ThreadPoolExecutor.runWorker(Ljava/util/concurrent/ThreadPoolExecutor$Worker;)V+92 java.base@21.0.12.1
j  java.util.concurrent.ThreadPoolExecutor$Worker.run()V+5 java.base@21.0.12.1
j  java.lang.Thread.runWith(Ljava/lang/Object;Ljava/lang/Runnable;)V+5 java.base@21.0.12.1
j  java.lang.Thread.run()V+19 java.base@21.0.12.1
v  ~StubRoutines::call_stub 0x000001da12a7100d

Compiled method (n/a) 17058  858     n 0       java.lang.ClassLoader::defineClass1 (native)
 total in heap  [0x000001da13219f10,0x000001da1321a4a8] = 1432
 relocation     [0x000001da1321a070,0x000001da1321a0a8] = 56
 main code      [0x000001da1321a0c0,0x000001da1321a4a1] = 993
 stub code      [0x000001da1321a4a1,0x000001da1321a4a8] = 7

[Constant Pool (empty)]

[MachCode]
[Entry Point]
  # {method} {0x000001da1f434c38} 'defineClass1' '(Ljava/lang/ClassLoader;Ljava/lang/String;[BIILjava/security/ProtectionDomain;Ljava/lang/String;)Ljava/lang/Class;' in 'java/lang/ClassLoader'
  # parm0:    rdx:rdx   = 'java/lang/ClassLoader'
  # parm1:    r8:r8     = 'java/lang/String'
  # parm2:    r9:r9     = '[B'
  # parm3:    rdi       = int
  # parm4:    rsi       = int
  # parm5:    rcx:rcx   = 'java/security/ProtectionDomain'
  # parm6:    [sp+0xa0]   = 'java/lang/String'  (sp of caller)
  0x000001da1321a0c0: 448b 5208 | 49bb 0000 | 001f da01 | 0000 4d03 | d349 3bc2 | 0f84 0600 

  0x000001da1321a0d8: ;   {runtime_call ic_miss_stub}
  0x000001da1321a0d8: 0000 e9a1 | 468a ff90 
[Verified Entry Point]
  0x000001da1321a0e0: 8984 2400 | 80ff ff55 | 488b ec48 | 81ec 9000 | 0000 6690 | 4181 7f20 | 0300 0000 

  0x000001da1321a0fc: ;   {runtime_call StubRoutines (final stubs)}
  0x000001da1321a0fc: 7405 e89d | c388 ff48 | 837d 1000 | 488d 4510 | 480f 4445 | 1048 8944 | 2440 4889 | 4c24 7048 
  0x000001da1321a11c: 83f9 0048 | 8d44 2470 | 480f 4444 | 2470 4889 | 4424 3848 | 8974 2430 | 4889 7c24 | 284c 894c 
  0x000001da1321a13c: 2458 4983 | f900 488d | 4424 5848 | 0f44 4424 | 5848 8944 | 2420 4c89 | 4424 5049 | 83f8 004c 
  0x000001da1321a15c: 8d4c 2450 | 4c0f 444c | 2450 4889 | 5424 4848 | 83fa 004c | 8d44 2448 | 4c0f 4444 

  0x000001da1321a178: ;   {oop(a 'java/lang/Class'{0x00000000e0806978} = 'java/lang/ClassLoader')}
  0x000001da1321a178: 2448 49be | 7869 80e0 | 0000 0000 | 4c89 7424 | 784c 8d74 | 2478 498b | d6c5 f877 

  0x000001da1321a194: ;   {internal_word}
  0x000001da1321a194: 49ba 91a1 | 2113 da01 | 0000 4d89 | 97a8 0300 | 0049 89a7 | a003 0000 

  0x000001da1321a1ac: ;   {external_word}
  0x000001da1321a1ac: 49ba 066d | 544d fc7f | 0000 4180 | 3a00 0f84 | 4e00 0000 | 5241 5041 

  0x000001da1321a1c4: ;   {metadata({method} {0x000001da1f434c38} 'defineClass1' '(Ljava/lang/ClassLoader;Ljava/lang/String;[BIILjava/security/ProtectionDomain;Ljava/lang/String;)Ljava/lang/Class;' in 'java/lang/ClassLoader')}
  0x000001da1321a1c4: 5148 ba30 | 4c43 1fda | 0100 0049 | 8bcf 4883 | ec20 40f6 | c40f 0f84 | 1900 0000 | 4883 ec08 
  0x000001da1321a1e4: ;   {runtime_call}
  0x000001da1321a1e4: 48b8 e0ea | fd4c fc7f | 0000 ffd0 | 4883 c408 | e90c 0000 

  0x000001da1321a1f8: ;   {runtime_call}
  0x000001da1321a1f8: 0048 b8e0 | eafd 4cfc | 7f00 00ff | d048 83c4 | 2041 5941 | 585a 498d | 8fc0 0300 | 0041 c787 
  0x000001da1321a218: 4c04 0000 | 0400 0000 

  0x000001da1321a220: ;   {runtime_call}
  0x000001da1321a220: 48b8 ac16 | a5e6 fc7f | 0000 ffd0 | c5f8 7741 | c787 4c04 | 0000 0500 | 0000 f083 | 4424 c000 
  0x000001da1321a240: 493b af50 | 0400 000f | 870e 0000 | 0041 83bf | 4804 0000 | 000f 842b | 0000 00c5 | f877 4889 
  0x000001da1321a260: 45f8 498b | cf4c 8be4 | 4883 ec20 | 4883 e4f0 

  0x000001da1321a270: ;   {runtime_call}
  0x000001da1321a270: 48b8 0058 | c94c fc7f | 0000 ffd0 | 498b e44d | 33e4 488b | 45f8 41c7 | 874c 0400 | 0008 0000 
  0x000001da1321a290: 0041 83bf | c804 0000 | 020f 84d5 

  0x000001da1321a29c: ;   {external_word}
  0x000001da1321a29c: 0100 0049 | ba06 6d54 | 4dfc 7f00 | 0041 803a | 000f 844c | 0000 0048 

  0x000001da1321a2b4: ;   {metadata({method} {0x000001da1f434c38} 'defineClass1' '(Ljava/lang/ClassLoader;Ljava/lang/String;[BIILjava/security/ProtectionDomain;Ljava/lang/String;)Ljava/lang/Class;' in 'java/lang/ClassLoader')}
  0x000001da1321a2b4: 8945 f848 | ba30 4c43 | 1fda 0100 | 0049 8bcf | 4883 ec20 | 40f6 c40f | 0f84 1900 | 0000 4883 
  0x000001da1321a2d4: ;   {runtime_call}
  0x000001da1321a2d4: ec08 48b8 | e0ea fd4c | fc7f 0000 | ffd0 4883 | c408 e90c 

  0x000001da1321a2e8: ;   {runtime_call}
  0x000001da1321a2e8: 0000 0048 | b8e0 eafd | 4cfc 7f00 | 00ff d048 | 83c4 2048 | 8b45 f849 | c787 a003 | 0000 0000 
  0x000001da1321a308: 0000 49c7 | 87a8 0300 | 0000 0000 | 00c5 f877 | 4885 c00f | 8430 0100 | 00a8 030f | 8508 0000 
  0x000001da1321a328: 0048 8b00 | e920 0100 | 00a8 010f | 8509 0000 | 0048 8b40 | fee9 0f01 | 0000 488b | 40ff 4180 
  0x000001da1321a348: 7f40 000f | 8400 0100 | 0048 83f8 | 000f 84f6 | 0000 0049 | 8b4f 2848 | 83f9 000f | 8414 0000 
  0x000001da1321a368: 0048 83e9 | 0849 894f | 2849 034f | 3848 8901 | e9d4 0000 | 0048 83ec | 7048 8904 | 2448 894c 
  0x000001da1321a388: 2408 4889 | 5424 104c | 8944 2418 | 4c89 4c24 | 204c 8954 | 2428 4c89 | 5c24 30c5 | fb11 4424 
  0x000001da1321a3a8: 40c5 fb11 | 4c24 48c5 | fb11 5424 | 50c5 fb11 | 5c24 58c5 | fb11 6424 | 60c5 fb11 | 6c24 6849 
  0x000001da1321a3c8: 8bd7 488b | c848 83ec | 2040 f6c4 | 0f0f 8419 | 0000 0048 

  0x000001da1321a3dc: ;   {runtime_call}
  0x000001da1321a3dc: 83ec 0848 | b820 a4bc | 4cfc 7f00 | 00ff d048 | 83c4 08e9 | 0c00 0000 

  0x000001da1321a3f4: ;   {runtime_call}
  0x000001da1321a3f4: 48b8 20a4 | bc4c fc7f | 0000 ffd0 | 4883 c420 | c5fb 106c | 2468 c5fb | 1064 2460 | c5fb 105c 
  0x000001da1321a414: 2458 c5fb | 1054 2450 | c5fb 104c | 2448 c5fb | 1044 2440 | 4c8b 5c24 | 304c 8b54 | 2428 4c8b 
  0x000001da1321a434: 4c24 204c | 8b44 2418 | 488b 5424 | 1048 8b4c | 2408 488b | 0424 4883 | c470 c5f8 | 7749 8b8f 
  0x000001da1321a454: 3004 0000 | c781 0001 | 0000 0000 | 0000 c949 | 837f 0800 | 0f85 0100 

  0x000001da1321a46c: ;   {runtime_call StubRoutines (initial stubs)}
  0x000001da1321a46c: 0000 c3e9 | 8c6a 85ff | c5f8 7748 | 8945 f84c | 8be4 4883 | ec20 4883 

  0x000001da1321a484: ;   {runtime_call}
  0x000001da1321a484: e4f0 48b8 | 3022 fe4c | fc7f 0000 | ffd0 498b | e44d 33e4 | 488b 45f8 | e9fe fdff | fff4 f4f4 
  0x000001da1321a4a4: f4f4 f4f4 
[/MachCode]


Compiled method (c1) 17070 1090       3       java.lang.ClassLoader::defineClass (43 bytes)
 total in heap  [0x000001da0b7f9810,0x000001da0b7fa160] = 2384
 relocation     [0x000001da0b7f9970,0x000001da0b7f9a10] = 160
 main code      [0x000001da0b7f9a20,0x000001da0b7f9eb8] = 1176
 stub code      [0x000001da0b7f9eb8,0x000001da0b7f9f30] = 120
 metadata       [0x000001da0b7f9f30,0x000001da0b7f9f60] = 48
 scopes data    [0x000001da0b7f9f60,0x000001da0b7fa050] = 240
 scopes pcs     [0x000001da0b7fa050,0x000001da0b7fa130] = 224
 dependencies   [0x000001da0b7fa130,0x000001da0b7fa138] = 8
 nul chk table  [0x000001da0b7fa138,0x000001da0b7fa160] = 40

[Constant Pool (empty)]

[MachCode]
[Entry Point]
  # {method} {0x000001da1f434fb8} 'defineClass' '(Ljava/lang/String;[BIILjava/security/ProtectionDomain;)Ljava/lang/Class;' in 'java/lang/ClassLoader'
  # this:     rdx:rdx   = 'java/lang/ClassLoader'
  # parm0:    r8:r8     = 'java/lang/String'
  # parm1:    r9:r9     = '[B'
  # parm2:    rdi       = int
  # parm3:    rsi       = int
  # parm4:    rcx:rcx   = 'java/security/ProtectionDomain'
  #           [sp+0xc0]  (sp of caller)
  0x000001da0b7f9a20: 448b 5208 | 49bb 0000 | 001f da01 | 0000 4d03 | d34c 3bd0 

  0x000001da0b7f9a34: ;   {runtime_call ic_miss_stub}
  0x000001da0b7f9a34: 0f85 464d | 2c07 660f | 1f44 0000 
[Verified Entry Point]
  0x000001da0b7f9a40: 8984 2400 | 80ff ff55 | 4881 ecb0 | 0000 0090 | 4181 7f20 | 0300 0000 

  0x000001da0b7f9a58: ;   {runtime_call StubRoutines (final stubs)}
  0x000001da0b7f9a58: 7405 e841 | ca2a 0748 | 8954 2478 

  0x000001da0b7f9a64: ;   {metadata(method data for {method} {0x000001da1f434fb8} 'defineClass' '(Ljava/lang/String;[BIILjava/security/ProtectionDomain;)Ljava/lang/Class;' in 'java/lang/ClassLoader')}
  0x000001da0b7f9a64: 48bb 38d1 | 1734 da01 | 0000 8b83 | cc00 0000 | 83c0 0289 | 83cc 0000 | 0025 fe07 | 0000 85c0 
  0x000001da0b7f9a84: 0f84 5003 | 0000 89b4 | 2494 0000 | 0089 bc24 | 9000 0000 | 4c89 8c24 | 8800 0000 

  0x000001da0b7f9aa0: ;   {metadata(method data for {method} {0x000001da1f434fb8} 'defineClass' '(Ljava/lang/String;[BIILjava/security/ProtectionDomain;)Ljava/lang/Class;' in 'java/lang/ClassLoader')}
  0x000001da0b7f9aa0: 488b da48 | b838 d117 | 34da 0100 | 0048 8380 | 1001 0000 | 0149 8bd8 | 4c8b c34c | 8bc9 488b 
  0x000001da0b7f9ac0: ca48 8bd1 | 4889 9c24 | 8000 0000 

  0x000001da0b7f9acc: ;   {optimized virtual_call}
  0x000001da0b7f9acc: 6666 90e8 

  0x000001da0b7f9ad0: ; ImmutableOopMap {[120]=Oop [128]=Oop [136]=Oop }
                      ;*invokevirtual preDefineClass {reexecute=0 rethrow=0 return_oop=0}
                      ; - java.lang.ClassLoader::defineClass@4
  0x000001da0b7f9ad0: 4c0a 0000 

  0x000001da0b7f9ad4: ;   {other}
  0x000001da0b7f9ad4: 0f1f 8400 | c402 0000 | 4889 8424 | 9800 0000 | 488b 5424 

  0x000001da0b7f9ae8: ;   {metadata(method data for {method} {0x000001da1f434fb8} 'defineClass' '(Ljava/lang/String;[BIILjava/security/ProtectionDomain;)Ljava/lang/Class;' in 'java/lang/ClassLoader')}
  0x000001da0b7f9ae8: 7849 b838 | d117 34da | 0100 0049 | 8380 4801 

  0x000001da0b7f9af8: ;   {metadata(method data for {method} {0x000001da1f434ca0} 'defineClassSourceLocation' '(Ljava/security/ProtectionDomain;)Ljava/lang/String;' in 'java/lang/ClassLoader')}
  0x000001da0b7f9af8: 0000 0149 | b850 d817 | 34da 0100 | 0041 8b90 | cc00 0000 | 83c2 0241 | 8990 cc00 | 0000 81e2 
  0x000001da0b7f9b18: feff 1f00 | 85d2 0f84 | d702 0000 

  0x000001da0b7f9b24: ; implicit exception: dispatches to 0x000001da0b7f9e1c
  0x000001da0b7f9b24: 483b 004c 

  0x000001da0b7f9b28: ;   {metadata(method data for {method} {0x000001da1f434ca0} 'defineClassSourceLocation' '(Ljava/security/ProtectionDomain;)Ljava/lang/String;' in 'java/lang/ClassLoader')}
  0x000001da0b7f9b28: 8bc0 48ba | 50d8 1734 | da01 0000 | 4883 8210 | 0100 0001 | 448b 4010 

  0x000001da0b7f9b40: ;   {metadata(method data for {method} {0x000001da1f434ca0} 'defineClassSourceLocation' '(Ljava/security/ProtectionDomain;)Ljava/lang/String;' in 'java/lang/ClassLoader')}
  0x000001da0b7f9b40: 4d85 c048 | ba50 d817 | 34da 0100 | 0048 c7c6 | 5801 0000 | 7507 48c7 | c648 0100 | 0048 8b3c 
  0x000001da0b7f9b60: 3248 8d7f | 0148 893c | 320f 850f 

  0x000001da0b7f9b6c: ;   {oop(nullptr)}
  0x000001da0b7f9b6c: 0000 0048 | bb00 0000 | 0000 0000 | 00e9 a101 | 0000 493b | 0049 8bd0 

  0x000001da0b7f9b84: ;   {metadata(method data for {method} {0x000001da1f434ca0} 'defineClassSourceLocation' '(Ljava/security/ProtectionDomain;)Ljava/lang/String;' in 'java/lang/ClassLoader')}
  0x000001da0b7f9b84: 48be 50d8 | 1734 da01 | 0000 4883 | 8668 0100 | 0001 418b | 500c 4885 

  0x000001da0b7f9b9c: ;   {metadata(method data for {method} {0x000001da1f434ca0} 'defineClassSourceLocation' '(Ljava/security/ProtectionDomain;)Ljava/lang/String;' in 'java/lang/ClassLoader')}
  0x000001da0b7f9b9c: d248 be50 | d817 34da | 0100 0048 | c7c7 b001 | 0000 7507 | 48c7 c7a0 | 0100 0048 | 8b1c 3e48 
  0x000001da0b7f9bbc: 8d5b 0148 | 891c 3e0f | 850f 0000 

  0x000001da0b7f9bc8: ;   {oop(nullptr)}
  0x000001da0b7f9bc8: 0048 bb00 | 0000 0000 | 0000 00e9 | 4701 0000 

  0x000001da0b7f9bd8: ;   {metadata(method data for {method} {0x000001da1f434ca0} 'defineClassSourceLocation' '(Ljava/security/ProtectionDomain;)Ljava/lang/String;' in 'java/lang/ClassLoader')}
  0x000001da0b7f9bd8: 48be 50d8 | 1734 da01 | 0000 4883 | 86c0 0100 | 0001 483b | 024c 8bc2 

  0x000001da0b7f9bf0: ;   {metadata(method data for {method} {0x000001da1f434ca0} 'defineClassSourceLocation' '(Ljava/security/ProtectionDomain;)Ljava/lang/String;' in 'java/lang/ClassLoader')}
  0x000001da0b7f9bf0: 48be 50d8 | 1734 da01 | 0000 4883 | 86f8 0100 

  0x000001da0b7f9c00: ;   {metadata(method data for {method} {0x000001da1f01abf0} 'toString' '()Ljava/lang/String;' in 'java/net/URL')}
  0x000001da0b7f9c00: 0001 49b8 | f01b 0e34 | da01 0000 | 418b b0cc | 0000 0083 | c602 4189 | b0cc 0000 | 0081 e6fe 
  0x000001da0b7f9c20: ff1f 0085 | f60f 8400 | 0200 004c 

  0x000001da0b7f9c2c: ;   {metadata(method data for {method} {0x000001da1f01abf0} 'toString' '()Ljava/lang/String;' in 'java/net/URL')}
  0x000001da0b7f9c2c: 8bc2 48be | f01b 0e34 | da01 0000 | 4883 8610 | 0100 0001 

  0x000001da0b7f9c40: ;   {metadata(method data for {method} {0x000001da1f428840} 'toExternalForm' '()Ljava/lang/String;' in 'java/net/URL')}
  0x000001da0b7f9c40: 49b8 781d | 0e34 da01 | 0000 418b | b0cc 0000 | 0083 c602 | 4189 b0cc | 0000 0081 | e6fe ff1f 
  0x000001da0b7f9c60: 0085 f60f | 84e3 0100 | 008b 7238 

  0x000001da0b7f9c6c: ; implicit exception: dispatches to 0x000001da0b7f9e6d
  0x000001da0b7f9c6c: 483b 064c 

  0x000001da0b7f9c70: ;   {metadata(method data for {method} {0x000001da1f428840} 'toExternalForm' '()Ljava/lang/String;' in 'java/net/URL')}
  0x000001da0b7f9c70: 8bc6 48bf | 781d 0e34 | da01 0000 | 458b 4008 | 49ba 0000 | 001f da01 | 0000 4d03 | c24c 3b87 
  0x000001da0b7f9c90: 2001 0000 | 750d 4883 | 8728 0100 | 0001 e960 | 0000 004c | 3b87 3001 | 0000 750d | 4883 8738 
  0x000001da0b7f9cb0: 0100 0001 | e94a 0000 | 0048 83bf | 2001 0000 | 0075 174c | 8987 2001 | 0000 48c7 | 8728 0100 
  0x000001da0b7f9cd0: 0001 0000 | 00e9 2900 | 0000 4883 | bf30 0100 | 0000 7517 | 4c89 8730 | 0100 0048 | c787 3801 
  0x000001da0b7f9cf0: 0000 0100 | 0000 e908 | 0000 0048 | 8387 1001 | 0000 014c | 8bc2 488b | d666 0f1f 

  0x000001da0b7f9d0c: ;   {optimized virtual_call}
  0x000001da0b7f9d0c: 4400 00e8 

  0x000001da0b7f9d10: ; ImmutableOopMap {[120]=Oop [128]=Oop [136]=Oop [152]=Oop }
                      ;*invokevirtual toExternalForm {reexecute=0 rethrow=0 return_oop=0}
                      ; - java.net.URL::toExternalForm@5
                      ; - java.net.URL::toString@1
                      ; - java.lang.ClassLoader::defineClassSourceLocation@22
                      ; - java.lang.ClassLoader::defineClass@12
  0x000001da0b7f9d10: 8c12 f7ff 

  0x000001da0b7f9d14: ;   {other}
  0x000001da0b7f9d14: 0f1f 8400 | 0405 0001 | 488b d848 | 8b84 2498 | 0000 008b | b424 9400 | 0000 8bbc | 2490 0000 
  0x000001da0b7f9d34: 004c 8b8c | 2488 0000 | 004c 8b84 | 2480 0000 | 0048 8b54 

  0x000001da0b7f9d48: ;   {metadata(method data for {method} {0x000001da1f434fb8} 'defineClass' '(Ljava/lang/String;[BIILjava/security/ProtectionDomain;)Ljava/lang/Class;' in 'java/lang/ClassLoader')}
  0x000001da0b7f9d48: 2478 48b9 | 38d1 1734 | da01 0000 | 4883 8180 | 0100 0001 | 4c8b da49 | 8bd3 488b | c848 891c 
  0x000001da0b7f9d68: 2466 0f1f 

  0x000001da0b7f9d6c: ;   {static_call}
  0x000001da0b7f9d6c: 4400 00e8 

  0x000001da0b7f9d70: ; ImmutableOopMap {[120]=Oop [152]=Oop }
                      ;*invokestatic defineClass1 {reexecute=0 rethrow=0 return_oop=0}
                      ; - java.lang.ClassLoader::defineClass@27
  0x000001da0b7f9d70: 6c03 a207 

  0x000001da0b7f9d74: ;   {other}
  0x000001da0b7f9d74: 0f1f 8400 | 6405 0002 | 488b 5424 

  0x000001da0b7f9d80: ;   {metadata(method data for {method} {0x000001da1f434fb8} 'defineClass' '(Ljava/lang/String;[BIILjava/security/ProtectionDomain;)Ljava/lang/Class;' in 'java/lang/ClassLoader')}
  0x000001da0b7f9d80: 7849 b838 | d117 34da | 0100 0049 | 8380 9001 | 0000 014c | 8bc0 4c8b | 8c24 9800 | 0000 488b 
  0x000001da0b7f9da0: 5424 7848 | 8984 24a0 | 0000 000f 

  0x000001da0b7f9dac: ;   {optimized virtual_call}
  0x000001da0b7f9dac: 1f40 00e8 

  0x000001da0b7f9db0: ; ImmutableOopMap {[160]=Oop }
                      ;*invokevirtual postDefineClass {reexecute=0 rethrow=0 return_oop=0}
                      ; - java.lang.ClassLoader::defineClass@37
  0x000001da0b7f9db0: 6ccc fdff 

  0x000001da0b7f9db4: ;   {other}
  0x000001da0b7f9db4: 0f1f 8400 | a405 0003 | 488b 8424 | a000 0000 | 4881 c4b0 | 0000 005d 

  0x000001da0b7f9dcc: ;   {poll_return}
  0x000001da0b7f9dcc: 493b a750 | 0400 000f | 8799 0000 

  0x000001da0b7f9dd8: ;   {metadata({method} {0x000001da1f434fb8} 'defineClass' '(Ljava/lang/String;[BIILjava/security/ProtectionDomain;)Ljava/lang/Class;' in 'java/lang/ClassLoader')}
  0x000001da0b7f9dd8: 00c3 49ba | b04f 431f | da01 0000 | 4c89 5424 | 0848 c704 | 24ff ffff 

  0x000001da0b7f9df0: ;   {runtime_call counter_overflow Runtime1 stub}
  0x000001da0b7f9df0: ffe8 0ac5 

  0x000001da0b7f9df4: ; ImmutableOopMap {rdx=Oop r8=Oop r9=Oop rcx=Oop [120]=Oop }
                      ;*synchronization entry
                      ; - java.lang.ClassLoader::defineClass@-1
  0x000001da0b7f9df4: 3807 e98f 

  0x000001da0b7f9df8: ;   {metadata({method} {0x000001da1f434ca0} 'defineClassSourceLocation' '(Ljava/security/ProtectionDomain;)Ljava/lang/String;' in 'java/lang/ClassLoader')}
  0x000001da0b7f9df8: fcff ff49 | ba98 4c43 | 1fda 0100 | 004c 8954 | 2408 48c7 | 0424 ffff 

  0x000001da0b7f9e10: ;   {runtime_call counter_overflow Runtime1 stub}
  0x000001da0b7f9e10: ffff e8e9 

  0x000001da0b7f9e14: ; ImmutableOopMap {rax=Oop [120]=Oop [128]=Oop [136]=Oop [152]=Oop }
                      ;*synchronization entry
                      ; - java.lang.ClassLoader::defineClassSourceLocation@-1
                      ; - java.lang.ClassLoader::defineClass@12
  0x000001da0b7f9e14: c438 07e9 | 08fd ffff 

  0x000001da0b7f9e1c: ;   {runtime_call throw_null_pointer_exception Runtime1 stub}
  0x000001da0b7f9e1c: e8df 6f38 

  0x000001da0b7f9e20: ; ImmutableOopMap {rax=Oop [120]=Oop [128]=Oop [136]=Oop [152]=Oop }
                      ;*invokevirtual getCodeSource {reexecute=0 rethrow=0 return_oop=0}
                      ; - java.lang.ClassLoader::defineClassSourceLocation@1
                      ; - java.lang.ClassLoader::defineClass@12
                      ;   {runtime_call throw_null_pointer_exception Runtime1 stub}
  0x000001da0b7f9e20: 07e8 da6f 

  0x000001da0b7f9e24: ; ImmutableOopMap {rax=Oop r8=Oop [120]=Oop [128]=Oop [136]=Oop [152]=Oop }
                      ;*invokevirtual getLocation {reexecute=0 rethrow=0 return_oop=0}
                      ; - java.lang.ClassLoader::defineClassSourceLocation@12
                      ; - java.lang.ClassLoader::defineClass@12
                      ;   {runtime_call throw_null_pointer_exception Runtime1 stub}
  0x000001da0b7f9e24: 3807 e8d5 

  0x000001da0b7f9e28: ; ImmutableOopMap {rdx=Oop [120]=Oop [128]=Oop [136]=Oop [152]=Oop }
                      ;*invokevirtual toString {reexecute=0 rethrow=0 return_oop=0}
                      ; - java.lang.ClassLoader::defineClassSourceLocation@22
                      ; - java.lang.ClassLoader::defineClass@12
                      ;   {metadata({method} {0x000001da1f01abf0} 'toString' '()Ljava/lang/String;' in 'java/net/URL')}
  0x000001da0b7f9e28: 6f38 0749 | bae8 ab01 | 1fda 0100 | 004c 8954 | 2408 48c7 | 0424 ffff 

  0x000001da0b7f9e40: ;   {runtime_call counter_overflow Runtime1 stub}
  0x000001da0b7f9e40: ffff e8b9 

  0x000001da0b7f9e44: ; ImmutableOopMap {rdx=Oop [120]=Oop [128]=Oop [136]=Oop [152]=Oop }
                      ;*synchronization entry
                      ; - java.net.URL::toString@-1
                      ; - java.lang.ClassLoader::defineClassSourceLocation@22
                      ; - java.lang.ClassLoader::defineClass@12
  0x000001da0b7f9e44: c438 07e9 | dffd ffff 

  0x000001da0b7f9e4c: ;   {metadata({method} {0x000001da1f428840} 'toExternalForm' '()Ljava/lang/String;' in 'java/net/URL')}
  0x000001da0b7f9e4c: 49ba 3888 | 421f da01 | 0000 4c89 | 5424 0848 | c704 24ff 

  0x000001da0b7f9e60: ;   {runtime_call counter_overflow Runtime1 stub}
  0x000001da0b7f9e60: ffff ffe8 

  0x000001da0b7f9e64: ; ImmutableOopMap {rdx=Oop [120]=Oop [128]=Oop [136]=Oop [152]=Oop }
                      ;*synchronization entry
                      ; - java.net.URL::toExternalForm@-1
                      ; - java.net.URL::toString@1
                      ; - java.lang.ClassLoader::defineClassSourceLocation@22
                      ; - java.lang.ClassLoader::defineClass@12
  0x000001da0b7f9e64: 98c4 3807 | e9fc fdff 

  0x000001da0b7f9e6c: ;   {runtime_call throw_null_pointer_exception Runtime1 stub}
  0x000001da0b7f9e6c: ffe8 8e6f 

  0x000001da0b7f9e70: ; ImmutableOopMap {rdx=Oop rsi=Oop [120]=Oop [128]=Oop [136]=Oop [152]=Oop }
                      ;*invokevirtual toExternalForm {reexecute=0 rethrow=0 return_oop=0}
                      ; - java.net.URL::toExternalForm@5
                      ; - java.net.URL::toString@1
                      ; - java.lang.ClassLoader::defineClassSourceLocation@22
                      ; - java.lang.ClassLoader::defineClass@12
                      ;   {internal_word}
  0x000001da0b7f9e70: 3807 49ba | cc9d 7f0b | da01 0000 | 4d89 9768 

  0x000001da0b7f9e80: ;   {runtime_call SafepointBlob}
  0x000001da0b7f9e80: 0400 00e9 | f8b5 2c07 | 498b 8700 | 0500 0049 | c787 0005 | 0000 0000 | 0000 49c7 | 8708 0500 
  0x000001da0b7f9ea0: 0000 0000 | 0048 81c4 | b000 0000 

  0x000001da0b7f9eac: ;   {runtime_call unwind_exception Runtime1 stub}
  0x000001da0b7f9eac: 5de9 4e60 | 3807 f4f4 | f4f4 f4f4 
[Stub Code]
  0x000001da0b7f9eb8: ;   {no_reloc}
  0x000001da0b7f9eb8: 0f1f 4400 

  0x000001da0b7f9ebc: ;   {static_stub}
  0x000001da0b7f9ebc: 0048 bb00 | 0000 0000 

  0x000001da0b7f9ec4: ;   {runtime_call nmethod}
  0x000001da0b7f9ec4: 0000 00e9 | fbff ffff 

  0x000001da0b7f9ecc: ;   {static_stub}
  0x000001da0b7f9ecc: 48bb f04c | 431f da01 

  0x000001da0b7f9ed4: ;   {runtime_call I2C/C2I adapters}
  0x000001da0b7f9ed4: 0000 e990 

  0x000001da0b7f9ed8: ;   {static_stub}
  0x000001da0b7f9ed8: 0f2c 0748 | bb00 0000 | 0000 0000 

  0x000001da0b7f9ee4: ;   {runtime_call nmethod}
  0x000001da0b7f9ee4: 00e9 fbff 

  0x000001da0b7f9ee8: ;   {static_stub}
  0x000001da0b7f9ee8: ffff 48bb | 0000 0000 | 0000 0000 

  0x000001da0b7f9ef4: ;   {runtime_call nmethod}
  0x000001da0b7f9ef4: e9fb ffff 

  0x000001da0b7f9ef8: ;   {runtime_call handle_exception_from_callee Runtime1 stub}
  0x000001da0b7f9ef8: ffe8 0291 

  0x000001da0b7f9efc: ;   {external_word}
  0x000001da0b7f9efc: 3807 48b9 | 5063 2a4d | fc7f 0000 | 4883 e4f0 

  0x000001da0b7f9f0c: ;   {runtime_call}
  0x000001da0b7f9f0c: 48b8 c0c9 | ec4c fc7f | 0000 ffd0 

  0x000001da0b7f9f18: ;   {section_word}
  0x000001da0b7f9f18: f449 ba19 | 9f7f 0bda | 0100 0041 

  0x000001da0b7f9f24: ;   {runtime_call DeoptimizationBlob}
  0x000001da0b7f9f24: 52e9 f6a7 | 2c07 f4f4 | f4f4 f4f4 
[/MachCode]


Compiled method (c1) 17090 1103       3       java.security.SecureClassLoader::defineClass (16 bytes)
 total in heap  [0x000001da0b803590,0x000001da0b803990] = 1024
 relocation     [0x000001da0b8036f0,0x000001da0b803740] = 80
 main code      [0x000001da0b803740,0x000001da0b803898] = 344
 stub code      [0x000001da0b803898,0x000001da0b8038e8] = 80
 metadata       [0x000001da0b8038e8,0x000001da0b8038f0] = 8
 scopes data    [0x000001da0b8038f0,0x000001da0b803938] = 72
 scopes pcs     [0x000001da0b803938,0x000001da0b803988] = 80
 dependencies   [0x000001da0b803988,0x000001da0b803990] = 8

[Constant Pool (empty)]

[MachCode]
[Entry Point]
  # {method} {0x000001da1f04e0e8} 'defineClass' '(Ljava/lang/String;[BIILjava/security/CodeSource;)Ljava/lang/Class;' in 'java/security/SecureClassLoader'
  # this:     rdx:rdx   = 'java/security/SecureClassLoader'
  # parm0:    r8:r8     = 'java/lang/String'
  # parm1:    r9:r9     = '[B'
  # parm2:    rdi       = int
  # parm3:    rsi       = int
  # parm4:    rcx:rcx   = 'java/security/CodeSource'
  #           [sp+0x80]  (sp of caller)
  0x000001da0b803740: 448b 5208 | 49bb 0000 | 001f da01 | 0000 4d03 | d34c 3bd0 

  0x000001da0b803754: ;   {runtime_call ic_miss_stub}
  0x000001da0b803754: 0f85 26b0 | 2b07 660f | 1f44 0000 
[Verified Entry Point]
  0x000001da0b803760: 8984 2400 | 80ff ff55 | 4883 ec70 | 4181 7f20 | 0300 0000 

  0x000001da0b803774: ;   {runtime_call StubRoutines (final stubs)}
  0x000001da0b803774: 7405 e825 

  0x000001da0b803778: ;   {metadata(method data for {method} {0x000001da1f04e0e8} 'defineClass' '(Ljava/lang/String;[BIILjava/security/CodeSource;)Ljava/lang/Class;' in 'java/security/SecureClassLoader')}
  0x000001da0b803778: 2d2a 0748 | bbd8 b516 | 34da 0100 | 008b 83cc | 0000 0083 | c002 8983 | cc00 0000 | 25fe 0700 
  0x000001da0b803798: 0085 c00f | 8496 0000 | 0089 7424 | 5c89 7c24 | 584c 894c | 2450 4c89 | 4424 4848 

  0x000001da0b8037b4: ;   {metadata(method data for {method} {0x000001da1f04e0e8} 'defineClass' '(Ljava/lang/String;[BIILjava/security/CodeSource;)Ljava/lang/Class;' in 'java/security/SecureClassLoader')}
  0x000001da0b8037b4: 8bda 48b8 | d8b5 1634 | da01 0000 | 4883 8010 | 0100 0001 | 4c8b c148 | 8bc2 488b | d048 8944 
  0x000001da0b8037d4: ;   {optimized virtual_call}
  0x000001da0b8037d4: 2440 90e8 

  0x000001da0b8037d8: ; ImmutableOopMap {[64]=Oop [72]=Oop [80]=Oop }
                      ;*invokevirtual getProtectionDomain {reexecute=0 rethrow=0 return_oop=0}
                      ; - java.security.SecureClassLoader::defineClass@9
  0x000001da0b8037d8: 444a ffff 

  0x000001da0b8037dc: ;   {other}
  0x000001da0b8037dc: 0f1f 8400 | 4c02 0000 | 488b 5424 

  0x000001da0b8037e8: ;   {metadata(method data for {method} {0x000001da1f04e0e8} 'defineClass' '(Ljava/lang/String;[BIILjava/security/CodeSource;)Ljava/lang/Class;' in 'java/security/SecureClassLoader')}
  0x000001da0b8037e8: 4049 b8d8 | b516 34da | 0100 0049 | 8380 4801 | 0000 014c | 8b44 2448 | 4c8b 4c24 | 508b 7c24 
  0x000001da0b803808: 588b 7424 | 5c48 8bc8 | 488b 5424 

  0x000001da0b803814: ;   {optimized virtual_call}
  0x000001da0b803814: 4066 90e8 

  0x000001da0b803818: ; ImmutableOopMap {}
                      ;*invokevirtual defineClass {reexecute=0 rethrow=0 return_oop=0}
                      ; - java.security.SecureClassLoader::defineClass@12
  0x000001da0b803818: 2462 ffff 

  0x000001da0b80381c: ;   {other}
  0x000001da0b80381c: 0f1f 8400 | 8c02 0001 | 4883 c470 

  0x000001da0b803828: ;   {poll_return}
  0x000001da0b803828: 5d49 3ba7 | 5004 0000 | 0f87 2200 

  0x000001da0b803834: ;   {metadata({method} {0x000001da1f04e0e8} 'defineClass' '(Ljava/lang/String;[BIILjava/security/CodeSource;)Ljava/lang/Class;' in 'java/security/SecureClassLoader')}
  0x000001da0b803834: 0000 c349 | bae0 e004 | 1fda 0100 | 004c 8954 | 2408 48c7 | 0424 ffff 

  0x000001da0b80384c: ;   {runtime_call counter_overflow Runtime1 stub}
  0x000001da0b80384c: ffff e8ad 

  0x000001da0b803850: ; ImmutableOopMap {rdx=Oop r8=Oop r9=Oop rcx=Oop }
                      ;*synchronization entry
                      ; - java.security.SecureClassLoader::defineClass@-1
  0x000001da0b803850: 2a38 07e9 | 49ff ffff 

  0x000001da0b803858: ;   {internal_word}
  0x000001da0b803858: 49ba 2938 | 800b da01 | 0000 4d89 | 9768 0400 

  0x000001da0b803868: ;   {runtime_call SafepointBlob}
  0x000001da0b803868: 00e9 121c | 2c07 498b | 8700 0500 | 0049 c787 | 0005 0000 | 0000 0000 | 49c7 8708 | 0500 0000 
  0x000001da0b803888: 0000 0048 | 83c4 705d 

  0x000001da0b803890: ;   {runtime_call unwind_exception Runtime1 stub}
  0x000001da0b803890: e96b c637 | 07f4 f4f4 
[Stub Code]
  0x000001da0b803898: ;   {no_reloc}
  0x000001da0b803898: 48bb 0000 | 0000 0000 

  0x000001da0b8038a0: ;   {runtime_call nmethod}
  0x000001da0b8038a0: 0000 e9fb 

  0x000001da0b8038a4: ;   {static_stub}
  0x000001da0b8038a4: ffff ff48 | bb00 0000 | 0000 0000 

  0x000001da0b8038b0: ;   {runtime_call nmethod}
  0x000001da0b8038b0: 00e9 fbff 

  0x000001da0b8038b4: ;   {runtime_call handle_exception_from_callee Runtime1 stub}
  0x000001da0b8038b4: ffff e845 

  0x000001da0b8038b8: ;   {external_word}
  0x000001da0b8038b8: f737 0748 | b950 632a | 4dfc 7f00 | 0048 83e4 

  0x000001da0b8038c8: ;   {runtime_call}
  0x000001da0b8038c8: f048 b8c0 | c9ec 4cfc | 7f00 00ff 

  0x000001da0b8038d4: ;   {section_word}
  0x000001da0b8038d4: d0f4 49ba | d638 800b | da01 0000 

  0x000001da0b8038e0: ;   {runtime_call DeoptimizationBlob}
  0x000001da0b8038e0: 4152 e939 | 0e2c 07f4 
[/MachCode]


---------------  P R O C E S S  ---------------

Threads class SMR info:
_java_thread_list=0x000001da39eacf10, length=27, elements={
0x000001da08428740, 0x000001da1e8904f0, 0x000001da1e891ac0, 0x000001da1e8950a0,
0x000001da1e895b00, 0x000001da1e896560, 0x000001da1e897b30, 0x000001da1e89cb20,
0x000001da1e8a47e0, 0x000001da1eb2c720, 0x000001da1eb538f0, 0x000001da38c63500,
0x000001da38e611b0, 0x000001da3942d4c0, 0x000001da39383a90, 0x000001da393a14a0,
0x000001da396d0b10, 0x000001da396ca2a0, 0x000001da39566f40, 0x000001da39568980,
0x000001da395696a0, 0x000001da39569010, 0x000001da395675d0, 0x000001da39566220,
0x000001da395668b0, 0x000001da1ec61bc0, 0x000001da1ec60810
}

Java Threads: ( => current thread )
  0x000001da08428740 JavaThread "main"                              [_thread_blocked, id=33812, stack(0x000000aeecb00000,0x000000aeecc00000) (1024K)]
  0x000001da1e8904f0 JavaThread "Reference Handler"          daemon [_thread_blocked, id=56908, stack(0x000000aeed300000,0x000000aeed400000) (1024K)]
  0x000001da1e891ac0 JavaThread "Finalizer"                  daemon [_thread_blocked, id=12988, stack(0x000000aeed400000,0x000000aeed500000) (1024K)]
  0x000001da1e8950a0 JavaThread "Signal Dispatcher"          daemon [_thread_blocked, id=56848, stack(0x000000aeed500000,0x000000aeed600000) (1024K)]
  0x000001da1e895b00 JavaThread "Attach Listener"            daemon [_thread_blocked, id=56112, stack(0x000000aeed600000,0x000000aeed700000) (1024K)]
  0x000001da1e896560 JavaThread "Service Thread"             daemon [_thread_blocked, id=57100, stack(0x000000aeed700000,0x000000aeed800000) (1024K)]
  0x000001da1e897b30 JavaThread "Monitor Deflation Thread"   daemon [_thread_blocked, id=57216, stack(0x000000aeed800000,0x000000aeed900000) (1024K)]
  0x000001da1e89cb20 JavaThread "C2 CompilerThread0"         daemon [_thread_blocked, id=15604, stack(0x000000aeed900000,0x000000aeeda00000) (1024K)]
  0x000001da1e8a47e0 JavaThread "C1 CompilerThread0"         daemon [_thread_blocked, id=29216, stack(0x000000aeeda00000,0x000000aeedb00000) (1024K)]
  0x000001da1eb2c720 JavaThread "Common-Cleaner"             daemon [_thread_blocked, id=56928, stack(0x000000aeedb00000,0x000000aeedc00000) (1024K)]
  0x000001da1eb538f0 JavaThread "Notification Thread"        daemon [_thread_blocked, id=43168, stack(0x000000aeedc00000,0x000000aeedd00000) (1024K)]
  0x000001da38c63500 JavaThread "Daemon health stats"               [_thread_blocked, id=51252, stack(0x000000aeee200000,0x000000aeee300000) (1024K)]
  0x000001da38e611b0 JavaThread "Incoming local TCP Connector on port 62169"        [_thread_in_native, id=41628, stack(0x000000aeee300000,0x000000aeee400000) (1024K)]
  0x000001da3942d4c0 JavaThread "Daemon periodic checks"            [_thread_blocked, id=21820, stack(0x000000aeee400000,0x000000aeee500000) (1024K)]
  0x000001da39383a90 JavaThread "Daemon"                            [_thread_blocked, id=57060, stack(0x000000aeee500000,0x000000aeee600000) (1024K)]
  0x000001da393a14a0 JavaThread "Handler for socket connection from /127.0.0.1:62169 to /127.0.0.1:62170"        [_thread_in_native, id=43664, stack(0x000000aeee600000,0x000000aeee700000) (1024K)]
  0x000001da396d0b10 JavaThread "Cancel handler"                    [_thread_blocked, id=30776, stack(0x000000aeee700000,0x000000aeee800000) (1024K)]
=>0x000001da396ca2a0 JavaThread "Daemon worker"                     [_thread_in_vm, id=42612, stack(0x000000aeee800000,0x000000aeee900000) (1024K)]
  0x000001da39566f40 JavaThread "Asynchronous log dispatcher for DefaultDaemonConnection: socket connection from /127.0.0.1:62169 to /127.0.0.1:62170"        [_thread_blocked, id=48676, stack(0x000000aeee900000,0x000000aeeea00000) (1024K)]
  0x000001da39568980 JavaThread "Stdin handler"                     [_thread_blocked, id=12668, stack(0x000000aeeea00000,0x000000aeeeb00000) (1024K)]
  0x000001da395696a0 JavaThread "Daemon client event forwarder"        [_thread_blocked, id=37796, stack(0x000000aeeeb00000,0x000000aeeec00000) (1024K)]
  0x000001da39569010 JavaThread "Cache worker for journal cache (C:\Users\admoi\.gradle\caches\journal-1)"        [_thread_blocked, id=47904, stack(0x000000aeeec00000,0x000000aeeed00000) (1024K)]
  0x000001da395675d0 JavaThread "File lock request listener"        [_thread_in_native, id=53692, stack(0x000000aeeed00000,0x000000aeeee00000) (1024K)]
  0x000001da39566220 JavaThread "File lock release action executor"        [_thread_blocked, id=51896, stack(0x000000aeeee00000,0x000000aeeef00000) (1024K)]
  0x000001da395668b0 JavaThread "Cache worker for file hash cache (C:\Users\admoi\.gradle\caches\8.9\fileHashes)"        [_thread_blocked, id=29832, stack(0x000000aeeef00000,0x000000aeef000000) (1024K)]
  0x000001da1ec61bc0 JavaThread "Cache worker for file hash cache (D:\BankSystemApp\frontend\node_modules\@capacitor\android\capacitor\.gradle\8.9\fileHashes)"        [_thread_blocked, id=52268, stack(0x000000aeef700000,0x000000aeef800000) (1024K)]
  0x000001da1ec60810 JavaThread "Cache worker for Build Output Cleanup Cache (D:\BankSystemApp\frontend\node_modules\@capacitor\android\capacitor\.gradle\buildOutputCleanup)"        [_thread_blocked, id=28104, stack(0x000000aeefa00000,0x000000aeefb00000) (1024K)]
Total: 27

Other Threads:
  0x000001da1e8681c0 VMThread "VM Thread"                           [id=57312, stack(0x000000aeed200000,0x000000aeed300000) (1024K)]
  0x000001da1e85a530 WatcherThread "VM Periodic Task Thread"        [id=11312, stack(0x000000aeed100000,0x000000aeed200000) (1024K)]
  0x000001da08452960 WorkerThread "GC Thread#0"                     [id=25588, stack(0x000000aeecc00000,0x000000aeecd00000) (1024K)]
  0x000001da385a0330 WorkerThread "GC Thread#1"                     [id=32488, stack(0x000000aeedd00000,0x000000aeede00000) (1024K)]
  0x000001da385e0e90 WorkerThread "GC Thread#2"                     [id=38408, stack(0x000000aeede00000,0x000000aeedf00000) (1024K)]
  0x000001da38689fa0 WorkerThread "GC Thread#3"                     [id=14860, stack(0x000000aeedf00000,0x000000aeee000000) (1024K)]
  0x000001da3868a350 WorkerThread "GC Thread#4"                     [id=52308, stack(0x000000aeee000000,0x000000aeee100000) (1024K)]
  0x000001da3875edd0 WorkerThread "GC Thread#5"                     [id=52320, stack(0x000000aeee100000,0x000000aeee200000) (1024K)]
  0x000001da394a82e0 WorkerThread "GC Thread#6"                     [id=43876, stack(0x000000aeef000000,0x000000aeef100000) (1024K)]
  0x000001da39aef380 WorkerThread "GC Thread#7"                     [id=40340, stack(0x000000aeef100000,0x000000aeef200000) (1024K)]
  0x000001da39af0240 WorkerThread "GC Thread#8"                     [id=56336, stack(0x000000aeef200000,0x000000aeef300000) (1024K)]
  0x000001da39aeec20 WorkerThread "GC Thread#9"                     [id=51432, stack(0x000000aeef300000,0x000000aeef400000) (1024K)]
  0x000001da39af0d50 WorkerThread "GC Thread#10"                    [id=56416, stack(0x000000aeef400000,0x000000aeef500000) (1024K)]
  0x000001da39af1100 WorkerThread "GC Thread#11"                    [id=10872, stack(0x000000aeef500000,0x000000aeef600000) (1024K)]
  0x000001da39af14b0 WorkerThread "GC Thread#12"                    [id=42500, stack(0x000000aeef600000,0x000000aeef700000) (1024K)]
  0x000001da08457860 ConcurrentGCThread "G1 Main Marker"            [id=44388, stack(0x000000aeecd00000,0x000000aeece00000) (1024K)]
  0x000001da08459100 WorkerThread "G1 Conc#0"                       [id=57108, stack(0x000000aeece00000,0x000000aeecf00000) (1024K)]
  0x000001da39af1c10 WorkerThread "G1 Conc#1"                       [id=1904, stack(0x000000aeef800000,0x000000aeef900000) (1024K)]
  0x000001da39af05f0 WorkerThread "G1 Conc#2"                       [id=13412, stack(0x000000aeef900000,0x000000aeefa00000) (1024K)]
  0x000001da1e724a90 ConcurrentGCThread "G1 Refine#0"               [id=39336, stack(0x000000aeecf00000,0x000000aeed000000) (1024K)]
  0x000001da1e7272d0 ConcurrentGCThread "G1 Service"                [id=44316, stack(0x000000aeed000000,0x000000aeed100000) (1024K)]
Total: 21

Threads with active compile tasks:
Total: 0

VM state: not at safepoint (normal execution)

VM Mutex/Monitor currently owned by a thread:  ([mutex/lock_event])
[0x00007ffc4d55d530] Metaspace_lock - owner thread: 0x000001da396ca2a0

Heap address: 0x00000000e0000000, size: 512 MB, Compressed Oops mode: 32-bit

CDS archive(s) mapped at: [0x000001da1f000000-0x000001da1fba0000-0x000001da1fba0000), size 12189696, SharedBaseAddress: 0x000001da1f000000, ArchiveRelocationMode: 1.
Compressed class space mapped at: 0x000001da20000000-0x000001da34000000, reserved size: 335544320
Narrow klass base: 0x000001da1f000000, Narrow klass shift: 0, Narrow klass range: 0x100000000

GC Precious Log:
 CardTable entry size: 512
 Card Set container configuration: InlinePtr #cards 5 size 8 Array Of Cards #cards 12 size 40 Howl #buckets 4 coarsen threshold 1843 Howl Bitmap #cards 512 size 80 coarsen threshold 460 Card regions per heap region 1 cards per card region 2048
 CPUs: 16 total, 16 available
 Memory: 16051M
 Large Page Support: Disabled
 NUMA Support: Disabled
 Compressed Oops: Enabled (32-bit)
 Heap Region Size: 1M
 Heap Min Capacity: 256M
 Heap Initial Capacity: 256M
 Heap Max Capacity: 512M
 Pre-touch: Disabled
 Parallel Workers: 13
 Concurrent Workers: 3
 Concurrent Refinement Workers: 13
 Periodic GC: Disabled

Heap:
 garbage-first heap   total 262144K, used 29508K [0x00000000e0000000, 0x0000000100000000)
  region size 1024K, 8 young (8192K), 3 survivors (3072K)
 Metaspace       used 21188K, committed 21888K, reserved 393216K
  class space    used 3124K, committed 3456K, reserved 327680K

Heap Regions: E=young(eden), S=young(survivor), O=old, HS=humongous(starts), HC=humongous(continues), CS=collection set, F=free, TAMS=top-at-mark-start, PB=parsable bottom
|   0|0x00000000e0000000, 0x00000000e0100000, 0x00000000e0100000|100%|HS|  |TAMS 0x00000000e0000000| PB 0x00000000e0000000| Complete 
|   1|0x00000000e0100000, 0x00000000e0200000, 0x00000000e0200000|100%|HC|  |TAMS 0x00000000e0100000| PB 0x00000000e0100000| Complete 
|   2|0x00000000e0200000, 0x00000000e0300000, 0x00000000e0300000|100%|HC|  |TAMS 0x00000000e0200000| PB 0x00000000e0200000| Complete 
|   3|0x00000000e0300000, 0x00000000e0400000, 0x00000000e0400000|100%|HC|  |TAMS 0x00000000e0300000| PB 0x00000000e0300000| Complete 
|   4|0x00000000e0400000, 0x00000000e0500000, 0x00000000e0500000|100%| O|  |TAMS 0x00000000e0400000| PB 0x00000000e0400000| Untracked 
|   5|0x00000000e0500000, 0x00000000e0600000, 0x00000000e0600000|100%| O|  |TAMS 0x00000000e0500000| PB 0x00000000e0500000| Untracked 
|   6|0x00000000e0600000, 0x00000000e0700000, 0x00000000e0700000|100%| O|Cm|TAMS 0x00000000e0600000| PB 0x00000000e0600000| Complete 
|   7|0x00000000e0700000, 0x00000000e0800000, 0x00000000e0800000|100%| O|  |TAMS 0x00000000e0700000| PB 0x00000000e0700000| Untracked 
|   8|0x00000000e0800000, 0x00000000e0900000, 0x00000000e0900000|100%| O|  |TAMS 0x00000000e0800000| PB 0x00000000e0800000| Untracked 
|   9|0x00000000e0900000, 0x00000000e0a00000, 0x00000000e0a00000|100%| O|  |TAMS 0x00000000e0900000| PB 0x00000000e0900000| Untracked 
|  10|0x00000000e0a00000, 0x00000000e0b00000, 0x00000000e0b00000|100%| O|  |TAMS 0x00000000e0a00000| PB 0x00000000e0a00000| Untracked 
|  11|0x00000000e0b00000, 0x00000000e0c00000, 0x00000000e0c00000|100%|HS|  |TAMS 0x00000000e0b00000| PB 0x00000000e0b00000| Complete 
|  12|0x00000000e0c00000, 0x00000000e0d00000, 0x00000000e0d00000|100%| O|  |TAMS 0x00000000e0c00000| PB 0x00000000e0c00000| Untracked 
|  13|0x00000000e0d00000, 0x00000000e0e00000, 0x00000000e0e00000|100%| O|  |TAMS 0x00000000e0d00000| PB 0x00000000e0d00000| Untracked 
|  14|0x00000000e0e00000, 0x00000000e0f00000, 0x00000000e0f00000|100%| O|  |TAMS 0x00000000e0e00000| PB 0x00000000e0e00000| Untracked 
|  15|0x00000000e0f00000, 0x00000000e1000000, 0x00000000e1000000|100%| O|  |TAMS 0x00000000e0f00000| PB 0x00000000e0f00000| Untracked 
|  16|0x00000000e1000000, 0x00000000e1100000, 0x00000000e1100000|100%| O|  |TAMS 0x00000000e1000000| PB 0x00000000e1000000| Untracked 
|  17|0x00000000e1100000, 0x00000000e1200000, 0x00000000e1200000|100%| O|  |TAMS 0x00000000e1100000| PB 0x00000000e1100000| Untracked 
|  18|0x00000000e1200000, 0x00000000e1300000, 0x00000000e1300000|100%| O|  |TAMS 0x00000000e1200000| PB 0x00000000e1200000| Untracked 
|  19|0x00000000e1300000, 0x00000000e1400000, 0x00000000e1400000|100%| O|  |TAMS 0x00000000e1300000| PB 0x00000000e1300000| Untracked 
|  20|0x00000000e1400000, 0x00000000e1500000, 0x00000000e1500000|100%| O|  |TAMS 0x00000000e1400000| PB 0x00000000e1400000| Untracked 
|  21|0x00000000e1500000, 0x00000000e1600000, 0x00000000e1600000|100%| O|  |TAMS 0x00000000e1500000| PB 0x00000000e1500000| Untracked 
|  22|0x00000000e1600000, 0x00000000e16b6248, 0x00000000e1700000| 71%| O|  |TAMS 0x00000000e1600000| PB 0x00000000e1600000| Untracked 
|  23|0x00000000e1700000, 0x00000000e1700000, 0x00000000e1800000|  0%| F|  |TAMS 0x00000000e1700000| PB 0x00000000e1700000| Untracked 
|  24|0x00000000e1800000, 0x00000000e1800000, 0x00000000e1900000|  0%| F|  |TAMS 0x00000000e1800000| PB 0x00000000e1800000| Untracked 
|  25|0x00000000e1900000, 0x00000000e1900000, 0x00000000e1a00000|  0%| F|  |TAMS 0x00000000e1900000| PB 0x00000000e1900000| Untracked 
|  26|0x00000000e1a00000, 0x00000000e1a00000, 0x00000000e1b00000|  0%| F|  |TAMS 0x00000000e1a00000| PB 0x00000000e1a00000| Untracked 
|  27|0x00000000e1b00000, 0x00000000e1b00000, 0x00000000e1c00000|  0%| F|  |TAMS 0x00000000e1b00000| PB 0x00000000e1b00000| Untracked 
|  28|0x00000000e1c00000, 0x00000000e1c00000, 0x00000000e1d00000|  0%| F|  |TAMS 0x00000000e1c00000| PB 0x00000000e1c00000| Untracked 
|  29|0x00000000e1d00000, 0x00000000e1d00000, 0x00000000e1e00000|  0%| F|  |TAMS 0x00000000e1d00000| PB 0x00000000e1d00000| Untracked 
|  30|0x00000000e1e00000, 0x00000000e1e00000, 0x00000000e1f00000|  0%| F|  |TAMS 0x00000000e1e00000| PB 0x00000000e1e00000| Untracked 
|  31|0x00000000e1f00000, 0x00000000e1f00000, 0x00000000e2000000|  0%| F|  |TAMS 0x00000000e1f00000| PB 0x00000000e1f00000| Untracked 
|  32|0x00000000e2000000, 0x00000000e2000000, 0x00000000e2100000|  0%| F|  |TAMS 0x00000000e2000000| PB 0x00000000e2000000| Untracked 
|  33|0x00000000e2100000, 0x00000000e2100000, 0x00000000e2200000|  0%| F|  |TAMS 0x00000000e2100000| PB 0x00000000e2100000| Untracked 
|  34|0x00000000e2200000, 0x00000000e2200000, 0x00000000e2300000|  0%| F|  |TAMS 0x00000000e2200000| PB 0x00000000e2200000| Untracked 
|  35|0x00000000e2300000, 0x00000000e2300000, 0x00000000e2400000|  0%| F|  |TAMS 0x00000000e2300000| PB 0x00000000e2300000| Untracked 
|  36|0x00000000e2400000, 0x00000000e2400000, 0x00000000e2500000|  0%| F|  |TAMS 0x00000000e2400000| PB 0x00000000e2400000| Untracked 
|  37|0x00000000e2500000, 0x00000000e2500000, 0x00000000e2600000|  0%| F|  |TAMS 0x00000000e2500000| PB 0x00000000e2500000| Untracked 
|  38|0x00000000e2600000, 0x00000000e2600000, 0x00000000e2700000|  0%| F|  |TAMS 0x00000000e2600000| PB 0x00000000e2600000| Untracked 
|  39|0x00000000e2700000, 0x00000000e2700000, 0x00000000e2800000|  0%| F|  |TAMS 0x00000000e2700000| PB 0x00000000e2700000| Untracked 
|  40|0x00000000e2800000, 0x00000000e2800000, 0x00000000e2900000|  0%| F|  |TAMS 0x00000000e2800000| PB 0x00000000e2800000| Untracked 
|  41|0x00000000e2900000, 0x00000000e2900000, 0x00000000e2a00000|  0%| F|  |TAMS 0x00000000e2900000| PB 0x00000000e2900000| Untracked 
|  42|0x00000000e2a00000, 0x00000000e2a00000, 0x00000000e2b00000|  0%| F|  |TAMS 0x00000000e2a00000| PB 0x00000000e2a00000| Untracked 
|  43|0x00000000e2b00000, 0x00000000e2b00000, 0x00000000e2c00000|  0%| F|  |TAMS 0x00000000e2b00000| PB 0x00000000e2b00000| Untracked 
|  44|0x00000000e2c00000, 0x00000000e2c00000, 0x00000000e2d00000|  0%| F|  |TAMS 0x00000000e2c00000| PB 0x00000000e2c00000| Untracked 
|  45|0x00000000e2d00000, 0x00000000e2d00000, 0x00000000e2e00000|  0%| F|  |TAMS 0x00000000e2d00000| PB 0x00000000e2d00000| Untracked 
|  46|0x00000000e2e00000, 0x00000000e2e00000, 0x00000000e2f00000|  0%| F|  |TAMS 0x00000000e2e00000| PB 0x00000000e2e00000| Untracked 
|  47|0x00000000e2f00000, 0x00000000e2f00000, 0x00000000e3000000|  0%| F|  |TAMS 0x00000000e2f00000| PB 0x00000000e2f00000| Untracked 
|  48|0x00000000e3000000, 0x00000000e3000000, 0x00000000e3100000|  0%| F|  |TAMS 0x00000000e3000000| PB 0x00000000e3000000| Untracked 
|  49|0x00000000e3100000, 0x00000000e3100000, 0x00000000e3200000|  0%| F|  |TAMS 0x00000000e3100000| PB 0x00000000e3100000| Untracked 
|  50|0x00000000e3200000, 0x00000000e3200000, 0x00000000e3300000|  0%| F|  |TAMS 0x00000000e3200000| PB 0x00000000e3200000| Untracked 
|  51|0x00000000e3300000, 0x00000000e3300000, 0x00000000e3400000|  0%| F|  |TAMS 0x00000000e3300000| PB 0x00000000e3300000| Untracked 
|  52|0x00000000e3400000, 0x00000000e3400000, 0x00000000e3500000|  0%| F|  |TAMS 0x00000000e3400000| PB 0x00000000e3400000| Untracked 
|  53|0x00000000e3500000, 0x00000000e3500000, 0x00000000e3600000|  0%| F|  |TAMS 0x00000000e3500000| PB 0x00000000e3500000| Untracked 
|  54|0x00000000e3600000, 0x00000000e3600000, 0x00000000e3700000|  0%| F|  |TAMS 0x00000000e3600000| PB 0x00000000e3600000| Untracked 
|  55|0x00000000e3700000, 0x00000000e3700000, 0x00000000e3800000|  0%| F|  |TAMS 0x00000000e3700000| PB 0x00000000e3700000| Untracked 
|  56|0x00000000e3800000, 0x00000000e3800000, 0x00000000e3900000|  0%| F|  |TAMS 0x00000000e3800000| PB 0x00000000e3800000| Untracked 
|  57|0x00000000e3900000, 0x00000000e3900000, 0x00000000e3a00000|  0%| F|  |TAMS 0x00000000e3900000| PB 0x00000000e3900000| Untracked 
|  58|0x00000000e3a00000, 0x00000000e3a00000, 0x00000000e3b00000|  0%| F|  |TAMS 0x00000000e3a00000| PB 0x00000000e3a00000| Untracked 
|  59|0x00000000e3b00000, 0x00000000e3b00000, 0x00000000e3c00000|  0%| F|  |TAMS 0x00000000e3b00000| PB 0x00000000e3b00000| Untracked 
|  60|0x00000000e3c00000, 0x00000000e3c00000, 0x00000000e3d00000|  0%| F|  |TAMS 0x00000000e3c00000| PB 0x00000000e3c00000| Untracked 
|  61|0x00000000e3d00000, 0x00000000e3d00000, 0x00000000e3e00000|  0%| F|  |TAMS 0x00000000e3d00000| PB 0x00000000e3d00000| Untracked 
|  62|0x00000000e3e00000, 0x00000000e3e00000, 0x00000000e3f00000|  0%| F|  |TAMS 0x00000000e3e00000| PB 0x00000000e3e00000| Untracked 
|  63|0x00000000e3f00000, 0x00000000e3f00000, 0x00000000e4000000|  0%| F|  |TAMS 0x00000000e3f00000| PB 0x00000000e3f00000| Untracked 
|  64|0x00000000e4000000, 0x00000000e4000000, 0x00000000e4100000|  0%| F|  |TAMS 0x00000000e4000000| PB 0x00000000e4000000| Untracked 
|  65|0x00000000e4100000, 0x00000000e4100000, 0x00000000e4200000|  0%| F|  |TAMS 0x00000000e4100000| PB 0x00000000e4100000| Untracked 
|  66|0x00000000e4200000, 0x00000000e4200000, 0x00000000e4300000|  0%| F|  |TAMS 0x00000000e4200000| PB 0x00000000e4200000| Untracked 
|  67|0x00000000e4300000, 0x00000000e4300000, 0x00000000e4400000|  0%| F|  |TAMS 0x00000000e4300000| PB 0x00000000e4300000| Untracked 
|  68|0x00000000e4400000, 0x00000000e4400000, 0x00000000e4500000|  0%| F|  |TAMS 0x00000000e4400000| PB 0x00000000e4400000| Untracked 
|  69|0x00000000e4500000, 0x00000000e4500000, 0x00000000e4600000|  0%| F|  |TAMS 0x00000000e4500000| PB 0x00000000e4500000| Untracked 
|  70|0x00000000e4600000, 0x00000000e4600000, 0x00000000e4700000|  0%| F|  |TAMS 0x00000000e4600000| PB 0x00000000e4600000| Untracked 
|  71|0x00000000e4700000, 0x00000000e4700000, 0x00000000e4800000|  0%| F|  |TAMS 0x00000000e4700000| PB 0x00000000e4700000| Untracked 
|  72|0x00000000e4800000, 0x00000000e4800000, 0x00000000e4900000|  0%| F|  |TAMS 0x00000000e4800000| PB 0x00000000e4800000| Untracked 
|  73|0x00000000e4900000, 0x00000000e4900000, 0x00000000e4a00000|  0%| F|  |TAMS 0x00000000e4900000| PB 0x00000000e4900000| Untracked 
|  74|0x00000000e4a00000, 0x00000000e4a00000, 0x00000000e4b00000|  0%| F|  |TAMS 0x00000000e4a00000| PB 0x00000000e4a00000| Untracked 
|  75|0x00000000e4b00000, 0x00000000e4b00000, 0x00000000e4c00000|  0%| F|  |TAMS 0x00000000e4b00000| PB 0x00000000e4b00000| Untracked 
|  76|0x00000000e4c00000, 0x00000000e4c00000, 0x00000000e4d00000|  0%| F|  |TAMS 0x00000000e4c00000| PB 0x00000000e4c00000| Untracked 
|  77|0x00000000e4d00000, 0x00000000e4d00000, 0x00000000e4e00000|  0%| F|  |TAMS 0x00000000e4d00000| PB 0x00000000e4d00000| Untracked 
|  78|0x00000000e4e00000, 0x00000000e4e00000, 0x00000000e4f00000|  0%| F|  |TAMS 0x00000000e4e00000| PB 0x00000000e4e00000| Untracked 
|  79|0x00000000e4f00000, 0x00000000e4f00000, 0x00000000e5000000|  0%| F|  |TAMS 0x00000000e4f00000| PB 0x00000000e4f00000| Untracked 
|  80|0x00000000e5000000, 0x00000000e5000000, 0x00000000e5100000|  0%| F|  |TAMS 0x00000000e5000000| PB 0x00000000e5000000| Untracked 
|  81|0x00000000e5100000, 0x00000000e5100000, 0x00000000e5200000|  0%| F|  |TAMS 0x00000000e5100000| PB 0x00000000e5100000| Untracked 
|  82|0x00000000e5200000, 0x00000000e5200000, 0x00000000e5300000|  0%| F|  |TAMS 0x00000000e5200000| PB 0x00000000e5200000| Untracked 
|  83|0x00000000e5300000, 0x00000000e5300000, 0x00000000e5400000|  0%| F|  |TAMS 0x00000000e5300000| PB 0x00000000e5300000| Untracked 
|  84|0x00000000e5400000, 0x00000000e5400000, 0x00000000e5500000|  0%| F|  |TAMS 0x00000000e5400000| PB 0x00000000e5400000| Untracked 
|  85|0x00000000e5500000, 0x00000000e5500000, 0x00000000e5600000|  0%| F|  |TAMS 0x00000000e5500000| PB 0x00000000e5500000| Untracked 
|  86|0x00000000e5600000, 0x00000000e5600000, 0x00000000e5700000|  0%| F|  |TAMS 0x00000000e5600000| PB 0x00000000e5600000| Untracked 
|  87|0x00000000e5700000, 0x00000000e5700000, 0x00000000e5800000|  0%| F|  |TAMS 0x00000000e5700000| PB 0x00000000e5700000| Untracked 
|  88|0x00000000e5800000, 0x00000000e5800000, 0x00000000e5900000|  0%| F|  |TAMS 0x00000000e5800000| PB 0x00000000e5800000| Untracked 
|  89|0x00000000e5900000, 0x00000000e5900000, 0x00000000e5a00000|  0%| F|  |TAMS 0x00000000e5900000| PB 0x00000000e5900000| Untracked 
|  90|0x00000000e5a00000, 0x00000000e5a00000, 0x00000000e5b00000|  0%| F|  |TAMS 0x00000000e5a00000| PB 0x00000000e5a00000| Untracked 
|  91|0x00000000e5b00000, 0x00000000e5b00000, 0x00000000e5c00000|  0%| F|  |TAMS 0x00000000e5b00000| PB 0x00000000e5b00000| Untracked 
|  92|0x00000000e5c00000, 0x00000000e5c00000, 0x00000000e5d00000|  0%| F|  |TAMS 0x00000000e5c00000| PB 0x00000000e5c00000| Untracked 
|  93|0x00000000e5d00000, 0x00000000e5d00000, 0x00000000e5e00000|  0%| F|  |TAMS 0x00000000e5d00000| PB 0x00000000e5d00000| Untracked 
|  94|0x00000000e5e00000, 0x00000000e5e00000, 0x00000000e5f00000|  0%| F|  |TAMS 0x00000000e5e00000| PB 0x00000000e5e00000| Untracked 
|  95|0x00000000e5f00000, 0x00000000e5f00000, 0x00000000e6000000|  0%| F|  |TAMS 0x00000000e5f00000| PB 0x00000000e5f00000| Untracked 
|  96|0x00000000e6000000, 0x00000000e6000000, 0x00000000e6100000|  0%| F|  |TAMS 0x00000000e6000000| PB 0x00000000e6000000| Untracked 
|  97|0x00000000e6100000, 0x00000000e6100000, 0x00000000e6200000|  0%| F|  |TAMS 0x00000000e6100000| PB 0x00000000e6100000| Untracked 
|  98|0x00000000e6200000, 0x00000000e6200000, 0x00000000e6300000|  0%| F|  |TAMS 0x00000000e6200000| PB 0x00000000e6200000| Untracked 
|  99|0x00000000e6300000, 0x00000000e6300000, 0x00000000e6400000|  0%| F|  |TAMS 0x00000000e6300000| PB 0x00000000e6300000| Untracked 
| 100|0x00000000e6400000, 0x00000000e6400000, 0x00000000e6500000|  0%| F|  |TAMS 0x00000000e6400000| PB 0x00000000e6400000| Untracked 
| 101|0x00000000e6500000, 0x00000000e6500000, 0x00000000e6600000|  0%| F|  |TAMS 0x00000000e6500000| PB 0x00000000e6500000| Untracked 
| 102|0x00000000e6600000, 0x00000000e6600000, 0x00000000e6700000|  0%| F|  |TAMS 0x00000000e6600000| PB 0x00000000e6600000| Untracked 
| 103|0x00000000e6700000, 0x00000000e6700000, 0x00000000e6800000|  0%| F|  |TAMS 0x00000000e6700000| PB 0x00000000e6700000| Untracked 
| 104|0x00000000e6800000, 0x00000000e6800000, 0x00000000e6900000|  0%| F|  |TAMS 0x00000000e6800000| PB 0x00000000e6800000| Untracked 
| 105|0x00000000e6900000, 0x00000000e6900000, 0x00000000e6a00000|  0%| F|  |TAMS 0x00000000e6900000| PB 0x00000000e6900000| Untracked 
| 106|0x00000000e6a00000, 0x00000000e6a00000, 0x00000000e6b00000|  0%| F|  |TAMS 0x00000000e6a00000| PB 0x00000000e6a00000| Untracked 
| 107|0x00000000e6b00000, 0x00000000e6b00000, 0x00000000e6c00000|  0%| F|  |TAMS 0x00000000e6b00000| PB 0x00000000e6b00000| Untracked 
| 108|0x00000000e6c00000, 0x00000000e6c00000, 0x00000000e6d00000|  0%| F|  |TAMS 0x00000000e6c00000| PB 0x00000000e6c00000| Untracked 
| 109|0x00000000e6d00000, 0x00000000e6d00000, 0x00000000e6e00000|  0%| F|  |TAMS 0x00000000e6d00000| PB 0x00000000e6d00000| Untracked 
| 110|0x00000000e6e00000, 0x00000000e6e00000, 0x00000000e6f00000|  0%| F|  |TAMS 0x00000000e6e00000| PB 0x00000000e6e00000| Untracked 
| 111|0x00000000e6f00000, 0x00000000e6f00000, 0x00000000e7000000|  0%| F|  |TAMS 0x00000000e6f00000| PB 0x00000000e6f00000| Untracked 
| 112|0x00000000e7000000, 0x00000000e7000000, 0x00000000e7100000|  0%| F|  |TAMS 0x00000000e7000000| PB 0x00000000e7000000| Untracked 
| 113|0x00000000e7100000, 0x00000000e7100000, 0x00000000e7200000|  0%| F|  |TAMS 0x00000000e7100000| PB 0x00000000e7100000| Untracked 
| 114|0x00000000e7200000, 0x00000000e7200000, 0x00000000e7300000|  0%| F|  |TAMS 0x00000000e7200000| PB 0x00000000e7200000| Untracked 
| 115|0x00000000e7300000, 0x00000000e7300000, 0x00000000e7400000|  0%| F|  |TAMS 0x00000000e7300000| PB 0x00000000e7300000| Untracked 
| 116|0x00000000e7400000, 0x00000000e7400000, 0x00000000e7500000|  0%| F|  |TAMS 0x00000000e7400000| PB 0x00000000e7400000| Untracked 
| 117|0x00000000e7500000, 0x00000000e7500000, 0x00000000e7600000|  0%| F|  |TAMS 0x00000000e7500000| PB 0x00000000e7500000| Untracked 
| 118|0x00000000e7600000, 0x00000000e7600000, 0x00000000e7700000|  0%| F|  |TAMS 0x00000000e7600000| PB 0x00000000e7600000| Untracked 
| 119|0x00000000e7700000, 0x00000000e7700000, 0x00000000e7800000|  0%| F|  |TAMS 0x00000000e7700000| PB 0x00000000e7700000| Untracked 
| 120|0x00000000e7800000, 0x00000000e7800000, 0x00000000e7900000|  0%| F|  |TAMS 0x00000000e7800000| PB 0x00000000e7800000| Untracked 
| 121|0x00000000e7900000, 0x00000000e7900000, 0x00000000e7a00000|  0%| F|  |TAMS 0x00000000e7900000| PB 0x00000000e7900000| Untracked 
| 122|0x00000000e7a00000, 0x00000000e7a00000, 0x00000000e7b00000|  0%| F|  |TAMS 0x00000000e7a00000| PB 0x00000000e7a00000| Untracked 
| 123|0x00000000e7b00000, 0x00000000e7b00000, 0x00000000e7c00000|  0%| F|  |TAMS 0x00000000e7b00000| PB 0x00000000e7b00000| Untracked 
| 124|0x00000000e7c00000, 0x00000000e7c00000, 0x00000000e7d00000|  0%| F|  |TAMS 0x00000000e7c00000| PB 0x00000000e7c00000| Untracked 
| 125|0x00000000e7d00000, 0x00000000e7d00000, 0x00000000e7e00000|  0%| F|  |TAMS 0x00000000e7d00000| PB 0x00000000e7d00000| Untracked 
| 126|0x00000000e7e00000, 0x00000000e7e00000, 0x00000000e7f00000|  0%| F|  |TAMS 0x00000000e7e00000| PB 0x00000000e7e00000| Untracked 
| 127|0x00000000e7f00000, 0x00000000e7f00000, 0x00000000e8000000|  0%| F|  |TAMS 0x00000000e7f00000| PB 0x00000000e7f00000| Untracked 
| 128|0x00000000e8000000, 0x00000000e8000000, 0x00000000e8100000|  0%| F|  |TAMS 0x00000000e8000000| PB 0x00000000e8000000| Untracked 
| 129|0x00000000e8100000, 0x00000000e8100000, 0x00000000e8200000|  0%| F|  |TAMS 0x00000000e8100000| PB 0x00000000e8100000| Untracked 
| 130|0x00000000e8200000, 0x00000000e8200000, 0x00000000e8300000|  0%| F|  |TAMS 0x00000000e8200000| PB 0x00000000e8200000| Untracked 
| 131|0x00000000e8300000, 0x00000000e8300000, 0x00000000e8400000|  0%| F|  |TAMS 0x00000000e8300000| PB 0x00000000e8300000| Untracked 
| 132|0x00000000e8400000, 0x00000000e8400000, 0x00000000e8500000|  0%| F|  |TAMS 0x00000000e8400000| PB 0x00000000e8400000| Untracked 
| 133|0x00000000e8500000, 0x00000000e8500000, 0x00000000e8600000|  0%| F|  |TAMS 0x00000000e8500000| PB 0x00000000e8500000| Untracked 
| 134|0x00000000e8600000, 0x00000000e8600000, 0x00000000e8700000|  0%| F|  |TAMS 0x00000000e8600000| PB 0x00000000e8600000| Untracked 
| 135|0x00000000e8700000, 0x00000000e8700000, 0x00000000e8800000|  0%| F|  |TAMS 0x00000000e8700000| PB 0x00000000e8700000| Untracked 
| 136|0x00000000e8800000, 0x00000000e8800000, 0x00000000e8900000|  0%| F|  |TAMS 0x00000000e8800000| PB 0x00000000e8800000| Untracked 
| 137|0x00000000e8900000, 0x00000000e8900000, 0x00000000e8a00000|  0%| F|  |TAMS 0x00000000e8900000| PB 0x00000000e8900000| Untracked 
| 138|0x00000000e8a00000, 0x00000000e8a00000, 0x00000000e8b00000|  0%| F|  |TAMS 0x00000000e8a00000| PB 0x00000000e8a00000| Untracked 
| 139|0x00000000e8b00000, 0x00000000e8b00000, 0x00000000e8c00000|  0%| F|  |TAMS 0x00000000e8b00000| PB 0x00000000e8b00000| Untracked 
| 140|0x00000000e8c00000, 0x00000000e8c00000, 0x00000000e8d00000|  0%| F|  |TAMS 0x00000000e8c00000| PB 0x00000000e8c00000| Untracked 
| 141|0x00000000e8d00000, 0x00000000e8d00000, 0x00000000e8e00000|  0%| F|  |TAMS 0x00000000e8d00000| PB 0x00000000e8d00000| Untracked 
| 142|0x00000000e8e00000, 0x00000000e8e00000, 0x00000000e8f00000|  0%| F|  |TAMS 0x00000000e8e00000| PB 0x00000000e8e00000| Untracked 
| 143|0x00000000e8f00000, 0x00000000e8f00000, 0x00000000e9000000|  0%| F|  |TAMS 0x00000000e8f00000| PB 0x00000000e8f00000| Untracked 
| 144|0x00000000e9000000, 0x00000000e9000000, 0x00000000e9100000|  0%| F|  |TAMS 0x00000000e9000000| PB 0x00000000e9000000| Untracked 
| 145|0x00000000e9100000, 0x00000000e9100000, 0x00000000e9200000|  0%| F|  |TAMS 0x00000000e9100000| PB 0x00000000e9100000| Untracked 
| 146|0x00000000e9200000, 0x00000000e9200000, 0x00000000e9300000|  0%| F|  |TAMS 0x00000000e9200000| PB 0x00000000e9200000| Untracked 
| 147|0x00000000e9300000, 0x00000000e9300000, 0x00000000e9400000|  0%| F|  |TAMS 0x00000000e9300000| PB 0x00000000e9300000| Untracked 
| 148|0x00000000e9400000, 0x00000000e9400000, 0x00000000e9500000|  0%| F|  |TAMS 0x00000000e9400000| PB 0x00000000e9400000| Untracked 
| 149|0x00000000e9500000, 0x00000000e9500000, 0x00000000e9600000|  0%| F|  |TAMS 0x00000000e9500000| PB 0x00000000e9500000| Untracked 
| 150|0x00000000e9600000, 0x00000000e9600000, 0x00000000e9700000|  0%| F|  |TAMS 0x00000000e9600000| PB 0x00000000e9600000| Untracked 
| 151|0x00000000e9700000, 0x00000000e9700000, 0x00000000e9800000|  0%| F|  |TAMS 0x00000000e9700000| PB 0x00000000e9700000| Untracked 
| 152|0x00000000e9800000, 0x00000000e9800000, 0x00000000e9900000|  0%| F|  |TAMS 0x00000000e9800000| PB 0x00000000e9800000| Untracked 
| 153|0x00000000e9900000, 0x00000000e9900000, 0x00000000e9a00000|  0%| F|  |TAMS 0x00000000e9900000| PB 0x00000000e9900000| Untracked 
| 154|0x00000000e9a00000, 0x00000000e9a00000, 0x00000000e9b00000|  0%| F|  |TAMS 0x00000000e9a00000| PB 0x00000000e9a00000| Untracked 
| 155|0x00000000e9b00000, 0x00000000e9b00000, 0x00000000e9c00000|  0%| F|  |TAMS 0x00000000e9b00000| PB 0x00000000e9b00000| Untracked 
| 156|0x00000000e9c00000, 0x00000000e9c00000, 0x00000000e9d00000|  0%| F|  |TAMS 0x00000000e9c00000| PB 0x00000000e9c00000| Untracked 
| 157|0x00000000e9d00000, 0x00000000e9d00000, 0x00000000e9e00000|  0%| F|  |TAMS 0x00000000e9d00000| PB 0x00000000e9d00000| Untracked 
| 158|0x00000000e9e00000, 0x00000000e9e00000, 0x00000000e9f00000|  0%| F|  |TAMS 0x00000000e9e00000| PB 0x00000000e9e00000| Untracked 
| 159|0x00000000e9f00000, 0x00000000e9f00000, 0x00000000ea000000|  0%| F|  |TAMS 0x00000000e9f00000| PB 0x00000000e9f00000| Untracked 
| 160|0x00000000ea000000, 0x00000000ea000000, 0x00000000ea100000|  0%| F|  |TAMS 0x00000000ea000000| PB 0x00000000ea000000| Untracked 
| 161|0x00000000ea100000, 0x00000000ea100000, 0x00000000ea200000|  0%| F|  |TAMS 0x00000000ea100000| PB 0x00000000ea100000| Untracked 
| 162|0x00000000ea200000, 0x00000000ea200000, 0x00000000ea300000|  0%| F|  |TAMS 0x00000000ea200000| PB 0x00000000ea200000| Untracked 
| 163|0x00000000ea300000, 0x00000000ea300000, 0x00000000ea400000|  0%| F|  |TAMS 0x00000000ea300000| PB 0x00000000ea300000| Untracked 
| 164|0x00000000ea400000, 0x00000000ea400000, 0x00000000ea500000|  0%| F|  |TAMS 0x00000000ea400000| PB 0x00000000ea400000| Untracked 
| 165|0x00000000ea500000, 0x00000000ea500000, 0x00000000ea600000|  0%| F|  |TAMS 0x00000000ea500000| PB 0x00000000ea500000| Untracked 
| 166|0x00000000ea600000, 0x00000000ea600000, 0x00000000ea700000|  0%| F|  |TAMS 0x00000000ea600000| PB 0x00000000ea600000| Untracked 
| 167|0x00000000ea700000, 0x00000000ea700000, 0x00000000ea800000|  0%| F|  |TAMS 0x00000000ea700000| PB 0x00000000ea700000| Untracked 
| 168|0x00000000ea800000, 0x00000000ea800000, 0x00000000ea900000|  0%| F|  |TAMS 0x00000000ea800000| PB 0x00000000ea800000| Untracked 
| 169|0x00000000ea900000, 0x00000000ea900000, 0x00000000eaa00000|  0%| F|  |TAMS 0x00000000ea900000| PB 0x00000000ea900000| Untracked 
| 170|0x00000000eaa00000, 0x00000000eaa00000, 0x00000000eab00000|  0%| F|  |TAMS 0x00000000eaa00000| PB 0x00000000eaa00000| Untracked 
| 171|0x00000000eab00000, 0x00000000eab00000, 0x00000000eac00000|  0%| F|  |TAMS 0x00000000eab00000| PB 0x00000000eab00000| Untracked 
| 172|0x00000000eac00000, 0x00000000eac00000, 0x00000000ead00000|  0%| F|  |TAMS 0x00000000eac00000| PB 0x00000000eac00000| Untracked 
| 173|0x00000000ead00000, 0x00000000ead00000, 0x00000000eae00000|  0%| F|  |TAMS 0x00000000ead00000| PB 0x00000000ead00000| Untracked 
| 174|0x00000000eae00000, 0x00000000eae00000, 0x00000000eaf00000|  0%| F|  |TAMS 0x00000000eae00000| PB 0x00000000eae00000| Untracked 
| 175|0x00000000eaf00000, 0x00000000eaf00000, 0x00000000eb000000|  0%| F|  |TAMS 0x00000000eaf00000| PB 0x00000000eaf00000| Untracked 
| 176|0x00000000eb000000, 0x00000000eb000000, 0x00000000eb100000|  0%| F|  |TAMS 0x00000000eb000000| PB 0x00000000eb000000| Untracked 
| 177|0x00000000eb100000, 0x00000000eb100000, 0x00000000eb200000|  0%| F|  |TAMS 0x00000000eb100000| PB 0x00000000eb100000| Untracked 
| 178|0x00000000eb200000, 0x00000000eb200000, 0x00000000eb300000|  0%| F|  |TAMS 0x00000000eb200000| PB 0x00000000eb200000| Untracked 
| 179|0x00000000eb300000, 0x00000000eb300000, 0x00000000eb400000|  0%| F|  |TAMS 0x00000000eb300000| PB 0x00000000eb300000| Untracked 
| 180|0x00000000eb400000, 0x00000000eb400000, 0x00000000eb500000|  0%| F|  |TAMS 0x00000000eb400000| PB 0x00000000eb400000| Untracked 
| 181|0x00000000eb500000, 0x00000000eb500000, 0x00000000eb600000|  0%| F|  |TAMS 0x00000000eb500000| PB 0x00000000eb500000| Untracked 
| 182|0x00000000eb600000, 0x00000000eb600000, 0x00000000eb700000|  0%| F|  |TAMS 0x00000000eb600000| PB 0x00000000eb600000| Untracked 
| 183|0x00000000eb700000, 0x00000000eb700000, 0x00000000eb800000|  0%| F|  |TAMS 0x00000000eb700000| PB 0x00000000eb700000| Untracked 
| 184|0x00000000eb800000, 0x00000000eb800000, 0x00000000eb900000|  0%| F|  |TAMS 0x00000000eb800000| PB 0x00000000eb800000| Untracked 
| 185|0x00000000eb900000, 0x00000000eb900000, 0x00000000eba00000|  0%| F|  |TAMS 0x00000000eb900000| PB 0x00000000eb900000| Untracked 
| 186|0x00000000eba00000, 0x00000000eba00000, 0x00000000ebb00000|  0%| F|  |TAMS 0x00000000eba00000| PB 0x00000000eba00000| Untracked 
| 187|0x00000000ebb00000, 0x00000000ebb00000, 0x00000000ebc00000|  0%| F|  |TAMS 0x00000000ebb00000| PB 0x00000000ebb00000| Untracked 
| 188|0x00000000ebc00000, 0x00000000ebc00000, 0x00000000ebd00000|  0%| F|  |TAMS 0x00000000ebc00000| PB 0x00000000ebc00000| Untracked 
| 189|0x00000000ebd00000, 0x00000000ebd00000, 0x00000000ebe00000|  0%| F|  |TAMS 0x00000000ebd00000| PB 0x00000000ebd00000| Untracked 
| 190|0x00000000ebe00000, 0x00000000ebe00000, 0x00000000ebf00000|  0%| F|  |TAMS 0x00000000ebe00000| PB 0x00000000ebe00000| Untracked 
| 191|0x00000000ebf00000, 0x00000000ebf00000, 0x00000000ec000000|  0%| F|  |TAMS 0x00000000ebf00000| PB 0x00000000ebf00000| Untracked 
| 192|0x00000000ec000000, 0x00000000ec000000, 0x00000000ec100000|  0%| F|  |TAMS 0x00000000ec000000| PB 0x00000000ec000000| Untracked 
| 193|0x00000000ec100000, 0x00000000ec100000, 0x00000000ec200000|  0%| F|  |TAMS 0x00000000ec100000| PB 0x00000000ec100000| Untracked 
| 194|0x00000000ec200000, 0x00000000ec200000, 0x00000000ec300000|  0%| F|  |TAMS 0x00000000ec200000| PB 0x00000000ec200000| Untracked 
| 195|0x00000000ec300000, 0x00000000ec300000, 0x00000000ec400000|  0%| F|  |TAMS 0x00000000ec300000| PB 0x00000000ec300000| Untracked 
| 196|0x00000000ec400000, 0x00000000ec400000, 0x00000000ec500000|  0%| F|  |TAMS 0x00000000ec400000| PB 0x00000000ec400000| Untracked 
| 197|0x00000000ec500000, 0x00000000ec500000, 0x00000000ec600000|  0%| F|  |TAMS 0x00000000ec500000| PB 0x00000000ec500000| Untracked 
| 198|0x00000000ec600000, 0x00000000ec600000, 0x00000000ec700000|  0%| F|  |TAMS 0x00000000ec600000| PB 0x00000000ec600000| Untracked 
| 199|0x00000000ec700000, 0x00000000ec700000, 0x00000000ec800000|  0%| F|  |TAMS 0x00000000ec700000| PB 0x00000000ec700000| Untracked 
| 200|0x00000000ec800000, 0x00000000ec800000, 0x00000000ec900000|  0%| F|  |TAMS 0x00000000ec800000| PB 0x00000000ec800000| Untracked 
| 201|0x00000000ec900000, 0x00000000ec900000, 0x00000000eca00000|  0%| F|  |TAMS 0x00000000ec900000| PB 0x00000000ec900000| Untracked 
| 202|0x00000000eca00000, 0x00000000eca00000, 0x00000000ecb00000|  0%| F|  |TAMS 0x00000000eca00000| PB 0x00000000eca00000| Untracked 
| 203|0x00000000ecb00000, 0x00000000ecb00000, 0x00000000ecc00000|  0%| F|  |TAMS 0x00000000ecb00000| PB 0x00000000ecb00000| Untracked 
| 204|0x00000000ecc00000, 0x00000000ecc00000, 0x00000000ecd00000|  0%| F|  |TAMS 0x00000000ecc00000| PB 0x00000000ecc00000| Untracked 
| 205|0x00000000ecd00000, 0x00000000ecd00000, 0x00000000ece00000|  0%| F|  |TAMS 0x00000000ecd00000| PB 0x00000000ecd00000| Untracked 
| 206|0x00000000ece00000, 0x00000000ece00000, 0x00000000ecf00000|  0%| F|  |TAMS 0x00000000ece00000| PB 0x00000000ece00000| Untracked 
| 207|0x00000000ecf00000, 0x00000000ecf00000, 0x00000000ed000000|  0%| F|  |TAMS 0x00000000ecf00000| PB 0x00000000ecf00000| Untracked 
| 208|0x00000000ed000000, 0x00000000ed000000, 0x00000000ed100000|  0%| F|  |TAMS 0x00000000ed000000| PB 0x00000000ed000000| Untracked 
| 209|0x00000000ed100000, 0x00000000ed100000, 0x00000000ed200000|  0%| F|  |TAMS 0x00000000ed100000| PB 0x00000000ed100000| Untracked 
| 210|0x00000000ed200000, 0x00000000ed200000, 0x00000000ed300000|  0%| F|  |TAMS 0x00000000ed200000| PB 0x00000000ed200000| Untracked 
| 211|0x00000000ed300000, 0x00000000ed300000, 0x00000000ed400000|  0%| F|  |TAMS 0x00000000ed300000| PB 0x00000000ed300000| Untracked 
| 212|0x00000000ed400000, 0x00000000ed400000, 0x00000000ed500000|  0%| F|  |TAMS 0x00000000ed400000| PB 0x00000000ed400000| Untracked 
| 213|0x00000000ed500000, 0x00000000ed500000, 0x00000000ed600000|  0%| F|  |TAMS 0x00000000ed500000| PB 0x00000000ed500000| Untracked 
| 214|0x00000000ed600000, 0x00000000ed600000, 0x00000000ed700000|  0%| F|  |TAMS 0x00000000ed600000| PB 0x00000000ed600000| Untracked 
| 215|0x00000000ed700000, 0x00000000ed700000, 0x00000000ed800000|  0%| F|  |TAMS 0x00000000ed700000| PB 0x00000000ed700000| Untracked 
| 216|0x00000000ed800000, 0x00000000ed800000, 0x00000000ed900000|  0%| F|  |TAMS 0x00000000ed800000| PB 0x00000000ed800000| Untracked 
| 217|0x00000000ed900000, 0x00000000ed900000, 0x00000000eda00000|  0%| F|  |TAMS 0x00000000ed900000| PB 0x00000000ed900000| Untracked 
| 218|0x00000000eda00000, 0x00000000eda00000, 0x00000000edb00000|  0%| F|  |TAMS 0x00000000eda00000| PB 0x00000000eda00000| Untracked 
| 219|0x00000000edb00000, 0x00000000edb00000, 0x00000000edc00000|  0%| F|  |TAMS 0x00000000edb00000| PB 0x00000000edb00000| Untracked 
| 220|0x00000000edc00000, 0x00000000edc00000, 0x00000000edd00000|  0%| F|  |TAMS 0x00000000edc00000| PB 0x00000000edc00000| Untracked 
| 221|0x00000000edd00000, 0x00000000edd00000, 0x00000000ede00000|  0%| F|  |TAMS 0x00000000edd00000| PB 0x00000000edd00000| Untracked 
| 222|0x00000000ede00000, 0x00000000ede00000, 0x00000000edf00000|  0%| F|  |TAMS 0x00000000ede00000| PB 0x00000000ede00000| Untracked 
| 223|0x00000000edf00000, 0x00000000edf00000, 0x00000000ee000000|  0%| F|  |TAMS 0x00000000edf00000| PB 0x00000000edf00000| Untracked 
| 224|0x00000000ee000000, 0x00000000ee000000, 0x00000000ee100000|  0%| F|  |TAMS 0x00000000ee000000| PB 0x00000000ee000000| Untracked 
| 225|0x00000000ee100000, 0x00000000ee100000, 0x00000000ee200000|  0%| F|  |TAMS 0x00000000ee100000| PB 0x00000000ee100000| Untracked 
| 226|0x00000000ee200000, 0x00000000ee200000, 0x00000000ee300000|  0%| F|  |TAMS 0x00000000ee200000| PB 0x00000000ee200000| Untracked 
| 227|0x00000000ee300000, 0x00000000ee300000, 0x00000000ee400000|  0%| F|  |TAMS 0x00000000ee300000| PB 0x00000000ee300000| Untracked 
| 228|0x00000000ee400000, 0x00000000ee400000, 0x00000000ee500000|  0%| F|  |TAMS 0x00000000ee400000| PB 0x00000000ee400000| Untracked 
| 229|0x00000000ee500000, 0x00000000ee500000, 0x00000000ee600000|  0%| F|  |TAMS 0x00000000ee500000| PB 0x00000000ee500000| Untracked 
| 230|0x00000000ee600000, 0x00000000ee600000, 0x00000000ee700000|  0%| F|  |TAMS 0x00000000ee600000| PB 0x00000000ee600000| Untracked 
| 231|0x00000000ee700000, 0x00000000ee700000, 0x00000000ee800000|  0%| F|  |TAMS 0x00000000ee700000| PB 0x00000000ee700000| Untracked 
| 232|0x00000000ee800000, 0x00000000ee800000, 0x00000000ee900000|  0%| F|  |TAMS 0x00000000ee800000| PB 0x00000000ee800000| Untracked 
| 233|0x00000000ee900000, 0x00000000ee900000, 0x00000000eea00000|  0%| F|  |TAMS 0x00000000ee900000| PB 0x00000000ee900000| Untracked 
| 234|0x00000000eea00000, 0x00000000eea1b170, 0x00000000eeb00000| 10%| S|CS|TAMS 0x00000000eea00000| PB 0x00000000eea00000| Complete 
| 235|0x00000000eeb00000, 0x00000000eec00000, 0x00000000eec00000|100%| S|CS|TAMS 0x00000000eeb00000| PB 0x00000000eeb00000| Complete 
| 236|0x00000000eec00000, 0x00000000eed00000, 0x00000000eed00000|100%| S|CS|TAMS 0x00000000eec00000| PB 0x00000000eec00000| Complete 
| 237|0x00000000eed00000, 0x00000000eed00000, 0x00000000eee00000|  0%| F|  |TAMS 0x00000000eed00000| PB 0x00000000eed00000| Untracked 
| 238|0x00000000eee00000, 0x00000000eee00000, 0x00000000eef00000|  0%| F|  |TAMS 0x00000000eee00000| PB 0x00000000eee00000| Untracked 
| 239|0x00000000eef00000, 0x00000000eef00000, 0x00000000ef000000|  0%| F|  |TAMS 0x00000000eef00000| PB 0x00000000eef00000| Untracked 
| 240|0x00000000ef000000, 0x00000000ef000000, 0x00000000ef100000|  0%| F|  |TAMS 0x00000000ef000000| PB 0x00000000ef000000| Untracked 
| 241|0x00000000ef100000, 0x00000000ef100000, 0x00000000ef200000|  0%| F|  |TAMS 0x00000000ef100000| PB 0x00000000ef100000| Untracked 
| 242|0x00000000ef200000, 0x00000000ef200000, 0x00000000ef300000|  0%| F|  |TAMS 0x00000000ef200000| PB 0x00000000ef200000| Untracked 
| 243|0x00000000ef300000, 0x00000000ef300000, 0x00000000ef400000|  0%| F|  |TAMS 0x00000000ef300000| PB 0x00000000ef300000| Untracked 
| 244|0x00000000ef400000, 0x00000000ef400000, 0x00000000ef500000|  0%| F|  |TAMS 0x00000000ef400000| PB 0x00000000ef400000| Untracked 
| 245|0x00000000ef500000, 0x00000000ef500000, 0x00000000ef600000|  0%| F|  |TAMS 0x00000000ef500000| PB 0x00000000ef500000| Untracked 
| 246|0x00000000ef600000, 0x00000000ef600000, 0x00000000ef700000|  0%| F|  |TAMS 0x00000000ef600000| PB 0x00000000ef600000| Untracked 
| 247|0x00000000ef700000, 0x00000000ef700000, 0x00000000ef800000|  0%| F|  |TAMS 0x00000000ef700000| PB 0x00000000ef700000| Untracked 
| 248|0x00000000ef800000, 0x00000000ef800000, 0x00000000ef900000|  0%| F|  |TAMS 0x00000000ef800000| PB 0x00000000ef800000| Untracked 
| 249|0x00000000ef900000, 0x00000000ef900000, 0x00000000efa00000|  0%| F|  |TAMS 0x00000000ef900000| PB 0x00000000ef900000| Untracked 
| 250|0x00000000efa00000, 0x00000000efa00000, 0x00000000efb00000|  0%| F|  |TAMS 0x00000000efa00000| PB 0x00000000efa00000| Untracked 
| 251|0x00000000efb00000, 0x00000000efbc4898, 0x00000000efc00000| 76%| E|  |TAMS 0x00000000efb00000| PB 0x00000000efb00000| Complete 
| 252|0x00000000efc00000, 0x00000000efd00000, 0x00000000efd00000|100%| E|CS|TAMS 0x00000000efc00000| PB 0x00000000efc00000| Complete 
| 253|0x00000000efd00000, 0x00000000efe00000, 0x00000000efe00000|100%| E|CS|TAMS 0x00000000efd00000| PB 0x00000000efd00000| Complete 
| 254|0x00000000efe00000, 0x00000000eff00000, 0x00000000eff00000|100%| E|CS|TAMS 0x00000000efe00000| PB 0x00000000efe00000| Complete 
| 255|0x00000000eff00000, 0x00000000f0000000, 0x00000000f0000000|100%| E|CS|TAMS 0x00000000eff00000| PB 0x00000000eff00000| Complete 

Card table byte_map: [0x000001da1afa0000,0x000001da1b0a0000] _byte_map_base: 0x000001da1a8a0000

Marking Bits: (CMBitMap*) 0x000001da08452f80
 Bits: [0x000001da1b0a0000, 0x000001da1b8a0000)

Polling page: 0x000001da06290000

Metaspace:

Usage:
  Non-class:     17.64 MB used.
      Class:      3.05 MB used.
       Both:     20.69 MB used.

Virtual space:
  Non-class space:       64.00 MB reserved,      18.00 MB ( 28%) committed,  1 nodes.
      Class space:      320.00 MB reserved,       3.38 MB (  1%) committed,  1 nodes.
             Both:      384.00 MB reserved,      21.38 MB (  6%) committed. 

Chunk freelists:
   Non-Class:  13.80 MB
       Class:  12.67 MB
        Both:  26.47 MB

MaxMetaspaceSize: 384.00 MB
CompressedClassSpaceSize: 320.00 MB
Initial GC threshold: 21.00 MB
Current GC threshold: 35.25 MB
CDS: on
 - commit_granule_bytes: 65536.
 - commit_granule_words: 8192.
 - virtual_space_node_default_size: 8388608.
 - enlarge_chunks_in_place: 1.
 - use_allocation_guard: 0.


Internal statistics:

num_allocs_failed_limit: 3.
num_arena_births: 1060.
num_arena_deaths: 0.
num_vsnodes_births: 2.
num_vsnodes_deaths: 0.
num_space_committed: 342.
num_space_uncommitted: 0.
num_chunks_returned_to_freelist: 3.
num_chunks_taken_from_freelist: 1927.
num_chunk_merges: 3.
num_chunk_splits: 1252.
num_chunks_enlarged: 816.
num_inconsistent_stats: 0.

CodeHeap 'non-profiled nmethods': size=119168Kb used=1752Kb max_used=1752Kb free=117415Kb
 bounds [0x000001da131c0000, 0x000001da13430000, 0x000001da1a620000]
CodeHeap 'profiled nmethods': size=119104Kb used=6701Kb max_used=6701Kb free=112403Kb
 bounds [0x000001da0b620000, 0x000001da0bcb0000, 0x000001da12a70000]
CodeHeap 'non-nmethods': size=7488Kb used=1420Kb max_used=1466Kb free=6067Kb
 bounds [0x000001da12a70000, 0x000001da12ce0000, 0x000001da131c0000]
CodeCache: size=245760Kb, used=9873Kb, max_used=9919Kb, free=235885Kb
 total_blobs=3913, nmethods=3338, adapters=479, full_count=0
Compilation: enabled, stopped_count=0, restarted_count=0

Compilation events (20 events):
Event: 16.809 Thread 0x000001da1e8a47e0 nmethod 3335 0x000001da0bca8c90 code [0x000001da0bca8e40, 0x000001da0bca8f68]
Event: 16.809 Thread 0x000001da1e8a47e0 3336       3       java.lang.invoke.MethodHandleImpl::makeIntrinsic (21 bytes)
Event: 16.810 Thread 0x000001da1e89cb20 nmethod 3334 0x000001da13372810 code [0x000001da133729a0, 0x000001da13372aa0]
Event: 16.810 Thread 0x000001da1e8a47e0 nmethod 3336 0x000001da0bca9010 code [0x000001da0bca9220, 0x000001da0bca9a30]
Event: 16.810 Thread 0x000001da1e8a47e0 3337       3       java.lang.invoke.DelegatingMethodHandle::internalMemberName (8 bytes)
Event: 16.810 Thread 0x000001da1e8a47e0 nmethod 3337 0x000001da0bca9c10 code [0x000001da0bca9de0, 0x000001da0bcaa070]
Event: 16.811 Thread 0x000001da1e89cb20 3338       4       jdk.internal.org.objectweb.asm.Frame::setLocal (65 bytes)
Event: 16.812 Thread 0x000001da1e8a47e0 3340       3       java.util.ImmutableCollections$ListN::isEmpty (14 bytes)
Event: 16.813 Thread 0x000001da1e8a47e0 nmethod 3340 0x000001da0bcaa190 code [0x000001da0bcaa340, 0x000001da0bcaa4a8]
Event: 16.815 Thread 0x000001da1e8a47e0 3342       3       java.util.Set::of (10 bytes)
Event: 16.816 Thread 0x000001da1e8a47e0 nmethod 3342 0x000001da0bcaa590 code [0x000001da0bcaa740, 0x000001da0bcaa8d0]
Event: 16.816 Thread 0x000001da1e89cb20 nmethod 3338 0x000001da13372b90 code [0x000001da13372d40, 0x000001da13373388]
Event: 16.816 Thread 0x000001da1e89cb20 3341       4       java.lang.invoke.InvokerBytecodeGenerator::emitPushArguments (45 bytes)
Event: 16.833 Thread 0x000001da1e89cb20 nmethod 3341 0x000001da13373510 code [0x000001da133737c0, 0x000001da13374508]
Event: 16.833 Thread 0x000001da1e89cb20 3339       4       jdk.internal.org.objectweb.asm.Type::getDescriptor (93 bytes)
Event: 16.846 Thread 0x000001da1e89cb20 nmethod 3339 0x000001da13374f90 code [0x000001da133751e0, 0x000001da13375c88]
Event: 16.902 Thread 0x000001da1e8a47e0 3343       3       java.util.Collections$SingletonSet::contains (9 bytes)
Event: 16.902 Thread 0x000001da1e8a47e0 nmethod 3343 0x000001da0bcaa990 code [0x000001da0bcaab40, 0x000001da0bcaae18]
Event: 16.902 Thread 0x000001da1e8a47e0 3344       3       java.util.Collections::eq (22 bytes)
Event: 16.902 Thread 0x000001da1e8a47e0 nmethod 3344 0x000001da0bcaaf10 code [0x000001da0bcab0c0, 0x000001da0bcab310]

GC Heap History (8 events):
Event: 2.136 GC heap before
{Heap before GC invocations=0 (full 0):
 garbage-first heap   total 262144K, used 26624K [0x00000000e0000000, 0x0000000100000000)
  region size 1024K, 23 young (23552K), 0 survivors (0K)
 Metaspace       used 1130K, committed 1280K, reserved 393216K
  class space    used 80K, committed 128K, reserved 327680K
}
Event: 2.163 GC heap after
{Heap after GC invocations=1 (full 0):
 garbage-first heap   total 262144K, used 10793K [0x00000000e0000000, 0x0000000100000000)
  region size 1024K, 3 young (3072K), 3 survivors (3072K)
 Metaspace       used 1130K, committed 1280K, reserved 393216K
  class space    used 80K, committed 128K, reserved 327680K
}
Event: 4.136 GC heap before
{Heap before GC invocations=1 (full 0):
 garbage-first heap   total 262144K, used 38441K [0x00000000e0000000, 0x0000000100000000)
  region size 1024K, 30 young (30720K), 3 survivors (3072K)
 Metaspace       used 4319K, committed 4480K, reserved 393216K
  class space    used 544K, committed 640K, reserved 327680K
}
Event: 4.143 GC heap after
{Heap after GC invocations=2 (full 0):
 garbage-first heap   total 262144K, used 11922K [0x00000000e0000000, 0x0000000100000000)
  region size 1024K, 2 young (2048K), 2 survivors (2048K)
 Metaspace       used 4319K, committed 4480K, reserved 393216K
  class space    used 544K, committed 640K, reserved 327680K
}
Event: 14.168 GC heap before
{Heap before GC invocations=2 (full 0):
 garbage-first heap   total 262144K, used 128658K [0x00000000e0000000, 0x0000000100000000)
  region size 1024K, 115 young (117760K), 2 survivors (2048K)
 Metaspace       used 18600K, committed 19200K, reserved 393216K
  class space    used 2686K, committed 2944K, reserved 327680K
}
Event: 14.267 GC heap after
{Heap after GC invocations=3 (full 0):
 garbage-first heap   total 262144K, used 23643K [0x00000000e0000000, 0x0000000100000000)
  region size 1024K, 12 young (12288K), 12 survivors (12288K)
 Metaspace       used 18600K, committed 19200K, reserved 393216K
  class space    used 2686K, committed 2944K, reserved 327680K
}
Event: 16.435 GC heap before
{Heap before GC invocations=3 (full 0):
 garbage-first heap   total 262144K, used 42075K [0x00000000e0000000, 0x0000000100000000)
  region size 1024K, 31 young (31744K), 12 survivors (12288K)
 Metaspace       used 20855K, committed 21504K, reserved 393216K
  class space    used 3057K, committed 3328K, reserved 327680K
}
Event: 16.448 GC heap after
{Heap after GC invocations=4 (full 0):
 garbage-first heap   total 262144K, used 25412K [0x00000000e0000000, 0x0000000100000000)
  region size 1024K, 3 young (3072K), 3 survivors (3072K)
 Metaspace       used 20855K, committed 21504K, reserved 393216K
  class space    used 3057K, committed 3328K, reserved 327680K
}

Dll operation events (20 events):
Event: 0.407 Attempting to load shared library C:\Users\admoi\.antigravity-ide\extensions\redhat.java-1.56.0-win32-x64\jre\21.0.12.1-win32-x86_64\bin\nio.dll
Event: 0.410 Loaded shared library C:\Users\admoi\.antigravity-ide\extensions\redhat.java-1.56.0-win32-x64\jre\21.0.12.1-win32-x86_64\bin\nio.dll
Event: 0.417 Attempting to load shared library C:\Users\admoi\.antigravity-ide\extensions\redhat.java-1.56.0-win32-x64\jre\21.0.12.1-win32-x86_64\bin\zip.dll
Event: 0.417 Loaded shared library C:\Users\admoi\.antigravity-ide\extensions\redhat.java-1.56.0-win32-x64\jre\21.0.12.1-win32-x86_64\bin\zip.dll
Event: 0.951 Attempting to load shared library C:\Users\admoi\.antigravity-ide\extensions\redhat.java-1.56.0-win32-x64\jre\21.0.12.1-win32-x86_64\bin\jimage.dll
Event: 0.951 Loaded shared library C:\Users\admoi\.antigravity-ide\extensions\redhat.java-1.56.0-win32-x64\jre\21.0.12.1-win32-x86_64\bin\jimage.dll
Event: 2.208 Attempting to load shared library C:\Users\admoi\.antigravity-ide\extensions\redhat.java-1.56.0-win32-x64\jre\21.0.12.1-win32-x86_64\bin\verify.dll
Event: 2.212 Loaded shared library C:\Users\admoi\.antigravity-ide\extensions\redhat.java-1.56.0-win32-x64\jre\21.0.12.1-win32-x86_64\bin\verify.dll
Event: 2.711 Attempting to load shared library C:\Users\admoi\.gradle\native\c067742578af261105cb4f569cf0c3c89f3d7b1fecec35dd04571415982c5e48\windows-amd64\native-platform.dll
Event: 2.714 Loaded shared library C:\Users\admoi\.gradle\native\c067742578af261105cb4f569cf0c3c89f3d7b1fecec35dd04571415982c5e48\windows-amd64\native-platform.dll
Event: 2.730 Attempting to load shared library C:\Users\admoi\.gradle\native\100fb08df4bc3b14c8652ba06237920a3bd2aa13389f12d3474272988ae205f9\windows-amd64\native-platform-file-events.dll
Event: 2.745 Loaded shared library C:\Users\admoi\.gradle\native\100fb08df4bc3b14c8652ba06237920a3bd2aa13389f12d3474272988ae205f9\windows-amd64\native-platform-file-events.dll
Event: 7.707 Attempting to load shared library C:\Users\admoi\.antigravity-ide\extensions\redhat.java-1.56.0-win32-x64\jre\21.0.12.1-win32-x86_64\bin\management.dll
Event: 7.712 Loaded shared library C:\Users\admoi\.antigravity-ide\extensions\redhat.java-1.56.0-win32-x64\jre\21.0.12.1-win32-x86_64\bin\management.dll
Event: 7.718 Attempting to load shared library C:\Users\admoi\.antigravity-ide\extensions\redhat.java-1.56.0-win32-x64\jre\21.0.12.1-win32-x86_64\bin\management_ext.dll
Event: 7.724 Loaded shared library C:\Users\admoi\.antigravity-ide\extensions\redhat.java-1.56.0-win32-x64\jre\21.0.12.1-win32-x86_64\bin\management_ext.dll
Event: 8.621 Attempting to load shared library C:\Users\admoi\.antigravity-ide\extensions\redhat.java-1.56.0-win32-x64\jre\21.0.12.1-win32-x86_64\bin\extnet.dll
Event: 8.623 Loaded shared library C:\Users\admoi\.antigravity-ide\extensions\redhat.java-1.56.0-win32-x64\jre\21.0.12.1-win32-x86_64\bin\extnet.dll
Event: 8.975 Attempting to load shared library C:\Users\admoi\.antigravity-ide\extensions\redhat.java-1.56.0-win32-x64\jre\21.0.12.1-win32-x86_64\bin\sunmscapi.dll
Event: 9.085 Loaded shared library C:\Users\admoi\.antigravity-ide\extensions\redhat.java-1.56.0-win32-x64\jre\21.0.12.1-win32-x86_64\bin\sunmscapi.dll

Deoptimization events (20 events):
Event: 12.810 Thread 0x000001da396ca2a0 DEOPT PACKING pc=0x000001da1323dba8 sp=0x000000aeee8fd430
Event: 12.810 Thread 0x000001da396ca2a0 DEOPT UNPACKING pc=0x000001da12ac4422 sp=0x000000aeee8fd3e8 mode 2
Event: 13.336 Thread 0x000001da396ca2a0 DEOPT PACKING pc=0x000001da0bad8d02 sp=0x000000aeee8f89c0
Event: 13.337 Thread 0x000001da396ca2a0 DEOPT UNPACKING pc=0x000001da12ac4bc2 sp=0x000000aeee8f7ed0 mode 0
Event: 13.505 Thread 0x000001da396ca2a0 DEOPT PACKING pc=0x000001da0bad8ce1 sp=0x000000aeee8f8060
Event: 13.505 Thread 0x000001da396ca2a0 DEOPT UNPACKING pc=0x000001da12ac4bc2 sp=0x000000aeee8f7570 mode 0
Event: 13.599 Thread 0x000001da396ca2a0 DEOPT PACKING pc=0x000001da0bad8ce1 sp=0x000000aeee8faa40
Event: 13.599 Thread 0x000001da396ca2a0 DEOPT UNPACKING pc=0x000001da12ac4bc2 sp=0x000000aeee8f9f50 mode 0
Event: 15.464 Thread 0x000001da396ca2a0 Uncommon trap: trap_request=0xffffff45 fr.pc=0x000001da13336b08 relative=0x00000000000000e8
Event: 15.464 Thread 0x000001da396ca2a0 Uncommon trap: reason=unstable_if action=reinterpret pc=0x000001da13336b08 method=java.util.Arrays.equals([Ljava/lang/Object;[Ljava/lang/Object;)Z @ 44 c2
Event: 15.464 Thread 0x000001da396ca2a0 DEOPT PACKING pc=0x000001da13336b08 sp=0x000000aeee8fb6f0
Event: 15.464 Thread 0x000001da396ca2a0 DEOPT UNPACKING pc=0x000001da12ac4422 sp=0x000000aeee8fb690 mode 2
Event: 15.465 Thread 0x000001da396ca2a0 Uncommon trap: trap_request=0xffffff45 fr.pc=0x000001da13352034 relative=0x00000000000001d4
Event: 15.465 Thread 0x000001da396ca2a0 Uncommon trap: reason=unstable_if action=reinterpret pc=0x000001da13352034 method=java.util.HashMap.getNode(Ljava/lang/Object;)Ljava/util/HashMap$Node; @ 131 c2
Event: 15.465 Thread 0x000001da396ca2a0 DEOPT PACKING pc=0x000001da13352034 sp=0x000000aeee8fb7b0
Event: 15.465 Thread 0x000001da396ca2a0 DEOPT UNPACKING pc=0x000001da12ac4422 sp=0x000000aeee8fb720 mode 2
Event: 15.465 Thread 0x000001da396ca2a0 Uncommon trap: trap_request=0xffffff45 fr.pc=0x000001da132e0b04 relative=0x0000000000000764
Event: 15.465 Thread 0x000001da396ca2a0 Uncommon trap: reason=unstable_if action=reinterpret pc=0x000001da132e0b04 method=java.util.HashMap.putVal(ILjava/lang/Object;Ljava/lang/Object;ZZ)Ljava/lang/Object; @ 206 c2
Event: 15.465 Thread 0x000001da396ca2a0 DEOPT PACKING pc=0x000001da132e0b04 sp=0x000000aeee8fb720
Event: 15.465 Thread 0x000001da396ca2a0 DEOPT UNPACKING pc=0x000001da12ac4422 sp=0x000000aeee8fb6a8 mode 2

Classes loaded (20 events):
Event: 13.544 Loading class java/io/ObjectOutput done
Event: 13.544 Loading class java/io/ObjectOutputStream done
Event: 15.022 Loading class javax/xml/parsers/ParserConfigurationException
Event: 15.054 Loading class javax/xml/parsers/ParserConfigurationException done
Event: 15.054 Loading class org/xml/sax/SAXException
Event: 15.082 Loading class org/xml/sax/SAXException done
Event: 15.082 Loading class javax/xml/xpath/XPathExpressionException
Event: 15.089 Loading class javax/xml/xpath/XPathException
Event: 15.092 Loading class javax/xml/xpath/XPathException done
Event: 15.092 Loading class javax/xml/xpath/XPathExpressionException done
Event: 15.092 Loading class org/xml/sax/ErrorHandler
Event: 15.096 Loading class org/xml/sax/ErrorHandler done
Event: 16.123 Loading class java/util/zip/GZIPInputStream
Event: 16.136 Loading class java/util/zip/GZIPInputStream done
Event: 16.136 Loading class java/util/zip/GZIPOutputStream
Event: 16.144 Loading class java/util/zip/DeflaterOutputStream
Event: 16.156 Loading class java/util/zip/DeflaterOutputStream done
Event: 16.156 Loading class java/util/zip/GZIPOutputStream done
Event: 16.174 Loading class java/io/UnsupportedEncodingException
Event: 16.195 Loading class java/io/UnsupportedEncodingException done

Classes unloaded (0 events):
No events

Classes redefined (0 events):
No events

Internal exceptions (20 events):
Event: 12.657 Thread 0x000001da396ca2a0 Exception <a 'java/lang/NoSuchMethodError'{0x00000000e9c31b58}: 'java.lang.Object java.lang.invoke.DirectMethodHandle$Holder.invokeStatic(java.lang.Object, java.lang.Object, java.lang.Object, java.lang.Object, java.lang.Object, java.lang.Object, java.lang.Object, java.lang.Object, java.lang.Object, java.lang.Object, java.lang.Object, java.lang.Object, java.lang.Object, java.lang.Object, java.lang.Object, java.lang.Object, java.lang.Object, java.lang.Object, java.lang.Object, java.lang.Object, java.lang.Obj
Event: 12.659 Thread 0x000001da396ca2a0 Exception <a 'java/lang/NoSuchMethodError'{0x00000000e9c61970}: 'java.lang.Object java.lang.invoke.DirectMethodHandle$Holder.invokeStatic(java.lang.Object, java.lang.Object, java.lang.Object, java.lang.Object, java.lang.Object, java.lang.Object, java.lang.Object, java.lang.Object, java.lang.Object, java.lang.Object, java.lang.Object, java.lang.Object, java.lang.Object, java.lang.Object, java.lang.Object, java.lang.Object, java.lang.Object, java.lang.Object, java.lang.Object, java.lang.Object, java.lang.Obj
Event: 12.660 Thread 0x000001da396ca2a0 Exception <a 'java/lang/NoSuchMethodError'{0x00000000e9c93300}: 'java.lang.Object java.lang.invoke.DirectMethodHandle$Holder.invokeStatic(java.lang.Object, java.lang.Object, java.lang.Object, java.lang.Object, java.lang.Object, java.lang.Object, java.lang.Object, java.lang.Object, java.lang.Object, java.lang.Object, java.lang.Object, java.lang.Object, java.lang.Object, java.lang.Object, java.lang.Object, java.lang.Object, java.lang.Object, java.lang.Object, java.lang.Object, java.lang.Object, java.lang.Obj
Event: 12.810 Thread 0x000001da396ca2a0 Implicit null exception at 0x000001da1323d71d to 0x000001da1323db9a
Event: 13.442 Thread 0x000001da396ca2a0 Exception <a 'java/lang/IncompatibleClassChangeError'{0x00000000e94b0910}: Found class java.lang.Object, but interface was expected> (0x00000000e94b0910) 
thrown [s\src\hotspot\share\interpreter\linkResolver.cpp, line 840]
Event: 13.467 Thread 0x000001da396ca2a0 Exception <a 'java/lang/NoSuchMethodError'{0x00000000e94e4af8}: 'java.lang.Object java.lang.invoke.DirectMethodHandle$Holder.newInvokeSpecial(java.lang.Object, java.lang.Object, java.lang.Object, java.lang.Object, java.lang.Object, java.lang.Object, java.lang.Object, java.lang.Object, java.lang.Object, java.lang.Object, java.lang.Object, java.lang.Object, java.lang.Object)'> (0x00000000e94e4af8) 
thrown [s\src\hotspot\share\interpreter\linkResolver.cpp, line 773]
Event: 13.467 Thread 0x000001da396ca2a0 Exception <a 'java/lang/NoSuchMethodError'{0x00000000e94ea068}: 'java.lang.Object java.lang.invoke.DirectMethodHandle$Holder.invokeSpecial(java.lang.Object, java.lang.Object, java.lang.Object, java.lang.Object, java.lang.Object, java.lang.Object, java.lang.Object, java.lang.Object, java.lang.Object, java.lang.Object, java.lang.Object, java.lang.Object, java.lang.Object, java.lang.Object)'> (0x00000000e94ea068) 
thrown [s\src\hotspot\share\interpreter\linkResolver.cpp, line 773]
Event: 13.468 Thread 0x000001da396ca2a0 Exception <a 'java/lang/NoSuchMethodError'{0x00000000e94ee868}: 'java.lang.Object java.lang.invoke.DelegatingMethodHandle$Holder.reinvoke_L(java.lang.Object, java.lang.Object, java.lang.Object, java.lang.Object, java.lang.Object, java.lang.Object, java.lang.Object, java.lang.Object, java.lang.Object, java.lang.Object, java.lang.Object, java.lang.Object, java.lang.Object)'> (0x00000000e94ee868) 
thrown [s\src\hotspot\share\interpreter\linkResolver.cpp, line 773]
Event: 13.568 Thread 0x000001da396ca2a0 Exception <a 'java/lang/NoSuchMethodError'{0x00000000e921e660}: 'java.lang.Object java.lang.invoke.DirectMethodHandle$Holder.newInvokeSpecial(java.lang.Object, java.lang.Object, java.lang.Object, java.lang.Object, java.lang.Object, java.lang.Object, java.lang.Object, java.lang.Object)'> (0x00000000e921e660) 
thrown [s\src\hotspot\share\interpreter\linkResolver.cpp, line 773]
Event: 13.600 Thread 0x000001da396ca2a0 Exception <a 'java/lang/NoSuchMethodError'{0x00000000e9272d58}: 'int java.lang.invoke.DirectMethodHandle$Holder.invokeStaticInit(java.lang.Object, java.lang.Object, java.lang.Object)'> (0x00000000e9272d58) 
thrown [s\src\hotspot\share\interpreter\linkResolver.cpp, line 773]
Event: 14.157 Thread 0x000001da396ca2a0 Exception <a 'java/lang/NoSuchMethodError'{0x00000000e8dc2a08}: 'java.lang.Object java.lang.invoke.DirectMethodHandle$Holder.invokeVirtual(java.lang.Object, java.lang.Object, java.lang.Object, java.lang.Object, java.lang.Object, java.lang.Object, java.lang.Object, java.lang.Object, java.lang.Object, java.lang.Object, java.lang.Object, java.lang.Object, java.lang.Object, java.lang.Object, java.lang.Object, java.lang.Object, java.lang.Object, java.lang.Object, java.lang.Object, java.lang.Object, java.lang.Ob
Event: 14.328 Thread 0x000001da396ca2a0 Exception <a 'java/lang/NoSuchMethodError'{0x00000000eff71c60}: 'java.lang.Object java.lang.invoke.DirectMethodHandle$Holder.invokeSpecial(java.lang.Object, java.lang.Object, java.lang.Object, java.lang.Object, java.lang.Object, java.lang.Object, java.lang.Object, java.lang.Object, java.lang.Object, java.lang.Object, java.lang.Object, java.lang.Object, java.lang.Object, java.lang.Object, java.lang.Object, java.lang.Object, java.lang.Object, java.lang.Object, java.lang.Object, java.lang.Object, java.lang.Ob
Event: 15.500 Thread 0x000001da396ca2a0 Exception <a 'java/lang/NoSuchMethodError'{0x00000000ef692838}: 'java.lang.Object java.lang.invoke.DirectMethodHandle$Holder.newInvokeSpecial(java.lang.Object, java.lang.Object, java.lang.Object, java.lang.Object, java.lang.Object, java.lang.Object, java.lang.Object)'> (0x00000000ef692838) 
thrown [s\src\hotspot\share\interpreter\linkResolver.cpp, line 773]
Event: 15.609 Thread 0x000001da396ca2a0 Exception <a 'java/lang/NoSuchMethodError'{0x00000000ef4607b0}: 'java.lang.Object java.lang.invoke.DirectMethodHandle$Holder.invokeVirtual(java.lang.Object, java.lang.Object, java.lang.Object, java.lang.Object, java.lang.Object, java.lang.Object, java.lang.Object, java.lang.Object, java.lang.Object, java.lang.Object, java.lang.Object)'> (0x00000000ef4607b0) 
thrown [s\src\hotspot\share\interpreter\linkResolver.cpp, line 773]
Event: 16.283 Thread 0x000001da396ca2a0 Exception <a 'java/lang/NoSuchMethodError'{0x00000000eeef8f40}: 'java.lang.Object java.lang.invoke.DirectMethodHandle$Holder.invokeVirtual(java.lang.Object, java.lang.Object, java.lang.Object, java.lang.Object, java.lang.Object, java.lang.Object, java.lang.Object, java.lang.Object, java.lang.Object, java.lang.Object)'> (0x00000000eeef8f40) 
thrown [s\src\hotspot\share\interpreter\linkResolver.cpp, line 773]
Event: 16.808 Thread 0x000001da396ca2a0 Exception <a 'java/lang/NoSuchMethodError'{0x00000000efff40a0}: 'java.lang.Object java.lang.invoke.DelegatingMethodHandle$Holder.reinvoke_L(java.lang.Object, java.lang.Object, java.lang.Object, java.lang.Object, java.lang.Object, java.lang.Object, java.lang.Object, java.lang.Object, java.lang.Object, java.lang.Object, java.lang.Object, java.lang.Object, java.lang.Object, java.lang.Object, java.lang.Object, java.lang.Object, java.lang.Object, java.lang.Object, java.lang.Object, java.lang.Object, java.lang.O
Event: 16.808 Thread 0x000001da396ca2a0 Exception <a 'java/lang/NoSuchMethodError'{0x00000000effff6f0}: 'java.lang.Object java.lang.invoke.DirectMethodHandle$Holder.invokeSpecial(java.lang.Object, java.lang.Object, java.lang.Object, java.lang.Object, java.lang.Object, java.lang.Object, java.lang.Object, java.lang.Object, java.lang.Object, java.lang.Object, java.lang.Object, java.lang.Object, java.lang.Object, java.lang.Object, java.lang.Object, java.lang.Object, java.lang.Object, java.lang.Object, java.lang.Object, java.lang.Object, java.lang.Ob
Event: 16.808 Thread 0x000001da396ca2a0 Exception <a 'java/lang/NoSuchMethodError'{0x00000000efeb7578}: 'java.lang.Object java.lang.invoke.Invokers$Holder.invoker(java.lang.Object, java.lang.Object, java.lang.Object, java.lang.Object, java.lang.Object, java.lang.Object, java.lang.Object, java.lang.Object, java.lang.Object, java.lang.Object, java.lang.Object, java.lang.Object, java.lang.Object, java.lang.Object, java.lang.Object, java.lang.Object, java.lang.Object, java.lang.Object, java.lang.Object, java.lang.Object, java.lang.Object, java.lang.
Event: 16.809 Thread 0x000001da396ca2a0 Exception <a 'java/lang/NoSuchMethodError'{0x00000000efebd760}: 'java.lang.Object java.lang.invoke.DelegatingMethodHandle$Holder.delegate(java.lang.Object, java.lang.Object, java.lang.Object, java.lang.Object, java.lang.Object, java.lang.Object, java.lang.Object, java.lang.Object, java.lang.Object, java.lang.Object, java.lang.Object, java.lang.Object, java.lang.Object, java.lang.Object, java.lang.Object, java.lang.Object, java.lang.Object, java.lang.Object, java.lang.Object, java.lang.Object, java.lang.Obj
Event: 16.905 Thread 0x000001da396ca2a0 Exception <a 'java/lang/NoSuchMethodError'{0x00000000efcce2f0}: 'java.lang.Object java.lang.invoke.DirectMethodHandle$Holder.invokeStaticInit(java.lang.Object, java.lang.Object, java.lang.Object, java.lang.Object)'> (0x00000000efcce2f0) 
thrown [s\src\hotspot\share\interpreter\linkResolver.cpp, line 773]

ZGC Phase Switch (0 events):
No events

VM Operations (20 events):
Event: 12.658 Executing safepoint VM operation: Cleanup
Event: 12.659 Executing safepoint VM operation: Cleanup done
Event: 12.764 Executing non-safepoint VM operation: HandshakeAllThreads (Deoptimize)
Event: 12.764 Executing non-safepoint VM operation: HandshakeAllThreads (Deoptimize) done
Event: 12.765 Executing non-safepoint VM operation: HandshakeAllThreads (Deoptimize)
Event: 12.765 Executing non-safepoint VM operation: HandshakeAllThreads (Deoptimize) done
Event: 13.770 Executing safepoint VM operation: Cleanup
Event: 13.770 Executing safepoint VM operation: Cleanup done
Event: 14.168 Executing safepoint VM operation: G1CollectForAllocation (G1 Evacuation Pause)
Event: 14.268 Executing safepoint VM operation: G1CollectForAllocation (G1 Evacuation Pause) done
Event: 15.279 Executing safepoint VM operation: Cleanup
Event: 15.280 Executing safepoint VM operation: Cleanup done
Event: 16.291 Executing safepoint VM operation: Cleanup
Event: 16.292 Executing safepoint VM operation: Cleanup done
Event: 16.403 Executing safepoint VM operation: CollectForMetadataAllocation (Metadata GC Threshold)
Event: 16.448 Executing safepoint VM operation: CollectForMetadataAllocation (Metadata GC Threshold) done
Event: 16.488 Executing safepoint VM operation: G1PauseRemark
Event: 16.492 Executing safepoint VM operation: G1PauseRemark done
Event: 16.495 Executing safepoint VM operation: G1PauseCleanup
Event: 16.507 Executing safepoint VM operation: G1PauseCleanup done

Memory protections (0 events):
No events

Nmethod flushes (0 events):
No events

Events (20 events):
Event: 0.262 Thread 0x000001da08428740 Thread added: 0x000001da1e89cb20
Event: 0.268 Thread 0x000001da08428740 Thread added: 0x000001da1e8a47e0
Event: 0.372 Thread 0x000001da08428740 Thread added: 0x000001da1eb2c720
Event: 0.453 Thread 0x000001da08428740 Thread added: 0x000001da1eb538f0
Event: 7.859 Thread 0x000001da08428740 Thread added: 0x000001da38c63500
Event: 8.763 Thread 0x000001da08428740 Thread added: 0x000001da38e611b0
Event: 8.961 Thread 0x000001da08428740 Thread added: 0x000001da3942d4c0
Event: 9.132 Thread 0x000001da38e611b0 Thread added: 0x000001da39383a90
Event: 9.142 Thread 0x000001da39383a90 Thread added: 0x000001da393a14a0
Event: 9.222 Thread 0x000001da39383a90 Thread added: 0x000001da396d0b10
Event: 9.236 Thread 0x000001da39383a90 Thread added: 0x000001da396ca2a0
Event: 9.261 Thread 0x000001da396ca2a0 Thread added: 0x000001da39566f40
Event: 9.267 Thread 0x000001da396ca2a0 Thread added: 0x000001da39568980
Event: 9.272 Thread 0x000001da396ca2a0 Thread added: 0x000001da395696a0
Event: 11.651 Thread 0x000001da396ca2a0 Thread added: 0x000001da39569010
Event: 11.678 Thread 0x000001da396ca2a0 Thread added: 0x000001da395675d0
Event: 11.926 Thread 0x000001da395675d0 Thread added: 0x000001da39566220
Event: 12.046 Thread 0x000001da396ca2a0 Thread added: 0x000001da395668b0
Event: 16.286 Thread 0x000001da396ca2a0 Thread added: 0x000001da1ec61bc0
Event: 16.494 Thread 0x000001da396ca2a0 Thread added: 0x000001da1ec60810


Dynamic libraries:
0x00007ff73c960000 - 0x00007ff73c96e000 	C:\Users\admoi\.antigravity-ide\extensions\redhat.java-1.56.0-win32-x64\jre\21.0.12.1-win32-x86_64\bin\java.exe
0x00007ffd17b40000 - 0x00007ffd17da7000 	C:\WINDOWS\SYSTEM32\ntdll.dll
0x00007ffd16800000 - 0x00007ffd168cb000 	C:\WINDOWS\System32\KERNEL32.DLL
0x00007ffd14d70000 - 0x00007ffd15172000 	C:\WINDOWS\System32\KERNELBASE.dll
0x00007ffd155b0000 - 0x00007ffd156fc000 	C:\WINDOWS\System32\ucrtbase.dll
0x00007ffce6a90000 - 0x00007ffce6aae000 	C:\Users\admoi\.antigravity-ide\extensions\redhat.java-1.56.0-win32-x64\jre\21.0.12.1-win32-x86_64\bin\VCRUNTIME140.dll
0x00007ffce6a70000 - 0x00007ffce6a88000 	C:\Users\admoi\.antigravity-ide\extensions\redhat.java-1.56.0-win32-x64\jre\21.0.12.1-win32-x86_64\bin\jli.dll
0x00007ffd16170000 - 0x00007ffd1633f000 	C:\WINDOWS\System32\USER32.dll
0x00007ffd14d40000 - 0x00007ffd14d67000 	C:\WINDOWS\System32\win32u.dll
0x00007ffd16a80000 - 0x00007ffd16aab000 	C:\WINDOWS\System32\GDI32.dll
0x00007ffd153c0000 - 0x00007ffd154e9000 	C:\WINDOWS\System32\gdi32full.dll
0x00007ffd15180000 - 0x00007ffd15223000 	C:\WINDOWS\System32\msvcp_win.dll
0x00007ffcf76b0000 - 0x00007ffcf7940000 	C:\WINDOWS\WinSxS\amd64_microsoft.windows.common-controls_6595b64144ccf1df_6.0.26100.9278_none_3e0d1ba8e3303201\COMCTL32.dll
0x00007ffd171d0000 - 0x00007ffd17279000 	C:\WINDOWS\System32\msvcrt.dll
0x00007ffd17100000 - 0x00007ffd17131000 	C:\WINDOWS\System32\IMM32.DLL
0x00007ffd0cc30000 - 0x00007ffd0cc3c000 	C:\Users\admoi\.antigravity-ide\extensions\redhat.java-1.56.0-win32-x64\jre\21.0.12.1-win32-x86_64\bin\vcruntime140_1.dll
0x00007ffc8d740000 - 0x00007ffc8d7cd000 	C:\Users\admoi\.antigravity-ide\extensions\redhat.java-1.56.0-win32-x64\jre\21.0.12.1-win32-x86_64\bin\msvcp140.dll
0x00007ffc4c8a0000 - 0x00007ffc4d642000 	C:\Users\admoi\.antigravity-ide\extensions\redhat.java-1.56.0-win32-x64\jre\21.0.12.1-win32-x86_64\bin\server\jvm.dll
0x00007ffd17280000 - 0x00007ffd1733c000 	C:\WINDOWS\System32\ADVAPI32.dll
0x00007ffd168e0000 - 0x00007ffd16989000 	C:\WINDOWS\System32\sechost.dll
0x00007ffd16050000 - 0x00007ffd16168000 	C:\WINDOWS\System32\RPCRT4.dll
0x00007ffd17140000 - 0x00007ffd171c0000 	C:\WINDOWS\System32\WS2_32.dll
0x00007ffd14ba0000 - 0x00007ffd14bfe000 	C:\WINDOWS\SYSTEM32\POWRPROF.dll
0x00007ffd06600000 - 0x00007ffd06636000 	C:\WINDOWS\SYSTEM32\WINMM.dll
0x00007ffd0aa20000 - 0x00007ffd0aa2b000 	C:\WINDOWS\SYSTEM32\VERSION.dll
0x00007ffd14b80000 - 0x00007ffd14b95000 	C:\WINDOWS\SYSTEM32\UMPDC.dll
0x00007ffd139f0000 - 0x00007ffd13a0b000 	C:\WINDOWS\SYSTEM32\kernel.appcore.dll
0x00007ffd0b540000 - 0x00007ffd0b54a000 	C:\Users\admoi\.antigravity-ide\extensions\redhat.java-1.56.0-win32-x64\jre\21.0.12.1-win32-x86_64\bin\jimage.dll
0x00007ffd12350000 - 0x00007ffd1259c000 	C:\WINDOWS\SYSTEM32\DBGHELP.DLL
0x00007ffd16450000 - 0x00007ffd167d5000 	C:\WINDOWS\System32\combase.dll
0x00007ffd16b20000 - 0x00007ffd16bf9000 	C:\WINDOWS\System32\OLEAUT32.dll
0x00007ffcfa1c0000 - 0x00007ffcfa1fb000 	C:\WINDOWS\SYSTEM32\dbgcore.DLL
0x00007ffd157a0000 - 0x00007ffd1584c000 	C:\WINDOWS\System32\bcryptPrimitives.dll
0x00007ffce4d20000 - 0x00007ffce4d2f000 	C:\Users\admoi\.antigravity-ide\extensions\redhat.java-1.56.0-win32-x64\jre\21.0.12.1-win32-x86_64\bin\instrument.dll
0x00007ffce6a50000 - 0x00007ffce6a70000 	C:\Users\admoi\.antigravity-ide\extensions\redhat.java-1.56.0-win32-x64\jre\21.0.12.1-win32-x86_64\bin\java.dll
0x00007ffd158b0000 - 0x00007ffd16048000 	C:\WINDOWS\System32\SHELL32.dll
0x00007ffd12760000 - 0x00007ffd1300e000 	C:\WINDOWS\SYSTEM32\windows.storage.dll
0x00007ffd17a00000 - 0x00007ffd17afb000 	C:\WINDOWS\System32\SHCORE.dll
0x00007ffd16350000 - 0x00007ffd163b6000 	C:\WINDOWS\System32\shlwapi.dll
0x00007ffd14c60000 - 0x00007ffd14c89000 	C:\WINDOWS\SYSTEM32\profapi.dll
0x00007ffce6a30000 - 0x00007ffce6a48000 	C:\Users\admoi\.antigravity-ide\extensions\redhat.java-1.56.0-win32-x64\jre\21.0.12.1-win32-x86_64\bin\zip.dll
0x00007ffcf68e0000 - 0x00007ffcf68f0000 	C:\Users\admoi\.antigravity-ide\extensions\redhat.java-1.56.0-win32-x64\jre\21.0.12.1-win32-x86_64\bin\net.dll
0x00007ffd0b920000 - 0x00007ffd0ba4a000 	C:\WINDOWS\SYSTEM32\WINHTTP.dll
0x00007ffd13fd0000 - 0x00007ffd1403c000 	C:\WINDOWS\system32\mswsock.dll
0x00007ffc8d720000 - 0x00007ffc8d736000 	C:\Users\admoi\.antigravity-ide\extensions\redhat.java-1.56.0-win32-x64\jre\21.0.12.1-win32-x86_64\bin\nio.dll
0x00007ffcdcdb0000 - 0x00007ffcdcdc0000 	C:\Users\admoi\.antigravity-ide\extensions\redhat.java-1.56.0-win32-x64\jre\21.0.12.1-win32-x86_64\bin\verify.dll
0x00007ffcf6240000 - 0x00007ffcf6267000 	C:\Users\admoi\.gradle\native\c067742578af261105cb4f569cf0c3c89f3d7b1fecec35dd04571415982c5e48\windows-amd64\native-platform.dll
0x00007ffc3a790000 - 0x00007ffc3a8d4000 	C:\Users\admoi\.gradle\native\100fb08df4bc3b14c8652ba06237920a3bd2aa13389f12d3474272988ae205f9\windows-amd64\native-platform-file-events.dll
0x00007ffc38ea0000 - 0x00007ffc38eaa000 	C:\Users\admoi\.antigravity-ide\extensions\redhat.java-1.56.0-win32-x64\jre\21.0.12.1-win32-x86_64\bin\management.dll
0x00007ffc3a3d0000 - 0x00007ffc3a3dc000 	C:\Users\admoi\.antigravity-ide\extensions\redhat.java-1.56.0-win32-x64\jre\21.0.12.1-win32-x86_64\bin\management_ext.dll
0x00007ffd16ac0000 - 0x00007ffd16ac8000 	C:\WINDOWS\System32\PSAPI.DLL
0x00007ffd142c0000 - 0x00007ffd142db000 	C:\WINDOWS\SYSTEM32\CRYPTSP.dll
0x00007ffd13940000 - 0x00007ffd13979000 	C:\WINDOWS\system32\rsaenh.dll
0x00007ffd14080000 - 0x00007ffd140b4000 	C:\WINDOWS\SYSTEM32\USERENV.dll
0x00007ffd14c30000 - 0x00007ffd14c5a000 	C:\WINDOWS\SYSTEM32\bcrypt.dll
0x00007ffd142e0000 - 0x00007ffd142ec000 	C:\WINDOWS\SYSTEM32\CRYPTBASE.dll
0x00007ffd13380000 - 0x00007ffd133b3000 	C:\WINDOWS\SYSTEM32\IPHLPAPI.DLL
0x00007ffd168d0000 - 0x00007ffd168da000 	C:\WINDOWS\System32\NSI.dll
0x00007ffca1850000 - 0x00007ffca1859000 	C:\Users\admoi\.antigravity-ide\extensions\redhat.java-1.56.0-win32-x64\jre\21.0.12.1-win32-x86_64\bin\extnet.dll
0x00007ffcf79d0000 - 0x00007ffcf79de000 	C:\Users\admoi\.antigravity-ide\extensions\redhat.java-1.56.0-win32-x64\jre\21.0.12.1-win32-x86_64\bin\sunmscapi.dll
0x00007ffd15230000 - 0x00007ffd153ae000 	C:\WINDOWS\System32\CRYPT32.dll
0x00007ffd14500000 - 0x00007ffd14530000 	C:\WINDOWS\SYSTEM32\ncrypt.dll
0x00007ffd144b0000 - 0x00007ffd144ef000 	C:\WINDOWS\SYSTEM32\NTASN1.dll
0x00007ffcf5400000 - 0x00007ffcf5408000 	C:\WINDOWS\system32\wshunix.dll

JVMTI agents:
C:\Users\admoi\.gradle\wrapper\dists\gradle-8.9-bin\90cnw93cvbtalezasaz0blq0a\gradle-8.9\lib\agents\gradle-instrumentation-agent-8.9.jar path:C:\Users\admoi\.antigravity-ide\extensions\redhat.java-1.56.0-win32-x64\jre\21.0.12.1-win32-x86_64\bin\instrument.dll, loaded, initialized, instrumentlib options:none

dbghelp: loaded successfully - version: 4.0.5 - missing functions: none
symbol engine: initialized successfully - sym options: 0x614 - pdb path: .;C:\Users\admoi\.antigravity-ide\extensions\redhat.java-1.56.0-win32-x64\jre\21.0.12.1-win32-x86_64\bin;C:\WINDOWS\SYSTEM32;C:\WINDOWS\WinSxS\amd64_microsoft.windows.common-controls_6595b64144ccf1df_6.0.26100.9278_none_3e0d1ba8e3303201;C:\Users\admoi\.antigravity-ide\extensions\redhat.java-1.56.0-win32-x64\jre\21.0.12.1-win32-x86_64\bin\server;C:\Users\admoi\.gradle\native\c067742578af261105cb4f569cf0c3c89f3d7b1fecec35dd04571415982c5e48\windows-amd64;C:\Users\admoi\.gradle\native\100fb08df4bc3b14c8652ba06237920a3bd2aa13389f12d3474272988ae205f9\windows-amd64

VM Arguments:
jvm_args: --add-opens=java.base/java.util=ALL-UNNAMED --add-opens=java.base/java.lang=ALL-UNNAMED --add-opens=java.base/java.lang.invoke=ALL-UNNAMED --add-opens=java.prefs/java.util.prefs=ALL-UNNAMED --add-exports=jdk.compiler/com.sun.tools.javac.api=ALL-UNNAMED --add-exports=jdk.compiler/com.sun.tools.javac.util=ALL-UNNAMED --add-opens=java.base/java.nio.charset=ALL-UNNAMED --add-opens=java.base/java.net=ALL-UNNAMED --add-opens=java.base/java.util.concurrent.atomic=ALL-UNNAMED -XX:MaxMetaspaceSize=384m -XX:+HeapDumpOnOutOfMemoryError -Xms256m -Xmx512m -Dfile.encoding=utf8 -Duser.country=US -Duser.language=en -Duser.variant -javaagent:C:\Users\admoi\.gradle\wrapper\dists\gradle-8.9-bin\90cnw93cvbtalezasaz0blq0a\gradle-8.9\lib\agents\gradle-instrumentation-agent-8.9.jar 
java_command: org.gradle.launcher.daemon.bootstrap.GradleDaemon 8.9
java_class_path (initial): C:\Users\admoi\.gradle\wrapper\dists\gradle-8.9-bin\90cnw93cvbtalezasaz0blq0a\gradle-8.9\lib\gradle-daemon-main-8.9.jar
Launcher Type: SUN_STANDARD

[Global flags]
     intx CICompilerCount                          = 12                                        {product} {ergonomic}
   size_t CompressedClassSpaceSize                 = 335544320                                 {product} {ergonomic}
     uint ConcGCThreads                            = 3                                         {product} {ergonomic}
     uint G1ConcRefinementThreads                  = 13                                        {product} {ergonomic}
   size_t G1HeapRegionSize                         = 1048576                                   {product} {ergonomic}
    uintx GCDrainStackTargetSize                   = 64                                        {product} {ergonomic}
     bool HeapDumpOnOutOfMemoryError               = true                                   {manageable} {command line}
   size_t InitialHeapSize                          = 268435456                                 {product} {command line}
   size_t MarkStackSize                            = 4194304                                   {product} {ergonomic}
   size_t MaxHeapSize                              = 536870912                                 {product} {command line}
   size_t MaxMetaspaceSize                         = 402653184                                 {product} {command line}
   size_t MaxNewSize                               = 321912832                                 {product} {ergonomic}
   size_t MinHeapDeltaBytes                        = 1048576                                   {product} {ergonomic}
   size_t MinHeapSize                              = 268435456                                 {product} {command line}
    uintx NonNMethodCodeHeapSize                   = 7602480                                {pd product} {ergonomic}
    uintx NonProfiledCodeHeapSize                  = 122027880                              {pd product} {ergonomic}
    uintx ProfiledCodeHeapSize                     = 122027880                              {pd product} {ergonomic}
    uintx ReservedCodeCacheSize                    = 251658240                              {pd product} {ergonomic}
     bool SegmentedCodeCache                       = true                                      {product} {ergonomic}
   size_t SoftMaxHeapSize                          = 536870912                              {manageable} {ergonomic}
     bool UseCompressedOops                        = true                           {product lp64_product} {ergonomic}
     bool UseG1GC                                  = true                                      {product} {ergonomic}
     bool UseLargePagesIndividualAllocation        = false                                  {pd product} {ergonomic}

Logging:
Log output configuration:
 #0: stdout all=warning uptime,level,tags foldmultilines=false
 #1: stderr all=off uptime,level,tags foldmultilines=false

Release file:
JAVA_VERSION="21.0.12.1" 
MODULES="java.base java.compiler java.datatransfer java.xml java.prefs java.desktop java.instrument java.logging java.management java.security.sasl java.naming java.rmi java.management.rmi java.net.http java.scripting java.security.jgss java.transaction.xa java.sql java.sql.rowset java.xml.crypto java.se java.smartcardio jdk.accessibility jdk.internal.jvmstat jdk.attach jdk.charsets jdk.internal.opt jdk.zipfs jdk.compiler jdk.crypto.ec jdk.crypto.cryptoki jdk.crypto.mscapi jdk.dynalink jdk.internal.ed jdk.editpad jdk.hotspot.agent jdk.httpserver jdk.internal.le jdk.internal.vm.ci jdk.internal.vm.compiler jdk.internal.vm.compiler.management jdk.jartool jdk.javadoc jdk.jcmd jdk.management jdk.management.agent jdk.jconsole jdk.jdeps jdk.jdwp.agent jdk.jdi jdk.jfr jdk.jshell jdk.jsobject jdk.jstatd jdk.localedata jdk.management.jfr jdk.naming.dns jdk.naming.rmi jdk.net jdk.nio.mapmode jdk.random jdk.sctp jdk.security.auth jdk.security.jgss jdk.unsupported jdk.unsupported.desktop jdk.xml.dom" 

Environment Variables:
PATH=C:\Users\admoi\AppData\Local\cloud-code\installer\google-cloud-sdk\bin;C:\Python314\Scripts\;C:\Python314\;C:\Program Files\Common Files\Oracle\Java\javapath;C:\WINDOWS\system32;C:\WINDOWS;C:\WINDOWS\System32\Wbem;C:\WINDOWS\System32\WindowsPowerShell\v1.0\;C:\WINDOWS\System32\OpenSSH\;C:\Program Files\Microsoft SQL Server\150\Tools\Binn\;C:\Program Files\Microsoft SQL Server\Client SDK\ODBC\170\Tools\Binn\;C:\Program Files\dotnet\;C:\Program Files (x86)\Windows Kits\10\Windows Performance Toolkit\;C:\Program Files (x86)\Microsoft SQL Server\160\Tools\Binn\;C:\Program Files\Microsoft SQL Server\160\Tools\Binn\;C:\Program Files\Microsoft SQL Server\160\DTS\Binn\;C:\Program Files\Docker\Docker\resources\bin;C:\Program Files\nodejs\;C:\ProgramData\chocolatey\bin;C:\xampp\php;C:\composer;C:\Program Files\Git\cmd;C:\Program Files\GitHub CLI\;C:\Python314\Scripts\;C:\Python314\;C:\Program Files\Common Files\Oracle\Java\javapath;C:\WINDOWS\system32;C:\WINDOWS;C:\WINDOWS\System32\Wbem;C:\WINDOWS\System32\WindowsPowerShell\v1.0\;C:\WINDOWS\System32\OpenSSH\;C:\Program Files\Microsoft SQL Server\150\Tools\Binn\;C:\Program Files\Microsoft SQL Server\Client SDK\ODBC\170\Tools\Binn\;C:\Program Files\dotnet\;C:\Program Files (x86)\Windows Kits\10\Windows Performance Toolkit\;C:\Program Files (x86)\Microsoft SQL Server\160\Tools\Binn\;C:\Program Files\Microsoft SQL Server\160\Tools\Binn\;C:\Program Files\Microsoft SQL Server\160\DTS\Binn\;C:\Program Files\Arduino PLC IDE Tools\;C:\Program Files\Docker\Docker\resources\bin;C:\Program Files\nodejs\;C:\ProgramData\chocolatey\bin;C:\xampp\php;C:\composer;C:\Program Files\Git\cmd;C:\Program Files\GitHub CLI\;c:\Users\admoi\AppData\Roaming\Code\User\globalStorage\github.copilot-chat\debugCommand;c:\Users\admoi\AppData\Roaming\Code\User\globalStorage\github.copilot-chat\copilotCli;D:\Microsoft VS Code;C:\Python314\Scripts\;C:\Python314\;C:\Program Files\Common Files\Oracle\Java\javapath;C:\WINDOWS\system32;C:\WINDOWS;C:\WINDOWS\System32\Wbem;C:\WINDOWS\System32\WindowsPowerShell\v1.0\;C:\WINDOWS\System32\OpenSSH\;C:\Program Files\Microsoft SQL Server\150\Tools\Binn\;C:\Program Files\Microsoft SQL Server\Client SDK\ODBC\170\Tools\Binn\;C:\Program Files\dotnet\;C:\Program Files (x86)\Windows Kits\10\Windows Performance Toolkit\;C:\Program Files (x86)\Microsoft SQL Server\160\Tools\Binn\;C:\Program Files\Microsoft SQL Server\160\Tools\Binn\;C:\Program Files\Microsoft SQL Server\160\DTS\Binn\;C:\Program Files\Arduino PLC IDE Tools\;C:\Program Files\Docker\Docker\resources\bin;C:\Program Files\nodejs\;C:\ProgramData\chocolatey\bin;C:\xampp\php;C:\composer;C:\Program Files\Git\cmd;C:\Users\admoi\AppData\Local\Microsoft\WindowsApps;;D:\IntelliJ IDEA 2025.1.1.1\bin;;D:\Microsoft VS Code\bin;C:\Users\admoi\.dotnet\tools;C:\Users\admoi\AppData\Local\Programs\mongosh\;D:\Antigravity\bin;C:\Users\admoi\AppData\Roaming\npm;C:\Users\admoi\AppData\Roaming\Composer\vendor\bin;C:\Users\admoi\.local\bin;C:\flutter\flutter\bin;C:\flutter\flutter\bin;;C:\flutter\flutter\bin;C:\Program Files (x86)\NVIDIA Corporation\PhysX\Common;C:\Program Files\NVIDIA Corporation\NVIDIA App\NvDLISR;C:\Program Files (x86)\Microsoft SQL Server\160\DTS\Binn\;D:\bin;C:\Program Files (x86)\cloudflared\;C:\Program Files\Microsoft SQL Server\170\Tools\Binn\;C:\Users\admoi\.local\bin;C:\Python314\Scripts\;C:\Python314\;C:\Program Files\Common Files\Oracle\Java\javapath;C:\WINDOWS\system32;C:\WINDOWS;C:\WINDOWS\System32\Wbem;C:\WINDOWS\System32\WindowsPowerShell\v1.0\;C:\WINDOWS\System32\OpenSSH\;C:\Program Files\Microsoft SQL Server\150\Tools\Binn\;C:\Program Files\Microsoft SQL Server\Client SDK\ODBC\170\Tools\Binn\;C:\Program Files\dotnet\;C:\Program Files (x86)\Windows Kits\10\Windows Performance Toolkit\;C:\Program Files (x86)\Microsoft SQL Server\160\Tools\Binn\;C:\Program Files\Microsoft SQL Server\160\Tools\Binn\;C:\Program Files\Microsoft SQL Server\160\DTS\Binn\;C:\Program Files\Docker\Docker\resources\bin;C:\Program Files\nodejs\;C:\ProgramData\chocolatey\bin;C:\xampp\php;C:\composer;C:\Program Files\Git\cmd;C:\Program Files\GitHub CLI\;C:\Python314\Scripts\;C:\Python314\;C:\Program Files\Common Files\Oracle\Java\javapath;C:\WINDOWS\system32;C:\WINDOWS;C:\WINDOWS\System32\Wbem;C:\WINDOWS\System32\WindowsPowerShell\v1.0\;C:\WINDOWS\System32\OpenSSH\;C:\Program Files\Microsoft SQL;C:\Users\admoi\AppData\Local\Programs\Antigravity IDE\bin;C:\Users\admoi\.dotnet\tools;E:\Microsoft VS Code\bin;C:\Users\admoi\AppData\Local\Microsoft\WinGet\Links;
USERNAME=admoi
OS=Windows_NT
PROCESSOR_IDENTIFIER=Intel64 Family 6 Model 154 Stepping 3, GenuineIntel
TMP=C:\Users\admoi\AppData\Local\Temp
TEMP=C:\Users\admoi\AppData\Local\Temp




Periodic native trim disabled

---------------  S Y S T E M  ---------------

OS:
 Windows 11 , 64 bit Build 26100 (10.0.26100.9444)
OS uptime: 0 days 0:22 hours
Hyper-V role detected

CPU: total 16 (initial active 16) (8 cores per cpu, 2 threads per core) family 6 model 154 stepping 3 microcode 0x435, cx8, cmov, fxsr, ht, mmx, 3dnowpref, sse, sse2, sse3, ssse3, sse4.1, sse4.2, popcnt, lzcnt, tsc, tscinvbit, avx, avx2, aes, erms, clmul, bmi1, bmi2, adx, sha, fma, vzeroupper, clflush, clflushopt, clwb, hv, serialize, rdtscp, rdpid, fsrm, f16c, cet_ibt, cet_ss
Processor Information for processor 0
  Max Mhz: 2500, Current Mhz: 2500, Mhz Limit: 2500
Processor Information for processor 1
  Max Mhz: 2500, Current Mhz: 2500, Mhz Limit: 2500
Processor Information for processor 2
  Max Mhz: 2500, Current Mhz: 2500, Mhz Limit: 2500
Processor Information for processor 3
  Max Mhz: 2500, Current Mhz: 2500, Mhz Limit: 2500
Processor Information for processor 4
  Max Mhz: 2500, Current Mhz: 2500, Mhz Limit: 2500
Processor Information for processor 5
  Max Mhz: 2500, Current Mhz: 2500, Mhz Limit: 2500
Processor Information for processor 6
  Max Mhz: 2500, Current Mhz: 2500, Mhz Limit: 2500
Processor Information for processor 7
  Max Mhz: 2500, Current Mhz: 2500, Mhz Limit: 2500
Processor Information for processor 8
  Max Mhz: 2500, Current Mhz: 1500, Mhz Limit: 1800
Processor Information for processor 9
  Max Mhz: 2500, Current Mhz: 1500, Mhz Limit: 1800
Processor Information for processor 10
  Max Mhz: 2500, Current Mhz: 1500, Mhz Limit: 1800
Processor Information for processor 11
  Max Mhz: 2500, Current Mhz: 1500, Mhz Limit: 1800
Processor Information for processor 12
  Max Mhz: 2500, Current Mhz: 1500, Mhz Limit: 1800
Processor Information for processor 13
  Max Mhz: 2500, Current Mhz: 1500, Mhz Limit: 1800
Processor Information for processor 14
  Max Mhz: 2500, Current Mhz: 1500, Mhz Limit: 1800
Processor Information for processor 15
  Max Mhz: 2500, Current Mhz: 1500, Mhz Limit: 1800

Memory: 4k page, system-wide physical 16051M (1M free)
TotalPageFile size 57195M (AvailPageFile size 9M)
current process WorkingSet (physical memory assigned to process): 89M, peak: 138M
current process commit charge ("private bytes"): 413M, peak: 429M

vm_info: OpenJDK 64-Bit Server VM (21.0.12.1+1-LTS) for windows-amd64 JRE (21.0.12.1+1-LTS), built on 2026-08-18T00:00:00Z by "admin" with MS VC++ 17.12 (VS2022)

END.
