#
# There is insufficient memory for the Java Runtime Environment to continue.
# Native memory allocation (mmap) failed to map 65536 bytes. Error detail: Failed to commit metaspace.
# Possible reasons:
#   The system is out of physical RAM or swap space
#   This process is running with CompressedOops enabled, and the Java Heap may be blocking the growth of the native heap
# Possible solutions:
#   Reduce memory load on the system
#   Increase physical memory or swap space
#   Check if swap backing store is full
#   Decrease Java heap size (-Xmx/-Xms)
#   Decrease number of Java threads
#   Decrease Java thread stack sizes (-Xss)
#   Set larger code cache with -XX:ReservedCodeCacheSize=
#   JVM is running with Unscaled Compressed Oops mode in which the Java heap is
#     placed in the first 4GB address space. The Java Heap base address is the
#     maximum limit for the native heap growth. Please use -XX:HeapBaseMinAddress
#     to set the Java Heap base and to place the Java Heap above 4GB virtual address.
# This output file may be truncated or incomplete.
#
#  Out of Memory Error (virtualSpaceNode.cpp:113), pid=21364, tid=52036
#
# JRE version: OpenJDK Runtime Environment (21.0.9) (build 21.0.9+-14787801-b1163.94)
# Java VM: OpenJDK 64-Bit Server VM (21.0.9+-14787801-b1163.94, mixed mode, tiered, compressed oops, compressed class ptrs, g1 gc, windows-amd64)
# No core dump will be written. Minidumps are not enabled by default on client versions of Windows
#

---------------  S U M M A R Y ------------

Command Line: --add-opens=java.base/java.lang=ALL-UNNAMED --add-opens=java.base/java.lang.invoke=ALL-UNNAMED --add-opens=java.base/java.util=ALL-UNNAMED --add-opens=java.prefs/java.util.prefs=ALL-UNNAMED --add-exports=jdk.compiler/com.sun.tools.javac.api=ALL-UNNAMED --add-exports=jdk.compiler/com.sun.tools.javac.util=ALL-UNNAMED --add-opens=java.base/java.util=ALL-UNNAMED --add-opens=java.prefs/java.util.prefs=ALL-UNNAMED --add-opens=java.base/java.nio.charset=ALL-UNNAMED --add-opens=java.base/java.net=ALL-UNNAMED --add-opens=java.base/java.util.concurrent.atomic=ALL-UNNAMED --add-opens=java.xml/javax.xml.namespace=ALL-UNNAMED -Xmx1536m -Dfile.encoding=UTF-8 -Duser.country=US -Duser.language=en -Duser.variant -javaagent:C:\Users\admoi\.gradle\wrapper\dists\gradle-8.14.3-all\10utluxaxniiv4wxiphsi49nj\gradle-8.14.3\lib\agents\gradle-instrumentation-agent-8.14.3.jar org.gradle.launcher.daemon.bootstrap.GradleDaemon 8.14.3

Host: 12th Gen Intel(R) Core(TM) i5-12500H, 16 cores, 15G,  Windows 11 , 64 bit Build 26100 (10.0.26100.9444)
Time: Wed Sep  9 14:10:21 2026 SE Asia Standard Time elapsed time: 8.804061 seconds (0d 0h 0m 8s)

---------------  T H R E A D  ---------------

Current thread (0x0000029a38ea9410):  JavaThread "Daemon worker"        [_thread_in_vm, id=52036, stack(0x000000d447d00000,0x000000d447e00000) (1024K)]

Stack: [0x000000d447d00000,0x000000d447e00000]
Native frames: (J=compiled Java code, j=interpreted, Vv=VM code, C=native code)
V  [jvm.dll+0x6d6c99]
V  [jvm.dll+0x866b83]
V  [jvm.dll+0x8691ae]
V  [jvm.dll+0x869893]
V  [jvm.dll+0x280776]
V  [jvm.dll+0x861a3e]
V  [jvm.dll+0x67a1b5]
V  [jvm.dll+0x1e4571]
V  [jvm.dll+0x1e433e]
V  [jvm.dll+0x67cb08]
V  [jvm.dll+0x67c942]
V  [jvm.dll+0x67abae]
V  [jvm.dll+0x21699e]
V  [jvm.dll+0x217406]
V  [jvm.dll+0x20c3ba]
V  [jvm.dll+0x5b7535]
V  [jvm.dll+0x7decf3]
V  [jvm.dll+0x7dee3b]
V  [jvm.dll+0x472707]
V  [jvm.dll+0x478058]
C  [java.dll+0x17ec]

Java frames: (J=compiled Java code, j=interpreted, Vv=VM code)
J 1118  java.lang.ClassLoader.defineClass1(Ljava/lang/ClassLoader;Ljava/lang/String;[BIILjava/security/ProtectionDomain;Ljava/lang/String;)Ljava/lang/Class; java.base@21.0.9 (0 bytes) @ 0x0000029a25fbf589 [0x0000029a25fbf4c0+0x00000000000000c9]
J 1348 c1 java.lang.ClassLoader.defineClass(Ljava/lang/String;[BIILjava/security/ProtectionDomain;)Ljava/lang/Class; java.base@21.0.9 (43 bytes) @ 0x0000029a1e6033ec [0x0000029a1e6030a0+0x000000000000034c]
J 1362 c1 java.security.SecureClassLoader.defineClass(Ljava/lang/String;[BIILjava/security/CodeSource;)Ljava/lang/Class; java.base@21.0.9 (16 bytes) @ 0x0000029a1e60629c [0x0000029a1e6061c0+0x00000000000000dc]
J 1612 c1 java.net.URLClassLoader.defineClass(Ljava/lang/String;Ljdk/internal/loader/Resource;)Ljava/lang/Class; java.base@21.0.9 (224 bytes) @ 0x0000029a1e6886ac [0x0000029a1e687000+0x00000000000016ac]
J 1171 c1 java.net.URLClassLoader$1.run()Ljava/lang/Class; java.base@21.0.9 (81 bytes) @ 0x0000029a1e5aa0cc [0x0000029a1e5a94c0+0x0000000000000c0c]
J 1170 c1 java.net.URLClassLoader$1.run()Ljava/lang/Object; java.base@21.0.9 (5 bytes) @ 0x0000029a1e5a8f54 [0x0000029a1e5a8ec0+0x0000000000000094]
J 3413 c2 java.security.AccessController.doPrivileged(Ljava/security/PrivilegedExceptionAction;Ljava/security/AccessControlContext;)Ljava/lang/Object; java.base@21.0.9 (26 bytes) @ 0x0000029a26133320 [0x0000029a261332c0+0x0000000000000060]
J 1168 c1 java.net.URLClassLoader.findClass(Ljava/lang/String;)Ljava/lang/Class; java.base@21.0.9 (47 bytes) @ 0x0000029a1e5a81bc [0x0000029a1e5a8020+0x000000000000019c]
J 3212 c2 java.lang.ClassLoader.loadClass(Ljava/lang/String;Z)Ljava/lang/Class; java.base@21.0.9 (121 bytes) @ 0x0000029a26101630 [0x0000029a26100220+0x0000000000001410]
J 1139 c1 java.lang.ClassLoader.loadClass(Ljava/lang/String;)Ljava/lang/Class; java.base@21.0.9 (7 bytes) @ 0x0000029a1e5996c4 [0x0000029a1e5995c0+0x0000000000000104]
v  ~StubRoutines::call_stub 0x0000029a257f100d
J 2753  java.lang.Class.getDeclaredConstructors0(Z)[Ljava/lang/reflect/Constructor; java.base@21.0.9 (0 bytes) @ 0x0000029a260b138b [0x0000029a260b1340+0x000000000000004b]
j  java.lang.Class.privateGetDeclaredConstructors(Z)[Ljava/lang/reflect/Constructor;+52 java.base@21.0.9
j  java.lang.Class.getDeclaredConstructors()[Ljava/lang/reflect/Constructor;+20 java.base@21.0.9
j  org.gradle.internal.service.InjectUtil.selectConstructor(Ljava/lang/Class;)Ljava/lang/reflect/Constructor;+32
j  org.gradle.internal.service.DefaultServiceRegistry$ConstructorService.<init>(Lorg/gradle/internal/service/DefaultServiceRegistry;Lorg/gradle/internal/service/ServiceAccessScope;Lorg/gradle/internal/service/ServiceAccessToken;Ljava/util/List;Ljava/lang/Class;)V+87
j  org.gradle.internal.service.DefaultServiceRegistry$ConstructorService.<init>(Lorg/gradle/internal/service/DefaultServiceRegistry;Lorg/gradle/internal/service/ServiceAccessScope;Lorg/gradle/internal/service/ServiceAccessToken;Ljava/lang/Class;Ljava/lang/Class;)V+11
j  org.gradle.internal.service.DefaultServiceRegistry$ConstructorService.<init>(Lorg/gradle/internal/service/DefaultServiceRegistry;Lorg/gradle/internal/service/ServiceAccessScope;Lorg/gradle/internal/service/ServiceAccessToken;Ljava/lang/Class;Ljava/lang/Class;Lorg/gradle/internal/service/DefaultServiceRegistry$1;)V+8
j  org.gradle.internal.service.DefaultServiceRegistry$1.add(Ljava/lang/Class;Ljava/lang/Class;)V+25
j  org.gradle.internal.enterprise.impl.GradleEnterprisePluginServices.registerBuildTreeServices(Lorg/gradle/internal/service/ServiceRegistration;)V+41
j  org.gradle.internal.buildtree.BuildTreeScopeServices.configure(Lorg/gradle/internal/service/ServiceRegistration;Ljava/util/List;)V+30
j  java.lang.invoke.LambdaForm$DMH+0x0000000100194000.invokeVirtual(Ljava/lang/Object;Ljava/lang/Object;Ljava/lang/Object;Ljava/lang/Object;)V+14 java.base@21.0.9
j  java.lang.invoke.LambdaForm$MH+0x0000000100195400.invoke(Ljava/lang/Object;Ljava/lang/Object;Ljava/lang/Object;Ljava/lang/Object;)Ljava/lang/Object;+73 java.base@21.0.9
J 2519 c1 jdk.internal.reflect.DirectMethodHandleAccessor.invoke(Ljava/lang/Object;[Ljava/lang/Object;)Ljava/lang/Object; java.base@21.0.9 (92 bytes) @ 0x0000029a1e87fda4 [0x0000029a1e87e9c0+0x00000000000013e4]
J 2518 c1 java.lang.reflect.Method.invoke(Ljava/lang/Object;[Ljava/lang/Object;)Ljava/lang/Object; java.base@21.0.9 (108 bytes) @ 0x0000029a1e87b0b4 [0x0000029a1e87abc0+0x00000000000004f4]
j  org.gradle.internal.reflect.JavaMethod.invoke(Ljava/lang/Object;[Ljava/lang/Object;)Ljava/lang/Object;+6
j  org.gradle.internal.service.ReflectionBasedServiceMethod.invoke(Ljava/lang/Object;[Ljava/lang/Object;)Ljava/lang/Object;+6
j  org.gradle.internal.service.DefaultServiceRegistry.applyConfigureMethod(Lorg/gradle/internal/service/ServiceAccessToken;Lorg/gradle/internal/service/ServiceMethod;Ljava/lang/Object;)V+146
j  org.gradle.internal.service.DefaultServiceRegistry.findProviderMethods(Lorg/gradle/internal/service/ServiceRegistrationProvider;Lorg/gradle/internal/service/ServiceAccessToken;)V+215
j  org.gradle.internal.service.DefaultServiceRegistry.addProvider(Lorg/gradle/internal/service/ServiceRegistrationProvider;)Lorg/gradle/internal/service/DefaultServiceRegistry;+18
j  org.gradle.internal.service.ServiceRegistryBuilder.build()Lorg/gradle/internal/service/CloseableServiceRegistry;+93
j  org.gradle.internal.buildtree.BuildTreeState.<init>(Lorg/gradle/internal/scopeids/id/BuildInvocationScopeId;Lorg/gradle/internal/service/ServiceRegistry;Lorg/gradle/internal/buildtree/BuildTreeModelControllerServices$Supplier;)V+35
j  org.gradle.launcher.exec.BuildTreeLifecycleBuildActionExecutor.execute(Lorg/gradle/internal/invocation/BuildAction;Lorg/gradle/internal/session/BuildSessionContext;)Lorg/gradle/internal/buildtree/BuildActionRunner$Result;+61
j  org.gradle.launcher.exec.RunAsBuildOperationBuildActionExecutor$2.call(Lorg/gradle/internal/operations/BuildOperationContext;)Lorg/gradle/internal/buildtree/BuildActionRunner$Result;+25
j  org.gradle.launcher.exec.RunAsBuildOperationBuildActionExecutor$2.call(Lorg/gradle/internal/operations/BuildOperationContext;)Ljava/lang/Object;+2
j  org.gradle.internal.operations.DefaultBuildOperationRunner$CallableBuildOperationWorker.execute(Lorg/gradle/internal/operations/CallableBuildOperation;Lorg/gradle/internal/operations/BuildOperationContext;)V+3
j  org.gradle.internal.operations.DefaultBuildOperationRunner$CallableBuildOperationWorker.execute(Lorg/gradle/internal/operations/BuildOperation;Lorg/gradle/internal/operations/BuildOperationContext;)V+6
j  org.gradle.internal.operations.DefaultBuildOperationRunner$2.execute(Lorg/gradle/internal/operations/BuildOperationDescriptor;Lorg/gradle/internal/operations/BuildOperationState;Lorg/gradle/internal/operations/BuildOperationState;Lorg/gradle/internal/operations/DefaultBuildOperationRunner$ReadableBuildOperationContext;Lorg/gradle/internal/operations/DefaultBuildOperationRunner$BuildOperationExecutionListener;)Lorg/gradle/internal/operations/BuildOperation;+22
j  org.gradle.internal.operations.DefaultBuildOperationRunner$2.execute(Lorg/gradle/internal/operations/BuildOperationDescriptor;Lorg/gradle/internal/operations/BuildOperationState;Lorg/gradle/internal/operations/BuildOperationState;Lorg/gradle/internal/operations/DefaultBuildOperationRunner$ReadableBuildOperationContext;Lorg/gradle/internal/operations/DefaultBuildOperationRunner$BuildOperationExecutionListener;)Ljava/lang/Object;+8
j  org.gradle.internal.operations.DefaultBuildOperationRunner.execute(Lorg/gradle/internal/operations/BuildOperationDescriptor$Builder;Lorg/gradle/internal/operations/BuildOperationState;Lorg/gradle/internal/operations/DefaultBuildOperationRunner$BuildOperationExecution;)Ljava/lang/Object;+141
j  org.gradle.internal.operations.DefaultBuildOperationRunner.execute(Lorg/gradle/internal/operations/BuildOperation;Lorg/gradle/internal/operations/BuildOperationWorker;Lorg/gradle/internal/operations/BuildOperationState;)V+18
j  org.gradle.internal.operations.DefaultBuildOperationRunner.call(Lorg/gradle/internal/operations/CallableBuildOperation;)Ljava/lang/Object;+16
j  org.gradle.launcher.exec.RunAsBuildOperationBuildActionExecutor.execute(Lorg/gradle/internal/invocation/BuildAction;Lorg/gradle/internal/session/BuildSessionContext;)Lorg/gradle/internal/buildtree/BuildActionRunner$Result;+23
j  org.gradle.launcher.exec.RunAsWorkerThreadBuildActionExecutor.lambda$execute$0(Lorg/gradle/internal/invocation/BuildAction;Lorg/gradle/internal/session/BuildSessionContext;)Lorg/gradle/internal/buildtree/BuildActionRunner$Result;+6
j  org.gradle.launcher.exec.RunAsWorkerThreadBuildActionExecutor$$Lambda+0x000000010038f8c8.create()Ljava/lang/Object;+12
j  org.gradle.internal.work.DefaultWorkerLeaseService.withLocks(Ljava/util/Collection;Lorg/gradle/internal/Factory;)Ljava/lang/Object;+28
j  org.gradle.internal.work.DefaultWorkerLeaseService.runAsWorkerThread(Lorg/gradle/internal/Factory;)Ljava/lang/Object;+33
j  org.gradle.launcher.exec.RunAsWorkerThreadBuildActionExecutor.execute(Lorg/gradle/internal/invocation/BuildAction;Lorg/gradle/internal/session/BuildSessionContext;)Lorg/gradle/internal/buildtree/BuildActionRunner$Result;+12
j  org.gradle.tooling.internal.provider.continuous.ContinuousBuildActionExecutor.execute(Lorg/gradle/internal/invocation/BuildAction;Lorg/gradle/internal/session/BuildSessionContext;)Lorg/gradle/internal/buildtree/BuildActionRunner$Result;+58
j  org.gradle.tooling.internal.provider.SubscribableBuildActionExecutor.execute(Lorg/gradle/internal/invocation/BuildAction;Lorg/gradle/internal/session/BuildSessionContext;)Lorg/gradle/internal/buildtree/BuildActionRunner$Result;+30
j  org.gradle.internal.session.DefaultBuildSessionContext.execute(Lorg/gradle/internal/invocation/BuildAction;)Lorg/gradle/internal/buildtree/BuildActionRunner$Result;+64
j  org.gradle.internal.buildprocess.execution.BuildSessionLifecycleBuildActionExecutor$ActionImpl.apply(Lorg/gradle/internal/session/BuildSessionContext;)Lorg/gradle/launcher/exec/BuildActionResult;+6
j  org.gradle.internal.buildprocess.execution.BuildSessionLifecycleBuildActionExecutor$ActionImpl.apply(Ljava/lang/Object;)Ljava/lang/Object;+5
j  org.gradle.internal.session.BuildSessionState.run(Ljava/util/function/Function;)Ljava/lang/Object;+5
j  org.gradle.internal.buildprocess.execution.BuildSessionLifecycleBuildActionExecutor.execute(Lorg/gradle/internal/invocation/BuildAction;Lorg/gradle/launcher/exec/BuildActionParameters;Lorg/gradle/initialization/BuildRequestContext;)Lorg/gradle/launcher/exec/BuildActionResult;+95
j  org.gradle.internal.buildprocess.execution.BuildSessionLifecycleBuildActionExecutor.execute(Lorg/gradle/internal/invocation/BuildAction;Ljava/lang/Object;Ljava/lang/Object;)Lorg/gradle/launcher/exec/BuildActionResult;+10
j  org.gradle.internal.buildprocess.execution.StartParamsValidatingActionExecutor.execute(Lorg/gradle/internal/invocation/BuildAction;Lorg/gradle/launcher/exec/BuildActionParameters;Lorg/gradle/initialization/BuildRequestContext;)Lorg/gradle/launcher/exec/BuildActionResult;+203
j  org.gradle.internal.buildprocess.execution.StartParamsValidatingActionExecutor.execute(Lorg/gradle/internal/invocation/BuildAction;Ljava/lang/Object;Ljava/lang/Object;)Lorg/gradle/launcher/exec/BuildActionResult;+10
j  org.gradle.internal.buildprocess.execution.SessionFailureReportingActionExecutor.execute(Lorg/gradle/internal/invocation/BuildAction;Lorg/gradle/launcher/exec/BuildActionParameters;Lorg/gradle/initialization/BuildRequestContext;)Lorg/gradle/launcher/exec/BuildActionResult;+7
j  org.gradle.internal.buildprocess.execution.SessionFailureReportingActionExecutor.execute(Lorg/gradle/internal/invocation/BuildAction;Ljava/lang/Object;Ljava/lang/Object;)Lorg/gradle/launcher/exec/BuildActionResult;+10
j  org.gradle.internal.buildprocess.execution.SetupLoggingActionExecutor.execute(Lorg/gradle/internal/invocation/BuildAction;Lorg/gradle/launcher/exec/BuildActionParameters;Lorg/gradle/initialization/BuildRequestContext;)Lorg/gradle/launcher/exec/BuildActionResult;+50
j  org.gradle.internal.buildprocess.execution.SetupLoggingActionExecutor.execute(Lorg/gradle/internal/invocation/BuildAction;Ljava/lang/Object;Ljava/lang/Object;)Lorg/gradle/launcher/exec/BuildActionResult;+10
j  org.gradle.launcher.daemon.server.exec.ExecuteBuild.doBuild(Lorg/gradle/launcher/daemon/server/api/DaemonCommandExecution;Lorg/gradle/launcher/daemon/protocol/Build;)V+147
j  org.gradle.launcher.daemon.server.exec.BuildCommandOnly.execute(Lorg/gradle/launcher/daemon/server/api/DaemonCommandExecution;)V+49
j  org.gradle.launcher.daemon.server.api.DaemonCommandExecution.proceed()Z+23
j  org.gradle.launcher.daemon.server.exec.WatchForDisconnection.execute(Lorg/gradle/launcher/daemon/server/api/DaemonCommandExecution;)V+19
j  org.gradle.launcher.daemon.server.api.DaemonCommandExecution.proceed()Z+23
j  org.gradle.launcher.daemon.server.exec.ResetDeprecationLogger.execute(Lorg/gradle/launcher/daemon/server/api/DaemonCommandExecution;)V+7
j  org.gradle.launcher.daemon.server.api.DaemonCommandExecution.proceed()Z+23
j  org.gradle.launcher.daemon.server.exec.RequestStopIfSingleUsedDaemon.execute(Lorg/gradle/launcher/daemon/server/api/DaemonCommandExecution;)V+33
j  org.gradle.launcher.daemon.server.api.DaemonCommandExecution.proceed()Z+23
j  org.gradle.launcher.daemon.server.exec.ForwardClientInput.lambda$execute$0(Lorg/gradle/launcher/daemon/server/api/DaemonCommandExecution;Lorg/gradle/internal/daemon/clientinput/StdinHandler;)Ljava/lang/Object;+11
j  org.gradle.launcher.daemon.server.exec.ForwardClientInput$$Lambda+0x0000000100289d38.apply(Ljava/lang/Object;)Ljava/lang/Object;+8
j  org.gradle.internal.daemon.clientinput.ClientInputForwarder.forwardInput(Ljava/util/function/Function;)Ljava/lang/Object;+46
j  org.gradle.launcher.daemon.server.exec.ForwardClientInput.execute(Lorg/gradle/launcher/daemon/server/api/DaemonCommandExecution;)V+10
j  org.gradle.launcher.daemon.server.api.DaemonCommandExecution.proceed()Z+23
j  org.gradle.launcher.daemon.server.exec.LogAndCheckHealth.execute(Lorg/gradle/launcher/daemon/server/api/DaemonCommandExecution;)V+51
j  org.gradle.launcher.daemon.server.api.DaemonCommandExecution.proceed()Z+23
j  org.gradle.launcher.daemon.server.exec.LogToClient.doBuild(Lorg/gradle/launcher/daemon/server/api/DaemonCommandExecution;Lorg/gradle/launcher/daemon/protocol/Build;)V+87
j  org.gradle.launcher.daemon.server.exec.BuildCommandOnly.execute(Lorg/gradle/launcher/daemon/server/api/DaemonCommandExecution;)V+49
j  org.gradle.launcher.daemon.server.api.DaemonCommandExecution.proceed()Z+23
j  org.gradle.launcher.daemon.server.exec.EstablishBuildEnvironment.doBuild(Lorg/gradle/launcher/daemon/server/api/DaemonCommandExecution;Lorg/gradle/launcher/daemon/protocol/Build;)V+356
j  org.gradle.launcher.daemon.server.exec.BuildCommandOnly.execute(Lorg/gradle/launcher/daemon/server/api/DaemonCommandExecution;)V+49
j  org.gradle.launcher.daemon.server.api.DaemonCommandExecution.proceed()Z+23
j  org.gradle.launcher.daemon.server.exec.StartBuildOrRespondWithBusy$1.run()V+44
j  org.gradle.launcher.daemon.server.DaemonStateCoordinator.lambda$runCommand$0(Ljava/lang/Runnable;)V+1
j  org.gradle.launcher.daemon.server.DaemonStateCoordinator$$Lambda+0x0000000100288718.run()V+8
j  org.gradle.internal.concurrent.ExecutorPolicy$CatchAndRecordFailures.onExecute(Ljava/lang/Runnable;)V+1
j  org.gradle.internal.concurrent.AbstractManagedExecutor$1.run()V+25
j  java.util.concurrent.ThreadPoolExecutor.runWorker(Ljava/util/concurrent/ThreadPoolExecutor$Worker;)V+92 java.base@21.0.9
j  java.util.concurrent.ThreadPoolExecutor$Worker.run()V+5 java.base@21.0.9
j  java.lang.Thread.runWith(Ljava/lang/Object;Ljava/lang/Runnable;)V+5 java.base@21.0.9
j  java.lang.Thread.run()V+19 java.base@21.0.9
v  ~StubRoutines::call_stub 0x0000029a257f100d

Compiled method (n/a) 8909 1118     n 0       java.lang.ClassLoader::defineClass1 (native)
 total in heap  [0x0000029a25fbf310,0x0000029a25fbf8a0] = 1424
 relocation     [0x0000029a25fbf470,0x0000029a25fbf4a8] = 56
 main code      [0x0000029a25fbf4c0,0x0000029a25fbf899] = 985
 stub code      [0x0000029a25fbf899,0x0000029a25fbf8a0] = 7

[Constant Pool (empty)]

[MachCode]
[Entry Point]
  # {method} {0x0000029a33024ff8} 'defineClass1' '(Ljava/lang/ClassLoader;Ljava/lang/String;[BIILjava/security/ProtectionDomain;Ljava/lang/String;)Ljava/lang/Class;' in 'java/lang/ClassLoader'
  # parm0:    rdx:rdx   = 'java/lang/ClassLoader'
  # parm1:    r8:r8     = 'java/lang/String'
  # parm2:    r9:r9     = '[B'
  # parm3:    rdi       = int
  # parm4:    rsi       = int
  # parm5:    rcx:rcx   = 'java/security/ProtectionDomain'
  # parm6:    [sp+0xa0]   = 'java/lang/String'  (sp of caller)
  0x0000029a25fbf4c0: 448b 5208 | 49c1 e203 | 493b c20f | 8407 0000 

  0x0000029a25fbf4d0: ;   {runtime_call ic_miss_stub}
  0x0000029a25fbf4d0: 00e9 aaf2 | 87ff 6690 
[Verified Entry Point]
  0x0000029a25fbf4d8: 8984 2400 | 80ff ff55 | 488b ec48 | 81ec 9000 | 0000 6690 | 4181 7f20 | 0300 0000 

  0x0000029a25fbf4f4: ;   {runtime_call StubRoutines (final stubs)}
  0x0000029a25fbf4f4: 7405 e805 | c286 ff48 | 837d 1000 | 488d 4510 | 480f 4445 | 1048 8944 | 2440 4889 | 4c24 7048 
  0x0000029a25fbf514: 83f9 0048 | 8d44 2470 | 480f 4444 | 2470 4889 | 4424 3848 | 8974 2430 | 4889 7c24 | 284c 894c 
  0x0000029a25fbf534: 2458 4983 | f900 488d | 4424 5848 | 0f44 4424 | 5848 8944 | 2420 4c89 | 4424 5049 | 83f8 004c 
  0x0000029a25fbf554: 8d4c 2450 | 4c0f 444c | 2450 4889 | 5424 4848 | 83fa 004c | 8d44 2448 | 4c0f 4444 

  0x0000029a25fbf570: ;   {oop(a 'java/lang/Class'{0x00000000a65397d0} = 'java/lang/ClassLoader')}
  0x0000029a25fbf570: 2448 49be | d097 53a6 | 0000 0000 | 4c89 7424 | 784c 8d74 | 2478 498b | d6c5 f877 

  0x0000029a25fbf58c: ;   {internal_word}
  0x0000029a25fbf58c: 49ba 89f5 | fb25 9a02 | 0000 4d89 | 97a0 0300 | 0049 89a7 | 9803 0000 

  0x0000029a25fbf5a4: ;   {external_word}
  0x0000029a25fbf5a4: 49ba 78fa | d213 fa7f | 0000 4180 | 3a00 0f84 | 4e00 0000 | 5241 5041 

  0x0000029a25fbf5bc: ;   {metadata({method} {0x0000029a33024ff8} 'defineClass1' '(Ljava/lang/ClassLoader;Ljava/lang/String;[BIILjava/security/ProtectionDomain;Ljava/lang/String;)Ljava/lang/Class;' in 'java/lang/ClassLoader')}
  0x0000029a25fbf5bc: 5148 baf0 | 4f02 339a | 0200 0049 | 8bcf 4883 | ec20 40f6 | c40f 0f84 | 1900 0000 | 4883 ec08 
  0x0000029a25fbf5dc: ;   {runtime_call}
  0x0000029a25fbf5dc: 48b8 20dd | 8c13 fa7f | 0000 ffd0 | 4883 c408 | e90c 0000 

  0x0000029a25fbf5f0: ;   {runtime_call}
  0x0000029a25fbf5f0: 0048 b820 | dd8c 13fa | 7f00 00ff | d048 83c4 | 2041 5941 | 585a 498d | 8fb8 0300 | 0041 c787 
  0x0000029a25fbf610: 4404 0000 | 0400 0000 

  0x0000029a25fbf618: ;   {runtime_call}
  0x0000029a25fbf618: 48b8 ac16 | 8014 fa7f | 0000 ffd0 | c5f8 7741 | c787 4404 | 0000 0500 | 0000 f083 | 4424 c000 
  0x0000029a25fbf638: 493b af48 | 0400 000f | 870e 0000 | 0041 83bf | 4004 0000 | 000f 842b | 0000 00c5 | f877 4889 
  0x0000029a25fbf658: 45f8 498b | cf4c 8be4 | 4883 ec20 | 4883 e4f0 

  0x0000029a25fbf668: ;   {runtime_call}
  0x0000029a25fbf668: 48b8 3016 | 5813 fa7f | 0000 ffd0 | 498b e44d | 33e4 488b | 45f8 41c7 | 8744 0400 | 0008 0000 
  0x0000029a25fbf688: 0041 83bf | c004 0000 | 020f 84d5 

  0x0000029a25fbf694: ;   {external_word}
  0x0000029a25fbf694: 0100 0049 | ba78 fad2 | 13fa 7f00 | 0041 803a | 000f 844c | 0000 0048 

  0x0000029a25fbf6ac: ;   {metadata({method} {0x0000029a33024ff8} 'defineClass1' '(Ljava/lang/ClassLoader;Ljava/lang/String;[BIILjava/security/ProtectionDomain;Ljava/lang/String;)Ljava/lang/Class;' in 'java/lang/ClassLoader')}
  0x0000029a25fbf6ac: 8945 f848 | baf0 4f02 | 339a 0200 | 0049 8bcf | 4883 ec20 | 40f6 c40f | 0f84 1900 | 0000 4883 
  0x0000029a25fbf6cc: ;   {runtime_call}
  0x0000029a25fbf6cc: ec08 48b8 | 20dd 8c13 | fa7f 0000 | ffd0 4883 | c408 e90c 

  0x0000029a25fbf6e0: ;   {runtime_call}
  0x0000029a25fbf6e0: 0000 0048 | b820 dd8c | 13fa 7f00 | 00ff d048 | 83c4 2048 | 8b45 f849 | c787 9803 | 0000 0000 
  0x0000029a25fbf700: 0000 49c7 | 87a0 0300 | 0000 0000 | 00c5 f877 | 4885 c00f | 8430 0100 | 00a8 030f | 8508 0000 
  0x0000029a25fbf720: 0048 8b00 | e920 0100 | 00a8 010f | 8509 0000 | 0048 8b40 | fee9 0f01 | 0000 488b | 40ff 4180 
  0x0000029a25fbf740: 7f40 000f | 8400 0100 | 0048 83f8 | 000f 84f6 | 0000 0049 | 8b4f 2848 | 83f9 000f | 8414 0000 
  0x0000029a25fbf760: 0048 83e9 | 0849 894f | 2849 034f | 3848 8901 | e9d4 0000 | 0048 83ec | 7048 8904 | 2448 894c 
  0x0000029a25fbf780: 2408 4889 | 5424 104c | 8944 2418 | 4c89 4c24 | 204c 8954 | 2428 4c89 | 5c24 30c5 | fb11 4424 
  0x0000029a25fbf7a0: 40c5 fb11 | 4c24 48c5 | fb11 5424 | 50c5 fb11 | 5c24 58c5 | fb11 6424 | 60c5 fb11 | 6c24 6849 
  0x0000029a25fbf7c0: 8bd7 488b | c848 83ec | 2040 f6c4 | 0f0f 8419 | 0000 0048 

  0x0000029a25fbf7d4: ;   {runtime_call}
  0x0000029a25fbf7d4: 83ec 0848 | b8b0 224b | 13fa 7f00 | 00ff d048 | 83c4 08e9 | 0c00 0000 

  0x0000029a25fbf7ec: ;   {runtime_call}
  0x0000029a25fbf7ec: 48b8 b022 | 4b13 fa7f | 0000 ffd0 | 4883 c420 | c5fb 106c | 2468 c5fb | 1064 2460 | c5fb 105c 
  0x0000029a25fbf80c: 2458 c5fb | 1054 2450 | c5fb 104c | 2448 c5fb | 1044 2440 | 4c8b 5c24 | 304c 8b54 | 2428 4c8b 
  0x0000029a25fbf82c: 4c24 204c | 8b44 2418 | 488b 5424 | 1048 8b4c | 2408 488b | 0424 4883 | c470 c5f8 | 7749 8b8f 
  0x0000029a25fbf84c: 2804 0000 | c781 0001 | 0000 0000 | 0000 c949 | 837f 0800 | 0f85 0100 

  0x0000029a25fbf864: ;   {runtime_call StubRoutines (initial stubs)}
  0x0000029a25fbf864: 0000 c3e9 | 9416 83ff | c5f8 7748 | 8945 f84c | 8be4 4883 | ec20 4883 

  0x0000029a25fbf87c: ;   {runtime_call}
  0x0000029a25fbf87c: e4f0 48b8 | 7014 8d13 | fa7f 0000 | ffd0 498b | e44d 33e4 | 488b 45f8 | e9fe fdff | fff4 f4f4 
  0x0000029a25fbf89c: f4f4 f4f4 
[/MachCode]


Compiled method (c1) 8919 1348       3       java.lang.ClassLoader::defineClass (43 bytes)
 total in heap  [0x0000029a1e602e90,0x0000029a1e6037f8] = 2408
 relocation     [0x0000029a1e602ff0,0x0000029a1e603090] = 160
 main code      [0x0000029a1e6030a0,0x0000029a1e603530] = 1168
 stub code      [0x0000029a1e603530,0x0000029a1e6035a8] = 120
 metadata       [0x0000029a1e6035a8,0x0000029a1e6035e8] = 64
 scopes data    [0x0000029a1e6035e8,0x0000029a1e6036d8] = 240
 scopes pcs     [0x0000029a1e6036d8,0x0000029a1e6037b8] = 224
 dependencies   [0x0000029a1e6037b8,0x0000029a1e6037d0] = 24
 nul chk table  [0x0000029a1e6037d0,0x0000029a1e6037f8] = 40

[Constant Pool (empty)]

[MachCode]
[Entry Point]
  # {method} {0x0000029a33024e18} 'defineClass' '(Ljava/lang/String;[BIILjava/security/ProtectionDomain;)Ljava/lang/Class;' in 'java/lang/ClassLoader'
  # this:     rdx:rdx   = 'java/lang/ClassLoader'
  # parm0:    r8:r8     = 'java/lang/String'
  # parm1:    r9:r9     = '[B'
  # parm2:    rdi       = int
  # parm3:    rsi       = int
  # parm4:    rcx:rcx   = 'java/security/ProtectionDomain'
  #           [sp+0xc0]  (sp of caller)
  0x0000029a1e6030a0: 448b 5208 | 49c1 e203 

  0x0000029a1e6030a8: ;   {runtime_call ic_miss_stub}
  0x0000029a1e6030a8: 4c3b d00f | 85cf b623 | 0766 6666 | 0f1f 8400 | 0000 0000 | 6666 6690 
[Verified Entry Point]
  0x0000029a1e6030c0: 8984 2400 | 80ff ff55 | 4881 ecb0 | 0000 0090 | 4181 7f20 | 0300 0000 

  0x0000029a1e6030d8: ;   {runtime_call StubRoutines (final stubs)}
  0x0000029a1e6030d8: 7405 e821 | 8622 0748 | 8954 2478 

  0x0000029a1e6030e4: ;   {metadata(method data for {method} {0x0000029a33024e18} 'defineClass' '(Ljava/lang/String;[BIILjava/security/ProtectionDomain;)Ljava/lang/Class;' in 'java/lang/ClassLoader')}
  0x0000029a1e6030e4: 48bb d8d2 | 9e33 9a02 | 0000 8b83 | cc00 0000 | 83c0 0289 | 83cc 0000 | 0025 fe07 | 0000 85c0 
  0x0000029a1e603104: 0f84 4803 | 0000 89b4 | 2494 0000 | 0089 bc24 | 9000 0000 | 4c89 8c24 | 8800 0000 

  0x0000029a1e603120: ;   {metadata(method data for {method} {0x0000029a33024e18} 'defineClass' '(Ljava/lang/String;[BIILjava/security/ProtectionDomain;)Ljava/lang/Class;' in 'java/lang/ClassLoader')}
  0x0000029a1e603120: 488b da48 | b8d8 d29e | 339a 0200 | 0048 8380 | 1001 0000 | 0149 8bd8 | 4c8b c34c | 8bc9 488b 
  0x0000029a1e603140: ca48 8bd1 | 4889 9c24 | 8000 0000 

  0x0000029a1e60314c: ;   {optimized virtual_call}
  0x0000029a1e60314c: 6666 90e8 

  0x0000029a1e603150: ; ImmutableOopMap {[120]=Oop [128]=Oop [136]=Oop }
                      ;*invokevirtual preDefineClass {reexecute=0 rethrow=0 return_oop=0}
                      ; - java.lang.ClassLoader::defineClass@4
  0x0000029a1e603150: 4cb6 ffff 

  0x0000029a1e603154: ;   {other}
  0x0000029a1e603154: 0f1f 8400 | c402 0000 | 4889 8424 | 9800 0000 | 488b 5424 

  0x0000029a1e603168: ;   {metadata(method data for {method} {0x0000029a33024e18} 'defineClass' '(Ljava/lang/String;[BIILjava/security/ProtectionDomain;)Ljava/lang/Class;' in 'java/lang/ClassLoader')}
  0x0000029a1e603168: 7849 b8d8 | d29e 339a | 0200 0049 | 8380 4801 

  0x0000029a1e603178: ;   {metadata(method data for {method} {0x0000029a33024c38} 'defineClassSourceLocation' '(Ljava/security/ProtectionDomain;)Ljava/lang/String;' in 'java/lang/ClassLoader')}
  0x0000029a1e603178: 0000 0149 | b808 d59e | 339a 0200 | 0041 8b90 | cc00 0000 | 83c2 0241 | 8990 cc00 | 0000 81e2 
  0x0000029a1e603198: feff 1f00 | 85d2 0f84 | cf02 0000 

  0x0000029a1e6031a4: ; implicit exception: dispatches to 0x0000029a1e603494
  0x0000029a1e6031a4: 483b 004c 

  0x0000029a1e6031a8: ;   {metadata(method data for {method} {0x0000029a33024c38} 'defineClassSourceLocation' '(Ljava/security/ProtectionDomain;)Ljava/lang/String;' in 'java/lang/ClassLoader')}
  0x0000029a1e6031a8: 8bc0 48ba | 08d5 9e33 | 9a02 0000 | 4883 8210 | 0100 0001 | 448b 4010 

  0x0000029a1e6031c0: ;   {metadata(method data for {method} {0x0000029a33024c38} 'defineClassSourceLocation' '(Ljava/security/ProtectionDomain;)Ljava/lang/String;' in 'java/lang/ClassLoader')}
  0x0000029a1e6031c0: 4d85 c048 | ba08 d59e | 339a 0200 | 0048 c7c6 | 5801 0000 | 7507 48c7 | c648 0100 | 0048 8b3c 
  0x0000029a1e6031e0: 3248 8d7f | 0148 893c | 320f 850f 

  0x0000029a1e6031ec: ;   {oop(nullptr)}
  0x0000029a1e6031ec: 0000 0048 | bb00 0000 | 0000 0000 | 00e9 9901 | 0000 493b | 0049 8bd0 

  0x0000029a1e603204: ;   {metadata(method data for {method} {0x0000029a33024c38} 'defineClassSourceLocation' '(Ljava/security/ProtectionDomain;)Ljava/lang/String;' in 'java/lang/ClassLoader')}
  0x0000029a1e603204: 48be 08d5 | 9e33 9a02 | 0000 4883 | 8668 0100 | 0001 418b | 500c 4885 

  0x0000029a1e60321c: ;   {metadata(method data for {method} {0x0000029a33024c38} 'defineClassSourceLocation' '(Ljava/security/ProtectionDomain;)Ljava/lang/String;' in 'java/lang/ClassLoader')}
  0x0000029a1e60321c: d248 be08 | d59e 339a | 0200 0048 | c7c7 b001 | 0000 7507 | 48c7 c7a0 | 0100 0048 | 8b1c 3e48 
  0x0000029a1e60323c: 8d5b 0148 | 891c 3e0f | 850f 0000 

  0x0000029a1e603248: ;   {oop(nullptr)}
  0x0000029a1e603248: 0048 bb00 | 0000 0000 | 0000 00e9 | 3f01 0000 

  0x0000029a1e603258: ;   {metadata(method data for {method} {0x0000029a33024c38} 'defineClassSourceLocation' '(Ljava/security/ProtectionDomain;)Ljava/lang/String;' in 'java/lang/ClassLoader')}
  0x0000029a1e603258: 48be 08d5 | 9e33 9a02 | 0000 4883 | 86c0 0100 | 0001 483b | 024c 8bc2 

  0x0000029a1e603270: ;   {metadata(method data for {method} {0x0000029a33024c38} 'defineClassSourceLocation' '(Ljava/security/ProtectionDomain;)Ljava/lang/String;' in 'java/lang/ClassLoader')}
  0x0000029a1e603270: 48be 08d5 | 9e33 9a02 | 0000 4883 | 86f8 0100 

  0x0000029a1e603280: ;   {metadata(method data for {method} {0x0000029a330f5cd0} 'toString' '()Ljava/lang/String;' in 'java/net/URL')}
  0x0000029a1e603280: 0001 49b8 | c80a 7f33 | 9a02 0000 | 418b b0cc | 0000 0083 | c602 4189 | b0cc 0000 | 0081 e6fe 
  0x0000029a1e6032a0: ff1f 0085 | f60f 84f8 | 0100 004c 

  0x0000029a1e6032ac: ;   {metadata(method data for {method} {0x0000029a330f5cd0} 'toString' '()Ljava/lang/String;' in 'java/net/URL')}
  0x0000029a1e6032ac: 8bc2 48be | c80a 7f33 | 9a02 0000 | 4883 8610 | 0100 0001 

  0x0000029a1e6032c0: ;   {metadata(method data for {method} {0x0000029a330f5d88} 'toExternalForm' '()Ljava/lang/String;' in 'java/net/URL')}
  0x0000029a1e6032c0: 49b8 500c | 7f33 9a02 | 0000 418b | b0cc 0000 | 0083 c602 | 4189 b0cc | 0000 0081 | e6fe ff1f 
  0x0000029a1e6032e0: 0085 f60f | 84db 0100 | 008b 7238 

  0x0000029a1e6032ec: ; implicit exception: dispatches to 0x0000029a1e6034e5
  0x0000029a1e6032ec: 483b 064c 

  0x0000029a1e6032f0: ;   {metadata(method data for {method} {0x0000029a330f5d88} 'toExternalForm' '()Ljava/lang/String;' in 'java/net/URL')}
  0x0000029a1e6032f0: 8bc6 48bf | 500c 7f33 | 9a02 0000 | 458b 4008 | 49c1 e003 | 4c3b 8720 | 0100 0075 | 0d48 8387 
  0x0000029a1e603310: 2801 0000 | 01e9 6000 | 0000 4c3b | 8730 0100 | 0075 0d48 | 8387 3801 | 0000 01e9 | 4a00 0000 
  0x0000029a1e603330: 4883 bf20 | 0100 0000 | 7517 4c89 | 8720 0100 | 0048 c787 | 2801 0000 | 0100 0000 | e929 0000 
  0x0000029a1e603350: 0048 83bf | 3001 0000 | 0075 174c | 8987 3001 | 0000 48c7 | 8738 0100 | 0001 0000 | 00e9 0800 
  0x0000029a1e603370: 0000 4883 | 8710 0100 | 0001 4c8b | c248 8bd6 | 0f1f 8000 

  0x0000029a1e603384: ;   {optimized virtual_call}
  0x0000029a1e603384: 0000 00e8 

  0x0000029a1e603388: ; ImmutableOopMap {[120]=Oop [128]=Oop [136]=Oop [152]=Oop }
                      ;*invokevirtual toExternalForm {reexecute=0 rethrow=0 return_oop=0}
                      ; - java.net.URL::toExternalForm@5
                      ; - java.net.URL::toString@1
                      ; - java.lang.ClassLoader::defineClassSourceLocation@22
                      ; - java.lang.ClassLoader::defineClass@12
  0x0000029a1e603388: 14cc f6ff 

  0x0000029a1e60338c: ;   {other}
  0x0000029a1e60338c: 0f1f 8400 | fc04 0001 | 488b d848 | 8b84 2498 | 0000 008b | b424 9400 | 0000 8bbc | 2490 0000 
  0x0000029a1e6033ac: 004c 8b8c | 2488 0000 | 004c 8b84 | 2480 0000 | 0048 8b54 

  0x0000029a1e6033c0: ;   {metadata(method data for {method} {0x0000029a33024e18} 'defineClass' '(Ljava/lang/String;[BIILjava/security/ProtectionDomain;)Ljava/lang/Class;' in 'java/lang/ClassLoader')}
  0x0000029a1e6033c0: 2478 48b9 | d8d2 9e33 | 9a02 0000 | 4883 8180 | 0100 0001 | 4c8b da49 | 8bd3 488b | c848 891c 
  0x0000029a1e6033e0: 2466 0f1f 

  0x0000029a1e6033e4: ;   {static_call}
  0x0000029a1e6033e4: 4400 00e8 

  0x0000029a1e6033e8: ; ImmutableOopMap {[120]=Oop [152]=Oop }
                      ;*invokestatic defineClass1 {reexecute=0 rethrow=0 return_oop=0}
                      ; - java.lang.ClassLoader::defineClass@27
  0x0000029a1e6033e8: ecc0 9b07 

  0x0000029a1e6033ec: ;   {other}
  0x0000029a1e6033ec: 0f1f 8400 | 5c05 0002 | 488b 5424 

  0x0000029a1e6033f8: ;   {metadata(method data for {method} {0x0000029a33024e18} 'defineClass' '(Ljava/lang/String;[BIILjava/security/ProtectionDomain;)Ljava/lang/Class;' in 'java/lang/ClassLoader')}
  0x0000029a1e6033f8: 7849 b8d8 | d29e 339a | 0200 0049 | 8380 9001 | 0000 014c | 8bc0 4c8b | 8c24 9800 | 0000 488b 
  0x0000029a1e603418: 5424 7848 | 8984 24a0 | 0000 000f 

  0x0000029a1e603424: ;   {optimized virtual_call}
  0x0000029a1e603424: 1f40 00e8 

  0x0000029a1e603428: ; ImmutableOopMap {[160]=Oop }
                      ;*invokevirtual postDefineClass {reexecute=0 rethrow=0 return_oop=0}
                      ; - java.lang.ClassLoader::defineClass@37
  0x0000029a1e603428: 743f 0300 

  0x0000029a1e60342c: ;   {other}
  0x0000029a1e60342c: 0f1f 8400 | 9c05 0003 | 488b 8424 | a000 0000 | 4881 c4b0 | 0000 005d 

  0x0000029a1e603444: ;   {poll_return}
  0x0000029a1e603444: 493b a748 | 0400 000f | 8799 0000 

  0x0000029a1e603450: ;   {metadata({method} {0x0000029a33024e18} 'defineClass' '(Ljava/lang/String;[BIILjava/security/ProtectionDomain;)Ljava/lang/Class;' in 'java/lang/ClassLoader')}
  0x0000029a1e603450: 00c3 49ba | 104e 0233 | 9a02 0000 | 4c89 5424 | 0848 c704 | 24ff ffff 

  0x0000029a1e603468: ;   {runtime_call counter_overflow Runtime1 stub}
  0x0000029a1e603468: ffe8 9267 

  0x0000029a1e60346c: ; ImmutableOopMap {rdx=Oop r8=Oop r9=Oop rcx=Oop [120]=Oop }
                      ;*synchronization entry
                      ; - java.lang.ClassLoader::defineClass@-1
  0x0000029a1e60346c: 2f07 e997 

  0x0000029a1e603470: ;   {metadata({method} {0x0000029a33024c38} 'defineClassSourceLocation' '(Ljava/security/ProtectionDomain;)Ljava/lang/String;' in 'java/lang/ClassLoader')}
  0x0000029a1e603470: fcff ff49 | ba30 4c02 | 339a 0200 | 004c 8954 | 2408 48c7 | 0424 ffff 

  0x0000029a1e603488: ;   {runtime_call counter_overflow Runtime1 stub}
  0x0000029a1e603488: ffff e871 

  0x0000029a1e60348c: ; ImmutableOopMap {rax=Oop [120]=Oop [128]=Oop [136]=Oop [152]=Oop }
                      ;*synchronization entry
                      ; - java.lang.ClassLoader::defineClassSourceLocation@-1
                      ; - java.lang.ClassLoader::defineClass@12
  0x0000029a1e60348c: 672f 07e9 | 10fd ffff 

  0x0000029a1e603494: ;   {runtime_call throw_null_pointer_exception Runtime1 stub}
  0x0000029a1e603494: e867 162f 

  0x0000029a1e603498: ; ImmutableOopMap {rax=Oop [120]=Oop [128]=Oop [136]=Oop [152]=Oop }
                      ;*invokevirtual getCodeSource {reexecute=0 rethrow=0 return_oop=0}
                      ; - java.lang.ClassLoader::defineClassSourceLocation@1
                      ; - java.lang.ClassLoader::defineClass@12
                      ;   {runtime_call throw_null_pointer_exception Runtime1 stub}
  0x0000029a1e603498: 07e8 6216 

  0x0000029a1e60349c: ; ImmutableOopMap {rax=Oop r8=Oop [120]=Oop [128]=Oop [136]=Oop [152]=Oop }
                      ;*invokevirtual getLocation {reexecute=0 rethrow=0 return_oop=0}
                      ; - java.lang.ClassLoader::defineClassSourceLocation@12
                      ; - java.lang.ClassLoader::defineClass@12
                      ;   {runtime_call throw_null_pointer_exception Runtime1 stub}
  0x0000029a1e60349c: 2f07 e85d 

  0x0000029a1e6034a0: ; ImmutableOopMap {rdx=Oop [120]=Oop [128]=Oop [136]=Oop [152]=Oop }
                      ;*invokevirtual toString {reexecute=0 rethrow=0 return_oop=0}
                      ; - java.lang.ClassLoader::defineClassSourceLocation@22
                      ; - java.lang.ClassLoader::defineClass@12
                      ;   {metadata({method} {0x0000029a330f5cd0} 'toString' '()Ljava/lang/String;' in 'java/net/URL')}
  0x0000029a1e6034a0: 162f 0749 | bac8 5c0f | 339a 0200 | 004c 8954 | 2408 48c7 | 0424 ffff 

  0x0000029a1e6034b8: ;   {runtime_call counter_overflow Runtime1 stub}
  0x0000029a1e6034b8: ffff e841 

  0x0000029a1e6034bc: ; ImmutableOopMap {rdx=Oop [120]=Oop [128]=Oop [136]=Oop [152]=Oop }
                      ;*synchronization entry
                      ; - java.net.URL::toString@-1
                      ; - java.lang.ClassLoader::defineClassSourceLocation@22
                      ; - java.lang.ClassLoader::defineClass@12
  0x0000029a1e6034bc: 672f 07e9 | e7fd ffff 

  0x0000029a1e6034c4: ;   {metadata({method} {0x0000029a330f5d88} 'toExternalForm' '()Ljava/lang/String;' in 'java/net/URL')}
  0x0000029a1e6034c4: 49ba 805d | 0f33 9a02 | 0000 4c89 | 5424 0848 | c704 24ff 

  0x0000029a1e6034d8: ;   {runtime_call counter_overflow Runtime1 stub}
  0x0000029a1e6034d8: ffff ffe8 

  0x0000029a1e6034dc: ; ImmutableOopMap {rdx=Oop [120]=Oop [128]=Oop [136]=Oop [152]=Oop }
                      ;*synchronization entry
                      ; - java.net.URL::toExternalForm@-1
                      ; - java.net.URL::toString@1
                      ; - java.lang.ClassLoader::defineClassSourceLocation@22
                      ; - java.lang.ClassLoader::defineClass@12
  0x0000029a1e6034dc: 2067 2f07 | e904 feff 

  0x0000029a1e6034e4: ;   {runtime_call throw_null_pointer_exception Runtime1 stub}
  0x0000029a1e6034e4: ffe8 1616 

  0x0000029a1e6034e8: ; ImmutableOopMap {rdx=Oop rsi=Oop [120]=Oop [128]=Oop [136]=Oop [152]=Oop }
                      ;*invokevirtual toExternalForm {reexecute=0 rethrow=0 return_oop=0}
                      ; - java.net.URL::toExternalForm@5
                      ; - java.net.URL::toString@1
                      ; - java.lang.ClassLoader::defineClassSourceLocation@22
                      ; - java.lang.ClassLoader::defineClass@12
                      ;   {internal_word}
  0x0000029a1e6034e8: 2f07 49ba | 4434 601e | 9a02 0000 | 4d89 9760 

  0x0000029a1e6034f8: ;   {runtime_call SafepointBlob}
  0x0000029a1e6034f8: 0400 00e9 | 001f 2407 | 498b 87f8 | 0400 0049 | c787 f804 | 0000 0000 | 0000 49c7 | 8700 0500 
  0x0000029a1e603518: 0000 0000 | 0048 81c4 | b000 0000 

  0x0000029a1e603524: ;   {runtime_call unwind_exception Runtime1 stub}
  0x0000029a1e603524: 5de9 d606 | 2f07 f4f4 | f4f4 f4f4 
[Stub Code]
  0x0000029a1e603530: ;   {no_reloc}
  0x0000029a1e603530: 0f1f 4400 

  0x0000029a1e603534: ;   {static_stub}
  0x0000029a1e603534: 0048 bb00 | 0000 0000 

  0x0000029a1e60353c: ;   {runtime_call nmethod}
  0x0000029a1e60353c: 0000 00e9 | fbff ffff 

  0x0000029a1e603544: ;   {static_stub}
  0x0000029a1e603544: 48bb 0000 | 0000 0000 

  0x0000029a1e60354c: ;   {runtime_call nmethod}
  0x0000029a1e60354c: 0000 e9fb 

  0x0000029a1e603550: ;   {static_stub}
  0x0000029a1e603550: ffff ff48 | bb00 0000 | 0000 0000 

  0x0000029a1e60355c: ;   {runtime_call nmethod}
  0x0000029a1e60355c: 00e9 fbff 

  0x0000029a1e603560: ;   {static_stub}
  0x0000029a1e603560: ffff 48bb | 204d 0233 | 9a02 0000 

  0x0000029a1e60356c: ;   {runtime_call I2C/C2I adapters}
  0x0000029a1e60356c: e9f1 7823 

  0x0000029a1e603570: ;   {runtime_call handle_exception_from_callee Runtime1 stub}
  0x0000029a1e603570: 07e8 8a33 

  0x0000029a1e603574: ;   {external_word}
  0x0000029a1e603574: 2f07 48b9 | b061 ad13 | fa7f 0000 | 4883 e4f0 

  0x0000029a1e603584: ;   {runtime_call}
  0x0000029a1e603584: 48b8 70cf | 7b13 fa7f | 0000 ffd0 

  0x0000029a1e603590: ;   {section_word}
  0x0000029a1e603590: f449 ba91 | 3560 1e9a | 0200 0041 

  0x0000029a1e60359c: ;   {runtime_call DeoptimizationBlob}
  0x0000029a1e60359c: 52e9 fe10 | 2407 f4f4 | f4f4 f4f4 
[/MachCode]


Compiled method (c1) 8935 1362       3       java.security.SecureClassLoader::defineClass (16 bytes)
 total in heap  [0x0000029a1e606010,0x0000029a1e606410] = 1024
 relocation     [0x0000029a1e606170,0x0000029a1e6061c0] = 80
 main code      [0x0000029a1e6061c0,0x0000029a1e606318] = 344
 stub code      [0x0000029a1e606318,0x0000029a1e606368] = 80
 metadata       [0x0000029a1e606368,0x0000029a1e606370] = 8
 scopes data    [0x0000029a1e606370,0x0000029a1e6063b8] = 72
 scopes pcs     [0x0000029a1e6063b8,0x0000029a1e606408] = 80
 dependencies   [0x0000029a1e606408,0x0000029a1e606410] = 8

[Constant Pool (empty)]

[MachCode]
[Entry Point]
  # {method} {0x0000029a3303d768} 'defineClass' '(Ljava/lang/String;[BIILjava/security/CodeSource;)Ljava/lang/Class;' in 'java/security/SecureClassLoader'
  # this:     rdx:rdx   = 'java/security/SecureClassLoader'
  # parm0:    r8:r8     = 'java/lang/String'
  # parm1:    r9:r9     = '[B'
  # parm2:    rdi       = int
  # parm3:    rsi       = int
  # parm4:    rcx:rcx   = 'java/security/CodeSource'
  #           [sp+0x80]  (sp of caller)
  0x0000029a1e6061c0: 448b 5208 | 49c1 e203 

  0x0000029a1e6061c8: ;   {runtime_call ic_miss_stub}
  0x0000029a1e6061c8: 4c3b d00f | 85af 8523 | 0766 6666 | 0f1f 8400 | 0000 0000 | 6666 6690 
[Verified Entry Point]
  0x0000029a1e6061e0: 8984 2400 | 80ff ff55 | 4883 ec70 | 4181 7f20 | 0300 0000 

  0x0000029a1e6061f4: ;   {runtime_call StubRoutines (final stubs)}
  0x0000029a1e6061f4: 7405 e805 

  0x0000029a1e6061f8: ;   {metadata(method data for {method} {0x0000029a3303d768} 'defineClass' '(Ljava/lang/String;[BIILjava/security/CodeSource;)Ljava/lang/Class;' in 'java/security/SecureClassLoader')}
  0x0000029a1e6061f8: 5522 0748 | bbe0 d398 | 339a 0200 | 008b 83cc | 0000 0083 | c002 8983 | cc00 0000 | 25fe 0700 
  0x0000029a1e606218: 0085 c00f | 8496 0000 | 0089 7424 | 5c89 7c24 | 584c 894c | 2450 4c89 | 4424 4848 

  0x0000029a1e606234: ;   {metadata(method data for {method} {0x0000029a3303d768} 'defineClass' '(Ljava/lang/String;[BIILjava/security/CodeSource;)Ljava/lang/Class;' in 'java/security/SecureClassLoader')}
  0x0000029a1e606234: 8bda 48b8 | e0d3 9833 | 9a02 0000 | 4883 8010 | 0100 0001 | 4c8b c148 | 8bc2 488b | d048 8944 
  0x0000029a1e606254: ;   {optimized virtual_call}
  0x0000029a1e606254: 2440 90e8 

  0x0000029a1e606258: ; ImmutableOopMap {[64]=Oop [72]=Oop [80]=Oop }
                      ;*invokevirtual getProtectionDomain {reexecute=0 rethrow=0 return_oop=0}
                      ; - java.security.SecureClassLoader::defineClass@9
  0x0000029a1e606258: 44bf ffff 

  0x0000029a1e60625c: ;   {other}
  0x0000029a1e60625c: 0f1f 8400 | 4c02 0000 | 488b 5424 

  0x0000029a1e606268: ;   {metadata(method data for {method} {0x0000029a3303d768} 'defineClass' '(Ljava/lang/String;[BIILjava/security/CodeSource;)Ljava/lang/Class;' in 'java/security/SecureClassLoader')}
  0x0000029a1e606268: 4049 b8e0 | d398 339a | 0200 0049 | 8380 4801 | 0000 014c | 8b44 2448 | 4c8b 4c24 | 508b 7c24 
  0x0000029a1e606288: 588b 7424 | 5c48 8bc8 | 488b 5424 

  0x0000029a1e606294: ;   {optimized virtual_call}
  0x0000029a1e606294: 4066 90e8 

  0x0000029a1e606298: ; ImmutableOopMap {}
                      ;*invokevirtual defineClass {reexecute=0 rethrow=0 return_oop=0}
                      ; - java.security.SecureClassLoader::defineClass@12
  0x0000029a1e606298: 24ce ffff 

  0x0000029a1e60629c: ;   {other}
  0x0000029a1e60629c: 0f1f 8400 | 8c02 0001 | 4883 c470 

  0x0000029a1e6062a8: ;   {poll_return}
  0x0000029a1e6062a8: 5d49 3ba7 | 4804 0000 | 0f87 2200 

  0x0000029a1e6062b4: ;   {metadata({method} {0x0000029a3303d768} 'defineClass' '(Ljava/lang/String;[BIILjava/security/CodeSource;)Ljava/lang/Class;' in 'java/security/SecureClassLoader')}
  0x0000029a1e6062b4: 0000 c349 | ba60 d703 | 339a 0200 | 004c 8954 | 2408 48c7 | 0424 ffff 

  0x0000029a1e6062cc: ;   {runtime_call counter_overflow Runtime1 stub}
  0x0000029a1e6062cc: ffff e82d 

  0x0000029a1e6062d0: ; ImmutableOopMap {rdx=Oop r8=Oop r9=Oop rcx=Oop }
                      ;*synchronization entry
                      ; - java.security.SecureClassLoader::defineClass@-1
  0x0000029a1e6062d0: 392f 07e9 | 49ff ffff 

  0x0000029a1e6062d8: ;   {internal_word}
  0x0000029a1e6062d8: 49ba a962 | 601e 9a02 | 0000 4d89 | 9760 0400 

  0x0000029a1e6062e8: ;   {runtime_call SafepointBlob}
  0x0000029a1e6062e8: 00e9 12f1 | 2307 498b | 87f8 0400 | 0049 c787 | f804 0000 | 0000 0000 | 49c7 8700 | 0500 0000 
  0x0000029a1e606308: 0000 0048 | 83c4 705d 

  0x0000029a1e606310: ;   {runtime_call unwind_exception Runtime1 stub}
  0x0000029a1e606310: e9eb d82e | 07f4 f4f4 
[Stub Code]
  0x0000029a1e606318: ;   {no_reloc}
  0x0000029a1e606318: 48bb 0000 | 0000 0000 

  0x0000029a1e606320: ;   {runtime_call nmethod}
  0x0000029a1e606320: 0000 e9fb 

  0x0000029a1e606324: ;   {static_stub}
  0x0000029a1e606324: ffff ff48 | bb00 0000 | 0000 0000 

  0x0000029a1e606330: ;   {runtime_call nmethod}
  0x0000029a1e606330: 00e9 fbff 

  0x0000029a1e606334: ;   {runtime_call handle_exception_from_callee Runtime1 stub}
  0x0000029a1e606334: ffff e8c5 

  0x0000029a1e606338: ;   {external_word}
  0x0000029a1e606338: 052f 0748 | b9b0 61ad | 13fa 7f00 | 0048 83e4 

  0x0000029a1e606348: ;   {runtime_call}
  0x0000029a1e606348: f048 b870 | cf7b 13fa | 7f00 00ff 

  0x0000029a1e606354: ;   {section_word}
  0x0000029a1e606354: d0f4 49ba | 5663 601e | 9a02 0000 

  0x0000029a1e606360: ;   {runtime_call DeoptimizationBlob}
  0x0000029a1e606360: 4152 e939 | e323 07f4 
[/MachCode]


---------------  P R O C E S S  ---------------

Threads class SMR info:
_java_thread_list=0x0000029a395ecb60, length=28, elements={
0x0000029a1b246ac0, 0x0000029a32b11320, 0x0000029a32b151d0, 0x0000029a32b16b50,
0x0000029a32b4b150, 0x0000029a32b4b7c0, 0x0000029a32b4f520, 0x0000029a32b31190,
0x0000029a32b34e50, 0x0000029a32b52710, 0x0000029a3700b890, 0x0000029a381fb150,
0x0000029a38337160, 0x0000029a37e55a20, 0x0000029a38eab4e0, 0x0000029a38eaa130,
0x0000029a38eaae50, 0x0000029a38ea86f0, 0x0000029a38eaa7c0, 0x0000029a38ea9aa0,
0x0000029a38ea9410, 0x0000029a38ea8d80, 0x0000029a393a6f60, 0x0000029a393a8310,
0x0000029a393a89a0, 0x0000029a393a9030, 0x0000029a393a5bb0, 0x0000029a393a75f0
}

Java Threads: ( => current thread )
  0x0000029a1b246ac0 JavaThread "main"                              [_thread_blocked, id=49400, stack(0x000000d445d00000,0x000000d445e00000) (1024K)]
  0x0000029a32b11320 JavaThread "Common-Cleaner"             daemon [_thread_blocked, id=47376, stack(0x000000d446500000,0x000000d446600000) (1024K)]
  0x0000029a32b151d0 JavaThread "Reference Handler"          daemon [_thread_blocked, id=51396, stack(0x000000d446600000,0x000000d446700000) (1024K)]
  0x0000029a32b16b50 JavaThread "Finalizer"                  daemon [_thread_blocked, id=51852, stack(0x000000d446700000,0x000000d446800000) (1024K)]
  0x0000029a32b4b150 JavaThread "Signal Dispatcher"          daemon [_thread_blocked, id=20688, stack(0x000000d446800000,0x000000d446900000) (1024K)]
  0x0000029a32b4b7c0 JavaThread "Attach Listener"            daemon [_thread_blocked, id=3912, stack(0x000000d446900000,0x000000d446a00000) (1024K)]
  0x0000029a32b4f520 JavaThread "Service Thread"             daemon [_thread_blocked, id=16864, stack(0x000000d446a00000,0x000000d446b00000) (1024K)]
  0x0000029a32b31190 JavaThread "Monitor Deflation Thread"   daemon [_thread_blocked, id=19172, stack(0x000000d446b00000,0x000000d446c00000) (1024K)]
  0x0000029a32b34e50 JavaThread "C2 CompilerThread0"         daemon [_thread_blocked, id=19176, stack(0x000000d446c00000,0x000000d446d00000) (1024K)]
  0x0000029a32b52710 JavaThread "C1 CompilerThread0"         daemon [_thread_blocked, id=51856, stack(0x000000d446d00000,0x000000d446e00000) (1024K)]
  0x0000029a3700b890 JavaThread "Notification Thread"        daemon [_thread_blocked, id=19792, stack(0x000000d446e00000,0x000000d446f00000) (1024K)]
  0x0000029a381fb150 JavaThread "C1 CompilerThread1"         daemon [_thread_blocked, id=19588, stack(0x000000d447400000,0x000000d447500000) (1024K)]
  0x0000029a38337160 JavaThread "C1 CompilerThread2"         daemon [_thread_blocked, id=20348, stack(0x000000d447500000,0x000000d447600000) (1024K)]
  0x0000029a37e55a20 JavaThread "C1 CompilerThread3"         daemon [_thread_blocked, id=43200, stack(0x000000d447700000,0x000000d447800000) (1024K)]
  0x0000029a38eab4e0 JavaThread "Daemon health stats"               [_thread_blocked, id=49096, stack(0x000000d447800000,0x000000d447900000) (1024K)]
  0x0000029a38eaa130 JavaThread "Incoming local TCP Connector on port 51660"        [_thread_in_native, id=20404, stack(0x000000d447900000,0x000000d447a00000) (1024K)]
  0x0000029a38eaae50 JavaThread "Daemon periodic checks"            [_thread_blocked, id=18136, stack(0x000000d447a00000,0x000000d447b00000) (1024K)]
  0x0000029a38ea86f0 JavaThread "Daemon"                            [_thread_blocked, id=11952, stack(0x000000d447b00000,0x000000d447c00000) (1024K)]
  0x0000029a38eaa7c0 JavaThread "Handler for socket connection from /127.0.0.1:51660 to /127.0.0.1:51661"        [_thread_in_native, id=11948, stack(0x000000d447c00000,0x000000d447d00000) (1024K)]
  0x0000029a38ea9aa0 JavaThread "Cancel handler"                    [_thread_blocked, id=26084, stack(0x000000d447600000,0x000000d447700000) (1024K)]
=>0x0000029a38ea9410 JavaThread "Daemon worker"                     [_thread_in_vm, id=52036, stack(0x000000d447d00000,0x000000d447e00000) (1024K)]
  0x0000029a38ea8d80 JavaThread "Asynchronous log dispatcher for DefaultDaemonConnection: socket connection from /127.0.0.1:51660 to /127.0.0.1:51661"        [_thread_blocked, id=20440, stack(0x000000d447e00000,0x000000d447f00000) (1024K)]
  0x0000029a393a6f60 JavaThread "Stdin handler"                     [_thread_blocked, id=47940, stack(0x000000d447f00000,0x000000d448000000) (1024K)]
  0x0000029a393a8310 JavaThread "Daemon client event forwarder"        [_thread_blocked, id=51604, stack(0x000000d448000000,0x000000d448100000) (1024K)]
  0x0000029a393a89a0 JavaThread "Cache worker for journal cache (C:\Users\admoi\.gradle\caches\journal-1)"        [_thread_blocked, id=52552, stack(0x000000d448a00000,0x000000d448b00000) (1024K)]
  0x0000029a393a9030 JavaThread "File lock request listener"        [_thread_in_native, id=52560, stack(0x000000d448b00000,0x000000d448c00000) (1024K)]
  0x0000029a393a5bb0 JavaThread "Cache worker for file hash cache (C:\Users\admoi\.gradle\caches\8.14.3\fileHashes)"        [_thread_blocked, id=52632, stack(0x000000d448c00000,0x000000d448d00000) (1024K)]
  0x0000029a393a75f0 JavaThread "File lock release action executor"        [_thread_blocked, id=52796, stack(0x000000d448d00000,0x000000d448e00000) (1024K)]
Total: 28

Other Threads:
  0x0000029a32a9cd90 VMThread "VM Thread"                           [id=30448, stack(0x000000d446400000,0x000000d446500000) (1024K)]
  0x0000029a32a919e0 WatcherThread "VM Periodic Task Thread"        [id=52068, stack(0x000000d446300000,0x000000d446400000) (1024K)]
  0x0000029a1b28e980 WorkerThread "GC Thread#0"                     [id=46732, stack(0x000000d445e00000,0x000000d445f00000) (1024K)]
  0x0000029a372c0750 WorkerThread "GC Thread#1"                     [id=21164, stack(0x000000d446f00000,0x000000d447000000) (1024K)]
  0x0000029a371e40c0 WorkerThread "GC Thread#2"                     [id=21168, stack(0x000000d447000000,0x000000d447100000) (1024K)]
  0x0000029a372c3730 WorkerThread "GC Thread#3"                     [id=21172, stack(0x000000d447100000,0x000000d447200000) (1024K)]
  0x0000029a372c3ad0 WorkerThread "GC Thread#4"                     [id=21176, stack(0x000000d447200000,0x000000d447300000) (1024K)]
  0x0000029a372c3e70 WorkerThread "GC Thread#5"                     [id=21184, stack(0x000000d447300000,0x000000d447400000) (1024K)]
  0x0000029a390edfe0 WorkerThread "GC Thread#6"                     [id=51592, stack(0x000000d448100000,0x000000d448200000) (1024K)]
  0x0000029a390ee380 WorkerThread "GC Thread#7"                     [id=49728, stack(0x000000d448200000,0x000000d448300000) (1024K)]
  0x0000029a390ee720 WorkerThread "GC Thread#8"                     [id=50976, stack(0x000000d448300000,0x000000d448400000) (1024K)]
  0x0000029a390ecdc0 WorkerThread "GC Thread#9"                     [id=51500, stack(0x000000d448400000,0x000000d448500000) (1024K)]
  0x0000029a390ed160 WorkerThread "GC Thread#10"                    [id=52148, stack(0x000000d448500000,0x000000d448600000) (1024K)]
  0x0000029a32deee30 WorkerThread "GC Thread#11"                    [id=51792, stack(0x000000d448600000,0x000000d448700000) (1024K)]
  0x0000029a32df1270 WorkerThread "GC Thread#12"                    [id=51332, stack(0x000000d448700000,0x000000d448800000) (1024K)]
  0x0000029a1b29b9d0 ConcurrentGCThread "G1 Main Marker"            [id=41544, stack(0x000000d445f00000,0x000000d446000000) (1024K)]
  0x0000029a1b29df70 WorkerThread "G1 Conc#0"                       [id=25732, stack(0x000000d446000000,0x000000d446100000) (1024K)]
  0x0000029a32df0050 WorkerThread "G1 Conc#1"                       [id=19924, stack(0x000000d448800000,0x000000d448900000) (1024K)]
  0x0000029a32def1d0 WorkerThread "G1 Conc#2"                       [id=51596, stack(0x000000d448900000,0x000000d448a00000) (1024K)]
  0x0000029a328ff3a0 ConcurrentGCThread "G1 Refine#0"               [id=1556, stack(0x000000d446100000,0x000000d446200000) (1024K)]
  0x0000029a328ff7d0 ConcurrentGCThread "G1 Service"                [id=49952, stack(0x000000d446200000,0x000000d446300000) (1024K)]
Total: 21

Threads with active compile tasks:
Total: 0

VM state: not at safepoint (normal execution)

VM Mutex/Monitor currently owned by a thread:  ([mutex/lock_event])
[0x00007ffa13d46490] Metaspace_lock - owner thread: 0x0000029a38ea9410

Heap address: 0x00000000a0000000, size: 1536 MB, Compressed Oops mode: 32-bit

CDS archive(s) not mapped
Compressed class space mapped at: 0x0000000100000000-0x0000000140000000, reserved size: 1073741824
Narrow klass base: 0x0000000000000000, Narrow klass shift: 3, Narrow klass range: 0x140000000

GC Precious Log:
 CardTable entry size: 512
 Card Set container configuration: InlinePtr #cards 5 size 8 Array Of Cards #cards 12 size 40 Howl #buckets 4 coarsen threshold 1843 Howl Bitmap #cards 512 size 80 coarsen threshold 460 Card regions per heap region 1 cards per card region 2048
 CPUs: 16 total, 16 available
 Memory: 16051M
 Large Page Support: Disabled
 NUMA Support: Disabled
 Compressed Oops: Enabled (32-bit)
 Heap Region Size: 1M
 Heap Min Capacity: 8M
 Heap Initial Capacity: 252M
 Heap Max Capacity: 1536M
 Pre-touch: Disabled
 Parallel Workers: 13
 Concurrent Workers: 3
 Concurrent Refinement Workers: 13
 Periodic GC: Disabled

Heap:
 garbage-first heap   total 71680K, used 63996K [0x00000000a0000000, 0x0000000100000000)
  region size 1024K, 59 young (60416K), 14 survivors (14336K)
 Metaspace       used 28435K, committed 28864K, reserved 1114112K
  class space    used 3633K, committed 3840K, reserved 1048576K

Heap Regions: E=young(eden), S=young(survivor), O=old, HS=humongous(starts), HC=humongous(continues), CS=collection set, F=free, TAMS=top-at-mark-start, PB=parsable bottom
|   0|0x00000000a0000000, 0x00000000a0100000, 0x00000000a0100000|100%|HS|  |TAMS 0x00000000a0000000| PB 0x00000000a0000000| Complete 
|   1|0x00000000a0100000, 0x00000000a0200000, 0x00000000a0200000|100%|HC|  |TAMS 0x00000000a0100000| PB 0x00000000a0100000| Complete 
|   2|0x00000000a0200000, 0x00000000a0300000, 0x00000000a0300000|100%|HC|  |TAMS 0x00000000a0200000| PB 0x00000000a0200000| Complete 
|   3|0x00000000a0300000, 0x00000000a0400000, 0x00000000a0400000|100%| O|  |TAMS 0x00000000a0300000| PB 0x00000000a0300000| Untracked 
|   4|0x00000000a0400000, 0x00000000a0500000, 0x00000000a0500000|100%| O|  |TAMS 0x00000000a0400000| PB 0x00000000a0400000| Untracked 
|   5|0x00000000a0500000, 0x00000000a0515290, 0x00000000a0600000|  8%| O|Cm|TAMS 0x00000000a0500000| PB 0x00000000a0500000| Complete 
|   6|0x00000000a0600000, 0x00000000a0700000, 0x00000000a0700000|100%|HS|  |TAMS 0x00000000a0600000| PB 0x00000000a0600000| Complete 
|   7|0x00000000a0700000, 0x00000000a0700000, 0x00000000a0800000|  0%| F|  |TAMS 0x00000000a0700000| PB 0x00000000a0700000| Untracked 
|   8|0x00000000a0800000, 0x00000000a0800000, 0x00000000a0900000|  0%| F|  |TAMS 0x00000000a0800000| PB 0x00000000a0800000| Untracked 
|   9|0x00000000a0900000, 0x00000000a0900000, 0x00000000a0a00000|  0%| F|  |TAMS 0x00000000a0900000| PB 0x00000000a0900000| Untracked 
|  10|0x00000000a0a00000, 0x00000000a0a00000, 0x00000000a0b00000|  0%| F|  |TAMS 0x00000000a0a00000| PB 0x00000000a0a00000| Untracked 
|  11|0x00000000a0b00000, 0x00000000a0bfa128, 0x00000000a0c00000| 97%| E|  |TAMS 0x00000000a0b00000| PB 0x00000000a0b00000| Complete 
|  12|0x00000000a0c00000, 0x00000000a0d00000, 0x00000000a0d00000|100%| E|CS|TAMS 0x00000000a0c00000| PB 0x00000000a0c00000| Complete 
|  13|0x00000000a0d00000, 0x00000000a0e00000, 0x00000000a0e00000|100%| E|CS|TAMS 0x00000000a0d00000| PB 0x00000000a0d00000| Complete 
|  14|0x00000000a0e00000, 0x00000000a0f00000, 0x00000000a0f00000|100%| E|  |TAMS 0x00000000a0e00000| PB 0x00000000a0e00000| Complete 
|  15|0x00000000a0f00000, 0x00000000a1000000, 0x00000000a1000000|100%| E|CS|TAMS 0x00000000a0f00000| PB 0x00000000a0f00000| Complete 
|  16|0x00000000a1000000, 0x00000000a1100000, 0x00000000a1100000|100%| E|CS|TAMS 0x00000000a1000000| PB 0x00000000a1000000| Complete 
|  17|0x00000000a1100000, 0x00000000a1200000, 0x00000000a1200000|100%| E|CS|TAMS 0x00000000a1100000| PB 0x00000000a1100000| Complete 
|  18|0x00000000a1200000, 0x00000000a1300000, 0x00000000a1300000|100%| E|CS|TAMS 0x00000000a1200000| PB 0x00000000a1200000| Complete 
|  19|0x00000000a1300000, 0x00000000a1400000, 0x00000000a1400000|100%| E|CS|TAMS 0x00000000a1300000| PB 0x00000000a1300000| Complete 
|  20|0x00000000a1400000, 0x00000000a1500000, 0x00000000a1500000|100%| E|CS|TAMS 0x00000000a1400000| PB 0x00000000a1400000| Complete 
|  21|0x00000000a1500000, 0x00000000a1600000, 0x00000000a1600000|100%| E|CS|TAMS 0x00000000a1500000| PB 0x00000000a1500000| Complete 
|  22|0x00000000a1600000, 0x00000000a1700000, 0x00000000a1700000|100%| E|CS|TAMS 0x00000000a1600000| PB 0x00000000a1600000| Complete 
|  23|0x00000000a1700000, 0x00000000a1800000, 0x00000000a1800000|100%| E|CS|TAMS 0x00000000a1700000| PB 0x00000000a1700000| Complete 
|  24|0x00000000a1800000, 0x00000000a1900000, 0x00000000a1900000|100%| E|CS|TAMS 0x00000000a1800000| PB 0x00000000a1800000| Complete 
|  25|0x00000000a1900000, 0x00000000a1a00000, 0x00000000a1a00000|100%| E|CS|TAMS 0x00000000a1900000| PB 0x00000000a1900000| Complete 
|  26|0x00000000a1a00000, 0x00000000a1b00000, 0x00000000a1b00000|100%| E|CS|TAMS 0x00000000a1a00000| PB 0x00000000a1a00000| Complete 
|  27|0x00000000a1b00000, 0x00000000a1c00000, 0x00000000a1c00000|100%| E|CS|TAMS 0x00000000a1b00000| PB 0x00000000a1b00000| Complete 
|  28|0x00000000a1c00000, 0x00000000a1d00000, 0x00000000a1d00000|100%| E|CS|TAMS 0x00000000a1c00000| PB 0x00000000a1c00000| Complete 
|  29|0x00000000a1d00000, 0x00000000a1e00000, 0x00000000a1e00000|100%| E|CS|TAMS 0x00000000a1d00000| PB 0x00000000a1d00000| Complete 
|  30|0x00000000a1e00000, 0x00000000a1f00000, 0x00000000a1f00000|100%| E|CS|TAMS 0x00000000a1e00000| PB 0x00000000a1e00000| Complete 
|  31|0x00000000a1f00000, 0x00000000a2000000, 0x00000000a2000000|100%| E|CS|TAMS 0x00000000a1f00000| PB 0x00000000a1f00000| Complete 
|  32|0x00000000a2000000, 0x00000000a2100000, 0x00000000a2100000|100%| E|CS|TAMS 0x00000000a2000000| PB 0x00000000a2000000| Complete 
|  33|0x00000000a2100000, 0x00000000a2200000, 0x00000000a2200000|100%| E|CS|TAMS 0x00000000a2100000| PB 0x00000000a2100000| Complete 
|  34|0x00000000a2200000, 0x00000000a2300000, 0x00000000a2300000|100%| E|CS|TAMS 0x00000000a2200000| PB 0x00000000a2200000| Complete 
|  35|0x00000000a2300000, 0x00000000a2400000, 0x00000000a2400000|100%| E|CS|TAMS 0x00000000a2300000| PB 0x00000000a2300000| Complete 
|  36|0x00000000a2400000, 0x00000000a2500000, 0x00000000a2500000|100%| E|CS|TAMS 0x00000000a2400000| PB 0x00000000a2400000| Complete 
|  37|0x00000000a2500000, 0x00000000a2600000, 0x00000000a2600000|100%| E|CS|TAMS 0x00000000a2500000| PB 0x00000000a2500000| Complete 
|  38|0x00000000a2600000, 0x00000000a2700000, 0x00000000a2700000|100%| E|CS|TAMS 0x00000000a2600000| PB 0x00000000a2600000| Complete 
|  39|0x00000000a2700000, 0x00000000a2800000, 0x00000000a2800000|100%| E|CS|TAMS 0x00000000a2700000| PB 0x00000000a2700000| Complete 
|  40|0x00000000a2800000, 0x00000000a2900000, 0x00000000a2900000|100%| E|CS|TAMS 0x00000000a2800000| PB 0x00000000a2800000| Complete 
|  41|0x00000000a2900000, 0x00000000a2a00000, 0x00000000a2a00000|100%| E|CS|TAMS 0x00000000a2900000| PB 0x00000000a2900000| Complete 
|  42|0x00000000a2a00000, 0x00000000a2b00000, 0x00000000a2b00000|100%| E|CS|TAMS 0x00000000a2a00000| PB 0x00000000a2a00000| Complete 
|  43|0x00000000a2b00000, 0x00000000a2c00000, 0x00000000a2c00000|100%| E|CS|TAMS 0x00000000a2b00000| PB 0x00000000a2b00000| Complete 
|  44|0x00000000a2c00000, 0x00000000a2d00000, 0x00000000a2d00000|100%| E|CS|TAMS 0x00000000a2c00000| PB 0x00000000a2c00000| Complete 
|  45|0x00000000a2d00000, 0x00000000a2e00000, 0x00000000a2e00000|100%| E|CS|TAMS 0x00000000a2d00000| PB 0x00000000a2d00000| Complete 
|  46|0x00000000a2e00000, 0x00000000a2f00000, 0x00000000a2f00000|100%| E|CS|TAMS 0x00000000a2e00000| PB 0x00000000a2e00000| Complete 
|  47|0x00000000a2f00000, 0x00000000a3000000, 0x00000000a3000000|100%| E|CS|TAMS 0x00000000a2f00000| PB 0x00000000a2f00000| Complete 
|  48|0x00000000a3000000, 0x00000000a3100000, 0x00000000a3100000|100%| E|CS|TAMS 0x00000000a3000000| PB 0x00000000a3000000| Complete 
|  49|0x00000000a3100000, 0x00000000a3200000, 0x00000000a3200000|100%| E|CS|TAMS 0x00000000a3100000| PB 0x00000000a3100000| Complete 
|  50|0x00000000a3200000, 0x00000000a3300000, 0x00000000a3300000|100%| E|CS|TAMS 0x00000000a3200000| PB 0x00000000a3200000| Complete 
|  51|0x00000000a3300000, 0x00000000a3400000, 0x00000000a3400000|100%| E|CS|TAMS 0x00000000a3300000| PB 0x00000000a3300000| Complete 
|  52|0x00000000a3400000, 0x00000000a3500000, 0x00000000a3500000|100%| E|CS|TAMS 0x00000000a3400000| PB 0x00000000a3400000| Complete 
|  53|0x00000000a3500000, 0x00000000a3600000, 0x00000000a3600000|100%| E|CS|TAMS 0x00000000a3500000| PB 0x00000000a3500000| Complete 
|  54|0x00000000a3600000, 0x00000000a3700000, 0x00000000a3700000|100%| E|CS|TAMS 0x00000000a3600000| PB 0x00000000a3600000| Complete 
|  88|0x00000000a5800000, 0x00000000a586a080, 0x00000000a5900000| 41%| S|CS|TAMS 0x00000000a5800000| PB 0x00000000a5800000| Complete 
|  89|0x00000000a5900000, 0x00000000a5a00000, 0x00000000a5a00000|100%| S|CS|TAMS 0x00000000a5900000| PB 0x00000000a5900000| Complete 
|  90|0x00000000a5a00000, 0x00000000a5b00000, 0x00000000a5b00000|100%| S|CS|TAMS 0x00000000a5a00000| PB 0x00000000a5a00000| Complete 
|  91|0x00000000a5b00000, 0x00000000a5c00000, 0x00000000a5c00000|100%| S|CS|TAMS 0x00000000a5b00000| PB 0x00000000a5b00000| Complete 
|  92|0x00000000a5c00000, 0x00000000a5d00000, 0x00000000a5d00000|100%| S|CS|TAMS 0x00000000a5c00000| PB 0x00000000a5c00000| Complete 
|  93|0x00000000a5d00000, 0x00000000a5e00000, 0x00000000a5e00000|100%| S|CS|TAMS 0x00000000a5d00000| PB 0x00000000a5d00000| Complete 
|  94|0x00000000a5e00000, 0x00000000a5f00000, 0x00000000a5f00000|100%| S|CS|TAMS 0x00000000a5e00000| PB 0x00000000a5e00000| Complete 
|  95|0x00000000a5f00000, 0x00000000a6000000, 0x00000000a6000000|100%| S|CS|TAMS 0x00000000a5f00000| PB 0x00000000a5f00000| Complete 
|  96|0x00000000a6000000, 0x00000000a6100000, 0x00000000a6100000|100%| S|CS|TAMS 0x00000000a6000000| PB 0x00000000a6000000| Complete 
|  97|0x00000000a6100000, 0x00000000a6200000, 0x00000000a6200000|100%| S|CS|TAMS 0x00000000a6100000| PB 0x00000000a6100000| Complete 
|  98|0x00000000a6200000, 0x00000000a6300000, 0x00000000a6300000|100%| S|CS|TAMS 0x00000000a6200000| PB 0x00000000a6200000| Complete 
|  99|0x00000000a6300000, 0x00000000a6400000, 0x00000000a6400000|100%| S|CS|TAMS 0x00000000a6300000| PB 0x00000000a6300000| Complete 
| 100|0x00000000a6400000, 0x00000000a6500000, 0x00000000a6500000|100%| S|CS|TAMS 0x00000000a6400000| PB 0x00000000a6400000| Complete 
| 101|0x00000000a6500000, 0x00000000a6600000, 0x00000000a6600000|100%| S|CS|TAMS 0x00000000a6500000| PB 0x00000000a6500000| Complete 
| 251|0x00000000afb00000, 0x00000000afc00000, 0x00000000afc00000|100%| E|CS|TAMS 0x00000000afb00000| PB 0x00000000afb00000| Complete 

Card table byte_map: [0x0000029a2df20000,0x0000029a2e220000] _byte_map_base: 0x0000029a2da20000

Marking Bits: (CMBitMap*) 0x0000029a1b28ef90
 Bits: [0x0000029a2e220000, 0x0000029a2fa20000)

Polling page: 0x0000029a1aa00000

Metaspace:

Usage:
  Non-class:     24.22 MB used.
      Class:      3.55 MB used.
       Both:     27.77 MB used.

Virtual space:
  Non-class space:       64.00 MB reserved,      24.44 MB ( 38%) committed,  1 nodes.
      Class space:        1.00 GB reserved,       3.75 MB ( <1%) committed,  1 nodes.
             Both:        1.06 GB reserved,      28.19 MB (  3%) committed. 

Chunk freelists:
   Non-Class:  6.92 MB
       Class:  12.30 MB
        Both:  19.22 MB

MaxMetaspaceSize: unlimited
CompressedClassSpaceSize: 1.00 GB
Initial GC threshold: 21.00 MB
Current GC threshold: 35.12 MB
CDS: off
 - commit_granule_bytes: 65536.
 - commit_granule_words: 8192.
 - virtual_space_node_default_size: 8388608.
 - enlarge_chunks_in_place: 1.
 - use_allocation_guard: 0.


Internal statistics:

num_allocs_failed_limit: 3.
num_arena_births: 638.
num_arena_deaths: 0.
num_vsnodes_births: 2.
num_vsnodes_deaths: 0.
num_space_committed: 451.
num_space_uncommitted: 0.
num_chunks_returned_to_freelist: 3.
num_chunks_taken_from_freelist: 1336.
num_chunk_merges: 3.
num_chunk_splits: 872.
num_chunks_enlarged: 586.
num_inconsistent_stats: 0.

CodeHeap 'non-profiled nmethods': size=119168Kb used=2001Kb max_used=2001Kb free=117166Kb
 bounds [0x0000029a25f40000, 0x0000029a261b0000, 0x0000029a2d3a0000]
CodeHeap 'profiled nmethods': size=119104Kb used=6799Kb max_used=6799Kb free=112304Kb
 bounds [0x0000029a1e3a0000, 0x0000029a1ea50000, 0x0000029a257f0000]
CodeHeap 'non-nmethods': size=7488Kb used=3092Kb max_used=3141Kb free=4395Kb
 bounds [0x0000029a257f0000, 0x0000029a25b10000, 0x0000029a25f40000]
CodeCache: size=245760Kb, used=11892Kb, max_used=11941Kb, free=233865Kb
 total_blobs=4000, nmethods=3421, adapters=480, full_count=0
Compilation: enabled, stopped_count=0, restarted_count=0

Compilation events (20 events):
Event: 8.472 Thread 0x0000029a381fb150 nmethod 3410 0x0000029a1ea3f490 code [0x0000029a1ea3f9a0, 0x0000029a1ea41c28]
Event: 8.526 Thread 0x0000029a38337160 3412       3       java.lang.ClassLoader::findBootstrapClassOrNull (14 bytes)
Event: 8.527 Thread 0x0000029a38337160 nmethod 3412 0x0000029a1ea42c10 code [0x0000029a1ea42de0, 0x0000029a1ea42f98]
Event: 8.560 Thread 0x0000029a32b52710 3414       3       java.util.concurrent.locks.AbstractQueuedSynchronizer$ConditionObject::canReacquire (38 bytes)
Event: 8.560 Thread 0x0000029a32b52710 nmethod 3414 0x0000029a1ea43090 code [0x0000029a1ea43260, 0x0000029a1ea435a8]
Event: 8.575 Thread 0x0000029a37e55a20 3415       3       jdk.internal.misc.Unsafe::putReferenceOpaque (9 bytes)
Event: 8.576 Thread 0x0000029a37e55a20 nmethod 3415 0x0000029a1ea43710 code [0x0000029a1ea438a0, 0x0000029a1ea43a00]
Event: 8.594 Thread 0x0000029a32b34e50 nmethod 3348 0x0000029a2611f010 code [0x0000029a2611fae0, 0x0000029a261285d8]
Event: 8.595 Thread 0x0000029a32b34e50 3409       4       java.util.ArrayList::indexOfRange (71 bytes)
Event: 8.597 Thread 0x0000029a32b34e50 nmethod 3409 0x0000029a2612cf90 code [0x0000029a2612d120, 0x0000029a2612d280]
Event: 8.597 Thread 0x0000029a32b34e50 3374       4       jdk.internal.org.objectweb.asm.SymbolTable::addConstantMemberReference (147 bytes)
Event: 8.667 Thread 0x0000029a32b34e50 nmethod 3374 0x0000029a2612db90 code [0x0000029a2612df20, 0x0000029a261307b0]
Event: 8.667 Thread 0x0000029a32b34e50 3338       4       java.lang.invoke.InvokerBytecodeGenerator::emitPushArgument (150 bytes)
Event: 8.675 Thread 0x0000029a32b34e50 nmethod 3338 0x0000029a26131d90 code [0x0000029a26132000, 0x0000029a26132918]
Event: 8.675 Thread 0x0000029a32b34e50 3413   !   4       java.security.AccessController::doPrivileged (26 bytes)
Event: 8.676 Thread 0x0000029a32b34e50 nmethod 3413 0x0000029a26133110 code [0x0000029a261332c0, 0x0000029a26133400]
Event: 8.677 Thread 0x0000029a32b52710 3418       3       java.util.concurrent.locks.LockSupport::setBlocker (12 bytes)
Event: 8.678 Thread 0x0000029a32b52710 nmethod 3418 0x0000029a1ea43a90 code [0x0000029a1ea43c40, 0x0000029a1ea43e38]
Event: 8.731 Thread 0x0000029a32b34e50 3419       4       jdk.internal.perf.PerfCounter::addElapsedTimeFrom (10 bytes)
Event: 8.734 Thread 0x0000029a32b34e50 nmethod 3419 0x0000029a26133590 code [0x0000029a26133720, 0x0000029a261339a8]

GC Heap History (6 events):
Event: 0.679 GC heap before
{Heap before GC invocations=0 (full 0):
 garbage-first heap   total 258048K, used 23552K [0x00000000a0000000, 0x0000000100000000)
  region size 1024K, 23 young (23552K), 0 survivors (0K)
 Metaspace       used 7900K, committed 8000K, reserved 1114112K
  class space    used 736K, committed 768K, reserved 1048576K
}
Event: 0.682 GC heap after
{Heap after GC invocations=1 (full 0):
 garbage-first heap   total 258048K, used 1370K [0x00000000a0000000, 0x0000000100000000)
  region size 1024K, 2 young (2048K), 2 survivors (2048K)
 Metaspace       used 7900K, committed 8000K, reserved 1114112K
  class space    used 736K, committed 768K, reserved 1048576K
}
Event: 1.765 GC heap before
{Heap before GC invocations=1 (full 0):
 garbage-first heap   total 258048K, used 41306K [0x00000000a0000000, 0x0000000100000000)
  region size 1024K, 39 young (39936K), 2 survivors (2048K)
 Metaspace       used 11675K, committed 11840K, reserved 1114112K
  class space    used 1260K, committed 1344K, reserved 1048576K
}
Event: 1.770 GC heap after
{Heap after GC invocations=2 (full 0):
 garbage-first heap   total 258048K, used 10324K [0x00000000a0000000, 0x0000000100000000)
  region size 1024K, 5 young (5120K), 5 survivors (5120K)
 Metaspace       used 11675K, committed 11840K, reserved 1114112K
  class space    used 1260K, committed 1344K, reserved 1048576K
}
Event: 5.913 GC heap before
{Heap before GC invocations=2 (full 0):
 garbage-first heap   total 258048K, used 158804K [0x00000000a0000000, 0x0000000100000000)
  region size 1024K, 150 young (153600K), 5 survivors (5120K)
 Metaspace       used 21184K, committed 21504K, reserved 1114112K
  class space    used 2487K, committed 2624K, reserved 1048576K
}
Event: 5.922 GC heap after
{Heap after GC invocations=3 (full 0):
 garbage-first heap   total 258048K, used 19964K [0x00000000a0000000, 0x0000000100000000)
  region size 1024K, 14 young (14336K), 14 survivors (14336K)
 Metaspace       used 21184K, committed 21504K, reserved 1114112K
  class space    used 2487K, committed 2624K, reserved 1048576K
}

Dll operation events (3 events):
Event: 0.010 Loaded shared library C:\Program Files\Android\Android Studio\jbr\bin\java.dll
Event: 0.017 Loaded shared library C:\Program Files\Android\Android Studio\jbr\bin\zip.dll
Event: 1.260 Loaded shared library C:\Program Files\Android\Android Studio\jbr\bin\verify.dll

Deoptimization events (20 events):
Event: 7.783 Thread 0x0000029a38ea9410 DEOPT PACKING pc=0x0000029a25f8f904 sp=0x000000d447dfb2d0
Event: 7.783 Thread 0x0000029a38ea9410 DEOPT UNPACKING pc=0x0000029a258443a2 sp=0x000000d447dfb2a0 mode 2
Event: 7.923 Thread 0x0000029a38ea9410 Uncommon trap: trap_request=0xffffff45 fr.pc=0x0000029a25f8cf10 relative=0x00000000000000f0
Event: 7.923 Thread 0x0000029a38ea9410 Uncommon trap: reason=unstable_if action=reinterpret pc=0x0000029a25f8cf10 method=java.util.HashMap.hash(Ljava/lang/Object;)I @ 1 c2
Event: 7.923 Thread 0x0000029a38ea9410 DEOPT PACKING pc=0x0000029a25f8cf10 sp=0x000000d447dfc370
Event: 7.923 Thread 0x0000029a38ea9410 DEOPT UNPACKING pc=0x0000029a258443a2 sp=0x000000d447dfc2b0 mode 2
Event: 8.026 Thread 0x0000029a38ea9410 DEOPT PACKING pc=0x0000029a1e916922 sp=0x000000d447df88b0
Event: 8.026 Thread 0x0000029a38ea9410 DEOPT UNPACKING pc=0x0000029a25844b42 sp=0x000000d447df7dc0 mode 0
Event: 8.061 Thread 0x0000029a38ea9410 Uncommon trap: trap_request=0xffffff45 fr.pc=0x0000029a26022994 relative=0x0000000000000654
Event: 8.061 Thread 0x0000029a38ea9410 Uncommon trap: reason=unstable_if action=reinterpret pc=0x0000029a26022994 method=java.util.ArrayList.grow(I)[Ljava/lang/Object; @ 17 c2
Event: 8.061 Thread 0x0000029a38ea9410 DEOPT PACKING pc=0x0000029a26022994 sp=0x000000d447dfd290
Event: 8.061 Thread 0x0000029a38ea9410 DEOPT UNPACKING pc=0x0000029a258443a2 sp=0x000000d447dfd248 mode 2
Event: 8.253 Thread 0x0000029a38ea9410 DEOPT PACKING pc=0x0000029a1e916922 sp=0x000000d447dfc970
Event: 8.253 Thread 0x0000029a38ea9410 DEOPT UNPACKING pc=0x0000029a25844b42 sp=0x000000d447dfbe80 mode 0
Event: 8.374 Thread 0x0000029a38ea9410 Uncommon trap: trap_request=0xfffffff4 fr.pc=0x0000029a25ffd65c relative=0x00000000000000bc
Event: 8.374 Thread 0x0000029a38ea9410 Uncommon trap: reason=null_check action=make_not_entrant pc=0x0000029a25ffd65c method=java.io.File.equals(Ljava/lang/Object;)Z @ 1 c2
Event: 8.374 Thread 0x0000029a38ea9410 DEOPT PACKING pc=0x0000029a25ffd65c sp=0x000000d447dfd500
Event: 8.374 Thread 0x0000029a38ea9410 DEOPT UNPACKING pc=0x0000029a258443a2 sp=0x000000d447dfd498 mode 2
Event: 8.618 Thread 0x0000029a38ea9410 DEOPT PACKING pc=0x0000029a1e916922 sp=0x000000d447dfc0d0
Event: 8.618 Thread 0x0000029a38ea9410 DEOPT UNPACKING pc=0x0000029a25844b42 sp=0x000000d447dfb5e0 mode 0

Classes loaded (20 events):
Event: 8.183 Loading class java/lang/invoke/BoundMethodHandle$Species_LLLLLLLLLLLLLLLLLL
Event: 8.183 Loading class java/lang/invoke/BoundMethodHandle$Species_LLLLLLLLLLLLLLLLLL done
Event: 8.187 Loading class java/lang/invoke/BoundMethodHandle$Species_LLLLLLLLLLLLLLLLLLL
Event: 8.187 Loading class java/lang/invoke/BoundMethodHandle$Species_LLLLLLLLLLLLLLLLLLL done
Event: 8.222 Loading class java/lang/invoke/BoundMethodHandle$Species_LLLLLLLLLLLLLLLLLLLL
Event: 8.222 Loading class java/lang/invoke/BoundMethodHandle$Species_LLLLLLLLLLLLLLLLLLLL done
Event: 8.252 Loading class java/lang/invoke/BoundMethodHandle$Species_LLLLLLLLLLLLLLLLLLLLL
Event: 8.252 Loading class java/lang/invoke/BoundMethodHandle$Species_LLLLLLLLLLLLLLLLLLLLL done
Event: 8.256 Loading class java/lang/invoke/BoundMethodHandle$Species_LLLLLLLLLLLLLLLLLLLLLL
Event: 8.256 Loading class java/lang/invoke/BoundMethodHandle$Species_LLLLLLLLLLLLLLLLLLLLLL done
Event: 8.258 Loading class java/lang/invoke/BoundMethodHandle$Species_LLLLLLLLLLLLLLLLLLLLLLL
Event: 8.258 Loading class java/lang/invoke/BoundMethodHandle$Species_LLLLLLLLLLLLLLLLLLLLLLL done
Event: 8.261 Loading class java/lang/invoke/BoundMethodHandle$Species_LLLLLLLLLLLLLLLLLLLLLLLL
Event: 8.261 Loading class java/lang/invoke/BoundMethodHandle$Species_LLLLLLLLLLLLLLLLLLLLLLLL done
Event: 8.526 Loading class java/util/function/LongFunction
Event: 8.527 Loading class java/util/function/LongFunction done
Event: 8.659 Loading class java/security/InvalidKeyException
Event: 8.659 Loading class java/security/KeyException
Event: 8.659 Loading class java/security/KeyException done
Event: 8.659 Loading class java/security/InvalidKeyException done

Classes unloaded (0 events):
No events

Classes redefined (0 events):
No events

Internal exceptions (20 events):
Event: 7.801 Thread 0x0000029a38ea9410 Exception <a 'java/lang/NoSuchMethodError'{0x00000000a1a431e0}: 'void java.lang.invoke.DirectMethodHandle$Holder.invokeStaticInit(java.lang.Object, java.lang.Object, java.lang.Object, java.lang.Object)'> (0x00000000a1a431e0) 
thrown [s\src\hotspot\share\interpreter\linkResolver.cpp, line 784]
Event: 7.848 Thread 0x0000029a38ea9410 Exception <a 'java/lang/NoSuchMethodError'{0x00000000a19ee600}: 'int java.lang.invoke.DirectMethodHandle$Holder.invokeSpecialIFC(java.lang.Object, java.lang.Object, java.lang.Object, java.lang.Object)'> (0x00000000a19ee600) 
thrown [s\src\hotspot\share\interpreter\linkResolver.cpp, line 784]
Event: 7.852 Thread 0x0000029a38ea9410 Exception <a 'java/lang/IncompatibleClassChangeError'{0x00000000a19fba58}: Found class java.lang.Object, but interface was expected> (0x00000000a19fba58) 
thrown [s\src\hotspot\share\interpreter\linkResolver.cpp, line 851]
Event: 7.923 Thread 0x0000029a38ea9410 Implicit null exception at 0x0000029a25f8ce66 to 0x0000029a25f8cf06
Event: 8.137 Thread 0x0000029a38ea9410 Exception <a 'java/lang/NoSuchMethodError'{0x00000000a148c6c8}: 'java.lang.Object java.lang.invoke.DelegatingMethodHandle$Holder.reinvoke_L(java.lang.Object, java.lang.Object, java.lang.Object, java.lang.Object, java.lang.Object, java.lang.Object, java.lang.Object, java.lang.Object, java.lang.Object, java.lang.Object, java.lang.Object, java.lang.Object, java.lang.Object, java.lang.Object, java.lang.Object, java.lang.Object, java.lang.Object, java.lang.Object, java.lang.Object, java.lang.Object, java.lang.O
Event: 8.170 Thread 0x0000029a38ea9410 Exception <a 'java/lang/NoSuchMethodError'{0x00000000a14fc538}: 'java.lang.Object java.lang.invoke.DirectMethodHandle$Holder.invokeStatic(java.lang.Object, java.lang.Object, java.lang.Object, java.lang.Object, java.lang.Object, java.lang.Object, java.lang.Object, java.lang.Object, java.lang.Object, java.lang.Object, java.lang.Object, java.lang.Object, java.lang.Object, java.lang.Object, java.lang.Object, java.lang.Object, java.lang.Object)'> (0x00000000a14fc538) 
thrown [s\src\hotspot\share\interpreter\lin
Event: 8.175 Thread 0x0000029a38ea9410 Exception <a 'java/lang/NoSuchMethodError'{0x00000000a1325508}: 'java.lang.Object java.lang.invoke.DirectMethodHandle$Holder.invokeStatic(java.lang.Object, java.lang.Object, java.lang.Object, java.lang.Object, java.lang.Object, java.lang.Object, java.lang.Object, java.lang.Object, java.lang.Object, java.lang.Object, java.lang.Object, java.lang.Object, java.lang.Object, java.lang.Object, java.lang.Object, java.lang.Object, java.lang.Object, java.lang.Object)'> (0x00000000a1325508) 
thrown [s\src\hotspot\sha
Event: 8.178 Thread 0x0000029a38ea9410 Exception <a 'java/lang/NoSuchMethodError'{0x00000000a134f9c0}: 'java.lang.Object java.lang.invoke.DirectMethodHandle$Holder.invokeStatic(java.lang.Object, java.lang.Object, java.lang.Object, java.lang.Object, java.lang.Object, java.lang.Object, java.lang.Object, java.lang.Object, java.lang.Object, java.lang.Object, java.lang.Object, java.lang.Object, java.lang.Object, java.lang.Object, java.lang.Object, java.lang.Object, java.lang.Object, java.lang.Object, java.lang.Object)'> (0x00000000a134f9c0) 
thrown 
Event: 8.180 Thread 0x0000029a38ea9410 Exception <a 'java/lang/NoSuchMethodError'{0x00000000a137b298}: 'java.lang.Object java.lang.invoke.DirectMethodHandle$Holder.invokeStatic(java.lang.Object, java.lang.Object, java.lang.Object, java.lang.Object, java.lang.Object, java.lang.Object, java.lang.Object, java.lang.Object, java.lang.Object, java.lang.Object, java.lang.Object, java.lang.Object, java.lang.Object, java.lang.Object, java.lang.Object, java.lang.Object, java.lang.Object, java.lang.Object, java.lang.Object, java.lang.Object)'> (0x00000000
Event: 8.184 Thread 0x0000029a38ea9410 Exception <a 'java/lang/NoSuchMethodError'{0x00000000a13a7b48}: 'java.lang.Object java.lang.invoke.DirectMethodHandle$Holder.invokeStatic(java.lang.Object, java.lang.Object, java.lang.Object, java.lang.Object, java.lang.Object, java.lang.Object, java.lang.Object, java.lang.Object, java.lang.Object, java.lang.Object, java.lang.Object, java.lang.Object, java.lang.Object, java.lang.Object, java.lang.Object, java.lang.Object, java.lang.Object, java.lang.Object, java.lang.Object, java.lang.Object, java.lang.Obj
Event: 8.197 Thread 0x0000029a38ea9410 Exception <a 'java/lang/NoSuchMethodError'{0x00000000a13d5ec0}: 'java.lang.Object java.lang.invoke.DirectMethodHandle$Holder.invokeStatic(java.lang.Object, java.lang.Object, java.lang.Object, java.lang.Object, java.lang.Object, java.lang.Object, java.lang.Object, java.lang.Object, java.lang.Object, java.lang.Object, java.lang.Object, java.lang.Object, java.lang.Object, java.lang.Object, java.lang.Object, java.lang.Object, java.lang.Object, java.lang.Object, java.lang.Object, java.lang.Object, java.lang.Obj
Event: 8.225 Thread 0x0000029a38ea9410 Exception <a 'java/lang/NoSuchMethodError'{0x00000000a12056a8}: 'java.lang.Object java.lang.invoke.DirectMethodHandle$Holder.invokeStatic(java.lang.Object, java.lang.Object, java.lang.Object, java.lang.Object, java.lang.Object, java.lang.Object, java.lang.Object, java.lang.Object, java.lang.Object, java.lang.Object, java.lang.Object, java.lang.Object, java.lang.Object, java.lang.Object, java.lang.Object, java.lang.Object, java.lang.Object, java.lang.Object, java.lang.Object, java.lang.Object, java.lang.Obj
Event: 8.254 Thread 0x0000029a38ea9410 Exception <a 'java/lang/NoSuchMethodError'{0x00000000a123a970}: 'java.lang.Object java.lang.invoke.DirectMethodHandle$Holder.invokeStatic(java.lang.Object, java.lang.Object, java.lang.Object, java.lang.Object, java.lang.Object, java.lang.Object, java.lang.Object, java.lang.Object, java.lang.Object, java.lang.Object, java.lang.Object, java.lang.Object, java.lang.Object, java.lang.Object, java.lang.Object, java.lang.Object, java.lang.Object, java.lang.Object, java.lang.Object, java.lang.Object, java.lang.Obj
Event: 8.257 Thread 0x0000029a38ea9410 Exception <a 'java/lang/NoSuchMethodError'{0x00000000a126b338}: 'java.lang.Object java.lang.invoke.DirectMethodHandle$Holder.invokeStatic(java.lang.Object, java.lang.Object, java.lang.Object, java.lang.Object, java.lang.Object, java.lang.Object, java.lang.Object, java.lang.Object, java.lang.Object, java.lang.Object, java.lang.Object, java.lang.Object, java.lang.Object, java.lang.Object, java.lang.Object, java.lang.Object, java.lang.Object, java.lang.Object, java.lang.Object, java.lang.Object, java.lang.Obj
Event: 8.260 Thread 0x0000029a38ea9410 Exception <a 'java/lang/NoSuchMethodError'{0x00000000a129c4b0}: 'java.lang.Object java.lang.invoke.DirectMethodHandle$Holder.invokeStatic(java.lang.Object, java.lang.Object, java.lang.Object, java.lang.Object, java.lang.Object, java.lang.Object, java.lang.Object, java.lang.Object, java.lang.Object, java.lang.Object, java.lang.Object, java.lang.Object, java.lang.Object, java.lang.Object, java.lang.Object, java.lang.Object, java.lang.Object, java.lang.Object, java.lang.Object, java.lang.Object, java.lang.Obj
Event: 8.268 Thread 0x0000029a38ea9410 Exception <a 'java/lang/NoSuchMethodError'{0x00000000a12cf1b0}: 'java.lang.Object java.lang.invoke.DirectMethodHandle$Holder.invokeStatic(java.lang.Object, java.lang.Object, java.lang.Object, java.lang.Object, java.lang.Object, java.lang.Object, java.lang.Object, java.lang.Object, java.lang.Object, java.lang.Object, java.lang.Object, java.lang.Object, java.lang.Object, java.lang.Object, java.lang.Object, java.lang.Object, java.lang.Object, java.lang.Object, java.lang.Object, java.lang.Object, java.lang.Obj
Event: 8.374 Thread 0x0000029a38ea9410 Exception <a 'sun/nio/fs/WindowsException'{0x00000000a11f4960}> (0x00000000a11f4960) 
thrown [s\src\hotspot\share\prims\jni.cpp, line 537]
Event: 8.374 Thread 0x0000029a38ea9410 Exception <a 'sun/nio/fs/WindowsException'{0x00000000a11f5888}> (0x00000000a11f5888) 
thrown [s\src\hotspot\share\prims\jni.cpp, line 537]
Event: 8.374 Thread 0x0000029a38ea9410 Exception <a 'sun/nio/fs/WindowsException'{0x00000000a11f67b0}> (0x00000000a11f67b0) 
thrown [s\src\hotspot\share\prims\jni.cpp, line 537]
Event: 8.374 Thread 0x0000029a38ea9410 Implicit null exception at 0x0000029a25ffd5dd to 0x0000029a25ffd64d

ZGC Phase Switch (0 events):
No events

VM Operations (20 events):
Event: 5.595 Executing VM operation: ICBufferFull
Event: 5.595 Executing VM operation: ICBufferFull done
Event: 5.606 Executing VM operation: HandshakeAllThreads (Deoptimize)
Event: 5.606 Executing VM operation: HandshakeAllThreads (Deoptimize) done
Event: 5.913 Executing VM operation: CollectForMetadataAllocation (Metadata GC Threshold)
Event: 5.922 Executing VM operation: CollectForMetadataAllocation (Metadata GC Threshold) done
Event: 5.926 Executing VM operation: G1PauseRemark
Event: 5.928 Executing VM operation: G1PauseRemark done
Event: 5.929 Executing VM operation: G1PauseCleanup
Event: 5.942 Executing VM operation: G1PauseCleanup done
Event: 6.952 Executing VM operation: Cleanup
Event: 6.952 Executing VM operation: Cleanup done
Event: 7.459 Executing VM operation: HandshakeAllThreads (Deoptimize)
Event: 7.459 Executing VM operation: HandshakeAllThreads (Deoptimize) done
Event: 8.295 Executing VM operation: HandshakeAllThreads (Deoptimize)
Event: 8.295 Executing VM operation: HandshakeAllThreads (Deoptimize) done
Event: 8.295 Executing VM operation: Cleanup
Event: 8.295 Executing VM operation: Cleanup done
Event: 8.296 Executing VM operation: HandshakeAllThreads (Deoptimize)
Event: 8.296 Executing VM operation: HandshakeAllThreads (Deoptimize) done

Memory protections (0 events):
No events

Nmethod flushes (0 events):
No events

Events (20 events):
Event: 4.526 Thread 0x0000029a38337160 Thread added: 0x0000029a37fce1c0
Event: 4.788 Thread 0x0000029a38337160 Thread added: 0x0000029a37e55a20
Event: 4.914 Loaded shared library C:\Program Files\Android\Android Studio\jbr\bin\management.dll
Event: 4.919 Loaded shared library C:\Program Files\Android\Android Studio\jbr\bin\management_ext.dll
Event: 4.990 Thread 0x0000029a1b246ac0 Thread added: 0x0000029a38eab4e0
Event: 5.185 Loaded shared library C:\Program Files\Android\Android Studio\jbr\bin\extnet.dll
Event: 5.381 Thread 0x0000029a1b246ac0 Thread added: 0x0000029a38eaa130
Event: 5.549 Thread 0x0000029a1b246ac0 Thread added: 0x0000029a38eaae50
Event: 5.615 Thread 0x0000029a38eaa130 Thread added: 0x0000029a38ea86f0
Event: 5.633 Thread 0x0000029a38ea86f0 Thread added: 0x0000029a38eaa7c0
Event: 5.707 Thread 0x0000029a37fce1c0 Thread exited: 0x0000029a37fce1c0
Event: 5.825 Thread 0x0000029a38ea86f0 Thread added: 0x0000029a38ea9aa0
Event: 5.851 Thread 0x0000029a38ea86f0 Thread added: 0x0000029a38ea9410
Event: 5.880 Thread 0x0000029a38ea9410 Thread added: 0x0000029a38ea8d80
Event: 5.888 Thread 0x0000029a38ea9410 Thread added: 0x0000029a393a6f60
Event: 5.891 Thread 0x0000029a38ea9410 Thread added: 0x0000029a393a8310
Event: 7.459 Thread 0x0000029a38ea9410 Thread added: 0x0000029a393a89a0
Event: 7.475 Thread 0x0000029a38ea9410 Thread added: 0x0000029a393a9030
Event: 7.605 Thread 0x0000029a38ea9410 Thread added: 0x0000029a393a5bb0
Event: 7.830 Thread 0x0000029a393a9030 Thread added: 0x0000029a393a75f0


Dynamic libraries:
0x00007ff758480000 - 0x00007ff75848a000 	C:\Program Files\Android\Android Studio\jbr\bin\java.exe
0x00007ffae79a0000 - 0x00007ffae7c07000 	C:\WINDOWS\SYSTEM32\ntdll.dll
0x00007ffae6e40000 - 0x00007ffae6f0b000 	C:\WINDOWS\System32\KERNEL32.DLL
0x00007ffae4fb0000 - 0x00007ffae53b2000 	C:\WINDOWS\System32\KERNELBASE.dll
0x00007ffae4d90000 - 0x00007ffae4edc000 	C:\WINDOWS\System32\ucrtbase.dll
0x00007ffa148b0000 - 0x00007ffa148cb000 	C:\Program Files\Android\Android Studio\jbr\bin\VCRUNTIME140.dll
0x00007ffa148d0000 - 0x00007ffa148e8000 	C:\Program Files\Android\Android Studio\jbr\bin\jli.dll
0x00007ffae61a0000 - 0x00007ffae636f000 	C:\WINDOWS\System32\USER32.dll
0x00007ffae4f80000 - 0x00007ffae4fa7000 	C:\WINDOWS\System32\win32u.dll
0x00007ffaca080000 - 0x00007ffaca310000 	C:\WINDOWS\WinSxS\amd64_microsoft.windows.common-controls_6595b64144ccf1df_6.0.26100.9278_none_3e0d1ba8e3303201\COMCTL32.dll
0x00007ffae60c0000 - 0x00007ffae60eb000 	C:\WINDOWS\System32\GDI32.dll
0x00007ffae60f0000 - 0x00007ffae6199000 	C:\WINDOWS\System32\msvcrt.dll
0x00007ffae4ba0000 - 0x00007ffae4cc9000 	C:\WINDOWS\System32\gdi32full.dll
0x00007ffae5480000 - 0x00007ffae5523000 	C:\WINDOWS\System32\msvcp_win.dll
0x00007ffae7430000 - 0x00007ffae7461000 	C:\WINDOWS\System32\IMM32.DLL
0x00007ffa62670000 - 0x00007ffa6267c000 	C:\Program Files\Android\Android Studio\jbr\bin\vcruntime140_1.dll
0x00007ffa14820000 - 0x00007ffa148ad000 	C:\Program Files\Android\Android Studio\jbr\bin\msvcp140.dll
0x00007ffa13190000 - 0x00007ffa13e26000 	C:\Program Files\Android\Android Studio\jbr\bin\server\jvm.dll
0x00007ffae67f0000 - 0x00007ffae68ac000 	C:\WINDOWS\System32\ADVAPI32.dll
0x00007ffae7620000 - 0x00007ffae76c9000 	C:\WINDOWS\System32\sechost.dll
0x00007ffae76f0000 - 0x00007ffae7808000 	C:\WINDOWS\System32\RPCRT4.dll
0x00007ffae6020000 - 0x00007ffae60a0000 	C:\WINDOWS\System32\WS2_32.dll
0x00007ffae4a00000 - 0x00007ffae4a5e000 	C:\WINDOWS\SYSTEM32\POWRPROF.dll
0x00007ffad9e30000 - 0x00007ffad9e3b000 	C:\WINDOWS\SYSTEM32\VERSION.dll
0x00007ffad7280000 - 0x00007ffad72b6000 	C:\WINDOWS\SYSTEM32\WINMM.dll
0x00007ffae49e0000 - 0x00007ffae49f5000 	C:\WINDOWS\SYSTEM32\UMPDC.dll
0x00007ffae3850000 - 0x00007ffae386b000 	C:\WINDOWS\SYSTEM32\kernel.appcore.dll
0x00007ffa4edb0000 - 0x00007ffa4edba000 	C:\Program Files\Android\Android Studio\jbr\bin\jimage.dll
0x00007ffae21b0000 - 0x00007ffae23fc000 	C:\WINDOWS\SYSTEM32\DBGHELP.DLL
0x00007ffae68c0000 - 0x00007ffae6c45000 	C:\WINDOWS\System32\combase.dll
0x00007ffae6530000 - 0x00007ffae6609000 	C:\WINDOWS\System32\OLEAUT32.dll
0x00007ffac94e0000 - 0x00007ffac951b000 	C:\WINDOWS\SYSTEM32\dbgcore.DLL
0x00007ffae4cd0000 - 0x00007ffae4d7c000 	C:\WINDOWS\System32\bcryptPrimitives.dll
0x00007ffa4c330000 - 0x00007ffa4c33e000 	C:\Program Files\Android\Android Studio\jbr\bin\instrument.dll
0x00007ffa14800000 - 0x00007ffa14820000 	C:\Program Files\Android\Android Studio\jbr\bin\java.dll
0x00007ffa147e0000 - 0x00007ffa147f8000 	C:\Program Files\Android\Android Studio\jbr\bin\zip.dll
0x00007ffae56c0000 - 0x00007ffae5e58000 	C:\WINDOWS\System32\SHELL32.dll
0x00007ffae25c0000 - 0x00007ffae2e6e000 	C:\WINDOWS\SYSTEM32\windows.storage.dll
0x00007ffae6430000 - 0x00007ffae652b000 	C:\WINDOWS\System32\SHCORE.dll
0x00007ffae78f0000 - 0x00007ffae7956000 	C:\WINDOWS\System32\shlwapi.dll
0x00007ffae4ac0000 - 0x00007ffae4ae9000 	C:\WINDOWS\SYSTEM32\profapi.dll
0x00007ffa4bd80000 - 0x00007ffa4bd90000 	C:\Program Files\Android\Android Studio\jbr\bin\net.dll
0x00007ffadbdb0000 - 0x00007ffadbeda000 	C:\WINDOWS\SYSTEM32\WINHTTP.dll
0x00007ffae3e30000 - 0x00007ffae3e9c000 	C:\WINDOWS\system32\mswsock.dll
0x00007ffa147c0000 - 0x00007ffa147d6000 	C:\Program Files\Android\Android Studio\jbr\bin\nio.dll
0x00007ffa35130000 - 0x00007ffa35140000 	C:\Program Files\Android\Android Studio\jbr\bin\verify.dll
0x00007ffa8d780000 - 0x00007ffa8d7a7000 	C:\Users\admoi\.gradle\native\1def1411415f61bf3af743bc5b6707747c0891f09f0c88961ee8f79bc544acac\windows-amd64\native-platform.dll
0x00007ffa122b0000 - 0x00007ffa12328000 	C:\Users\admoi\.gradle\native\0.2.7\x86_64-windows-gnu\gradle-fileevents.dll
0x00007ffa331c0000 - 0x00007ffa331c9000 	C:\Program Files\Android\Android Studio\jbr\bin\management.dll
0x00007ffa2ef20000 - 0x00007ffa2ef2b000 	C:\Program Files\Android\Android Studio\jbr\bin\management_ext.dll
0x00007ffae60b0000 - 0x00007ffae60b8000 	C:\WINDOWS\System32\PSAPI.DLL
0x00007ffae31f0000 - 0x00007ffae3223000 	C:\WINDOWS\SYSTEM32\IPHLPAPI.DLL
0x00007ffae7610000 - 0x00007ffae761a000 	C:\WINDOWS\System32\NSI.dll
0x00007ffa2a850000 - 0x00007ffa2a859000 	C:\Program Files\Android\Android Studio\jbr\bin\extnet.dll
0x00007ffae4120000 - 0x00007ffae413b000 	C:\WINDOWS\SYSTEM32\CRYPTSP.dll
0x00007ffae37b0000 - 0x00007ffae37e9000 	C:\WINDOWS\system32\rsaenh.dll
0x00007ffae3ee0000 - 0x00007ffae3f14000 	C:\WINDOWS\SYSTEM32\USERENV.dll
0x00007ffae4a90000 - 0x00007ffae4aba000 	C:\WINDOWS\SYSTEM32\bcrypt.dll
0x00007ffae4140000 - 0x00007ffae414c000 	C:\WINDOWS\SYSTEM32\CRYPTBASE.dll
0x00007ffabcac0000 - 0x00007ffabcac8000 	C:\WINDOWS\system32\wshunix.dll

JVMTI agents:
C:\Users\admoi\.gradle\wrapper\dists\gradle-8.14.3-all\10utluxaxniiv4wxiphsi49nj\gradle-8.14.3\lib\agents\gradle-instrumentation-agent-8.14.3.jar path:C:\Program Files\Android\Android Studio\jbr\bin\instrument.dll, loaded, initialized, instrumentlib options:none

dbghelp: loaded successfully - version: 4.0.5 - missing functions: none
symbol engine: initialized successfully - sym options: 0x614 - pdb path: .;C:\Program Files\Android\Android Studio\jbr\bin;C:\WINDOWS\SYSTEM32;C:\WINDOWS\WinSxS\amd64_microsoft.windows.common-controls_6595b64144ccf1df_6.0.26100.9278_none_3e0d1ba8e3303201;C:\Program Files\Android\Android Studio\jbr\bin\server;C:\Users\admoi\.gradle\native\1def1411415f61bf3af743bc5b6707747c0891f09f0c88961ee8f79bc544acac\windows-amd64;C:\Users\admoi\.gradle\native\0.2.7\x86_64-windows-gnu

VM Arguments:
jvm_args: --add-opens=java.base/java.lang=ALL-UNNAMED --add-opens=java.base/java.lang.invoke=ALL-UNNAMED --add-opens=java.base/java.util=ALL-UNNAMED --add-opens=java.prefs/java.util.prefs=ALL-UNNAMED --add-exports=jdk.compiler/com.sun.tools.javac.api=ALL-UNNAMED --add-exports=jdk.compiler/com.sun.tools.javac.util=ALL-UNNAMED --add-opens=java.base/java.util=ALL-UNNAMED --add-opens=java.prefs/java.util.prefs=ALL-UNNAMED --add-opens=java.base/java.nio.charset=ALL-UNNAMED --add-opens=java.base/java.net=ALL-UNNAMED --add-opens=java.base/java.util.concurrent.atomic=ALL-UNNAMED --add-opens=java.xml/javax.xml.namespace=ALL-UNNAMED -Xmx1536m -Dfile.encoding=UTF-8 -Duser.country=US -Duser.language=en -Duser.variant -javaagent:C:\Users\admoi\.gradle\wrapper\dists\gradle-8.14.3-all\10utluxaxniiv4wxiphsi49nj\gradle-8.14.3\lib\agents\gradle-instrumentation-agent-8.14.3.jar 
java_command: org.gradle.launcher.daemon.bootstrap.GradleDaemon 8.14.3
java_class_path (initial): C:\Users\admoi\.gradle\wrapper\dists\gradle-8.14.3-all\10utluxaxniiv4wxiphsi49nj\gradle-8.14.3\lib\gradle-daemon-main-8.14.3.jar
Launcher Type: SUN_STANDARD

[Global flags]
     intx CICompilerCount                          = 12                                        {product} {ergonomic}
     uint ConcGCThreads                            = 3                                         {product} {ergonomic}
     uint G1ConcRefinementThreads                  = 13                                        {product} {ergonomic}
   size_t G1HeapRegionSize                         = 1048576                                   {product} {ergonomic}
    uintx GCDrainStackTargetSize                   = 64                                        {product} {ergonomic}
   size_t InitialHeapSize                          = 264241152                                 {product} {ergonomic}
   size_t MarkStackSize                            = 4194304                                   {product} {ergonomic}
   size_t MaxHeapSize                              = 1610612736                                {product} {command line}
   size_t MaxNewSize                               = 965738496                                 {product} {ergonomic}
   size_t MinHeapDeltaBytes                        = 1048576                                   {product} {ergonomic}
   size_t MinHeapSize                              = 8388608                                   {product} {ergonomic}
    uintx NonNMethodCodeHeapSize                   = 7602480                                {pd product} {ergonomic}
    uintx NonProfiledCodeHeapSize                  = 122027880                              {pd product} {ergonomic}
    uintx ProfiledCodeHeapSize                     = 122027880                              {pd product} {ergonomic}
    uintx ReservedCodeCacheSize                    = 251658240                              {pd product} {ergonomic}
     bool SegmentedCodeCache                       = true                                      {product} {ergonomic}
   size_t SoftMaxHeapSize                          = 1610612736                             {manageable} {ergonomic}
     bool UseCompressedOops                        = true                           {product lp64_product} {ergonomic}
     bool UseG1GC                                  = true                                      {product} {ergonomic}
     bool UseLargePagesIndividualAllocation        = false                                  {pd product} {ergonomic}

Logging:
Log output configuration:
 #0: stdout all=warning uptime,level,tags foldmultilines=false
 #1: stderr all=off uptime,level,tags foldmultilines=false

Release file:
JAVA_VERSION="21.0.9" 
MODULES="java.base java.compiler java.datatransfer java.xml java.prefs java.desktop java.instrument java.logging java.management java.security.sasl java.naming java.rmi java.management.rmi java.net.http java.scripting java.security.jgss java.transaction.xa java.sql java.sql.rowset java.xml.crypto java.se java.smartcardio jdk.accessibility jdk.internal.jvmstat jdk.attach jdk.charsets jdk.internal.opt jdk.zipfs jdk.compiler jdk.crypto.ec jdk.crypto.cryptoki jdk.dynalink jdk.hotspot.agent jdk.httpserver jdk.internal.ed jdk.internal.le jdk.internal.vm.ci jdk.jartool jdk.javadoc jdk.jcmd jdk.jdeps jdk.jdwp.agent jdk.jdi jdk.jfr jdk.jlink jdk.jsobject jdk.localedata jdk.management jdk.management.agent jdk.management.jfr jdk.naming.dns jdk.naming.rmi jdk.net jdk.sctp jdk.security.auth jdk.security.jgss jdk.unsupported jdk.unsupported.desktop jdk.xml.dom" 
IMPLEMENTOR="JetBrains s.r.o." 
JAVA_RUNTIME_VERSION="21.0.9+-14787801-b1163.94" 
LIBC="default" 
OS_ARCH="x86_64" 
OS_NAME="Windows" 
SOURCE=".:git:0c757ddc9f2f" 

Environment Variables:
PATH=C:\Users\admoi\AppData\Local\cloud-code\installer\google-cloud-sdk\bin;C:\Python314\Scripts\;C:\Python314\;C:\Program Files\Common Files\Oracle\Java\javapath;C:\WINDOWS\system32;C:\WINDOWS;C:\WINDOWS\System32\Wbem;C:\WINDOWS\System32\WindowsPowerShell\v1.0\;C:\WINDOWS\System32\OpenSSH\;C:\Program Files\Microsoft SQL Server\150\Tools\Binn\;C:\Program Files\Microsoft SQL Server\Client SDK\ODBC\170\Tools\Binn\;C:\Program Files\dotnet\;C:\Program Files (x86)\Windows Kits\10\Windows Performance Toolkit\;C:\Program Files (x86)\Microsoft SQL Server\160\Tools\Binn\;C:\Program Files\Microsoft SQL Server\160\Tools\Binn\;C:\Program Files\Microsoft SQL Server\160\DTS\Binn\;C:\Program Files\Docker\Docker\resources\bin;C:\Program Files\nodejs\;C:\ProgramData\chocolatey\bin;C:\xampp\php;C:\composer;C:\Program Files\Git\cmd;C:\Program Files\GitHub CLI\;C:\Python314\Scripts\;C:\Python314\;C:\Program Files\Common Files\Oracle\Java\javapath;C:\WINDOWS\system32;C:\WINDOWS;C:\WINDOWS\System32\Wbem;C:\WINDOWS\System32\WindowsPowerShell\v1.0\;C:\WINDOWS\System32\OpenSSH\;C:\Program Files\Microsoft SQL Server\150\Tools\Binn\;C:\Program Files\Microsoft SQL Server\Client SDK\ODBC\170\Tools\Binn\;C:\Program Files\dotnet\;C:\Program Files (x86)\Windows Kits\10\Windows Performance Toolkit\;C:\Program Files (x86)\Microsoft SQL Server\160\Tools\Binn\;C:\Program Files\Microsoft SQL Server\160\Tools\Binn\;C:\Program Files\Microsoft SQL Server\160\DTS\Binn\;C:\Program Files\Arduino PLC IDE Tools\;C:\Program Files\Docker\Docker\resources\bin;C:\Program Files\nodejs\;C:\ProgramData\chocolatey\bin;C:\xampp\php;C:\composer;C:\Program Files\Git\cmd;C:\Program Files\GitHub CLI\;c:\Users\admoi\AppData\Roaming\Code\User\globalStorage\github.copilot-chat\debugCommand;c:\Users\admoi\AppData\Roaming\Code\User\globalStorage\github.copilot-chat\copilotCli;D:\Microsoft VS Code;C:\Python314\Scripts\;C:\Python314\;C:\Program Files\Common Files\Oracle\Java\javapath;C:\WINDOWS\system32;C:\WINDOWS;C:\WINDOWS\System32\Wbem;C:\WINDOWS\System32\WindowsPowerShell\v1.0\;C:\WINDOWS\System32\OpenSSH\;C:\Program Files\Microsoft SQL Server\150\Tools\Binn\;C:\Program Files\Microsoft SQL Server\Client SDK\ODBC\170\Tools\Binn\;C:\Program Files\dotnet\;C:\Program Files (x86)\Windows Kits\10\Windows Performance Toolkit\;C:\Program Files (x86)\Microsoft SQL Server\160\Tools\Binn\;C:\Program Files\Microsoft SQL Server\160\Tools\Binn\;C:\Program Files\Microsoft SQL Server\160\DTS\Binn\;C:\Program Files\Arduino PLC IDE Tools\;C:\Program Files\Docker\Docker\resources\bin;C:\Program Files\nodejs\;C:\ProgramData\chocolatey\bin;C:\xampp\php;C:\composer;C:\Program Files\Git\cmd;C:\Users\admoi\AppData\Local\Microsoft\WindowsApps;;D:\IntelliJ IDEA 2025.1.1.1\bin;;D:\Microsoft VS Code\bin;C:\Users\admoi\.dotnet\tools;C:\Users\admoi\AppData\Local\Programs\mongosh\;D:\Antigravity\bin;C:\Users\admoi\AppData\Roaming\npm;C:\Users\admoi\AppData\Roaming\Composer\vendor\bin;C:\Users\admoi\.local\bin;C:\flutter\flutter\bin;C:\flutter\flutter\bin;;C:\flutter\flutter\bin;C:\Program Files (x86)\NVIDIA Corporation\PhysX\Common;C:\Program Files\NVIDIA Corporation\NVIDIA App\NvDLISR;C:\Program Files (x86)\Microsoft SQL Server\160\DTS\Binn\;D:\bin;C:\Program Files (x86)\cloudflared\;C:\Program Files\Microsoft SQL Server\170\Tools\Binn\;C:\Users\admoi\.local\bin;C:\Python314\Scripts\;C:\Python314\;C:\Program Files\Common Files\Oracle\Java\javapath;C:\WINDOWS\system32;C:\WINDOWS;C:\WINDOWS\System32\Wbem;C:\WINDOWS\System32\WindowsPowerShell\v1.0\;C:\WINDOWS\System32\OpenSSH\;C:\Program Files\Microsoft SQL Server\150\Tools\Binn\;C:\Program Files\Microsoft SQL Server\Client SDK\ODBC\170\Tools\Binn\;C:\Program Files\dotnet\;C:\Program Files (x86)\Windows Kits\10\Windows Performance Toolkit\;C:\Program Files (x86)\Microsoft SQL Server\160\Tools\Binn\;C:\Program Files\Microsoft SQL Server\160\Tools\Binn\;C:\Program Files\Microsoft SQL Server\160\DTS\Binn\;C:\Program Files\Docker\Docker\resources\bin;C:\Program Files\nodejs\;C:\ProgramData\chocolatey\bin;C:\xampp\php;C:\composer;C:\Program Files\Git\cmd;C:\Program Files\GitHub CLI\;C:\Python314\Scripts\;C:\Python314\;C:\Program Files\Common Files\Oracle\Java\javapath;C:\WINDOWS\system32;C:\WINDOWS;C:\WINDOWS\System32\Wbem;C:\WINDOWS\System32\WindowsPowerShell\v1.0\;C:\WINDOWS\System32\OpenSSH\;C:\Program Files\Microsoft SQL;C:\Users\admoi\AppData\Local\Programs\Antigravity IDE\bin;C:\Users\admoi\.dotnet\tools;E:\Microsoft VS Code\bin;C:\Users\admoi\AppData\Local\Microsoft\WinGet\Links;
USERNAME=admoi
OS=Windows_NT
PROCESSOR_IDENTIFIER=Intel64 Family 6 Model 154 Stepping 3, GenuineIntel
TMP=C:\Users\admoi\AppData\Local\Temp
TEMP=C:\Users\admoi\AppData\Local\Temp




Periodic native trim disabled

JNI global refs:
JNI global refs: 31, weak refs: 0

JNI global refs memory usage: 835, weak refs: 833

Process memory usage:
Resident Set Size: 189156K (1% of 16436640K total physical memory with 114876K free physical memory)

OOME stack traces (most recent first):
Classloader memory used:
Loader bootstrap                                                                       : 16552K
Loader org.gradle.internal.classloader.VisitableURLClassLoader                         : 10372K
Loader org.gradle.initialization.MixInLegacyTypesClassLoader                           : 1158K
Loader jdk.internal.loader.ClassLoaders$AppClassLoader                                 : 235K
Loader jdk.internal.loader.ClassLoaders$PlatformClassLoader                            : 116K

Classes loaded by more than one classloader:
Class org.gradle.internal.classloader.FilteringClassLoader                            : loaded 2 times (x 105B)
Class org.gradle.internal.classloader.ClassLoaderHierarchy                            : loaded 2 times (x 70B)
Class org.gradle.api.internal.classpath.ManifestUtil                                  : loaded 2 times (x 71B)
Class org.gradle.internal.classloader.DefaultClassLoaderFactory                       : loaded 2 times (x 82B)
Class org.gradle.internal.classloader.ClassLoaderVisitor                              : loaded 2 times (x 76B)
Class org.gradle.api.internal.classpath.EffectiveClassPath                            : loaded 2 times (x 90B)
Class org.gradle.api.internal.DefaultClassPathProvider                                : loaded 2 times (x 76B)
Class [Lorg.gradle.api.internal.ClassPathProvider;                                    : loaded 2 times (x 69B)
Class org.gradle.api.internal.ClassPathProvider                                       : loaded 2 times (x 70B)
Class org.gradle.internal.service.UnknownServiceException                             : loaded 2 times (x 83B)
Class org.gradle.internal.classpath.TransformedClassPath                              : loaded 2 times (x 96B)
Class org.gradle.internal.classloader.InstrumentingClassLoader                        : loaded 2 times (x 70B)
Class org.gradle.internal.service.ServiceLocator                                      : loaded 2 times (x 70B)
Class org.gradle.internal.InternalTransformer                                         : loaded 2 times (x 70B)
Class org.gradle.internal.classloader.ClasspathUtil$1                                 : loaded 2 times (x 76B)
Class org.gradle.api.internal.classpath.DefaultModuleRegistry$DefaultModule           : loaded 2 times (x 86B)
Class org.gradle.api.internal.classpath.Module                                        : loaded 2 times (x 70B)
Class org.gradle.api.internal.classpath.UnknownModuleException                        : loaded 2 times (x 82B)
Class org.gradle.api.internal.DefaultClassPathRegistry                                : loaded 2 times (x 76B)
Class org.gradle.api.internal.ClassPathRegistry                                       : loaded 2 times (x 70B)
Class org.gradle.internal.classpath.DefaultClassPath$ImmutableUniqueList              : loaded 2 times (x 199B)
Class org.gradle.internal.classpath.ClassPath                                         : loaded 2 times (x 70B)
Class org.gradle.api.UncheckedIOException                                             : loaded 2 times (x 82B)
Class org.gradle.internal.installation.GradleInstallation$1                           : loaded 2 times (x 75B)
Class org.gradle.api.internal.classpath.ModuleRegistry                                : loaded 2 times (x 70B)
Class org.gradle.api.internal.classpath.DefaultModuleRegistry                         : loaded 2 times (x 86B)
Class org.gradle.internal.service.ServiceLookupException                              : loaded 2 times (x 82B)
Class org.gradle.internal.classloader.ClassLoaderFactory                              : loaded 2 times (x 70B)
Class org.gradle.internal.service.CachingServiceLocator                               : loaded 2 times (x 82B)
Class org.gradle.internal.classloader.ClasspathUtil                                   : loaded 2 times (x 71B)
Class org.gradle.api.specs.Spec                                                       : loaded 2 times (x 70B)
Class org.gradle.internal.classloader.VisitableURLClassLoader$InstrumentingVisitableURLClassLoader: loaded 2 times (x 123B)
Class org.gradle.internal.classloader.VisitableURLClassLoader$Spec                    : loaded 2 times (x 74B)
Class org.gradle.internal.classpath.DefaultClassPath                                  : loaded 2 times (x 90B)
Class org.gradle.internal.classloader.ClassLoaderSpec                                 : loaded 2 times (x 71B)
Class org.gradle.internal.classloader.VisitableURLClassLoader                         : loaded 2 times (x 117B)
Class org.gradle.internal.Cast                                                        : loaded 2 times (x 71B)
Class org.gradle.api.Action                                                           : loaded 2 times (x 70B)
Class org.gradle.internal.classpath.DefaultClassPath$ImmutableUniqueList$Builder      : loaded 2 times (x 75B)
Class org.gradle.api.GradleException                                                  : loaded 2 times (x 82B)
Class org.gradle.internal.IoActions                                                   : loaded 2 times (x 71B)
Class org.gradle.internal.classloader.SystemClassLoaderSpec                           : loaded 2 times (x 71B)
Class org.gradle.api.internal.classpath.GlobalCacheRootsProvider                      : loaded 2 times (x 70B)
Class org.gradle.internal.installation.CurrentGradleInstallationLocator               : loaded 2 times (x 71B)
Class org.gradle.internal.service.DefaultServiceLocator                               : loaded 2 times (x 83B)
Class org.gradle.internal.installation.CurrentGradleInstallation                      : loaded 2 times (x 73B)
Class org.gradle.util.internal.GUtil                                                  : loaded 2 times (x 71B)
Class org.gradle.internal.installation.GradleInstallation                             : loaded 2 times (x 75B)

---------------  S Y S T E M  ---------------

OS:
 Windows 11 , 64 bit Build 26100 (10.0.26100.9444)
OS uptime: 0 days 0:15 hours
Hyper-V role detected

CPU: total 16 (initial active 16) (8 cores per cpu, 2 threads per core) family 6 model 154 stepping 3 microcode 0x435, cx8, cmov, fxsr, ht, mmx, 3dnowpref, sse, sse2, sse3, ssse3, sse4.1, sse4.2, popcnt, lzcnt, tsc, tscinvbit, avx, avx2, aes, erms, clmul, bmi1, bmi2, adx, sha, fma, vzeroupper, clflush, clflushopt, clwb, hv, serialize, rdtscp, rdpid, fsrm, f16c, cet_ibt, cet_ss
Processor Information for processor 0
  Max Mhz: 2500, Current Mhz: 2500, Mhz Limit: 2500
Processor Information for processor 1
  Max Mhz: 2500, Current Mhz: 2500, Mhz Limit: 2500
Processor Information for processor 2
  Max Mhz: 2500, Current Mhz: 2500, Mhz Limit: 2500
Processor Information for processor 3
  Max Mhz: 2500, Current Mhz: 2500, Mhz Limit: 2500
Processor Information for processor 4
  Max Mhz: 2500, Current Mhz: 2500, Mhz Limit: 2500
Processor Information for processor 5
  Max Mhz: 2500, Current Mhz: 2500, Mhz Limit: 2500
Processor Information for processor 6
  Max Mhz: 2500, Current Mhz: 2500, Mhz Limit: 2500
Processor Information for processor 7
  Max Mhz: 2500, Current Mhz: 2500, Mhz Limit: 2500
Processor Information for processor 8
  Max Mhz: 2500, Current Mhz: 1800, Mhz Limit: 1800
Processor Information for processor 9
  Max Mhz: 2500, Current Mhz: 1800, Mhz Limit: 1800
Processor Information for processor 10
  Max Mhz: 2500, Current Mhz: 1800, Mhz Limit: 1800
Processor Information for processor 11
  Max Mhz: 2500, Current Mhz: 1800, Mhz Limit: 1800
Processor Information for processor 12
  Max Mhz: 2500, Current Mhz: 1500, Mhz Limit: 1800
Processor Information for processor 13
  Max Mhz: 2500, Current Mhz: 1500, Mhz Limit: 1800
Processor Information for processor 14
  Max Mhz: 2500, Current Mhz: 1500, Mhz Limit: 1800
Processor Information for processor 15
  Max Mhz: 2500, Current Mhz: 1800, Mhz Limit: 1800

Memory: 4k page, system-wide physical 16051M (107M free)
TotalPageFile size 57195M (AvailPageFile size 30M)
current process WorkingSet (physical memory assigned to process): 184M, peak: 255M
current process commit charge ("private bytes"): 237M, peak: 397M

vm_info: OpenJDK 64-Bit Server VM (21.0.9+-14787801-b1163.94) for windows-amd64 JRE (21.0.9+-14787801-b1163.94), built on 2026-01-27T21:15:44Z by "builder" with MS VC++ 16.10 / 16.11 (VS2019)

END.
