#
# There is insufficient memory for the Java Runtime Environment to continue.
# Native memory allocation (malloc) failed to allocate 1075552 bytes. Error detail: Chunk::new
# Possible reasons:
#   The system is out of physical RAM or swap space
#   This process is running with CompressedOops enabled, and the Java Heap may be blocking the growth of the native heap
# Possible solutions:
#   Reduce memory load on the system
#   Increase physical memory or swap space
#   Check if swap backing store is full
#   Decrease Java heap size (-Xmx/-Xms)
#   Decrease number of Java threads
#   Decrease Java thread stack sizes (-Xss)
#   Set larger code cache with -XX:ReservedCodeCacheSize=
#   JVM is running with Unscaled Compressed Oops mode in which the Java heap is
#     placed in the first 4GB address space. The Java Heap base address is the
#     maximum limit for the native heap growth. Please use -XX:HeapBaseMinAddress
#     to set the Java Heap base and to place the Java Heap above 4GB virtual address.
# This output file may be truncated or incomplete.
#
#  Out of Memory Error (arena.cpp:168), pid=6972, tid=8784
#
# JRE version: OpenJDK Runtime Environment Temurin-21.0.12.1+1 (21.0.12.1+1) (build 21.0.12.1+1-LTS)
# Java VM: OpenJDK 64-Bit Server VM Temurin-21.0.12.1+1 (21.0.12.1+1-LTS, mixed mode, sharing, tiered, compressed oops, compressed class ptrs, parallel gc, windows-amd64)
# No core dump will be written. Minidumps are not enabled by default on client versions of Windows
#

---------------  S U M M A R Y ------------

Command Line: --add-modules=ALL-SYSTEM --add-opens=java.base/java.util=ALL-UNNAMED --add-opens=java.base/java.lang=ALL-UNNAMED --add-opens=java.base/sun.nio.fs=ALL-UNNAMED -Declipse.application=org.eclipse.jdt.ls.core.id1 -Dosgi.bundles.defaultStartLevel=4 -Declipse.product=org.eclipse.jdt.ls.core.product -Djava.import.generatesMetadataFilesAtProjectRoot=false -Dm2e.project.cache.size=50 -DDetectVMInstallationsJob.disabled=true -Dfile.encoding=utf8 -XX:+UseParallelGC -XX:GCTimeRatio=4 -XX:AdaptiveSizePolicyWeight=90 -Dsun.zip.disableMemoryMapping=true -Xmx2G -Xms100m -Xlog:disable -javaagent:c:\Users\admoi\.antigravity-ide\extensions\redhat.java-1.56.0-win32-x64\lombok\lombok-1.18.39-4050.jar -XX:+HeapDumpOnOutOfMemoryError -XX:HeapDumpPath=c:\Users\admoi\AppData\Roaming\Antigravity IDE\User\workspaceStorage\623676c495f6796973e32ae85f3dc6aa\redhat.java -Daether.dependencyCollector.impl=bf c:\Users\admoi\.antigravity-ide\extensions\redhat.java-1.56.0-win32-x64\server\plugins\org.eclipse.equinox.launcher_1.8.0.v20260804-1928.jar -configuration c:\Users\admoi\AppData\Roaming\Antigravity IDE\User\globalStorage\redhat.java\1.56.0\config_win -data c:\Users\admoi\AppData\Roaming\Antigravity IDE\User\workspaceStorage\623676c495f6796973e32ae85f3dc6aa\redhat.java\jdt_ws --pipe=\\.\pipe\lsp-99a31e14757f77cb7fdcbd68cf51acff-sock

Host: 12th Gen Intel(R) Core(TM) i5-12500H, 16 cores, 15G,  Windows 11 , 64 bit Build 26100 (10.0.26100.9168)
Time: Wed Sep  9 10:03:27 2026 SE Asia Standard Time elapsed time: 1859.767013 seconds (0d 0h 30m 59s)

---------------  T H R E A D  ---------------

Current thread (0x000002492d29e920):  JavaThread "C2 CompilerThread0" daemon [_thread_in_native, id=8784, stack(0x000000860d300000,0x000000860d400000) (1024K)]


Current CompileTask:
C2:1859767 23214       4       org.eclipse.jdt.ls.core.internal.handlers.BundleUtils::getBundles (180 bytes)

Stack: [0x000000860d300000,0x000000860d400000]
Native frames: (J=compiled Java code, j=interpreted, Vv=VM code, C=native code)
V  [jvm.dll+0x6d83e9]
V  [jvm.dll+0x8b5736]
V  [jvm.dll+0x8b7cee]
V  [jvm.dll+0x8b83d3]
V  [jvm.dll+0x284596]
V  [jvm.dll+0xc685d]
V  [jvm.dll+0xc6da1]
V  [jvm.dll+0x3bf18b]
V  [jvm.dll+0x38b6d2]
V  [jvm.dll+0x38ab1a]
V  [jvm.dll+0x24c700]
V  [jvm.dll+0x24bce0]
V  [jvm.dll+0x1cb4ae]
V  [jvm.dll+0x25baad]
V  [jvm.dll+0x25a03a]
V  [jvm.dll+0x3f8aae]
V  [jvm.dll+0x8600cd]
V  [jvm.dll+0x6d6c1d]
C  [ucrtbase.dll+0x2cd30]
C  [KERNEL32.DLL+0x2ccb7]
C  [ntdll.dll+0xaad6c]


---------------  P R O C E S S  ---------------

Threads class SMR info:
_java_thread_list=0x000002499b118e10, length=264, elements={
0x000002492acfdaf0, 0x000002492d285fe0, 0x000002492d287d80, 0x000002492d291750,
0x000002492d2921b0, 0x000002492d295700, 0x0000024985f67da0, 0x000002492d29e920,
0x0000024985f6e490, 0x0000024985f68430, 0x0000024985f65cd0, 0x0000024985f64fb0,
0x0000024985f65640, 0x0000024985f66360, 0x0000024985f669f0, 0x0000024985f67080,
0x0000024985f67710, 0x000002498c998140, 0x000002498c996d90, 0x000002498c997420,
0x000002498c997ab0, 0x000002498c9994f0, 0x000002498c99b5c0, 0x000002498c999b80,
0x000002498c99af30, 0x000002498c99a8a0, 0x000002498c99c970, 0x000002498cde0bd0,
0x000002498cde18f0, 0x000002498cde1f80, 0x000002498cde2610, 0x000002498cde2ca0,
0x000002498cddf820, 0x000002498cde1260, 0x000002498cde3330, 0x000002498cddfeb0,
0x000002498cde0540, 0x000002498cde4d70, 0x000002498cde5400, 0x000002498cde6120,
0x000002498cde67b0, 0x000002498cde4050, 0x000002498cde46e0, 0x000002498c154b30,
0x000002498c153e10, 0x000002498c1530f0, 0x000002498c1544a0, 0x000002498c1551c0,
0x000002498c155850, 0x000002498c1523d0, 0x000002498c153780, 0x000002498c152a60,
0x000002498c157920, 0x000002498c155ee0, 0x000002498c156570, 0x000002498c157fb0,
0x000002498c158640, 0x000002498c998e60, 0x000002498c99bc50, 0x000002498c158cd0,
0x000002498d241030, 0x000002498d240310, 0x000002498f730580, 0x000002498f731930,
0x000002498f733370, 0x000002498f733a00, 0x000002498d2451d0, 0x000002498f72f860,
0x000002499cbbb3a0, 0x000002498d241d50, 0x000002499d1179e0, 0x000002499d11dc50,
0x000002499d11c8a0, 0x000002498f72de20, 0x000002498f72eb40, 0x00000249a81175d0,
0x000002498f72d790, 0x00000249a8115b90, 0x000002499d118700, 0x00000249a9801430,
0x00000249a98055d0, 0x00000249a9803500, 0x00000249a9806980, 0x000002498f732ce0,
0x00000249a9800080, 0x000002499cbbc0c0, 0x000002498d2409a0, 0x000002498d246c10,
0x00000249a98048b0, 0x00000249a9804f40, 0x000002498d245ef0, 0x000002498d246580,
0x000002498f734db0, 0x00000249a8113ac0, 0x000002498c99a210, 0x00000249a8112da0,
0x00000249a9803b90, 0x00000249a9800710, 0x00000249b082fc30, 0x00000249b082e880,
0x00000249b082f5a0, 0x00000249b08302c0, 0x00000249b082ce40, 0x00000249b0831670,
0x00000249b0835180, 0x00000249b0832390, 0x00000249b0833740, 0x00000249b0830950,
0x00000249b082d4d0, 0x00000249b0831d00, 0x00000249b082ef10, 0x00000249b082c120,
0x00000249b0836530, 0x00000249b0836bc0, 0x00000249b0834460, 0x00000249b0830fe0,
0x00000249b0835810, 0x00000249b08330b0, 0x00000249b082e1f0, 0x00000249b082c7b0,
0x00000249b0834af0, 0x00000249b083a6d0, 0x00000249b082db60, 0x00000249b0837250,
0x00000249b0835ea0, 0x00000249b0833dd0, 0x00000249b0839320, 0x00000249b08399b0,
0x00000249b083b3f0, 0x00000249a8114150, 0x00000249a81147e0, 0x00000249a8111360,
0x00000249a81168b0, 0x000002499d11ae60, 0x000002499d11cf30, 0x000002499d11e2e0,
0x00000249b083a040, 0x00000249b083ad60, 0x00000249b0838600, 0x00000249b0837f70,
0x00000249b08378e0, 0x00000249a9805c60, 0x00000249a98027e0, 0x00000249a9802e70,
0x00000249a9807010, 0x00000249a98076a0, 0x00000249a8112710, 0x00000249a8113430,
0x00000249a8116f40, 0x00000249a8117c60, 0x000002498f72f1d0, 0x000002498f734090,
0x000002499d119420, 0x000002499d11a140, 0x000002499cbbd470, 0x000002499cbb9ff0,
0x000002499cbbad10, 0x000002498d243790, 0x000002498f734720, 0x000002499d11bb80,
0x00000249a81182f0, 0x00000249a8115500, 0x000002498f7312a0, 0x000002499cbbba30,
0x00000249a9804220, 0x000002498f730c10, 0x000002498c996070, 0x000002498d2444b0,
0x00000249b40ed1a0, 0x00000249b40eb760, 0x00000249b40ed830, 0x00000249b40ecb10,
0x00000249b40ebdf0, 0x00000249b40edec0, 0x00000249b40ef270, 0x00000249b40ef900,
0x00000249b40f26f0, 0x00000249b40f2d80, 0x00000249b40eff90, 0x00000249b40f2060,
0x00000249b40f0620, 0x00000249b40f6f20, 0x00000249b40f75b0, 0x00000249b40f3410,
0x00000249b40f4e50, 0x00000249b40f8960, 0x00000249b40f6200, 0x00000249b40f0cb0,
0x00000249b40f5b70, 0x00000249a81119f0, 0x00000249b40f9d10, 0x00000249b40fa3a0,
0x00000249a8116220, 0x000002499d11e970, 0x00000249b429ae70, 0x00000249b429bb90,
0x00000249b4298710, 0x00000249b4299430, 0x00000249b429a150, 0x00000249b429b500,
0x00000249b429e2f0, 0x00000249b429cf40, 0x00000249b429f6a0, 0x00000249b429fd30,
0x00000249b429d5d0, 0x00000249b429a7e0, 0x00000249b4298da0, 0x00000249b4299ac0,
0x00000249b42a03c0, 0x00000249b429e980, 0x00000249b42a2490, 0x00000249b42a0a50,
0x00000249b42a1770, 0x00000249b42a10e0, 0x00000249b429dc60, 0x00000249b429c8b0,
0x00000249b42a4bf0, 0x00000249b429f010, 0x00000249b42a2b20, 0x00000249b40f6890,
0x00000249b3f83ae0, 0x00000249b3f84e90, 0x00000249b3f83450, 0x00000249b3f84800,
0x00000249b3f89030, 0x00000249b3f889a0, 0x00000249b3f85520, 0x00000249b3f8be20,
0x00000249b3f88310, 0x00000249b3f86240, 0x00000249b3f82730, 0x00000249b3f868d0,
0x00000249b3f84170, 0x00000249b3f81380, 0x00000249b3f85bb0, 0x00000249b3f82dc0,
0x00000249b3f820a0, 0x00000249b42a7350, 0x00000249b42a5280, 0x00000249b42a3ed0,
0x00000249b40ee550, 0x00000249b40eebe0, 0x00000249b40ec480, 0x00000249b3f896c0,
0x00000249b3f89d50, 0x00000249b3f87c80, 0x00000249b40f4130, 0x00000249b3f875f0,
0x00000249b3f8cb40, 0x00000249b3f8def0, 0x00000249b3f8d860, 0x00000249b42a4560,
0x00000249b42a1e00, 0x00000249b42a5fa0, 0x00000249b42a6630, 0x00000249b4298080,
0x00000249b429c220, 0x00000249b42a5910, 0x00000249b42a6cc0, 0x00000249b42a3840,
0x00000249b3f81a10, 0x00000249b3f8c4b0, 0x00000249b3f8d1d0, 0x00000249b3f8aa70
}

Java Threads: ( => current thread )
  0x000002492acfdaf0 JavaThread "main"                              [_thread_blocked, id=30716, stack(0x000000860c900000,0x000000860ca00000) (1024K)]
  0x000002492d285fe0 JavaThread "Reference Handler"          daemon [_thread_blocked, id=19836, stack(0x000000860cd00000,0x000000860ce00000) (1024K)]
  0x000002492d287d80 JavaThread "Finalizer"                  daemon [_thread_blocked, id=5556, stack(0x000000860ce00000,0x000000860cf00000) (1024K)]
  0x000002492d291750 JavaThread "Signal Dispatcher"          daemon [_thread_blocked, id=25916, stack(0x000000860cf00000,0x000000860d000000) (1024K)]
  0x000002492d2921b0 JavaThread "Attach Listener"            daemon [_thread_blocked, id=30252, stack(0x000000860d000000,0x000000860d100000) (1024K)]
  0x000002492d295700 JavaThread "Service Thread"             daemon [_thread_blocked, id=14644, stack(0x000000860d100000,0x000000860d200000) (1024K)]
  0x0000024985f67da0 JavaThread "Monitor Deflation Thread"   daemon [_thread_blocked, id=24752, stack(0x000000860d200000,0x000000860d300000) (1024K)]
=>0x000002492d29e920 JavaThread "C2 CompilerThread0"         daemon [_thread_in_native, id=8784, stack(0x000000860d300000,0x000000860d400000) (1024K)]
  0x0000024985f6e490 JavaThread "C1 CompilerThread0"         daemon [_thread_blocked, id=23700, stack(0x000000860d400000,0x000000860d500000) (1024K)]
  0x0000024985f68430 JavaThread "Common-Cleaner"             daemon [_thread_blocked, id=31720, stack(0x000000860d700000,0x000000860d800000) (1024K)]
  0x0000024985f65cd0 JavaThread "Notification Thread"        daemon [_thread_blocked, id=26836, stack(0x000000860da00000,0x000000860db00000) (1024K)]
  0x0000024985f64fb0 JavaThread "Active Thread: Equinox Container: f25ce387-4150-492c-9f80-3853aac5ac7c"        [_thread_blocked, id=1468, stack(0x000000860e200000,0x000000860e300000) (1024K)]
  0x0000024985f65640 JavaThread "Refresh Thread: Equinox Container: f25ce387-4150-492c-9f80-3853aac5ac7c" daemon [_thread_blocked, id=29900, stack(0x000000860d500000,0x000000860d600000) (1024K)]
  0x0000024985f66360 JavaThread "Framework Event Dispatcher: Equinox Container: f25ce387-4150-492c-9f80-3853aac5ac7c" daemon [_thread_blocked, id=19772, stack(0x000000860d600000,0x000000860d700000) (1024K)]
  0x0000024985f669f0 JavaThread "Start Level: Equinox Container: f25ce387-4150-492c-9f80-3853aac5ac7c" daemon [_thread_blocked, id=26604, stack(0x000000860d800000,0x000000860d900000) (1024K)]
  0x0000024985f67080 JavaThread "Bundle File Closer"         daemon [_thread_blocked, id=15624, stack(0x000000860d900000,0x000000860da00000) (1024K)]
  0x0000024985f67710 JavaThread "SCR Component Actor"        daemon [_thread_blocked, id=3024, stack(0x000000860e600000,0x000000860e700000) (1024K)]
  0x000002498c998140 JavaThread "Worker-JM"                         [_thread_blocked, id=23648, stack(0x000000860e800000,0x000000860e900000) (1024K)]
  0x000002498c996d90 JavaThread "JNA Cleaner"                daemon [_thread_blocked, id=15032, stack(0x000000860eb00000,0x000000860ec00000) (1024K)]
  0x000002498c997420 JavaThread "Worker-0: Initialize workspace"        [_thread_blocked, id=29808, stack(0x000000860ec00000,0x000000860ed00000) (1024K)]
  0x000002498c997ab0 JavaThread "Worker-1: Initialize workspace"        [_thread_blocked, id=27040, stack(0x000000860ed00000,0x000000860ee00000) (1024K)]
  0x000002498c9994f0 JavaThread "Java indexing"              daemon [_thread_blocked, id=29436, stack(0x000000860f100000,0x000000860f200000) (1024K)]
  0x000002498c99b5c0 JavaThread "Thread-1"                   daemon [_thread_in_native, id=27480, stack(0x000000860f500000,0x000000860f600000) (1024K)]
  0x000002498c999b80 JavaThread "Thread-2"                   daemon [_thread_in_native, id=31080, stack(0x000000860f600000,0x000000860f700000) (1024K)]
  0x000002498c99af30 JavaThread "Thread-3"                   daemon [_thread_in_native, id=31504, stack(0x000000860f700000,0x000000860f800000) (1024K)]
  0x000002498c99a8a0 JavaThread "Thread-4"                   daemon [_thread_in_native, id=404, stack(0x000000860f800000,0x000000860f900000) (1024K)]
  0x000002498c99c970 JavaThread "Thread-5"                   daemon [_thread_in_native, id=25980, stack(0x000000860f900000,0x000000860fa00000) (1024K)]
  0x000002498cde0bd0 JavaThread "Thread-6"                   daemon [_thread_in_native, id=29508, stack(0x000000860fa00000,0x000000860fb00000) (1024K)]
  0x000002498cde18f0 JavaThread "Thread-7"                   daemon [_thread_in_native, id=9928, stack(0x000000860fb00000,0x000000860fc00000) (1024K)]
  0x000002498cde1f80 JavaThread "Thread-8"                   daemon [_thread_in_native, id=10132, stack(0x000000860fc00000,0x000000860fd00000) (1024K)]
  0x000002498cde2610 JavaThread "Thread-9"                   daemon [_thread_in_native, id=29168, stack(0x000000860fd00000,0x000000860fe00000) (1024K)]
  0x000002498cde2ca0 JavaThread "Thread-10"                  daemon [_thread_in_native, id=14280, stack(0x000000860fe00000,0x000000860ff00000) (1024K)]
  0x000002498cddf820 JavaThread "Thread-11"                  daemon [_thread_in_native, id=25588, stack(0x000000860ff00000,0x0000008610000000) (1024K)]
  0x000002498cde1260 JavaThread "Thread-12"                  daemon [_thread_in_native, id=30860, stack(0x0000008610000000,0x0000008610100000) (1024K)]
  0x000002498cde3330 JavaThread "Thread-13"                  daemon [_thread_in_native, id=16832, stack(0x0000008610100000,0x0000008610200000) (1024K)]
  0x000002498cddfeb0 JavaThread "Thread-14"                  daemon [_thread_in_native, id=13464, stack(0x0000008610200000,0x0000008610300000) (1024K)]
  0x000002498cde0540 JavaThread "Thread-15"                  daemon [_thread_in_native, id=8500, stack(0x0000008610300000,0x0000008610400000) (1024K)]
  0x000002498cde4d70 JavaThread "Thread-16"                  daemon [_thread_in_native, id=22752, stack(0x0000008610400000,0x0000008610500000) (1024K)]
  0x000002498cde5400 JavaThread "Thread-17"                  daemon [_thread_in_native, id=10316, stack(0x0000008610500000,0x0000008610600000) (1024K)]
  0x000002498cde6120 JavaThread "pool-2-thread-1"                   [_thread_blocked, id=29000, stack(0x0000008610600000,0x0000008610700000) (1024K)]
  0x000002498cde67b0 JavaThread "WorkspaceEventsHandler"            [_thread_blocked, id=8944, stack(0x0000008610800000,0x0000008610900000) (1024K)]
  0x000002498cde4050 JavaThread "pool-1-thread-1"                   [_thread_blocked, id=31252, stack(0x0000008610900000,0x0000008610a00000) (1024K)]
  0x000002498cde46e0 JavaThread "PatternSearchJob-worker-1"  daemon [_thread_blocked, id=18256, stack(0x000000860e700000,0x000000860e800000) (1024K)]
  0x000002498c154b30 JavaThread "PatternSearchJob-worker-2"  daemon [_thread_blocked, id=19796, stack(0x000000860f300000,0x000000860f400000) (1024K)]
  0x000002498c153e10 JavaThread "PatternSearchJob-worker-3"  daemon [_thread_blocked, id=17060, stack(0x0000008610700000,0x0000008610800000) (1024K)]
  0x000002498c1530f0 JavaThread "PatternSearchJob-worker-4"  daemon [_thread_blocked, id=29192, stack(0x0000008610b00000,0x0000008610c00000) (1024K)]
  0x000002498c1544a0 JavaThread "PatternSearchJob-worker-5"  daemon [_thread_blocked, id=9676, stack(0x0000008610c00000,0x0000008610d00000) (1024K)]
  0x000002498c1551c0 JavaThread "PatternSearchJob-worker-6"  daemon [_thread_blocked, id=26968, stack(0x0000008610d00000,0x0000008610e00000) (1024K)]
  0x000002498c155850 JavaThread "PatternSearchJob-worker-7"  daemon [_thread_blocked, id=16524, stack(0x0000008610e00000,0x0000008610f00000) (1024K)]
  0x000002498c1523d0 JavaThread "PatternSearchJob-worker-8"  daemon [_thread_blocked, id=30404, stack(0x0000008610f00000,0x0000008611000000) (1024K)]
  0x000002498c153780 JavaThread "PatternSearchJob-worker-9"  daemon [_thread_blocked, id=28492, stack(0x0000008611000000,0x0000008611100000) (1024K)]
  0x000002498c152a60 JavaThread "PatternSearchJob-worker-10" daemon [_thread_blocked, id=20532, stack(0x0000008611100000,0x0000008611200000) (1024K)]
  0x000002498c157920 JavaThread "PatternSearchJob-worker-11" daemon [_thread_blocked, id=24384, stack(0x0000008611200000,0x0000008611300000) (1024K)]
  0x000002498c155ee0 JavaThread "PatternSearchJob-worker-12" daemon [_thread_blocked, id=30832, stack(0x0000008611300000,0x0000008611400000) (1024K)]
  0x000002498c156570 JavaThread "PatternSearchJob-worker-13" daemon [_thread_blocked, id=19068, stack(0x0000008611400000,0x0000008611500000) (1024K)]
  0x000002498c157fb0 JavaThread "PatternSearchJob-worker-14" daemon [_thread_blocked, id=24644, stack(0x0000008611500000,0x0000008611600000) (1024K)]
  0x000002498c158640 JavaThread "PatternSearchJob-worker-15" daemon [_thread_blocked, id=28520, stack(0x0000008611600000,0x0000008611700000) (1024K)]
  0x000002498c998e60 JavaThread "Worker-5: Initialize workspace"        [_thread_blocked, id=3272, stack(0x0000008611900000,0x0000008611a00000) (1024K)]
  0x000002498c99bc50 JavaThread "Worker-6: Initialize workspace"        [_thread_blocked, id=15344, stack(0x000000860f000000,0x000000860f100000) (1024K)]
  0x000002498c158cd0 JavaThread "Worker-7: Initialize workspace"        [_thread_blocked, id=12056, stack(0x000000860c800000,0x000000860c900000) (1024K)]
  0x000002498d241030 JavaThread "Worker-8: Initialize workspace"        [_thread_blocked, id=22424, stack(0x000000860ee00000,0x000000860ef00000) (1024K)]
  0x000002498d240310 JavaThread "Worker-9: Initialize workspace"        [_thread_blocked, id=25396, stack(0x0000008611700000,0x0000008611800000) (1024K)]
  0x000002498f730580 JavaThread "Worker-10: Initialize workspace"        [_thread_blocked, id=2468, stack(0x0000008612700000,0x0000008612800000) (1024K)]
  0x000002498f731930 JavaThread "Worker-11: Initialize workspace"        [_thread_blocked, id=12084, stack(0x0000008611d00000,0x0000008611e00000) (1024K)]
  0x000002498f733370 JavaThread "Worker-12: Initialize workspace"        [_thread_blocked, id=1476, stack(0x0000008611b00000,0x0000008611c00000) (1024K)]
  0x000002498f733a00 JavaThread "Worker-13: Initialize workspace"        [_thread_blocked, id=32112, stack(0x0000008611a00000,0x0000008611b00000) (1024K)]
  0x000002498d2451d0 JavaThread "Worker-14: Initialize workspace"        [_thread_blocked, id=32220, stack(0x000000860c600000,0x000000860c700000) (1024K)]
  0x000002498f72f860 JavaThread "Worker-15: Initialize workspace"        [_thread_blocked, id=32432, stack(0x0000008612400000,0x0000008612500000) (1024K)]
  0x000002499cbbb3a0 JavaThread "Worker-16: Initialize workspace"        [_thread_blocked, id=33180, stack(0x0000008612300000,0x0000008612400000) (1024K)]
  0x000002498d241d50 JavaThread "Worker-17: Initialize workspace"        [_thread_blocked, id=3520, stack(0x0000008612f00000,0x0000008613000000) (1024K)]
  0x000002499d1179e0 JavaThread "Worker-18: Initialize workspace"        [_thread_blocked, id=31220, stack(0x0000008613500000,0x0000008613600000) (1024K)]
  0x000002499d11dc50 JavaThread "Worker-19: Initialize workspace"        [_thread_blocked, id=23196, stack(0x0000008612a00000,0x0000008612b00000) (1024K)]
  0x000002499d11c8a0 JavaThread "Worker-20: Initialize workspace"        [_thread_blocked, id=34764, stack(0x0000008612e00000,0x0000008612f00000) (1024K)]
  0x000002498f72de20 JavaThread "Worker-21: Initialize workspace"        [_thread_blocked, id=32492, stack(0x0000008612100000,0x0000008612200000) (1024K)]
  0x000002498f72eb40 JavaThread "Worker-22: Initialize workspace"        [_thread_blocked, id=13200, stack(0x0000008612200000,0x0000008612300000) (1024K)]
  0x00000249a81175d0 JavaThread "Worker-23: Initialize workspace"        [_thread_blocked, id=1576, stack(0x0000008614300000,0x0000008614400000) (1024K)]
  0x000002498f72d790 JavaThread "Worker-24: Initialize workspace"        [_thread_blocked, id=19552, stack(0x000000860c700000,0x000000860c800000) (1024K)]
  0x00000249a8115b90 JavaThread "Worker-25: Initialize workspace"        [_thread_blocked, id=11276, stack(0x0000008613e00000,0x0000008613f00000) (1024K)]
  0x000002499d118700 JavaThread "Worker-26: Initialize workspace"        [_thread_blocked, id=32436, stack(0x0000008614c00000,0x0000008614d00000) (1024K)]
  0x00000249a9801430 JavaThread "Worker-27: Initialize workspace"        [_thread_blocked, id=12248, stack(0x0000008614b00000,0x0000008614c00000) (1024K)]
  0x00000249a98055d0 JavaThread "Worker-28: Initialize workspace"        [_thread_blocked, id=7228, stack(0x0000008615300000,0x0000008615400000) (1024K)]
  0x00000249a9803500 JavaThread "Worker-29: Initialize workspace"        [_thread_blocked, id=2200, stack(0x0000008612000000,0x0000008612100000) (1024K)]
  0x00000249a9806980 JavaThread "Worker-30: Initialize workspace"        [_thread_blocked, id=35228, stack(0x0000008613f00000,0x0000008614000000) (1024K)]
  0x000002498f732ce0 JavaThread "Connection worker"                 [_thread_in_native, id=38884, stack(0x0000008610a00000,0x0000008610b00000) (1024K)]
  0x00000249a9800080 JavaThread "pool-172-thread-1"                 [_thread_blocked, id=37932, stack(0x0000008613000000,0x0000008613100000) (1024K)]
  0x000002499cbbc0c0 JavaThread "Worker-31: Initialize workspace"        [_thread_blocked, id=24496, stack(0x0000008614a00000,0x0000008614b00000) (1024K)]
  0x000002498d2409a0 JavaThread "Connection worker"                 [_thread_in_native, id=33352, stack(0x0000008615b00000,0x0000008615c00000) (1024K)]
  0x000002498d246c10 JavaThread "pool-201-thread-1"                 [_thread_blocked, id=27584, stack(0x0000008615d00000,0x0000008615e00000) (1024K)]
  0x00000249a98048b0 JavaThread "Connection worker"                 [_thread_in_native, id=33348, stack(0x0000008614000000,0x0000008614100000) (1024K)]
  0x00000249a9804f40 JavaThread "pool-205-thread-1"                 [_thread_blocked, id=33980, stack(0x0000008614900000,0x0000008614a00000) (1024K)]
  0x000002498d245ef0 JavaThread "Connection worker"                 [_thread_in_native, id=31836, stack(0x0000008613700000,0x0000008613800000) (1024K)]
  0x000002498d246580 JavaThread "pool-220-thread-1"                 [_thread_blocked, id=32344, stack(0x0000008613800000,0x0000008613900000) (1024K)]
  0x000002498f734db0 JavaThread "Connection worker"                 [_thread_in_native, id=32252, stack(0x0000008613d00000,0x0000008613e00000) (1024K)]
  0x00000249a8113ac0 JavaThread "pool-230-thread-1"                 [_thread_blocked, id=38500, stack(0x0000008614500000,0x0000008614600000) (1024K)]
  0x000002498c99a210 JavaThread "Connection worker"                 [_thread_in_native, id=35060, stack(0x0000008613c00000,0x0000008613d00000) (1024K)]
  0x00000249a8112da0 JavaThread "pool-231-thread-1"                 [_thread_blocked, id=5132, stack(0x0000008614200000,0x0000008614300000) (1024K)]
  0x00000249a9803b90 JavaThread "Connection worker"                 [_thread_in_native, id=38352, stack(0x0000008615000000,0x0000008615100000) (1024K)]
  0x00000249a9800710 JavaThread "pool-237-thread-1"                 [_thread_blocked, id=38716, stack(0x0000008615200000,0x0000008615300000) (1024K)]
  0x00000249b082fc30 JavaThread "Worker-32: Initialize workspace"        [_thread_blocked, id=37944, stack(0x0000008613a00000,0x0000008613b00000) (1024K)]
  0x00000249b082e880 JavaThread "Connection worker"                 [_thread_in_native, id=32536, stack(0x000000860f400000,0x000000860f500000) (1024K)]
  0x00000249b082f5a0 JavaThread "pool-253-thread-1"                 [_thread_blocked, id=33552, stack(0x0000008612900000,0x0000008612a00000) (1024K)]
  0x00000249b08302c0 JavaThread "Connection worker"                 [_thread_in_native, id=34512, stack(0x0000008612d00000,0x0000008612e00000) (1024K)]
  0x00000249b082ce40 JavaThread "pool-254-thread-1"                 [_thread_blocked, id=38836, stack(0x0000008613100000,0x0000008613200000) (1024K)]
  0x00000249b0831670 JavaThread "Connection worker"                 [_thread_in_native, id=2092, stack(0x0000008615800000,0x0000008615900000) (1024K)]
  0x00000249b0835180 JavaThread "pool-257-thread-1"                 [_thread_blocked, id=868, stack(0x0000008615a00000,0x0000008615b00000) (1024K)]
  0x00000249b0832390 JavaThread "Connection worker"                 [_thread_in_native, id=7500, stack(0x0000008615400000,0x0000008615500000) (1024K)]
  0x00000249b0833740 JavaThread "pool-258-thread-1"                 [_thread_blocked, id=37844, stack(0x0000008615c00000,0x0000008615d00000) (1024K)]
  0x00000249b0830950 JavaThread "Connection worker"                 [_thread_in_native, id=14120, stack(0x0000008613300000,0x0000008613400000) (1024K)]
  0x00000249b082d4d0 JavaThread "pool-261-thread-1"                 [_thread_blocked, id=27876, stack(0x0000008613b00000,0x0000008613c00000) (1024K)]
  0x00000249b0831d00 JavaThread "Worker-33: Initialize workspace"        [_thread_blocked, id=17380, stack(0x0000008615700000,0x0000008615800000) (1024K)]
  0x00000249b082ef10 JavaThread "Connection worker"                 [_thread_in_native, id=18200, stack(0x0000008613400000,0x0000008613500000) (1024K)]
  0x00000249b082c120 JavaThread "pool-263-thread-1"                 [_thread_blocked, id=34056, stack(0x0000008614e00000,0x0000008614f00000) (1024K)]
  0x00000249b0836530 JavaThread "Connection worker"                 [_thread_in_native, id=36268, stack(0x0000008615f00000,0x0000008616000000) (1024K)]
  0x00000249b0836bc0 JavaThread "pool-264-thread-1"                 [_thread_blocked, id=31808, stack(0x0000008616500000,0x0000008616600000) (1024K)]
  0x00000249b0834460 JavaThread "Worker-34: Initialize workspace"        [_thread_blocked, id=25448, stack(0x0000008613200000,0x0000008613300000) (1024K)]
  0x00000249b0830fe0 JavaThread "Worker-35: Initialize workspace"        [_thread_blocked, id=37808, stack(0x0000008616000000,0x0000008616100000) (1024K)]
  0x00000249b0835810 JavaThread "Connection worker"                 [_thread_in_native, id=22848, stack(0x0000008614100000,0x0000008614200000) (1024K)]
  0x00000249b08330b0 JavaThread "pool-275-thread-1"                 [_thread_blocked, id=32500, stack(0x0000008614700000,0x0000008614800000) (1024K)]
  0x00000249b082e1f0 JavaThread "Connection worker"                 [_thread_in_native, id=37516, stack(0x0000008612c00000,0x0000008612d00000) (1024K)]
  0x00000249b082c7b0 JavaThread "Connection worker"                 [_thread_in_native, id=16604, stack(0x0000008612500000,0x0000008612600000) (1024K)]
  0x00000249b0834af0 JavaThread "pool-277-thread-1"                 [_thread_blocked, id=15424, stack(0x0000008614400000,0x0000008614500000) (1024K)]
  0x00000249b083a6d0 JavaThread "pool-278-thread-1"                 [_thread_blocked, id=35592, stack(0x0000008614600000,0x0000008614700000) (1024K)]
  0x00000249b082db60 JavaThread "Connection worker"                 [_thread_in_native, id=11724, stack(0x0000008612600000,0x0000008612700000) (1024K)]
  0x00000249b0837250 JavaThread "pool-279-thread-1"                 [_thread_blocked, id=20176, stack(0x0000008614d00000,0x0000008614e00000) (1024K)]
  0x00000249b0835ea0 JavaThread "Connection worker"                 [_thread_in_native, id=31800, stack(0x0000008616100000,0x0000008616200000) (1024K)]
  0x00000249b0833dd0 JavaThread "pool-280-thread-1"                 [_thread_blocked, id=26312, stack(0x0000008616400000,0x0000008616500000) (1024K)]
  0x00000249b0839320 JavaThread "Connection worker"                 [_thread_in_native, id=33632, stack(0x0000008615500000,0x0000008615600000) (1024K)]
  0x00000249b08399b0 JavaThread "pool-281-thread-1"                 [_thread_blocked, id=28296, stack(0x0000008615600000,0x0000008615700000) (1024K)]
  0x00000249b083b3f0 JavaThread "Connection worker"                 [_thread_in_native, id=36008, stack(0x0000008615900000,0x0000008615a00000) (1024K)]
  0x00000249a8114150 JavaThread "pool-282-thread-1"                 [_thread_blocked, id=37120, stack(0x0000008615e00000,0x0000008615f00000) (1024K)]
  0x00000249a81147e0 JavaThread "Connection worker"                 [_thread_in_native, id=11076, stack(0x0000008614800000,0x0000008614900000) (1024K)]
  0x00000249a8111360 JavaThread "pool-283-thread-1"                 [_thread_blocked, id=34492, stack(0x0000008616200000,0x0000008616300000) (1024K)]
  0x00000249a81168b0 JavaThread "Connection worker"                 [_thread_in_native, id=34264, stack(0x0000008611e00000,0x0000008611f00000) (1024K)]
  0x000002499d11ae60 JavaThread "pool-284-thread-1"                 [_thread_blocked, id=27956, stack(0x0000008616b00000,0x0000008616c00000) (1024K)]
  0x000002499d11cf30 JavaThread "Connection worker"                 [_thread_in_native, id=34620, stack(0x0000008611f00000,0x0000008612000000) (1024K)]
  0x000002499d11e2e0 JavaThread "Connection worker"                 [_thread_in_native, id=17496, stack(0x0000008615100000,0x0000008615200000) (1024K)]
  0x00000249b083a040 JavaThread "pool-286-thread-1"                 [_thread_blocked, id=5224, stack(0x0000008616d00000,0x0000008616e00000) (1024K)]
  0x00000249b083ad60 JavaThread "Worker-36: Initialize workspace"        [_thread_blocked, id=19192, stack(0x0000008616f00000,0x0000008617000000) (1024K)]
  0x00000249b0838600 JavaThread "Connection worker"                 [_thread_in_native, id=25656, stack(0x0000008611800000,0x0000008611900000) (1024K)]
  0x00000249b0837f70 JavaThread "Connection worker"                 [_thread_in_native, id=5628, stack(0x0000008611c00000,0x0000008611d00000) (1024K)]
  0x00000249b08378e0 JavaThread "pool-287-thread-1"                 [_thread_blocked, id=32568, stack(0x0000008613600000,0x0000008613700000) (1024K)]
  0x00000249a9805c60 JavaThread "Connection worker"                 [_thread_in_native, id=38728, stack(0x000000860f200000,0x000000860f300000) (1024K)]
  0x00000249a98027e0 JavaThread "Worker-37: Initialize workspace"        [_thread_blocked, id=36960, stack(0x0000008612800000,0x0000008612900000) (1024K)]
  0x00000249a9802e70 JavaThread "Worker-38: Initialize workspace"        [_thread_blocked, id=26700, stack(0x0000008612b00000,0x0000008612c00000) (1024K)]
  0x00000249a9807010 JavaThread "Connection worker"                 [_thread_in_native, id=3400, stack(0x0000008616900000,0x0000008616a00000) (1024K)]
  0x00000249a98076a0 JavaThread "pool-288-thread-1"                 [_thread_blocked, id=37084, stack(0x0000008616c00000,0x0000008616d00000) (1024K)]
  0x00000249a8112710 JavaThread "Connection worker"                 [_thread_in_native, id=36544, stack(0x0000008614f00000,0x0000008615000000) (1024K)]
  0x00000249a8113430 JavaThread "pool-289-thread-1"                 [_thread_blocked, id=37364, stack(0x0000008616800000,0x0000008616900000) (1024K)]
  0x00000249a8116f40 JavaThread "Connection worker"                 [_thread_in_native, id=37116, stack(0x0000008616a00000,0x0000008616b00000) (1024K)]
  0x00000249a8117c60 JavaThread "pool-290-thread-1"                 [_thread_blocked, id=34604, stack(0x0000008616e00000,0x0000008616f00000) (1024K)]
  0x000002498f72f1d0 JavaThread "Connection worker"                 [_thread_in_native, id=21896, stack(0x0000008613900000,0x0000008613a00000) (1024K)]
  0x000002498f734090 JavaThread "pool-291-thread-1"                 [_thread_blocked, id=35536, stack(0x0000008617100000,0x0000008617200000) (1024K)]
  0x000002499d119420 JavaThread "Connection worker"                 [_thread_in_native, id=31584, stack(0x0000008617400000,0x0000008617500000) (1024K)]
  0x000002499d11a140 JavaThread "pool-292-thread-1"                 [_thread_blocked, id=30332, stack(0x0000008617700000,0x0000008617800000) (1024K)]
  0x000002499cbbd470 JavaThread "Worker-39: Initialize workspace"        [_thread_blocked, id=33920, stack(0x0000008617900000,0x0000008617a00000) (1024K)]
  0x000002499cbb9ff0 JavaThread "Worker-40: Initialize workspace"        [_thread_blocked, id=35960, stack(0x0000008617000000,0x0000008617100000) (1024K)]
  0x000002499cbbad10 JavaThread "Connection worker"                 [_thread_in_native, id=30856, stack(0x0000008617200000,0x0000008617300000) (1024K)]
  0x000002498d243790 JavaThread "pool-293-thread-1"                 [_thread_blocked, id=21796, stack(0x0000008617b00000,0x0000008617c00000) (1024K)]
  0x000002498f734720 JavaThread "Connection worker"                 [_thread_in_native, id=35996, stack(0x0000008617500000,0x0000008617600000) (1024K)]
  0x000002499d11bb80 JavaThread "pool-294-thread-1"                 [_thread_blocked, id=8504, stack(0x0000008617800000,0x0000008617900000) (1024K)]
  0x00000249a81182f0 JavaThread "Worker-41: Initialize workspace"        [_thread_blocked, id=16520, stack(0x0000008617300000,0x0000008617400000) (1024K)]
  0x00000249a8115500 JavaThread "Worker-42: Initialize workspace"        [_thread_blocked, id=25292, stack(0x0000008617600000,0x0000008617700000) (1024K)]
  0x000002498f7312a0 JavaThread "Connection worker"                 [_thread_in_native, id=37048, stack(0x0000008617e00000,0x0000008617f00000) (1024K)]
  0x000002499cbbba30 JavaThread "pool-296-thread-1"                 [_thread_blocked, id=31560, stack(0x0000008617f00000,0x0000008618000000) (1024K)]
  0x00000249a9804220 JavaThread "Worker-43: Initialize workspace"        [_thread_blocked, id=6720, stack(0x0000008618100000,0x0000008618200000) (1024K)]
  0x000002498f730c10 JavaThread "Connection worker"                 [_thread_in_native, id=32728, stack(0x0000008617c00000,0x0000008617d00000) (1024K)]
  0x000002498c996070 JavaThread "pool-297-thread-1"                 [_thread_blocked, id=36680, stack(0x0000008618400000,0x0000008618500000) (1024K)]
  0x000002498d2444b0 JavaThread "Worker-44: Initialize workspace"        [_thread_blocked, id=39132, stack(0x0000008618500000,0x0000008618600000) (1024K)]
  0x00000249b40ed1a0 JavaThread "Connection worker"                 [_thread_in_native, id=39844, stack(0x0000008618300000,0x0000008618400000) (1024K)]
  0x00000249b40eb760 JavaThread "pool-298-thread-1"                 [_thread_blocked, id=39848, stack(0x0000008618700000,0x0000008618800000) (1024K)]
  0x00000249b40ed830 JavaThread "Worker-46: Initialize workspace"        [_thread_blocked, id=33520, stack(0x0000008616300000,0x0000008616400000) (1024K)]
  0x00000249b40ecb10 JavaThread "Connection worker"                 [_thread_in_native, id=29376, stack(0x0000008616700000,0x0000008616800000) (1024K)]
  0x00000249b40ebdf0 JavaThread "pool-299-thread-1"                 [_thread_blocked, id=26528, stack(0x0000008618000000,0x0000008618100000) (1024K)]
  0x00000249b40edec0 JavaThread "Exec process Thread 28"            [_thread_blocked, id=39164, stack(0x0000008618200000,0x0000008618300000) (1024K)]
  0x00000249b40ef270 JavaThread "Worker-47: Initialize workspace"        [_thread_blocked, id=7008, stack(0x0000008618a00000,0x0000008618b00000) (1024K)]
  0x00000249b40ef900 JavaThread "Worker-49: Initialize workspace"        [_thread_blocked, id=36216, stack(0x0000008618900000,0x0000008618a00000) (1024K)]
  0x00000249b40f26f0 JavaThread "Connection worker"                 [_thread_in_native, id=40956, stack(0x0000008618f00000,0x0000008619000000) (1024K)]
  0x00000249b40f2d80 JavaThread "pool-302-thread-1"                 [_thread_blocked, id=39944, stack(0x0000008619100000,0x0000008619200000) (1024K)]
  0x00000249b40eff90 JavaThread "Worker-50: Initialize workspace"        [_thread_blocked, id=40896, stack(0x0000008619300000,0x0000008619400000) (1024K)]
  0x00000249b40f2060 JavaThread "Worker-51: Initialize workspace"        [_thread_blocked, id=37212, stack(0x0000008619400000,0x0000008619500000) (1024K)]
  0x00000249b40f0620 JavaThread "Worker-52: Initialize workspace"        [_thread_blocked, id=39128, stack(0x0000008618c00000,0x0000008618d00000) (1024K)]
  0x00000249b40f6f20 JavaThread "Connection worker"                 [_thread_in_native, id=40432, stack(0x0000008619900000,0x0000008619a00000) (1024K)]
  0x00000249b40f75b0 JavaThread "pool-304-thread-1"                 [_thread_blocked, id=39968, stack(0x0000008619a00000,0x0000008619b00000) (1024K)]
  0x00000249b40f3410 JavaThread "Connection worker"                 [_thread_in_native, id=39096, stack(0x0000008619700000,0x0000008619800000) (1024K)]
  0x00000249b40f4e50 JavaThread "pool-305-thread-1"                 [_thread_blocked, id=37172, stack(0x0000008619800000,0x0000008619900000) (1024K)]
  0x00000249b40f8960 JavaThread "Connection worker"                 [_thread_in_native, id=41700, stack(0x0000008619e00000,0x0000008619f00000) (1024K)]
  0x00000249b40f6200 JavaThread "pool-306-thread-1"                 [_thread_blocked, id=41736, stack(0x000000861a100000,0x000000861a200000) (1024K)]
  0x00000249b40f0cb0 JavaThread "Connection worker"                 [_thread_in_native, id=41632, stack(0x000000861a000000,0x000000861a100000) (1024K)]
  0x00000249b40f5b70 JavaThread "pool-307-thread-1"                 [_thread_blocked, id=41716, stack(0x000000861a300000,0x000000861a400000) (1024K)]
  0x00000249a81119f0 JavaThread "Connection worker"                 [_thread_in_native, id=42188, stack(0x0000008619c00000,0x0000008619d00000) (1024K)]
  0x00000249b40f9d10 JavaThread "pool-308-thread-1"                 [_thread_blocked, id=42236, stack(0x000000861a600000,0x000000861a700000) (1024K)]
  0x00000249b40fa3a0 JavaThread "Worker-71: Initialize workspace"        [_thread_blocked, id=41648, stack(0x000000861a200000,0x000000861a300000) (1024K)]
  0x00000249a8116220 JavaThread "Worker-82: Initialize workspace"        [_thread_blocked, id=42184, stack(0x000000861a800000,0x000000861a900000) (1024K)]
  0x000002499d11e970 JavaThread "Connection worker"                 [_thread_in_native, id=42264, stack(0x000000861a400000,0x000000861a500000) (1024K)]
  0x00000249b429ae70 JavaThread "pool-310-thread-1"                 [_thread_blocked, id=40980, stack(0x0000008619200000,0x0000008619300000) (1024K)]
  0x00000249b429bb90 JavaThread "Worker-92: Initialize workspace"        [_thread_blocked, id=41988, stack(0x0000008619b00000,0x0000008619c00000) (1024K)]
  0x00000249b4298710 JavaThread "Worker-101: Initialize workspace"        [_thread_blocked, id=17868, stack(0x0000008619f00000,0x000000861a000000) (1024K)]
  0x00000249b4299430 JavaThread "Connection worker"                 [_thread_in_native, id=42128, stack(0x000000861af00000,0x000000861b000000) (1024K)]
  0x00000249b429a150 JavaThread "pool-312-thread-1"                 [_thread_blocked, id=42008, stack(0x000000861b000000,0x000000861b100000) (1024K)]
  0x00000249b429b500 JavaThread "Worker-112: Initialize workspace"        [_thread_blocked, id=43744, stack(0x000000861a500000,0x000000861a600000) (1024K)]
  0x00000249b429e2f0 JavaThread "Connection worker"                 [_thread_in_native, id=43876, stack(0x000000861b200000,0x000000861b300000) (1024K)]
  0x00000249b429cf40 JavaThread "pool-313-thread-1"                 [_thread_blocked, id=43884, stack(0x000000861b500000,0x000000861b600000) (1024K)]
  0x00000249b429f6a0 JavaThread "Worker-123: Initialize workspace"        [_thread_blocked, id=29320, stack(0x000000861b400000,0x000000861b500000) (1024K)]
  0x00000249b429fd30 JavaThread "Connection worker"                 [_thread_in_native, id=38256, stack(0x000000861ae00000,0x000000861af00000) (1024K)]
  0x00000249b429d5d0 JavaThread "pool-314-thread-1"                 [_thread_blocked, id=31612, stack(0x000000861b700000,0x000000861b800000) (1024K)]
  0x00000249b429a7e0 JavaThread "Worker-133: Initialize workspace"        [_thread_blocked, id=40524, stack(0x000000861ad00000,0x000000861ae00000) (1024K)]
  0x00000249b4298da0 JavaThread "Connection worker"                 [_thread_in_native, id=43680, stack(0x000000861ac00000,0x000000861ad00000) (1024K)]
  0x00000249b4299ac0 JavaThread "pool-315-thread-1"                 [_thread_blocked, id=43732, stack(0x000000861b100000,0x000000861b200000) (1024K)]
  0x00000249b42a03c0 JavaThread "Worker-144: Initialize workspace"        [_thread_blocked, id=43184, stack(0x000000861b600000,0x000000861b700000) (1024K)]
  0x00000249b429e980 JavaThread "Connection worker"                 [_thread_in_native, id=43384, stack(0x000000861bd00000,0x000000861be00000) (1024K)]
  0x00000249b42a2490 JavaThread "pool-316-thread-1"                 [_thread_blocked, id=43764, stack(0x000000861be00000,0x000000861bf00000) (1024K)]
  0x00000249b42a0a50 JavaThread "Connection worker"                 [_thread_in_native, id=44056, stack(0x000000861ba00000,0x000000861bb00000) (1024K)]
  0x00000249b42a1770 JavaThread "pool-317-thread-1"                 [_thread_blocked, id=44084, stack(0x000000861c000000,0x000000861c100000) (1024K)]
  0x00000249b42a10e0 JavaThread "Worker-164: Initialize workspace"        [_thread_blocked, id=44580, stack(0x000000861b900000,0x000000861ba00000) (1024K)]
  0x00000249b429dc60 JavaThread "Worker-174: Initialize workspace"        [_thread_blocked, id=37448, stack(0x000000861bb00000,0x000000861bc00000) (1024K)]
  0x00000249b429c8b0 JavaThread "Connection worker"                 [_thread_in_native, id=40400, stack(0x000000861bf00000,0x000000861c000000) (1024K)]
  0x00000249b42a4bf0 JavaThread "pool-319-thread-1"                 [_thread_blocked, id=30020, stack(0x000000861c200000,0x000000861c300000) (1024K)]
  0x00000249b429f010 JavaThread "Connection worker"                 [_thread_in_native, id=43424, stack(0x000000861c400000,0x000000861c500000) (1024K)]
  0x00000249b42a2b20 JavaThread "pool-320-thread-1"                 [_thread_blocked, id=13828, stack(0x000000861c800000,0x000000861c900000) (1024K)]
  0x00000249b40f6890 JavaThread "Worker-203: Initialize workspace"        [_thread_blocked, id=44792, stack(0x000000861b800000,0x000000861b900000) (1024K)]
  0x00000249b3f83ae0 JavaThread "Worker-225: Initialize workspace"        [_thread_blocked, id=46176, stack(0x000000861cf00000,0x000000861d000000) (1024K)]
  0x00000249b3f84e90 JavaThread "Worker-235: Initialize workspace"        [_thread_blocked, id=46944, stack(0x000000861d200000,0x000000861d300000) (1024K)]
  0x00000249b3f83450 JavaThread "Connection worker"                 [_thread_in_native, id=43688, stack(0x000000861d500000,0x000000861d600000) (1024K)]
  0x00000249b3f84800 JavaThread "pool-326-thread-1"                 [_thread_blocked, id=46372, stack(0x000000861d400000,0x000000861d500000) (1024K)]
  0x00000249b3f89030 JavaThread "Exec process Thread 32"            [_thread_blocked, id=34068, stack(0x000000861df00000,0x000000861e000000) (1024K)]
  0x00000249b3f889a0 JavaThread "Exec process Thread 33"            [_thread_blocked, id=46324, stack(0x000000861e000000,0x000000861e100000) (1024K)]
  0x00000249b3f85520 JavaThread "Connection worker"                 [_thread_in_native, id=45200, stack(0x000000861aa00000,0x000000861ab00000) (1024K)]
  0x00000249b3f8be20 JavaThread "pool-342-thread-1"                 [_thread_blocked, id=39188, stack(0x000000861ab00000,0x000000861ac00000) (1024K)]
  0x00000249b3f88310 JavaThread "Connection worker"                 [_thread_in_native, id=43200, stack(0x0000008618b00000,0x0000008618c00000) (1024K)]
  0x00000249b3f86240 JavaThread "pool-349-thread-1"                 [_thread_blocked, id=40344, stack(0x0000008619000000,0x0000008619100000) (1024K)]
  0x00000249b3f82730 JavaThread "Connection worker"                 [_thread_in_native, id=26860, stack(0x0000008617a00000,0x0000008617b00000) (1024K)]
  0x00000249b3f868d0 JavaThread "Connection worker"                 [_thread_in_native, id=39416, stack(0x0000008619d00000,0x0000008619e00000) (1024K)]
  0x00000249b3f84170 JavaThread "Connection worker"                 [_thread_in_native, id=42928, stack(0x0000008618d00000,0x0000008618e00000) (1024K)]
  0x00000249b3f81380 JavaThread "pool-351-thread-1"                 [_thread_blocked, id=44664, stack(0x0000008617d00000,0x0000008617e00000) (1024K)]
  0x00000249b3f85bb0 JavaThread "Worker-275: Initialize workspace"        [_thread_blocked, id=39804, stack(0x0000008616600000,0x0000008616700000) (1024K)]
  0x00000249b3f82dc0 JavaThread "Worker-307: Initialize workspace"        [_thread_blocked, id=46924, stack(0x0000008618800000,0x0000008618900000) (1024K)]
  0x00000249b3f820a0 JavaThread "Worker-316: Initialize workspace"        [_thread_blocked, id=8160, stack(0x0000008618600000,0x0000008618700000) (1024K)]
  0x00000249b42a7350 JavaThread "Exec process Thread 37"            [_thread_blocked, id=47580, stack(0x000000861db00000,0x000000861dc00000) (1024K)]
  0x00000249b42a5280 JavaThread "Exec process Thread 38"            [_thread_blocked, id=31404, stack(0x000000861de00000,0x000000861df00000) (1024K)]
  0x00000249b42a3ed0 JavaThread "Exec process Thread 39"            [_thread_blocked, id=30792, stack(0x000000861e200000,0x000000861e300000) (1024K)]
  0x00000249b40ee550 JavaThread "Exec process Thread 40"            [_thread_blocked, id=45980, stack(0x000000861d000000,0x000000861d100000) (1024K)]
  0x00000249b40eebe0 JavaThread "Exec process Thread 41"            [_thread_blocked, id=1760, stack(0x000000861d100000,0x000000861d200000) (1024K)]
  0x00000249b40ec480 JavaThread "Exec process Thread 42"            [_thread_blocked, id=24808, stack(0x000000861d300000,0x000000861d400000) (1024K)]
  0x00000249b3f896c0 JavaThread "Connection worker"                 [_thread_in_native, id=18516, stack(0x000000861a700000,0x000000861a800000) (1024K)]
  0x00000249b3f89d50 JavaThread "Connection worker"                 [_thread_in_native, id=15100, stack(0x000000861a900000,0x000000861aa00000) (1024K)]
  0x00000249b3f87c80 JavaThread "Worker-369: Initialize workspace"        [_thread_blocked, id=48516, stack(0x000000861ca00000,0x000000861cb00000) (1024K)]
  0x00000249b40f4130 JavaThread "Worker-380: Initialize workspace"        [_thread_blocked, id=47204, stack(0x000000861ce00000,0x000000861cf00000) (1024K)]
  0x00000249b3f875f0 JavaThread "Worker-389: Initialize workspace"        [_thread_blocked, id=33068, stack(0x000000861cc00000,0x000000861cd00000) (1024K)]
  0x00000249b3f8cb40 JavaThread "Worker-394: Initialize workspace"        [_thread_blocked, id=39220, stack(0x000000861d800000,0x000000861d900000) (1024K)]
  0x00000249b3f8def0 JavaThread "Connection worker"                 [_thread_blocked, id=48908, stack(0x000000861da00000,0x000000861db00000) (1024K)]
  0x00000249b3f8d860 JavaThread "pool-382-thread-1"                 [_thread_blocked, id=48384, stack(0x000000861dc00000,0x000000861dd00000) (1024K)]
  0x00000249b42a4560 JavaThread "Exec process"                      [_thread_in_native, id=48968, stack(0x000000861c100000,0x000000861c200000) (1024K)]
  0x00000249b42a1e00 JavaThread "Exec process Thread 2"             [_thread_blocked, id=16940, stack(0x000000861c900000,0x000000861ca00000) (1024K)]
  0x00000249b42a5fa0 JavaThread "Connection worker"                 [_thread_blocked, id=48984, stack(0x000000861b300000,0x000000861b400000) (1024K)]
  0x00000249b42a6630 JavaThread "pool-384-thread-1"                 [_thread_blocked, id=48884, stack(0x000000861c300000,0x000000861c400000) (1024K)]
  0x00000249b4298080 JavaThread "Connection worker"                 [_thread_blocked, id=46208, stack(0x0000008619600000,0x0000008619700000) (1024K)]
  0x00000249b429c220 JavaThread "Exec process"                      [_thread_in_native, id=34812, stack(0x0000008618e00000,0x0000008618f00000) (1024K)]
  0x00000249b42a5910 JavaThread "Connection worker"                 [_thread_blocked, id=47176, stack(0x0000008619500000,0x0000008619600000) (1024K)]
  0x00000249b42a6cc0 JavaThread "Exec process Thread 2"             [_thread_blocked, id=45244, stack(0x000000861c500000,0x000000861c600000) (1024K)]
  0x00000249b42a3840 JavaThread "pool-385-thread-1"                 [_thread_blocked, id=46220, stack(0x000000861cb00000,0x000000861cc00000) (1024K)]
  0x00000249b3f81a10 JavaThread "Exec process"                      [_thread_in_native, id=45976, stack(0x000000861cd00000,0x000000861ce00000) (1024K)]
  0x00000249b3f8c4b0 JavaThread "Exec process Thread 2"             [_thread_blocked, id=41060, stack(0x000000861d600000,0x000000861d700000) (1024K)]
  0x00000249b3f8d1d0 JavaThread "Exec process"                      [_thread_blocked, id=37820, stack(0x000000861bc00000,0x000000861bd00000) (1024K)]
  0x00000249b3f8aa70 JavaThread "Exec process Thread 2"             [_thread_blocked, id=14168, stack(0x000000861d900000,0x000000861da00000) (1024K)]
Total: 264

Other Threads:
  0x000002492d281b70 VMThread "VM Thread"                           [id=17216, stack(0x000000860cc00000,0x000000860cd00000) (1024K)]
  0x000002492d24e1a0 WatcherThread "VM Periodic Task Thread"        [id=3844, stack(0x000000860cb00000,0x000000860cc00000) (1024K)]
  0x000002492d200950 WorkerThread "GC Thread#0"                     [id=8020, stack(0x000000860ca00000,0x000000860cb00000) (1024K)]
  0x000002498c3bd3b0 WorkerThread "GC Thread#1"                     [id=6332, stack(0x000000860dc00000,0x000000860dd00000) (1024K)]
  0x000002498c71cd80 WorkerThread "GC Thread#2"                     [id=7388, stack(0x000000860dd00000,0x000000860de00000) (1024K)]
  0x000002498c71d130 WorkerThread "GC Thread#3"                     [id=17504, stack(0x000000860de00000,0x000000860df00000) (1024K)]
  0x000002498c444f20 WorkerThread "GC Thread#4"                     [id=23480, stack(0x000000860df00000,0x000000860e000000) (1024K)]
  0x000002498c4452d0 WorkerThread "GC Thread#5"                     [id=1052, stack(0x000000860e000000,0x000000860e100000) (1024K)]
  0x000002498c91a810 WorkerThread "GC Thread#6"                     [id=31708, stack(0x000000860e100000,0x000000860e200000) (1024K)]
  0x000002498c9195a0 WorkerThread "GC Thread#7"                     [id=26500, stack(0x000000860e300000,0x000000860e400000) (1024K)]
  0x000002498c918e40 WorkerThread "GC Thread#8"                     [id=31580, stack(0x000000860db00000,0x000000860dc00000) (1024K)]
  0x000002498c919950 WorkerThread "GC Thread#9"                     [id=26776, stack(0x000000860e400000,0x000000860e500000) (1024K)]
  0x000002498c91a0b0 WorkerThread "GC Thread#10"                    [id=29060, stack(0x000000860e500000,0x000000860e600000) (1024K)]
  0x000002498cb40b90 WorkerThread "GC Thread#11"                    [id=20116, stack(0x000000860e900000,0x000000860ea00000) (1024K)]
  0x000002498cb3d090 WorkerThread "GC Thread#12"                    [id=31300, stack(0x000000860ea00000,0x000000860eb00000) (1024K)]
Total: 15

Threads with active compile tasks:
C2 CompilerThread0  1860103 23214       4       org.eclipse.jdt.ls.core.internal.handlers.BundleUtils::getBundles (180 bytes)
Total: 1

VM state: at safepoint (normal execution)

VM Mutex/Monitor currently owned by a thread:  ([mutex/lock_event])
[0x00007ffedb78f5b0] Threads_lock - owner thread: 0x000002492d281b70
[0x00007ffedb78f6b0] Heap_lock - owner thread: 0x00000249b3f8cb40
[0x00007ffedb78fb30] PSOldGenExpand_lock - owner thread: 0x000002498c71cd80

Heap address: 0x0000000080000000, size: 2048 MB, Compressed Oops mode: 32-bit

CDS archive(s) mapped at: [0x0000024944000000-0x0000024944ba0000-0x0000024944ba0000), size 12189696, SharedBaseAddress: 0x0000024944000000, ArchiveRelocationMode: 1.
Compressed class space mapped at: 0x0000024945000000-0x0000024985000000, reserved size: 1073741824
Narrow klass base: 0x0000024944000000, Narrow klass shift: 0, Narrow klass range: 0x100000000

GC Precious Log:
 CardTable entry size: 512
 CPUs: 16 total, 16 available
 Memory: 16051M
 Large Page Support: Disabled
 NUMA Support: Disabled
 Compressed Oops: Enabled (32-bit)
 Alignments: Space 512K, Generation 512K, Heap 2M
 Heap Min Capacity: 100M
 Heap Initial Capacity: 100M
 Heap Max Capacity: 2G
 Pre-touch: Disabled
 Parallel Workers: 13

Heap:
 PSYoungGen      total 5120K, used 4448K [0x00000000d5580000, 0x00000000d5c80000, 0x0000000100000000)
  eden space 4096K, 100% used [0x00000000d5580000,0x00000000d5980000,0x00000000d5980000)
  from space 1024K, 34% used [0x00000000d5a80000,0x00000000d5ad8000,0x00000000d5b80000)
  to   space 512K, 91% used [0x00000000d5c00000,0x00000000d5c758d8,0x00000000d5c80000)
 ParOldGen       total 1056256K, used 1056252K [0x0000000080000000, 0x00000000c0780000, 0x00000000d5580000)
  object space 1056256K, 99% used [0x0000000080000000,0x00000000c077f030,0x00000000c0780000)
 Metaspace       used 94687K, committed 97664K, reserved 1179648K
  class space    used 11002K, committed 12416K, reserved 1048576K

Card table byte_map: [0x000002492cb80000,0x000002492cf90000] _byte_map_base: 0x000002492c780000

Marking Bits: (ParMarkBitMap*) 0x00007ffedb7944a0
 Begin Bits: [0x000002493f690000, 0x0000024941690000)
 End Bits:   [0x0000024941690000, 0x0000024943690000)

Polling page: 0x000002492afb0000

Metaspace:

Usage:
  Non-class:     81.72 MB used.
      Class:     10.74 MB used.
       Both:     92.47 MB used.

Virtual space:
  Non-class space:      128.00 MB reserved,      83.25 MB ( 65%) committed,  2 nodes.
      Class space:        1.00 GB reserved,      12.12 MB (  1%) committed,  1 nodes.
             Both:        1.12 GB reserved,      95.38 MB (  8%) committed. 

Chunk freelists:
   Non-Class:  12.52 MB
       Class:  3.82 MB
        Both:  16.34 MB

MaxMetaspaceSize: unlimited
CompressedClassSpaceSize: 1.00 GB
Initial GC threshold: 21.00 MB
Current GC threshold: 148.56 MB
CDS: on
 - commit_granule_bytes: 65536.
 - commit_granule_words: 8192.
 - virtual_space_node_default_size: 8388608.
 - enlarge_chunks_in_place: 1.
 - use_allocation_guard: 0.


Internal statistics:

num_allocs_failed_limit: 9.
num_arena_births: 3526.
num_arena_deaths: 106.
num_vsnodes_births: 3.
num_vsnodes_deaths: 0.
num_space_committed: 1526.
num_space_uncommitted: 0.
num_chunks_returned_to_freelist: 137.
num_chunks_taken_from_freelist: 9041.
num_chunk_merges: 14.
num_chunk_splits: 5276.
num_chunks_enlarged: 2545.
num_inconsistent_stats: 0.

CodeHeap 'non-profiled nmethods': size=119168Kb used=19936Kb max_used=19936Kb free=99231Kb
 bounds [0x0000024937f80000, 0x0000024939300000, 0x000002493f3e0000]
CodeHeap 'profiled nmethods': size=119104Kb used=44329Kb max_used=44329Kb free=74775Kb
 bounds [0x00000249303e0000, 0x0000024932f30000, 0x0000024937830000]
CodeHeap 'non-nmethods': size=7488Kb used=1427Kb max_used=3146Kb free=6060Kb
 bounds [0x0000024937830000, 0x0000024937ba0000, 0x0000024937f80000]
CodeCache: size=245760Kb, used=65692Kb, max_used=67411Kb, free=180066Kb
 total_blobs=20796, nmethods=20052, adapters=649, full_count=0
Compilation: enabled, stopped_count=0, restarted_count=0

Compilation events (20 events):
Event: 1857.594 Thread 0x0000024985f6e490 nmethod 23205 0x0000024932f26490 code [0x0000024932f266a0, 0x0000024932f26d68]
Event: 1857.595 Thread 0x0000024985f6e490 23206       3       com.google.common.collect.ForwardingCollection::size (10 bytes)
Event: 1857.595 Thread 0x0000024985f6e490 nmethod 23206 0x0000024932f26f90 code [0x0000024932f27140, 0x0000024932f27388]
Event: 1857.611 Thread 0x000002492d29e920 23207       4       java.lang.Exception::<init> (7 bytes)
Event: 1857.614 Thread 0x000002492d29e920 nmethod 23207 0x00000249392f0510 code [0x00000249392f06c0, 0x00000249392f0a70]
Event: 1857.718 Thread 0x000002492d29e920 23208       4       org.objectweb.asm.SymbolTable::addConstantUtf8 (98 bytes)
Event: 1857.738 Thread 0x000002492d29e920 nmethod 23208 0x00000249392f0c10 code [0x00000249392f0e60, 0x00000249392f1920]
Event: 1857.772 Thread 0x0000024985f6e490 23209       1       org.gradle.cache.internal.filelock.FileLockOutcome::isLockWasAcquired (2 bytes)
Event: 1857.772 Thread 0x0000024985f6e490 nmethod 23209 0x00000249392f2090 code [0x00000249392f2220, 0x00000249392f22e8]
Event: 1857.772 Thread 0x0000024985f6e490 23210       1       org.gradle.internal.time.ExponentialBackoff$Result$2::isSuccessful (2 bytes)
Event: 1857.772 Thread 0x0000024985f6e490 nmethod 23210 0x00000249392f2390 code [0x00000249392f2520, 0x00000249392f25e8]
Event: 1857.933 Thread 0x0000024985f6e490 23211       3       org.gradle.util.internal.CollectionUtils::toMutableList (57 bytes)
Event: 1857.934 Thread 0x0000024985f6e490 nmethod 23211 0x0000024932f27490 code [0x0000024932f27700, 0x0000024932f281d8]
Event: 1858.372 Thread 0x0000024985f6e490 23212   !   3       java.util.ServiceLoader$LazyClassPathLookupIterator::hasNextService (144 bytes)
Event: 1858.380 Thread 0x0000024985f6e490 nmethod 23212 0x0000024932f28590 code [0x0000024932f28920, 0x0000024932f29bd8]
Event: 1858.456 Thread 0x000002492d29e920 23213   !   4       org.eclipse.jdt.ls.core.internal.handlers.BundleUtils::getBundleInfo (200 bytes)
Event: 1858.478 Thread 0x0000024985f6e490 23215       3       org.eclipse.osgi.internal.log.EquinoxLogWriter::getRoot (60 bytes)
Event: 1858.483 Thread 0x0000024985f6e490 nmethod 23215 0x0000024932f2a690 code [0x0000024932f2a8a0, 0x0000024932f2b1c0]
Event: 1858.617 Thread 0x000002492d29e920 nmethod 23213 0x00000249392f2690 code [0x00000249392f2c60, 0x00000249392f6148]
Event: 1858.618 Thread 0x000002492d29e920 23214       4       org.eclipse.jdt.ls.core.internal.handlers.BundleUtils::getBundles (180 bytes)

GC Heap History (20 events):
Event: 1857.943 GC heap after
{Heap after GC invocations=7308 (full 4):
 PSYoungGen      total 4608K, used 384K [0x00000000d5580000, 0x00000000d5a80000, 0x0000000100000000)
  eden space 4096K, 0% used [0x00000000d5580000,0x00000000d5580000,0x00000000d5980000)
  from space 512K, 75% used [0x00000000d5a00000,0x00000000d5a60000,0x00000000d5a80000)
  to   space 512K, 0% used [0x00000000d5980000,0x00000000d5980000,0x00000000d5a00000)
 ParOldGen       total 1053184K, used 1053108K [0x0000000080000000, 0x00000000c0480000, 0x00000000d5580000)
  object space 1053184K, 99% used [0x0000000080000000,0x00000000c046d3a0,0x00000000c0480000)
 Metaspace       used 94681K, committed 97664K, reserved 1179648K
  class space    used 11002K, committed 12416K, reserved 1048576K
}
Event: 1858.087 GC heap before
{Heap before GC invocations=7309 (full 4):
 PSYoungGen      total 4608K, used 4480K [0x00000000d5580000, 0x00000000d5a80000, 0x0000000100000000)
  eden space 4096K, 100% used [0x00000000d5580000,0x00000000d5980000,0x00000000d5980000)
  from space 512K, 75% used [0x00000000d5a00000,0x00000000d5a60000,0x00000000d5a80000)
  to   space 512K, 0% used [0x00000000d5980000,0x00000000d5980000,0x00000000d5a00000)
 ParOldGen       total 1053184K, used 1053108K [0x0000000080000000, 0x00000000c0480000, 0x00000000d5580000)
  object space 1053184K, 99% used [0x0000000080000000,0x00000000c046d3a0,0x00000000c0480000)
 Metaspace       used 94681K, committed 97664K, reserved 1179648K
  class space    used 11002K, committed 12416K, reserved 1048576K
}
Event: 1858.089 GC heap after
{Heap after GC invocations=7309 (full 4):
 PSYoungGen      total 4608K, used 256K [0x00000000d5580000, 0x00000000d5a80000, 0x0000000100000000)
  eden space 4096K, 0% used [0x00000000d5580000,0x00000000d5580000,0x00000000d5980000)
  from space 512K, 50% used [0x00000000d5980000,0x00000000d59c0000,0x00000000d5a00000)
  to   space 512K, 0% used [0x00000000d5a00000,0x00000000d5a00000,0x00000000d5a80000)
 ParOldGen       total 1053696K, used 1053196K [0x0000000080000000, 0x00000000c0500000, 0x00000000d5580000)
  object space 1053696K, 99% used [0x0000000080000000,0x00000000c04833a0,0x00000000c0500000)
 Metaspace       used 94681K, committed 97664K, reserved 1179648K
  class space    used 11002K, committed 12416K, reserved 1048576K
}
Event: 1858.194 GC heap before
{Heap before GC invocations=7310 (full 4):
 PSYoungGen      total 4608K, used 4352K [0x00000000d5580000, 0x00000000d5a80000, 0x0000000100000000)
  eden space 4096K, 100% used [0x00000000d5580000,0x00000000d5980000,0x00000000d5980000)
  from space 512K, 50% used [0x00000000d5980000,0x00000000d59c0000,0x00000000d5a00000)
  to   space 512K, 0% used [0x00000000d5a00000,0x00000000d5a00000,0x00000000d5a80000)
 ParOldGen       total 1053696K, used 1053196K [0x0000000080000000, 0x00000000c0500000, 0x00000000d5580000)
  object space 1053696K, 99% used [0x0000000080000000,0x00000000c04833b8,0x00000000c0500000)
 Metaspace       used 94681K, committed 97664K, reserved 1179648K
  class space    used 11002K, committed 12416K, reserved 1048576K
}
Event: 1858.196 GC heap after
{Heap after GC invocations=7310 (full 4):
 PSYoungGen      total 4608K, used 352K [0x00000000d5580000, 0x00000000d5a80000, 0x0000000100000000)
  eden space 4096K, 0% used [0x00000000d5580000,0x00000000d5580000,0x00000000d5980000)
  from space 512K, 68% used [0x00000000d5a00000,0x00000000d5a58000,0x00000000d5a80000)
  to   space 512K, 0% used [0x00000000d5980000,0x00000000d5980000,0x00000000d5a00000)
 ParOldGen       total 1053696K, used 1053284K [0x0000000080000000, 0x00000000c0500000, 0x00000000d5580000)
  object space 1053696K, 99% used [0x0000000080000000,0x00000000c04993e8,0x00000000c0500000)
 Metaspace       used 94681K, committed 97664K, reserved 1179648K
  class space    used 11002K, committed 12416K, reserved 1048576K
}
Event: 1858.299 GC heap before
{Heap before GC invocations=7311 (full 4):
 PSYoungGen      total 4608K, used 4448K [0x00000000d5580000, 0x00000000d5a80000, 0x0000000100000000)
  eden space 4096K, 100% used [0x00000000d5580000,0x00000000d5980000,0x00000000d5980000)
  from space 512K, 68% used [0x00000000d5a00000,0x00000000d5a58000,0x00000000d5a80000)
  to   space 512K, 0% used [0x00000000d5980000,0x00000000d5980000,0x00000000d5a00000)
 ParOldGen       total 1053696K, used 1053314K [0x0000000080000000, 0x00000000c0500000, 0x00000000d5580000)
  object space 1053696K, 99% used [0x0000000080000000,0x00000000c04a0868,0x00000000c0500000)
 Metaspace       used 94681K, committed 97664K, reserved 1179648K
  class space    used 11002K, committed 12416K, reserved 1048576K
}
Event: 1858.300 GC heap after
{Heap after GC invocations=7311 (full 4):
 PSYoungGen      total 4608K, used 416K [0x00000000d5580000, 0x00000000d5a80000, 0x0000000100000000)
  eden space 4096K, 0% used [0x00000000d5580000,0x00000000d5580000,0x00000000d5980000)
  from space 512K, 81% used [0x00000000d5980000,0x00000000d59e8000,0x00000000d5a00000)
  to   space 512K, 0% used [0x00000000d5a00000,0x00000000d5a00000,0x00000000d5a80000)
 ParOldGen       total 1053696K, used 1053418K [0x0000000080000000, 0x00000000c0500000, 0x00000000d5580000)
  object space 1053696K, 99% used [0x0000000080000000,0x00000000c04ba868,0x00000000c0500000)
 Metaspace       used 94681K, committed 97664K, reserved 1179648K
  class space    used 11002K, committed 12416K, reserved 1048576K
}
Event: 1858.372 GC heap before
{Heap before GC invocations=7312 (full 4):
 PSYoungGen      total 4608K, used 4506K [0x00000000d5580000, 0x00000000d5a80000, 0x0000000100000000)
  eden space 4096K, 99% used [0x00000000d5580000,0x00000000d597e970,0x00000000d5980000)
  from space 512K, 81% used [0x00000000d5980000,0x00000000d59e8000,0x00000000d5a00000)
  to   space 512K, 0% used [0x00000000d5a00000,0x00000000d5a00000,0x00000000d5a80000)
 ParOldGen       total 1053696K, used 1053418K [0x0000000080000000, 0x00000000c0500000, 0x00000000d5580000)
  object space 1053696K, 99% used [0x0000000080000000,0x00000000c04ba868,0x00000000c0500000)
 Metaspace       used 94683K, committed 97664K, reserved 1179648K
  class space    used 11002K, committed 12416K, reserved 1048576K
}
Event: 1858.375 GC heap after
{Heap after GC invocations=7312 (full 4):
 PSYoungGen      total 4608K, used 416K [0x00000000d5580000, 0x00000000d5a80000, 0x0000000100000000)
  eden space 4096K, 0% used [0x00000000d5580000,0x00000000d5580000,0x00000000d5980000)
  from space 512K, 81% used [0x00000000d5a00000,0x00000000d5a68000,0x00000000d5a80000)
  to   space 512K, 0% used [0x00000000d5980000,0x00000000d5980000,0x00000000d5a00000)
 ParOldGen       total 1053696K, used 1053490K [0x0000000080000000, 0x00000000c0500000, 0x00000000d5580000)
  object space 1053696K, 99% used [0x0000000080000000,0x00000000c04cc868,0x00000000c0500000)
 Metaspace       used 94683K, committed 97664K, reserved 1179648K
  class space    used 11002K, committed 12416K, reserved 1048576K
}
Event: 1858.392 GC heap before
{Heap before GC invocations=7313 (full 4):
 PSYoungGen      total 4608K, used 4512K [0x00000000d5580000, 0x00000000d5a80000, 0x0000000100000000)
  eden space 4096K, 100% used [0x00000000d5580000,0x00000000d5980000,0x00000000d5980000)
  from space 512K, 81% used [0x00000000d5a00000,0x00000000d5a68000,0x00000000d5a80000)
  to   space 512K, 0% used [0x00000000d5980000,0x00000000d5980000,0x00000000d5a00000)
 ParOldGen       total 1053696K, used 1053490K [0x0000000080000000, 0x00000000c0500000, 0x00000000d5580000)
  object space 1053696K, 99% used [0x0000000080000000,0x00000000c04cc868,0x00000000c0500000)
 Metaspace       used 94686K, committed 97664K, reserved 1179648K
  class space    used 11002K, committed 12416K, reserved 1048576K
}
Event: 1858.395 GC heap after
{Heap after GC invocations=7313 (full 4):
 PSYoungGen      total 4608K, used 489K [0x00000000d5580000, 0x00000000d5f80000, 0x0000000100000000)
  eden space 4096K, 0% used [0x00000000d5580000,0x00000000d5580000,0x00000000d5980000)
  from space 512K, 95% used [0x00000000d5980000,0x00000000d59fa728,0x00000000d5a00000)
  to   space 3072K, 0% used [0x00000000d5c80000,0x00000000d5c80000,0x00000000d5f80000)
 ParOldGen       total 1055744K, used 1055299K [0x0000000080000000, 0x00000000c0700000, 0x00000000d5580000)
  object space 1055744K, 99% used [0x0000000080000000,0x00000000c0690fa0,0x00000000c0700000)
 Metaspace       used 94686K, committed 97664K, reserved 1179648K
  class space    used 11002K, committed 12416K, reserved 1048576K
}
Event: 1858.415 GC heap before
{Heap before GC invocations=7314 (full 4):
 PSYoungGen      total 4608K, used 4575K [0x00000000d5580000, 0x00000000d5f80000, 0x0000000100000000)
  eden space 4096K, 99% used [0x00000000d5580000,0x00000000d597d798,0x00000000d5980000)
  from space 512K, 95% used [0x00000000d5980000,0x00000000d59fa728,0x00000000d5a00000)
  to   space 3072K, 0% used [0x00000000d5c80000,0x00000000d5c80000,0x00000000d5f80000)
 ParOldGen       total 1055744K, used 1055299K [0x0000000080000000, 0x00000000c0700000, 0x00000000d5580000)
  object space 1055744K, 99% used [0x0000000080000000,0x00000000c0690fa0,0x00000000c0700000)
 Metaspace       used 94686K, committed 97664K, reserved 1179648K
  class space    used 11002K, committed 12416K, reserved 1048576K
}
Event: 1858.419 GC heap after
{Heap after GC invocations=7314 (full 4):
 PSYoungGen      total 5120K, used 736K [0x00000000d5580000, 0x00000000d5d80000, 0x0000000100000000)
  eden space 4096K, 0% used [0x00000000d5580000,0x00000000d5580000,0x00000000d5980000)
  from space 1024K, 71% used [0x00000000d5c80000,0x00000000d5d38020,0x00000000d5d80000)
  to   space 1536K, 0% used [0x00000000d5a80000,0x00000000d5a80000,0x00000000d5c00000)
 ParOldGen       total 1055744K, used 1055467K [0x0000000080000000, 0x00000000c0700000, 0x00000000d5580000)
  object space 1055744K, 99% used [0x0000000080000000,0x00000000c06bafb0,0x00000000c0700000)
 Metaspace       used 94686K, committed 97664K, reserved 1179648K
  class space    used 11002K, committed 12416K, reserved 1048576K
}
Event: 1858.456 GC heap before
{Heap before GC invocations=7315 (full 4):
 PSYoungGen      total 5120K, used 4788K [0x00000000d5580000, 0x00000000d5d80000, 0x0000000100000000)
  eden space 4096K, 98% used [0x00000000d5580000,0x00000000d5975360,0x00000000d5980000)
  from space 1024K, 71% used [0x00000000d5c80000,0x00000000d5d38020,0x00000000d5d80000)
  to   space 1536K, 0% used [0x00000000d5a80000,0x00000000d5a80000,0x00000000d5c00000)
 ParOldGen       total 1055744K, used 1055467K [0x0000000080000000, 0x00000000c0700000, 0x00000000d5580000)
  object space 1055744K, 99% used [0x0000000080000000,0x00000000c06bafb0,0x00000000c0700000)
 Metaspace       used 94686K, committed 97664K, reserved 1179648K
  class space    used 11002K, committed 12416K, reserved 1048576K
}
Event: 1858.462 GC heap after
{Heap after GC invocations=7315 (full 4):
 PSYoungGen      total 5632K, used 1523K [0x00000000d5580000, 0x00000000d5d80000, 0x0000000100000000)
  eden space 4096K, 0% used [0x00000000d5580000,0x00000000d5580000,0x00000000d5980000)
  from space 1536K, 99% used [0x00000000d5a80000,0x00000000d5bfcfb8,0x00000000d5c00000)
  to   space 1536K, 0% used [0x00000000d5c00000,0x00000000d5c00000,0x00000000d5d80000)
 ParOldGen       total 1056256K, used 1055959K [0x0000000080000000, 0x00000000c0780000, 0x00000000d5580000)
  object space 1056256K, 99% used [0x0000000080000000,0x00000000c0735fe0,0x00000000c0780000)
 Metaspace       used 94686K, committed 97664K, reserved 1179648K
  class space    used 11002K, committed 12416K, reserved 1048576K
}
Event: 1858.543 GC heap before
{Heap before GC invocations=7316 (full 4):
 PSYoungGen      total 5632K, used 5619K [0x00000000d5580000, 0x00000000d5d80000, 0x0000000100000000)
  eden space 4096K, 100% used [0x00000000d5580000,0x00000000d5980000,0x00000000d5980000)
  from space 1536K, 99% used [0x00000000d5a80000,0x00000000d5bfcfb8,0x00000000d5c00000)
  to   space 1536K, 0% used [0x00000000d5c00000,0x00000000d5c00000,0x00000000d5d80000)
 ParOldGen       total 1056256K, used 1055959K [0x0000000080000000, 0x00000000c0780000, 0x00000000d5580000)
  object space 1056256K, 99% used [0x0000000080000000,0x00000000c0735fe0,0x00000000c0780000)
 Metaspace       used 94687K, committed 97664K, reserved 1179648K
  class space    used 11002K, committed 12416K, reserved 1048576K
}
Event: 1858.546 GC heap after
{Heap after GC invocations=7316 (full 4):
 PSYoungGen      total 4608K, used 320K [0x00000000d5580000, 0x00000000d5c80000, 0x0000000100000000)
  eden space 4096K, 0% used [0x00000000d5580000,0x00000000d5580000,0x00000000d5980000)
  from space 512K, 62% used [0x00000000d5c00000,0x00000000d5c50000,0x00000000d5c80000)
  to   space 1024K, 0% used [0x00000000d5a80000,0x00000000d5a80000,0x00000000d5b80000)
 ParOldGen       total 1056256K, used 1056048K [0x0000000080000000, 0x00000000c0780000, 0x00000000d5580000)
  object space 1056256K, 99% used [0x0000000080000000,0x00000000c074c000,0x00000000c0780000)
 Metaspace       used 94687K, committed 97664K, reserved 1179648K
  class space    used 11002K, committed 12416K, reserved 1048576K
}
Event: 1858.704 GC heap before
{Heap before GC invocations=7317 (full 4):
 PSYoungGen      total 4608K, used 4416K [0x00000000d5580000, 0x00000000d5c80000, 0x0000000100000000)
  eden space 4096K, 100% used [0x00000000d5580000,0x00000000d5980000,0x00000000d5980000)
  from space 512K, 62% used [0x00000000d5c00000,0x00000000d5c50000,0x00000000d5c80000)
  to   space 1024K, 0% used [0x00000000d5a80000,0x00000000d5a80000,0x00000000d5b80000)
 ParOldGen       total 1056256K, used 1056048K [0x0000000080000000, 0x00000000c0780000, 0x00000000d5580000)
  object space 1056256K, 99% used [0x0000000080000000,0x00000000c074c000,0x00000000c0780000)
 Metaspace       used 94687K, committed 97664K, reserved 1179648K
  class space    used 11002K, committed 12416K, reserved 1048576K
}
Event: 1858.706 GC heap after
{Heap after GC invocations=7317 (full 4):
 PSYoungGen      total 5120K, used 352K [0x00000000d5580000, 0x00000000d5c80000, 0x0000000100000000)
  eden space 4096K, 0% used [0x00000000d5580000,0x00000000d5580000,0x00000000d5980000)
  from space 1024K, 34% used [0x00000000d5a80000,0x00000000d5ad8000,0x00000000d5b80000)
  to   space 512K, 0% used [0x00000000d5c00000,0x00000000d5c00000,0x00000000d5c80000)
 ParOldGen       total 1056256K, used 1056152K [0x0000000080000000, 0x00000000c0780000, 0x00000000d5580000)
  object space 1056256K, 99% used [0x0000000080000000,0x00000000c0766000,0x00000000c0780000)
 Metaspace       used 94687K, committed 97664K, reserved 1179648K
  class space    used 11002K, committed 12416K, reserved 1048576K
}
Event: 1859.485 GC heap before
{Heap before GC invocations=7318 (full 4):
 PSYoungGen      total 5120K, used 4448K [0x00000000d5580000, 0x00000000d5c80000, 0x0000000100000000)
  eden space 4096K, 100% used [0x00000000d5580000,0x00000000d5980000,0x00000000d5980000)
  from space 1024K, 34% used [0x00000000d5a80000,0x00000000d5ad8000,0x00000000d5b80000)
  to   space 512K, 0% used [0x00000000d5c00000,0x00000000d5c00000,0x00000000d5c80000)
 ParOldGen       total 1056256K, used 1056152K [0x0000000080000000, 0x00000000c0780000, 0x00000000d5580000)
  object space 1056256K, 99% used [0x0000000080000000,0x00000000c0766000,0x00000000c0780000)
 Metaspace       used 94687K, committed 97664K, reserved 1179648K
  class space    used 11002K, committed 12416K, reserved 1048576K
}

Dll operation events (20 events):
Event: 0.140 Attempting to load shared library C:\Users\admoi\.antigravity-ide\extensions\redhat.java-1.56.0-win32-x64\jre\21.0.12.1-win32-x86_64\bin\jimage.dll
Event: 0.140 Loaded shared library C:\Users\admoi\.antigravity-ide\extensions\redhat.java-1.56.0-win32-x64\jre\21.0.12.1-win32-x86_64\bin\jimage.dll
Event: 0.223 Attempting to load shared library c:\Users\admoi\.antigravity-ide\extensions\redhat.java-1.56.0-win32-x64\jre\21.0.12.1-win32-x86_64\bin\verify.dll
Event: 0.275 Loaded shared library c:\Users\admoi\.antigravity-ide\extensions\redhat.java-1.56.0-win32-x64\jre\21.0.12.1-win32-x86_64\bin\verify.dll
Event: 5.774 Attempting to load shared library C:\Users\admoi\AppData\Roaming\Antigravity IDE\User\globalStorage\redhat.java\1.56.0\config_win\org.eclipse.equinox.launcher\org.eclipse.equinox.launcher.win32.win32.x86_64_1.3.100.v20260804-1928\eclipse_11924.dll
Event: 5.795 Loaded shared library C:\Users\admoi\AppData\Roaming\Antigravity IDE\User\globalStorage\redhat.java\1.56.0\config_win\org.eclipse.equinox.launcher\org.eclipse.equinox.launcher.win32.win32.x86_64_1.3.100.v20260804-1928\eclipse_11924.dll
Event: 31.093 Attempting to load shared library C:\Users\admoi\AppData\Local\Temp\jna-92668932\jna2751950067591294911.dll
Event: 31.249 Loaded shared library C:\Users\admoi\AppData\Local\Temp\jna-92668932\jna2751950067591294911.dll
Event: 342.483 Attempting to load shared library C:\Users\admoi\.gradle\native\1def1411415f61bf3af743bc5b6707747c0891f09f0c88961ee8f79bc544acac\windows-amd64\native-platform.dll
Event: 342.486 Loaded shared library C:\Users\admoi\.gradle\native\1def1411415f61bf3af743bc5b6707747c0891f09f0c88961ee8f79bc544acac\windows-amd64\native-platform.dll
Event: 347.749 Attempting to load shared library C:\Users\admoi\.antigravity-ide\extensions\redhat.java-1.56.0-win32-x64\jre\21.0.12.1-win32-x86_64\bin\management.dll
Event: 347.755 Loaded shared library C:\Users\admoi\.antigravity-ide\extensions\redhat.java-1.56.0-win32-x64\jre\21.0.12.1-win32-x86_64\bin\management.dll
Event: 347.771 Attempting to load shared library C:\Users\admoi\.antigravity-ide\extensions\redhat.java-1.56.0-win32-x64\jre\21.0.12.1-win32-x86_64\bin\management_ext.dll
Event: 347.776 Loaded shared library C:\Users\admoi\.antigravity-ide\extensions\redhat.java-1.56.0-win32-x64\jre\21.0.12.1-win32-x86_64\bin\management_ext.dll
Event: 348.412 Attempting to load shared library C:\Users\admoi\.antigravity-ide\extensions\redhat.java-1.56.0-win32-x64\jre\21.0.12.1-win32-x86_64\bin\extnet.dll
Event: 348.418 Loaded shared library C:\Users\admoi\.antigravity-ide\extensions\redhat.java-1.56.0-win32-x64\jre\21.0.12.1-win32-x86_64\bin\extnet.dll
Event: 349.177 Attempting to load shared library C:\Users\admoi\.antigravity-ide\extensions\redhat.java-1.56.0-win32-x64\jre\21.0.12.1-win32-x86_64\bin\sunmscapi.dll
Event: 349.197 Loaded shared library C:\Users\admoi\.antigravity-ide\extensions\redhat.java-1.56.0-win32-x64\jre\21.0.12.1-win32-x86_64\bin\sunmscapi.dll
Event: 360.583 Attempting to load shared library C:\Users\admoi\.gradle\native\c067742578af261105cb4f569cf0c3c89f3d7b1fecec35dd04571415982c5e48\windows-amd64\native-platform.dll
Event: 360.598 Loaded shared library C:\Users\admoi\.gradle\native\c067742578af261105cb4f569cf0c3c89f3d7b1fecec35dd04571415982c5e48\windows-amd64\native-platform.dll

Deoptimization events (20 events):
Event: 1844.808 Thread 0x00000249b42a6630 DEOPT PACKING pc=0x0000024938f86d74 sp=0x000000861c9fe210
Event: 1844.809 Thread 0x00000249b42a6630 DEOPT UNPACKING pc=0x0000024937883aa2 sp=0x000000861c9fdcb8 mode 2
Event: 1844.811 Thread 0x00000249b42a6630 Uncommon trap: trap_request=0xfffffff4 fr.pc=0x00000249390fc9d0 relative=0x00000000000001f0
Event: 1844.811 Thread 0x00000249b42a6630 Uncommon trap: reason=null_check action=make_not_entrant pc=0x00000249390fc9d0 method=org.gradle.launcher.daemon.client.DaemonClientConnection.receive()Lorg/gradle/launcher/daemon/protocol/Message; @ 9 c2
Event: 1844.811 Thread 0x00000249b42a6630 DEOPT PACKING pc=0x00000249390fc9d0 sp=0x000000861c9fe330
Event: 1844.811 Thread 0x00000249b42a6630 DEOPT UNPACKING pc=0x0000024937883aa2 sp=0x000000861c9fe2c8 mode 2
Event: 1852.254 Thread 0x00000249b40f4130 DEOPT PACKING pc=0x0000024932a77994 sp=0x000000861cefe470
Event: 1852.254 Thread 0x00000249b40f4130 DEOPT UNPACKING pc=0x0000024937884242 sp=0x000000861cefd970 mode 0
Event: 1855.071 Thread 0x00000249b42a7350 Uncommon trap: trap_request=0xffffff45 fr.pc=0x0000024938fcbb94 relative=0x0000000000000714
Event: 1855.073 Thread 0x00000249b42a7350 Uncommon trap: reason=unstable_if action=reinterpret pc=0x0000024938fcbb94 method=java.util.concurrent.ConcurrentHashMap.replaceNode(Ljava/lang/Object;Ljava/lang/Object;Ljava/lang/Object;)Ljava/lang/Object; @ 99 c2
Event: 1855.073 Thread 0x00000249b42a7350 DEOPT PACKING pc=0x0000024938fcbb94 sp=0x000000861dbfed70
Event: 1855.073 Thread 0x00000249b42a7350 DEOPT UNPACKING pc=0x0000024937883aa2 sp=0x000000861dbfece8 mode 2
Event: 1857.586 Thread 0x00000249b3f81a10 Uncommon trap: trap_request=0xffffff45 fr.pc=0x00000249390ada98 relative=0x00000000000002b8
Event: 1857.586 Thread 0x00000249b3f81a10 Uncommon trap: reason=unstable_if action=reinterpret pc=0x00000249390ada98 method=com.esotericsoftware.kryo.io.Input.require(I)I @ 180 c2
Event: 1857.586 Thread 0x00000249b3f81a10 DEOPT PACKING pc=0x00000249390ada98 sp=0x0000008618efe4c0
Event: 1857.586 Thread 0x00000249b3f81a10 DEOPT UNPACKING pc=0x0000024937883aa2 sp=0x0000008618efe318 mode 2
Event: 1858.385 Thread 0x00000249b3f875f0 Uncommon trap: trap_request=0xffffffbe fr.pc=0x00000249392e6854 relative=0x0000000000001514
Event: 1858.385 Thread 0x00000249b3f875f0 Uncommon trap: reason=profile_predicate action=maybe_recompile pc=0x00000249392e6854 method=org.eclipse.aether.DefaultRepositorySystemSession.copySafe(Ljava/util/Map;Ljava/lang/Class;)Ljava/util/Map; @ 66 c2
Event: 1858.385 Thread 0x00000249b3f875f0 DEOPT PACKING pc=0x00000249392e6854 sp=0x000000861ccfe800
Event: 1858.385 Thread 0x00000249b3f875f0 DEOPT UNPACKING pc=0x0000024937883aa2 sp=0x000000861ccfe808 mode 2

Classes loaded (20 events):
Event: 441.725 Loading class java/util/Hashtable$ValueCollection
Event: 441.725 Loading class java/util/Hashtable$ValueCollection done
Event: 446.077 Loading class java/lang/StringUTF16$LinesSpliterator
Event: 446.077 Loading class java/lang/StringUTF16$LinesSpliterator done
Event: 446.544 Loading class java/lang/StringLatin1$LinesSpliterator
Event: 446.544 Loading class java/lang/StringLatin1$LinesSpliterator done
Event: 449.538 Loading class java/util/regex/Pattern$End
Event: 449.539 Loading class java/util/regex/Pattern$End done
Event: 537.720 Loading class java/net/DatagramPacket
Event: 537.721 Loading class java/net/DatagramPacket done
Event: 559.502 Loading class java/nio/channels/CompletionHandler
Event: 559.503 Loading class java/nio/channels/CompletionHandler done
Event: 1631.565 Loading class sun/net/ConnectionResetException
Event: 1631.574 Loading class sun/net/ConnectionResetException done
Event: 1631.654 Loading class java/nio/file/FileChannelLinesSpliterator
Event: 1631.681 Loading class java/nio/file/FileChannelLinesSpliterator done
Event: 1631.764 Loading class java/util/stream/Streams$1
Event: 1631.768 Loading class java/util/stream/Streams$1 done
Event: 1631.944 Loading class java/nio/file/FileChannelLinesSpliterator$1
Event: 1631.948 Loading class java/nio/file/FileChannelLinesSpliterator$1 done

Classes unloaded (20 events):
Event: 829.671 Thread 0x000002492d281b70 Unloading class 0x00000249457d3c00 'java/lang/invoke/LambdaForm$MH+0x00000249457d3c00'
Event: 829.671 Thread 0x000002492d281b70 Unloading class 0x00000249457d2c00 'java/lang/invoke/LambdaForm$MH+0x00000249457d2c00'
Event: 829.671 Thread 0x000002492d281b70 Unloading class 0x00000249457d1c00 'java/lang/invoke/LambdaForm$MH+0x00000249457d1c00'
Event: 829.671 Thread 0x000002492d281b70 Unloading class 0x00000249457d1400 'java/lang/invoke/LambdaForm$MH+0x00000249457d1400'
Event: 829.671 Thread 0x000002492d281b70 Unloading class 0x00000249457d0c00 'java/lang/invoke/LambdaForm$MH+0x00000249457d0c00'
Event: 829.671 Thread 0x000002492d281b70 Unloading class 0x00000249457d0400 'java/lang/invoke/LambdaForm$MH+0x00000249457d0400'
Event: 829.671 Thread 0x000002492d281b70 Unloading class 0x00000249457cbc00 'java/lang/invoke/LambdaForm$MH+0x00000249457cbc00'
Event: 829.671 Thread 0x000002492d281b70 Unloading class 0x00000249457cb400 'java/lang/invoke/LambdaForm$MH+0x00000249457cb400'
Event: 829.671 Thread 0x000002492d281b70 Unloading class 0x00000249457cac00 'java/lang/invoke/LambdaForm$MH+0x00000249457cac00'
Event: 829.671 Thread 0x000002492d281b70 Unloading class 0x00000249457ca800 'java/lang/invoke/LambdaForm$MH+0x00000249457ca800'
Event: 829.671 Thread 0x000002492d281b70 Unloading class 0x00000249457c9000 'java/lang/invoke/LambdaForm$DMH+0x00000249457c9000'
Event: 829.671 Thread 0x000002492d281b70 Unloading class 0x00000249457c8c00 'java/lang/invoke/LambdaForm$MH+0x00000249457c8c00'
Event: 829.671 Thread 0x000002492d281b70 Unloading class 0x00000249457c8000 'java/lang/invoke/LambdaForm$MH+0x00000249457c8000'
Event: 829.671 Thread 0x000002492d281b70 Unloading class 0x00000249457ba000 'java/lang/invoke/LambdaForm$MH+0x00000249457ba000'
Event: 829.672 Thread 0x000002492d281b70 Unloading class 0x00000249457b9c00 'java/lang/invoke/LambdaForm$MH+0x00000249457b9c00'
Event: 829.672 Thread 0x000002492d281b70 Unloading class 0x00000249457b9000 'java/lang/invoke/LambdaForm$MH+0x00000249457b9000'
Event: 829.672 Thread 0x000002492d281b70 Unloading class 0x00000249457b5800 'java/lang/invoke/LambdaForm$MH+0x00000249457b5800'
Event: 829.672 Thread 0x000002492d281b70 Unloading class 0x00000249457b5000 'java/lang/invoke/LambdaForm$MH+0x00000249457b5000'
Event: 829.672 Thread 0x000002492d281b70 Unloading class 0x00000249457b4800 'java/lang/invoke/LambdaForm$MH+0x00000249457b4800'
Event: 829.672 Thread 0x000002492d281b70 Unloading class 0x00000249457b4000 'java/lang/invoke/LambdaForm$MH+0x00000249457b4000'

Classes redefined (0 events):
No events

Internal exceptions (20 events):
Event: 1858.303 Thread 0x00000249b3f8cb40 Exception <a 'sun/nio/fs/WindowsException'{0x00000000d5595eb0}> (0x00000000d5595eb0) 
thrown [s\src\hotspot\share\prims\jni.cpp, line 520]
Event: 1858.304 Thread 0x00000249b3f8cb40 Exception <a 'sun/nio/fs/WindowsException'{0x00000000d559bce0}> (0x00000000d559bce0) 
thrown [s\src\hotspot\share\prims\jni.cpp, line 520]
Event: 1858.305 Thread 0x00000249b3f8cb40 Exception <a 'sun/nio/fs/WindowsException'{0x00000000d55a8b80}> (0x00000000d55a8b80) 
thrown [s\src\hotspot\share\prims\jni.cpp, line 520]
Event: 1858.306 Thread 0x00000249b3f8cb40 Exception <a 'sun/nio/fs/WindowsException'{0x00000000d55ae740}> (0x00000000d55ae740) 
thrown [s\src\hotspot\share\prims\jni.cpp, line 520]
Event: 1858.307 Thread 0x00000249b3f8cb40 Exception <a 'sun/nio/fs/WindowsException'{0x00000000d55b97c8}> (0x00000000d55b97c8) 
thrown [s\src\hotspot\share\prims\jni.cpp, line 520]
Event: 1858.307 Thread 0x00000249b3f8cb40 Exception <a 'sun/nio/fs/WindowsException'{0x00000000d55bed88}> (0x00000000d55bed88) 
thrown [s\src\hotspot\share\prims\jni.cpp, line 520]
Event: 1858.307 Thread 0x00000249b3f8cb40 Exception <a 'sun/nio/fs/WindowsException'{0x00000000d55c96b0}> (0x00000000d55c96b0) 
thrown [s\src\hotspot\share\prims\jni.cpp, line 520]
Event: 1858.308 Thread 0x00000249b3f8cb40 Exception <a 'sun/nio/fs/WindowsException'{0x00000000d55cf368}> (0x00000000d55cf368) 
thrown [s\src\hotspot\share\prims\jni.cpp, line 520]
Event: 1858.309 Thread 0x00000249b3f8cb40 Exception <a 'sun/nio/fs/WindowsException'{0x00000000d55df7b0}> (0x00000000d55df7b0) 
thrown [s\src\hotspot\share\prims\jni.cpp, line 520]
Event: 1858.310 Thread 0x00000249b3f8cb40 Exception <a 'sun/nio/fs/WindowsException'{0x00000000d55e5a20}> (0x00000000d55e5a20) 
thrown [s\src\hotspot\share\prims\jni.cpp, line 520]
Event: 1858.311 Thread 0x00000249b3f8cb40 Exception <a 'sun/nio/fs/WindowsException'{0x00000000d55f4000}> (0x00000000d55f4000) 
thrown [s\src\hotspot\share\prims\jni.cpp, line 520]
Event: 1858.312 Thread 0x00000249b3f8cb40 Exception <a 'sun/nio/fs/WindowsException'{0x00000000d55fc7a0}> (0x00000000d55fc7a0) 
thrown [s\src\hotspot\share\prims\jni.cpp, line 520]
Event: 1858.377 Thread 0x00000249b3f875f0 Exception <a 'sun/nio/fs/WindowsException'{0x00000000d5599e88}> (0x00000000d5599e88) 
thrown [s\src\hotspot\share\prims\jni.cpp, line 520]
Event: 1858.377 Thread 0x00000249b3f875f0 Exception <a 'sun/nio/fs/WindowsException'{0x00000000d55f32f8}> (0x00000000d55f32f8) 
thrown [s\src\hotspot\share\prims\jni.cpp, line 520]
Event: 1858.378 Thread 0x00000249b3f875f0 Exception <a 'sun/nio/fs/WindowsException'{0x00000000d55f3b38}> (0x00000000d55f3b38) 
thrown [s\src\hotspot\share\prims\jni.cpp, line 520]
Event: 1858.378 Thread 0x00000249b3f875f0 Exception <a 'sun/nio/fs/WindowsException'{0x00000000d55f3fc0}> (0x00000000d55f3fc0) 
thrown [s\src\hotspot\share\prims\jni.cpp, line 520]
Event: 1858.379 Thread 0x00000249b3f875f0 Exception <a 'sun/nio/fs/WindowsException'{0x00000000d5662880}> (0x00000000d5662880) 
thrown [s\src\hotspot\share\prims\jni.cpp, line 520]
Event: 1858.379 Thread 0x00000249b3f875f0 Exception <a 'sun/nio/fs/WindowsException'{0x00000000d5662d08}> (0x00000000d5662d08) 
thrown [s\src\hotspot\share\prims\jni.cpp, line 520]
Event: 1858.386 Thread 0x00000249b3f875f0 Exception <a 'sun/nio/fs/WindowsException'{0x00000000d57e4458}> (0x00000000d57e4458) 
thrown [s\src\hotspot\share\prims\jni.cpp, line 520]
Event: 1858.386 Thread 0x00000249b3f875f0 Exception <a 'sun/nio/fs/WindowsException'{0x00000000d57e48e0}> (0x00000000d57e48e0) 
thrown [s\src\hotspot\share\prims\jni.cpp, line 520]

ZGC Phase Switch (0 events):
No events

VM Operations (20 events):
Event: 1858.090 Executing safepoint VM operation: ParallelGCFailedAllocation (Allocation Failure) done
Event: 1858.194 Executing safepoint VM operation: ParallelGCFailedAllocation (Allocation Failure)
Event: 1858.194 Executing safepoint VM operation: ParallelGCFailedAllocation (Allocation Failure) done
Event: 1858.194 Executing safepoint VM operation: ParallelGCSystemGC (GCLocker Initiated GC)
Event: 1858.196 Executing safepoint VM operation: ParallelGCSystemGC (GCLocker Initiated GC) done
Event: 1858.298 Executing safepoint VM operation: ParallelGCFailedAllocation (Allocation Failure)
Event: 1858.301 Executing safepoint VM operation: ParallelGCFailedAllocation (Allocation Failure) done
Event: 1858.372 Executing safepoint VM operation: ParallelGCFailedAllocation (Allocation Failure)
Event: 1858.375 Executing safepoint VM operation: ParallelGCFailedAllocation (Allocation Failure) done
Event: 1858.392 Executing safepoint VM operation: ParallelGCFailedAllocation (Allocation Failure)
Event: 1858.395 Executing safepoint VM operation: ParallelGCFailedAllocation (Allocation Failure) done
Event: 1858.415 Executing safepoint VM operation: ParallelGCFailedAllocation (Allocation Failure)
Event: 1858.419 Executing safepoint VM operation: ParallelGCFailedAllocation (Allocation Failure) done
Event: 1858.456 Executing safepoint VM operation: ParallelGCFailedAllocation (Allocation Failure)
Event: 1858.462 Executing safepoint VM operation: ParallelGCFailedAllocation (Allocation Failure) done
Event: 1858.543 Executing safepoint VM operation: ParallelGCFailedAllocation (Allocation Failure)
Event: 1858.546 Executing safepoint VM operation: ParallelGCFailedAllocation (Allocation Failure) done
Event: 1858.704 Executing safepoint VM operation: ParallelGCFailedAllocation (Allocation Failure)
Event: 1858.706 Executing safepoint VM operation: ParallelGCFailedAllocation (Allocation Failure) done
Event: 1859.485 Executing safepoint VM operation: ParallelGCFailedAllocation (Allocation Failure)

Memory protections (0 events):
No events

Nmethod flushes (20 events):
Event: 830.573 Thread 0x000002492d281b70 flushing  nmethod 0x0000024931bdf290
Event: 830.573 Thread 0x000002492d281b70 flushing  nmethod 0x0000024931be5490
Event: 830.573 Thread 0x000002492d281b70 flushing  nmethod 0x0000024931bed790
Event: 830.573 Thread 0x000002492d281b70 flushing  nmethod 0x0000024931bee210
Event: 830.573 Thread 0x000002492d281b70 flushing  nmethod 0x0000024931bee990
Event: 830.573 Thread 0x000002492d281b70 flushing  nmethod 0x0000024931bef210
Event: 830.573 Thread 0x000002492d281b70 flushing  nmethod 0x0000024931bf1190
Event: 830.573 Thread 0x000002492d281b70 flushing  nmethod 0x0000024931bf3710
Event: 830.573 Thread 0x000002492d281b70 flushing  nmethod 0x0000024931bfed10
Event: 830.573 Thread 0x000002492d281b70 flushing  nmethod 0x0000024931c30710
Event: 830.573 Thread 0x000002492d281b70 flushing  nmethod 0x0000024931c48710
Event: 830.573 Thread 0x000002492d281b70 flushing  nmethod 0x0000024931c4ef90
Event: 830.574 Thread 0x000002492d281b70 flushing  nmethod 0x0000024931c50610
Event: 830.574 Thread 0x000002492d281b70 flushing  nmethod 0x0000024931c50e10
Event: 830.574 Thread 0x000002492d281b70 flushing osr nmethod 0x0000024931c53b90
Event: 830.574 Thread 0x000002492d281b70 flushing  nmethod 0x0000024931c5ec90
Event: 830.574 Thread 0x000002492d281b70 flushing  nmethod 0x0000024931c5f510
Event: 830.574 Thread 0x000002492d281b70 flushing  nmethod 0x0000024931c61090
Event: 830.574 Thread 0x000002492d281b70 flushing  nmethod 0x0000024931c61690
Event: 830.574 Thread 0x000002492d281b70 flushing  nmethod 0x0000024931c61d90

Events (20 events):
Event: 1857.771 Thread 0x00000249b42a31b0 Thread exited: 0x00000249b42a31b0
Event: 1858.328 Thread 0x00000249b3f8d1d0 Thread exited: 0x00000249b3f8d1d0
Event: 1858.335 Thread 0x00000249b3f8cb40 Thread added: 0x00000249b42a31b0
Event: 1858.337 Thread 0x00000249b42a31b0 Thread exited: 0x00000249b42a31b0
Event: 1858.340 Thread 0x000002498cde4050 Thread added: 0x00000249b42a31b0
Event: 1858.342 Thread 0x00000249b42a31b0 Thread exited: 0x00000249b42a31b0
Event: 1858.371 Thread 0x00000249b3f875f0 Thread added: 0x00000249b42a31b0
Event: 1858.371 Thread 0x00000249b42a31b0 Thread added: 0x00000249b3f81a10
Event: 1858.375 Thread 0x00000249b3f81a10 Thread exited: 0x00000249b3f81a10
Event: 1858.399 Thread 0x00000249b4298080 Thread added: 0x00000249b3f81a10
Event: 1858.407 Thread 0x00000249b42a31b0 Thread exited: 0x00000249b42a31b0
Event: 1858.420 Thread 0x00000249b3f81a10 Thread added: 0x00000249b3f8a3e0
Event: 1858.420 Thread 0x00000249b3f81a10 Thread added: 0x00000249b3f8c4b0
Event: 1858.423 Thread 0x00000249b3f8a3e0 Thread exited: 0x00000249b3f8a3e0
Event: 1858.467 Thread 0x000002498cde4050 Thread added: 0x00000249b3f8d1d0
Event: 1858.468 Thread 0x00000249b3f8d1d0 Thread exited: 0x00000249b3f8d1d0
Event: 1858.548 Thread 0x00000249b42a5910 Thread added: 0x00000249b3f8d1d0
Event: 1858.571 Thread 0x00000249b3f8d1d0 Thread added: 0x00000249b3f8a3e0
Event: 1858.571 Thread 0x00000249b3f8d1d0 Thread added: 0x00000249b3f8aa70
Event: 1858.573 Thread 0x00000249b3f8a3e0 Thread exited: 0x00000249b3f8a3e0


Dynamic libraries:
0x00007ff64ea50000 - 0x00007ff64ea5e000 	c:\Users\admoi\.antigravity-ide\extensions\redhat.java-1.56.0-win32-x64\jre\21.0.12.1-win32-x86_64\bin\java.exe
0x00007fffa4360000 - 0x00007fffa45c6000 	C:\WINDOWS\SYSTEM32\ntdll.dll
0x00007fffa2370000 - 0x00007fffa2439000 	C:\WINDOWS\System32\KERNEL32.DLL
0x00007fffa1b50000 - 0x00007fffa1f4f000 	C:\WINDOWS\System32\KERNELBASE.dll
0x00007fffa1600000 - 0x00007fffa174c000 	C:\WINDOWS\System32\ucrtbase.dll
0x00007fff716b0000 - 0x00007fff716c8000 	c:\Users\admoi\.antigravity-ide\extensions\redhat.java-1.56.0-win32-x64\jre\21.0.12.1-win32-x86_64\bin\jli.dll
0x00007fff71780000 - 0x00007fff7179e000 	c:\Users\admoi\.antigravity-ide\extensions\redhat.java-1.56.0-win32-x64\jre\21.0.12.1-win32-x86_64\bin\VCRUNTIME140.dll
0x00007fffa2150000 - 0x00007fffa2316000 	C:\WINDOWS\System32\USER32.dll
0x00007fffa19b0000 - 0x00007fffa19d7000 	C:\WINDOWS\System32\win32u.dll
0x00007fff859f0000 - 0x00007fff85c81000 	C:\WINDOWS\WinSxS\amd64_microsoft.windows.common-controls_6595b64144ccf1df_6.0.26100.8972_none_3e0da176e32f9d4b\COMCTL32.dll
0x00007fffa2340000 - 0x00007fffa236b000 	C:\WINDOWS\System32\GDI32.dll
0x00007fffa40d0000 - 0x00007fffa4179000 	C:\WINDOWS\System32\msvcrt.dll
0x00007fffa1f60000 - 0x00007fffa2089000 	C:\WINDOWS\System32\gdi32full.dll
0x00007fffa1aa0000 - 0x00007fffa1b43000 	C:\WINDOWS\System32\msvcp_win.dll
0x00007fffa4180000 - 0x00007fffa41b2000 	C:\WINDOWS\System32\IMM32.DLL
0x00007fff983f0000 - 0x00007fff983fc000 	c:\Users\admoi\.antigravity-ide\extensions\redhat.java-1.56.0-win32-x64\jre\21.0.12.1-win32-x86_64\bin\vcruntime140_1.dll
0x00007fff4e530000 - 0x00007fff4e5bd000 	c:\Users\admoi\.antigravity-ide\extensions\redhat.java-1.56.0-win32-x64\jre\21.0.12.1-win32-x86_64\bin\msvcp140.dll
0x00007ffedaad0000 - 0x00007ffedb872000 	c:\Users\admoi\.antigravity-ide\extensions\redhat.java-1.56.0-win32-x64\jre\21.0.12.1-win32-x86_64\bin\server\jvm.dll
0x00007fffa2570000 - 0x00007fffa262c000 	C:\WINDOWS\System32\ADVAPI32.dll
0x00007fffa3e90000 - 0x00007fffa3f3a000 	C:\WINDOWS\System32\sechost.dll
0x00007fffa31f0000 - 0x00007fffa3308000 	C:\WINDOWS\System32\RPCRT4.dll
0x00007fffa3100000 - 0x00007fffa3182000 	C:\WINDOWS\System32\WS2_32.dll
0x00007fffa13d0000 - 0x00007fffa142e000 	C:\WINDOWS\SYSTEM32\POWRPROF.dll
0x00007fff97290000 - 0x00007fff9729b000 	C:\WINDOWS\SYSTEM32\VERSION.dll
0x00007fff92d00000 - 0x00007fff92d36000 	C:\WINDOWS\SYSTEM32\WINMM.dll
0x00007fffa13b0000 - 0x00007fffa13c5000 	C:\WINDOWS\SYSTEM32\UMPDC.dll
0x00007fffa0260000 - 0x00007fffa027b000 	C:\WINDOWS\SYSTEM32\kernel.appcore.dll
0x00007fff97100000 - 0x00007fff9710a000 	c:\Users\admoi\.antigravity-ide\extensions\redhat.java-1.56.0-win32-x64\jre\21.0.12.1-win32-x86_64\bin\jimage.dll
0x00007fff9ebc0000 - 0x00007fff9ee02000 	C:\WINDOWS\SYSTEM32\DBGHELP.DLL
0x00007fffa2640000 - 0x00007fffa29c5000 	C:\WINDOWS\System32\combase.dll
0x00007fffa29d0000 - 0x00007fffa2aa9000 	C:\WINDOWS\System32\OLEAUT32.dll
0x00007fff83f70000 - 0x00007fff83fab000 	C:\WINDOWS\SYSTEM32\dbgcore.DLL
0x00007fffa18f0000 - 0x00007fffa199c000 	C:\WINDOWS\System32\bcryptPrimitives.dll
0x00007fff63230000 - 0x00007fff6323f000 	c:\Users\admoi\.antigravity-ide\extensions\redhat.java-1.56.0-win32-x64\jre\21.0.12.1-win32-x86_64\bin\instrument.dll
0x00007fff712a0000 - 0x00007fff712c0000 	c:\Users\admoi\.antigravity-ide\extensions\redhat.java-1.56.0-win32-x64\jre\21.0.12.1-win32-x86_64\bin\java.dll
0x00007fffa34f0000 - 0x00007fffa3c78000 	C:\WINDOWS\System32\SHELL32.dll
0x00007fff9eff0000 - 0x00007fff9f88b000 	C:\WINDOWS\SYSTEM32\windows.storage.dll
0x00007fffa3f40000 - 0x00007fffa4039000 	C:\WINDOWS\System32\SHCORE.dll
0x00007fffa3c80000 - 0x00007fffa3ce6000 	C:\WINDOWS\System32\shlwapi.dll
0x00007fffa1490000 - 0x00007fffa14b9000 	C:\WINDOWS\SYSTEM32\profapi.dll
0x00007fff70ac0000 - 0x00007fff70ad8000 	c:\Users\admoi\.antigravity-ide\extensions\redhat.java-1.56.0-win32-x64\jre\21.0.12.1-win32-x86_64\bin\zip.dll
0x00007fff930c0000 - 0x00007fff930d0000 	C:\Users\admoi\.antigravity-ide\extensions\redhat.java-1.56.0-win32-x64\jre\21.0.12.1-win32-x86_64\bin\net.dll
0x00007fff988d0000 - 0x00007fff989f8000 	C:\WINDOWS\SYSTEM32\WINHTTP.dll
0x00007fffa0810000 - 0x00007fffa087c000 	C:\WINDOWS\system32\mswsock.dll
0x00007fff70980000 - 0x00007fff70996000 	C:\Users\admoi\.antigravity-ide\extensions\redhat.java-1.56.0-win32-x64\jre\21.0.12.1-win32-x86_64\bin\nio.dll
0x00007fff96e70000 - 0x00007fff96e80000 	c:\Users\admoi\.antigravity-ide\extensions\redhat.java-1.56.0-win32-x64\jre\21.0.12.1-win32-x86_64\bin\verify.dll
0x00007fff250a0000 - 0x00007fff250e5000 	C:\Users\admoi\AppData\Roaming\Antigravity IDE\User\globalStorage\redhat.java\1.56.0\config_win\org.eclipse.equinox.launcher\org.eclipse.equinox.launcher.win32.win32.x86_64_1.3.100.v20260804-1928\eclipse_11924.dll
0x00007fffa3cf0000 - 0x00007fffa3e89000 	C:\WINDOWS\System32\ole32.dll
0x00007fffa0b00000 - 0x00007fffa0b1b000 	C:\WINDOWS\SYSTEM32\CRYPTSP.dll
0x00007fffa01c0000 - 0x00007fffa01f9000 	C:\WINDOWS\system32\rsaenh.dll
0x00007fffa08c0000 - 0x00007fffa08f2000 	C:\WINDOWS\SYSTEM32\USERENV.dll
0x00007fffa1460000 - 0x00007fffa148a000 	C:\WINDOWS\SYSTEM32\bcrypt.dll
0x00007fffa0b20000 - 0x00007fffa0b2c000 	C:\WINDOWS\SYSTEM32\CRYPTBASE.dll
0x00007fff9fbe0000 - 0x00007fff9fc13000 	C:\WINDOWS\SYSTEM32\IPHLPAPI.DLL
0x00007fffa2560000 - 0x00007fffa256a000 	C:\WINDOWS\System32\NSI.dll
0x00007ffec9b10000 - 0x00007ffec9b59000 	C:\Users\admoi\AppData\Local\Temp\jna-92668932\jna2751950067591294911.dll
0x00007fffa41e0000 - 0x00007fffa41e8000 	C:\WINDOWS\System32\PSAPI.DLL
0x00007fff98b20000 - 0x00007fff98b3d000 	C:\WINDOWS\SYSTEM32\dhcpcsvc6.DLL
0x00007fff98ab0000 - 0x00007fff98ad5000 	C:\WINDOWS\SYSTEM32\dhcpcsvc.DLL
0x00007fff71700000 - 0x00007fff71727000 	C:\Users\admoi\.gradle\native\1def1411415f61bf3af743bc5b6707747c0891f09f0c88961ee8f79bc544acac\windows-amd64\native-platform.dll
0x00007fff9bd10000 - 0x00007fff9bd1a000 	C:\Users\admoi\.antigravity-ide\extensions\redhat.java-1.56.0-win32-x64\jre\21.0.12.1-win32-x86_64\bin\management.dll
0x00007fff97120000 - 0x00007fff9712c000 	C:\Users\admoi\.antigravity-ide\extensions\redhat.java-1.56.0-win32-x64\jre\21.0.12.1-win32-x86_64\bin\management_ext.dll
0x00007fff97110000 - 0x00007fff97119000 	C:\Users\admoi\.antigravity-ide\extensions\redhat.java-1.56.0-win32-x64\jre\21.0.12.1-win32-x86_64\bin\extnet.dll
0x00007fff632f0000 - 0x00007fff632fe000 	C:\Users\admoi\.antigravity-ide\extensions\redhat.java-1.56.0-win32-x64\jre\21.0.12.1-win32-x86_64\bin\sunmscapi.dll
0x00007fffa1760000 - 0x00007fffa18de000 	C:\WINDOWS\System32\CRYPT32.dll
0x00007fffa0d40000 - 0x00007fffa0d70000 	C:\WINDOWS\SYSTEM32\ncrypt.dll
0x00007fffa0cf0000 - 0x00007fffa0d2f000 	C:\WINDOWS\SYSTEM32\NTASN1.dll
0x00007fff94040000 - 0x00007fff94048000 	C:\WINDOWS\system32\wshunix.dll
0x00007fff88b40000 - 0x00007fff88b67000 	C:\Users\admoi\.gradle\native\c067742578af261105cb4f569cf0c3c89f3d7b1fecec35dd04571415982c5e48\windows-amd64\native-platform.dll

JVMTI agents:
c:\Users\admoi\.antigravity-ide\extensions\redhat.java-1.56.0-win32-x64\lombok\lombok-1.18.39-4050.jar path:c:\Users\admoi\.antigravity-ide\extensions\redhat.java-1.56.0-win32-x64\jre\21.0.12.1-win32-x86_64\bin\instrument.dll, loaded, initialized, instrumentlib options:none

dbghelp: loaded successfully - version: 4.0.5 - missing functions: none
symbol engine: initialized successfully - sym options: 0x614 - pdb path: .;c:\Users\admoi\.antigravity-ide\extensions\redhat.java-1.56.0-win32-x64\jre\21.0.12.1-win32-x86_64\bin;C:\WINDOWS\SYSTEM32;C:\WINDOWS\WinSxS\amd64_microsoft.windows.common-controls_6595b64144ccf1df_6.0.26100.8972_none_3e0da176e32f9d4b;c:\Users\admoi\.antigravity-ide\extensions\redhat.java-1.56.0-win32-x64\jre\21.0.12.1-win32-x86_64\bin\server;C:\Users\admoi\AppData\Roaming\Antigravity IDE\User\globalStorage\redhat.java\1.56.0\config_win\org.eclipse.equinox.launcher\org.eclipse.equinox.launcher.win32.win32.x86_64_1.3.100.v20260804-1928;C:\Users\admoi\AppData\Local\Temp\jna-92668932;C:\Users\admoi\.gradle\native\1def1411415f61bf3af743bc5b6707747c0891f09f0c88961ee8f79bc544acac\windows-amd64;C:\Users\admoi\.gradle\native\c067742578af261105cb4f569cf0c3c89f3d7b1fecec35dd04571415982c5e48\windows-amd64

VM Arguments:
jvm_args: --add-modules=ALL-SYSTEM --add-opens=java.base/java.util=ALL-UNNAMED --add-opens=java.base/java.lang=ALL-UNNAMED --add-opens=java.base/sun.nio.fs=ALL-UNNAMED -Declipse.application=org.eclipse.jdt.ls.core.id1 -Dosgi.bundles.defaultStartLevel=4 -Declipse.product=org.eclipse.jdt.ls.core.product -Djava.import.generatesMetadataFilesAtProjectRoot=false -Dm2e.project.cache.size=50 -DDetectVMInstallationsJob.disabled=true -Dfile.encoding=utf8 -XX:+UseParallelGC -XX:GCTimeRatio=4 -XX:AdaptiveSizePolicyWeight=90 -Dsun.zip.disableMemoryMapping=true -Xmx2G -Xms100m -Xlog:disable -javaagent:c:\Users\admoi\.antigravity-ide\extensions\redhat.java-1.56.0-win32-x64\lombok\lombok-1.18.39-4050.jar -XX:+HeapDumpOnOutOfMemoryError -XX:HeapDumpPath=c:\Users\admoi\AppData\Roaming\Antigravity IDE\User\workspaceStorage\623676c495f6796973e32ae85f3dc6aa\redhat.java -Daether.dependencyCollector.impl=bf 
java_command: c:\Users\admoi\.antigravity-ide\extensions\redhat.java-1.56.0-win32-x64\server\plugins\org.eclipse.equinox.launcher_1.8.0.v20260804-1928.jar -configuration c:\Users\admoi\AppData\Roaming\Antigravity IDE\User\globalStorage\redhat.java\1.56.0\config_win -data c:\Users\admoi\AppData\Roaming\Antigravity IDE\User\workspaceStorage\623676c495f6796973e32ae85f3dc6aa\redhat.java\jdt_ws --pipe=\\.\pipe\lsp-99a31e14757f77cb7fdcbd68cf51acff-sock
java_class_path (initial): c:\Users\admoi\.antigravity-ide\extensions\redhat.java-1.56.0-win32-x64\server\plugins\org.eclipse.equinox.launcher_1.8.0.v20260804-1928.jar
Launcher Type: SUN_STANDARD

[Global flags]
    uintx AdaptiveSizePolicyWeight                 = 90                                        {product} {command line}
     intx CICompilerCount                          = 12                                        {product} {ergonomic}
    uintx GCTimeRatio                              = 4                                         {product} {command line}
     bool HeapDumpOnOutOfMemoryError               = true                                   {manageable} {command line}
    ccstr HeapDumpPath                             = c:\Users\admoi\AppData\Roaming\Antigravity IDE\User\workspaceStorage\623676c495f6796973e32ae85f3dc6aa\redhat.java         {manageable} {command line}
   size_t InitialHeapSize                          = 104857600                                 {product} {command line}
   size_t MaxHeapSize                              = 2147483648                                {product} {command line}
   size_t MaxNewSize                               = 715653120                                 {product} {ergonomic}
   size_t MinHeapDeltaBytes                        = 524288                                    {product} {ergonomic}
   size_t MinHeapSize                              = 104857600                                 {product} {command line}
   size_t NewSize                                  = 34603008                                  {product} {ergonomic}
    uintx NonNMethodCodeHeapSize                   = 7602480                                {pd product} {ergonomic}
    uintx NonProfiledCodeHeapSize                  = 122027880                              {pd product} {ergonomic}
   size_t OldSize                                  = 70254592                                  {product} {ergonomic}
    uintx ProfiledCodeHeapSize                     = 122027880                              {pd product} {ergonomic}
    uintx ReservedCodeCacheSize                    = 251658240                              {pd product} {ergonomic}
     bool SegmentedCodeCache                       = true                                      {product} {ergonomic}
   size_t SoftMaxHeapSize                          = 2147483648                             {manageable} {ergonomic}
     bool UseCompressedOops                        = true                           {product lp64_product} {ergonomic}
     bool UseLargePagesIndividualAllocation        = false                                  {pd product} {ergonomic}
     bool UseParallelGC                            = true                                      {product} {command line}

Logging:
Log output configuration:
 #0: stdout all=off uptime,level,tags foldmultilines=false
 #1: stderr all=off uptime,level,tags foldmultilines=false

Release file:
JAVA_VERSION="21.0.12.1" 
MODULES="java.base java.compiler java.datatransfer java.xml java.prefs java.desktop java.instrument java.logging java.management java.security.sasl java.naming java.rmi java.management.rmi java.net.http java.scripting java.security.jgss java.transaction.xa java.sql java.sql.rowset java.xml.crypto java.se java.smartcardio jdk.accessibility jdk.internal.jvmstat jdk.attach jdk.charsets jdk.internal.opt jdk.zipfs jdk.compiler jdk.crypto.ec jdk.crypto.cryptoki jdk.crypto.mscapi jdk.dynalink jdk.internal.ed jdk.editpad jdk.hotspot.agent jdk.httpserver jdk.internal.le jdk.internal.vm.ci jdk.internal.vm.compiler jdk.internal.vm.compiler.management jdk.jartool jdk.javadoc jdk.jcmd jdk.management jdk.management.agent jdk.jconsole jdk.jdeps jdk.jdwp.agent jdk.jdi jdk.jfr jdk.jshell jdk.jsobject jdk.jstatd jdk.localedata jdk.management.jfr jdk.naming.dns jdk.naming.rmi jdk.net jdk.nio.mapmode jdk.random jdk.sctp jdk.security.auth jdk.security.jgss jdk.unsupported jdk.unsupported.desktop jdk.xml.dom" 

Environment Variables:
PATH=C:\Users\admoi\AppData\Local\cloud-code\installer\google-cloud-sdk\bin;C:\Python314\Scripts\;C:\Python314\;C:\Program Files\Common Files\Oracle\Java\javapath;C:\WINDOWS\system32;C:\WINDOWS;C:\WINDOWS\System32\Wbem;C:\WINDOWS\System32\WindowsPowerShell\v1.0\;C:\WINDOWS\System32\OpenSSH\;C:\Program Files\Microsoft SQL Server\150\Tools\Binn\;C:\Program Files\Microsoft SQL Server\Client SDK\ODBC\170\Tools\Binn\;C:\Program Files\dotnet\;C:\Program Files (x86)\Windows Kits\10\Windows Performance Toolkit\;C:\Program Files (x86)\Microsoft SQL Server\160\Tools\Binn\;C:\Program Files\Microsoft SQL Server\160\Tools\Binn\;C:\Program Files\Microsoft SQL Server\160\DTS\Binn\;C:\Program Files\Docker\Docker\resources\bin;C:\Program Files\nodejs\;C:\ProgramData\chocolatey\bin;C:\xampp\php;C:\composer;C:\Program Files\Git\cmd;C:\Program Files\GitHub CLI\;C:\Python314\Scripts\;C:\Python314\;C:\Program Files\Common Files\Oracle\Java\javapath;C:\WINDOWS\system32;C:\WINDOWS;C:\WINDOWS\System32\Wbem;C:\WINDOWS\System32\WindowsPowerShell\v1.0\;C:\WINDOWS\System32\OpenSSH\;C:\Program Files\Microsoft SQL Server\150\Tools\Binn\;C:\Program Files\Microsoft SQL Server\Client SDK\ODBC\170\Tools\Binn\;C:\Program Files\dotnet\;C:\Program Files (x86)\Windows Kits\10\Windows Performance Toolkit\;C:\Program Files (x86)\Microsoft SQL Server\160\Tools\Binn\;C:\Program Files\Microsoft SQL Server\160\Tools\Binn\;C:\Program Files\Microsoft SQL Server\160\DTS\Binn\;C:\Program Files\Arduino PLC IDE Tools\;C:\Program Files\Docker\Docker\resources\bin;C:\Program Files\nodejs\;C:\ProgramData\chocolatey\bin;C:\xampp\php;C:\composer;C:\Program Files\Git\cmd;C:\Program Files\GitHub CLI\;c:\Users\admoi\AppData\Roaming\Code\User\globalStorage\github.copilot-chat\debugCommand;c:\Users\admoi\AppData\Roaming\Code\User\globalStorage\github.copilot-chat\copilotCli;D:\Microsoft VS Code;C:\Python314\Scripts\;C:\Python314\;C:\Program Files\Common Files\Oracle\Java\javapath;C:\WINDOWS\system32;C:\WINDOWS;C:\WINDOWS\System32\Wbem;C:\WINDOWS\System32\WindowsPowerShell\v1.0\;C:\WINDOWS\System32\OpenSSH\;C:\Program Files\Microsoft SQL Server\150\Tools\Binn\;C:\Program Files\Microsoft SQL Server\Client SDK\ODBC\170\Tools\Binn\;C:\Program Files\dotnet\;C:\Program Files (x86)\Windows Kits\10\Windows Performance Toolkit\;C:\Program Files (x86)\Microsoft SQL Server\160\Tools\Binn\;C:\Program Files\Microsoft SQL Server\160\Tools\Binn\;C:\Program Files\Microsoft SQL Server\160\DTS\Binn\;C:\Program Files\Arduino PLC IDE Tools\;C:\Program Files\Docker\Docker\resources\bin;C:\Program Files\nodejs\;C:\ProgramData\chocolatey\bin;C:\xampp\php;C:\composer;C:\Program Files\Git\cmd;C:\Users\admoi\AppData\Local\Microsoft\WindowsApps;;D:\IntelliJ IDEA 2025.1.1.1\bin;;D:\Microsoft VS Code\bin;C:\Users\admoi\.dotnet\tools;C:\Users\admoi\AppData\Local\Programs\mongosh\;D:\Antigravity\bin;C:\Users\admoi\AppData\Roaming\npm;C:\Users\admoi\AppData\Roaming\Composer\vendor\bin;C:\Users\admoi\.local\bin;C:\flutter\flutter\bin;C:\flutter\flutter\bin;;C:\flutter\flutter\bin;C:\Program Files (x86)\NVIDIA Corporation\PhysX\Common;C:\Program Files\NVIDIA Corporation\NVIDIA App\NvDLISR;C:\Program Files (x86)\Microsoft SQL Server\160\DTS\Binn\;D:\bin;C:\Program Files (x86)\cloudflared\;C:\Program Files\Microsoft SQL Server\170\Tools\Binn\
USERNAME=admoi
OS=Windows_NT
PROCESSOR_IDENTIFIER=Intel64 Family 6 Model 154 Stepping 3, GenuineIntel
TMP=C:\Users\admoi\AppData\Local\Temp
TEMP=C:\Users\admoi\AppData\Local\Temp




Periodic native trim disabled

---------------  S Y S T E M  ---------------

OS:
 Windows 11 , 64 bit Build 26100 (10.0.26100.9168)
OS uptime: 0 days 0:43 hours
Hyper-V role detected

CPU: total 16 (initial active 16) (8 cores per cpu, 2 threads per core) family 6 model 154 stepping 3 microcode 0x435, cx8, cmov, fxsr, ht, mmx, 3dnowpref, sse, sse2, sse3, ssse3, sse4.1, sse4.2, popcnt, lzcnt, tsc, tscinvbit, avx, avx2, aes, erms, clmul, bmi1, bmi2, adx, sha, fma, vzeroupper, clflush, clflushopt, clwb, hv, serialize, rdtscp, rdpid, fsrm, f16c, cet_ibt, cet_ss
Processor Information for processor 0
  Max Mhz: 2500, Current Mhz: 2500, Mhz Limit: 2500
Processor Information for processor 1
  Max Mhz: 2500, Current Mhz: 2500, Mhz Limit: 2500
Processor Information for processor 2
  Max Mhz: 2500, Current Mhz: 2500, Mhz Limit: 2500
Processor Information for processor 3
  Max Mhz: 2500, Current Mhz: 2500, Mhz Limit: 2500
Processor Information for processor 4
  Max Mhz: 2500, Current Mhz: 2500, Mhz Limit: 2500
Processor Information for processor 5
  Max Mhz: 2500, Current Mhz: 2500, Mhz Limit: 2500
Processor Information for processor 6
  Max Mhz: 2500, Current Mhz: 2500, Mhz Limit: 2500
Processor Information for processor 7
  Max Mhz: 2500, Current Mhz: 2500, Mhz Limit: 2500
Processor Information for processor 8
  Max Mhz: 2500, Current Mhz: 1500, Mhz Limit: 1800
Processor Information for processor 9
  Max Mhz: 2500, Current Mhz: 1800, Mhz Limit: 1800
Processor Information for processor 10
  Max Mhz: 2500, Current Mhz: 1800, Mhz Limit: 1800
Processor Information for processor 11
  Max Mhz: 2500, Current Mhz: 1800, Mhz Limit: 1800
Processor Information for processor 12
  Max Mhz: 2500, Current Mhz: 1500, Mhz Limit: 1800
Processor Information for processor 13
  Max Mhz: 2500, Current Mhz: 1800, Mhz Limit: 1800
Processor Information for processor 14
  Max Mhz: 2500, Current Mhz: 1800, Mhz Limit: 1800
Processor Information for processor 15
  Max Mhz: 2500, Current Mhz: 1500, Mhz Limit: 1800

Memory: 4k page, system-wide physical 16051M (326M free)
TotalPageFile size 57324M (AvailPageFile size 0M)
current process WorkingSet (physical memory assigned to process): 289M, peak: 576M
current process commit charge ("private bytes"): 1776M, peak: 1778M

vm_info: OpenJDK 64-Bit Server VM (21.0.12.1+1-LTS) for windows-amd64 JRE (21.0.12.1+1-LTS), built on 2026-08-18T00:00:00Z by "admin" with MS VC++ 17.12 (VS2022)

END.
