#
# There is insufficient memory for the Java Runtime Environment to continue.
# Native memory allocation (malloc) failed to allocate 32744 bytes. Error detail: Chunk::new
# Possible reasons:
#   The system is out of physical RAM or swap space
#   This process is running with CompressedOops enabled, and the Java Heap may be blocking the growth of the native heap
# Possible solutions:
#   Reduce memory load on the system
#   Increase physical memory or swap space
#   Check if swap backing store is full
#   Decrease Java heap size (-Xmx/-Xms)
#   Decrease number of Java threads
#   Decrease Java thread stack sizes (-Xss)
#   Set larger code cache with -XX:ReservedCodeCacheSize=
#   JVM is running with Unscaled Compressed Oops mode in which the Java heap is
#     placed in the first 4GB address space. The Java Heap base address is the
#     maximum limit for the native heap growth. Please use -XX:HeapBaseMinAddress
#     to set the Java Heap base and to place the Java Heap above 4GB virtual address.
# This output file may be truncated or incomplete.
#
#  Out of Memory Error (arena.cpp:168), pid=53480, tid=54840
#
# JRE version: OpenJDK Runtime Environment Temurin-21.0.12.1+1 (21.0.12.1+1) (build 21.0.12.1+1-LTS)
# Java VM: OpenJDK 64-Bit Server VM Temurin-21.0.12.1+1 (21.0.12.1+1-LTS, mixed mode, sharing, tiered, compressed oops, compressed class ptrs, g1 gc, windows-amd64)
# No core dump will be written. Minidumps are not enabled by default on client versions of Windows
#

---------------  S U M M A R Y ------------

Command Line: --add-opens=java.base/java.util=ALL-UNNAMED --add-opens=java.base/java.lang=ALL-UNNAMED --add-opens=java.base/java.lang.invoke=ALL-UNNAMED --add-opens=java.prefs/java.util.prefs=ALL-UNNAMED --add-exports=jdk.compiler/com.sun.tools.javac.api=ALL-UNNAMED --add-exports=jdk.compiler/com.sun.tools.javac.util=ALL-UNNAMED --add-opens=java.base/java.nio.charset=ALL-UNNAMED --add-opens=java.base/java.net=ALL-UNNAMED --add-opens=java.base/java.util.concurrent.atomic=ALL-UNNAMED -XX:MaxMetaspaceSize=384m -XX:+HeapDumpOnOutOfMemoryError -Xms256m -Xmx512m -Dfile.encoding=utf8 -Duser.country=US -Duser.language=en -Duser.variant -javaagent:C:\Users\admoi\.gradle\wrapper\dists\gradle-8.9-bin\90cnw93cvbtalezasaz0blq0a\gradle-8.9\lib\agents\gradle-instrumentation-agent-8.9.jar org.gradle.launcher.daemon.bootstrap.GradleDaemon 8.9

Host: 12th Gen Intel(R) Core(TM) i5-12500H, 16 cores, 15G,  Windows 11 , 64 bit Build 26100 (10.0.26100.9444)
Time: Wed Sep  9 14:30:18 2026 SE Asia Standard Time elapsed time: 121.521226 seconds (0d 0h 2m 1s)

---------------  T H R E A D  ---------------

Current thread (0x00000274a8f437b0):  JavaThread "C1 CompilerThread3" daemon [_thread_in_native, id=54840, stack(0x000000947ef00000,0x000000947f000000) (1024K)]


Current CompileTask:
C1:121535 8006   !   3       org.gradle.internal.execution.impl.DefaultOutputSnapshotter$1::visitOutputProperty (51 bytes)

Stack: [0x000000947ef00000,0x000000947f000000]
Native frames: (J=compiled Java code, j=interpreted, Vv=VM code, C=native code)
V  [jvm.dll+0x6d83e9]
V  [jvm.dll+0x8b5736]
V  [jvm.dll+0x8b7cee]
V  [jvm.dll+0x8b83d3]
V  [jvm.dll+0x284596]
V  [jvm.dll+0xc685d]
V  [jvm.dll+0xc6da1]
V  [jvm.dll+0x286220]
V  [jvm.dll+0x156ef4]
V  [jvm.dll+0x1563fc]
V  [jvm.dll+0x15818d]
V  [jvm.dll+0x25baad]
V  [jvm.dll+0x25a03a]
V  [jvm.dll+0x3f8aae]
V  [jvm.dll+0x8600cd]
V  [jvm.dll+0x6d6c1d]
C  [ucrtbase.dll+0x2cd30]
C  [KERNEL32.DLL+0x2cd87]
C  [ntdll.dll+0xacaec]


---------------  P R O C E S S  ---------------

Threads class SMR info:
_java_thread_list=0x00000274fee88b80, length=82, elements={
0x00000274f69b84d0, 0x00000274fde36530, 0x00000274fde36f90, 0x00000274fde3dbc0,
0x00000274fde3e620, 0x00000274fde3f080, 0x00000274fde3fae0, 0x00000274fde40870,
0x00000274fdeb9360, 0x00000274fdff0140, 0x00000274fe049bd0, 0x00000274fe97f300,
0x00000274fe95ed20, 0x00000274ff180c20, 0x00000274fed565e0, 0x00000274fefe83c0,
0x00000274febcbb30, 0x00000274fec60d60, 0x00000274fdeabf40, 0x00000274fdea97e0,
0x00000274fdea9e70, 0x00000274fdeaab90, 0x00000274fdeaa500, 0x00000274fdeab220,
0x00000274fdeab8b0, 0x00000274fdeac5d0, 0x00000274a8fab230, 0x00000274a8fab8c0,
0x00000274a8fad300, 0x00000274a8fabf50, 0x00000274a8fad990, 0x00000274a8fac5e0,
0x00000274a8facc70, 0x00000274a8fb14a0, 0x00000274a8fae6b0, 0x00000274a8fb21c0,
0x00000274fdef2c50, 0x00000274fdef25c0, 0x00000274fdef4690, 0x00000274fdef3970,
0x00000274fdef1f30, 0x00000274fdef53b0, 0x00000274fdef5a40, 0x00000274fdef60d0,
0x00000274fdef6760, 0x00000274fdef4000, 0x00000274fdef32e0, 0x00000274fdef4d20,
0x00000274fdef6df0, 0x00000274fdef8ec0, 0x00000274fdef9550, 0x00000274fdef81a0,
0x00000274fdef8830, 0x00000274fdef7480, 0x00000274fdef7b10, 0x00000274ac05b530,
0x00000274ac059af0, 0x00000274ac05bbc0, 0x00000274ac05a180, 0x00000274ac05c250,
0x00000274ac05aea0, 0x00000274ac05a810, 0x00000274ac05c8e0, 0x00000274ac059460,
0x00000274a8f430e0, 0x00000274a8f46090, 0x00000274a8f437b0, 0x00000274ac05e320,
0x00000274ac05e9b0, 0x00000274ac05dc90, 0x00000274ac05cf70, 0x00000274ac05d600,
0x00000274ac05f040, 0x00000274ac060a80, 0x00000274ac05f6d0, 0x00000274ac05fd60,
0x00000274ac0603f0, 0x00000274a8882ab0, 0x00000274a8884b80, 0x00000274a8883e60,
0x00000274a88844f0, 0x00000274a88865c0
}

Java Threads: ( => current thread )
  0x00000274f69b84d0 JavaThread "main"                              [_thread_blocked, id=53780, stack(0x0000009479a00000,0x0000009479b00000) (1024K)]
  0x00000274fde36530 JavaThread "Reference Handler"          daemon [_thread_blocked, id=53912, stack(0x000000947a200000,0x000000947a300000) (1024K)]
  0x00000274fde36f90 JavaThread "Finalizer"                  daemon [_thread_blocked, id=53904, stack(0x000000947a300000,0x000000947a400000) (1024K)]
  0x00000274fde3dbc0 JavaThread "Signal Dispatcher"          daemon [_thread_blocked, id=53728, stack(0x000000947a400000,0x000000947a500000) (1024K)]
  0x00000274fde3e620 JavaThread "Attach Listener"            daemon [_thread_blocked, id=53892, stack(0x000000947a500000,0x000000947a600000) (1024K)]
  0x00000274fde3f080 JavaThread "Service Thread"             daemon [_thread_blocked, id=54124, stack(0x000000947a600000,0x000000947a700000) (1024K)]
  0x00000274fde3fae0 JavaThread "Monitor Deflation Thread"   daemon [_thread_blocked, id=53980, stack(0x000000947a700000,0x000000947a800000) (1024K)]
  0x00000274fde40870 JavaThread "C2 CompilerThread0"         daemon [_thread_in_native, id=53752, stack(0x000000947a800000,0x000000947a900000) (1024K)]
  0x00000274fdeb9360 JavaThread "C1 CompilerThread0"         daemon [_thread_blocked, id=54136, stack(0x000000947a900000,0x000000947aa00000) (1024K)]
  0x00000274fdff0140 JavaThread "Common-Cleaner"             daemon [_thread_blocked, id=52820, stack(0x000000947aa00000,0x000000947ab00000) (1024K)]
  0x00000274fe049bd0 JavaThread "Notification Thread"        daemon [_thread_blocked, id=53128, stack(0x000000947ab00000,0x000000947ac00000) (1024K)]
  0x00000274fe97f300 JavaThread "Daemon health stats"               [_thread_blocked, id=53288, stack(0x000000947b100000,0x000000947b200000) (1024K)]
  0x00000274fe95ed20 JavaThread "Incoming local TCP Connector on port 62832"        [_thread_in_native, id=47264, stack(0x000000947b200000,0x000000947b300000) (1024K)]
  0x00000274ff180c20 JavaThread "Daemon periodic checks"            [_thread_blocked, id=35368, stack(0x000000947b300000,0x000000947b400000) (1024K)]
  0x00000274fed565e0 JavaThread "Daemon"                            [_thread_blocked, id=30456, stack(0x000000947b500000,0x000000947b600000) (1024K)]
  0x00000274fefe83c0 JavaThread "Handler for socket connection from /127.0.0.1:62832 to /127.0.0.1:62835"        [_thread_in_native, id=50948, stack(0x000000947b600000,0x000000947b700000) (1024K)]
  0x00000274febcbb30 JavaThread "Cancel handler"                    [_thread_blocked, id=54148, stack(0x000000947b700000,0x000000947b800000) (1024K)]
  0x00000274fec60d60 JavaThread "Daemon worker"                     [_thread_blocked, id=53608, stack(0x000000947b800000,0x000000947b900000) (1024K)]
  0x00000274fdeabf40 JavaThread "Asynchronous log dispatcher for DefaultDaemonConnection: socket connection from /127.0.0.1:62832 to /127.0.0.1:62835"        [_thread_blocked, id=26320, stack(0x000000947b900000,0x000000947ba00000) (1024K)]
  0x00000274fdea97e0 JavaThread "Stdin handler"                     [_thread_blocked, id=53720, stack(0x000000947ba00000,0x000000947bb00000) (1024K)]
  0x00000274fdea9e70 JavaThread "Daemon client event forwarder"        [_thread_blocked, id=44892, stack(0x000000947bb00000,0x000000947bc00000) (1024K)]
  0x00000274fdeaab90 JavaThread "Cache worker for journal cache (C:\Users\admoi\.gradle\caches\journal-1)"        [_thread_in_vm, id=44860, stack(0x000000947bc00000,0x000000947bd00000) (1024K)]
  0x00000274fdeaa500 JavaThread "File lock request listener"        [_thread_in_native, id=20544, stack(0x000000947bd00000,0x000000947be00000) (1024K)]
  0x00000274fdeab220 JavaThread "File lock release action executor"        [_thread_blocked, id=46160, stack(0x000000947be00000,0x000000947bf00000) (1024K)]
  0x00000274fdeab8b0 JavaThread "Cache worker for file hash cache (C:\Users\admoi\.gradle\caches\8.9\fileHashes)"        [_thread_in_vm, id=50872, stack(0x000000947bf00000,0x000000947c000000) (1024K)]
  0x00000274fdeac5d0 JavaThread "Cache worker for file hash cache (D:\BankSystemApp\frontend\node_modules\@capacitor\android\capacitor\.gradle\8.9\fileHashes)"        [_thread_blocked, id=42928, stack(0x000000947c900000,0x000000947ca00000) (1024K)]
  0x00000274a8fab230 JavaThread "Cache worker for Build Output Cleanup Cache (D:\BankSystemApp\frontend\node_modules\@capacitor\android\capacitor\.gradle\buildOutputCleanup)"        [_thread_blocked, id=43896, stack(0x000000947ca00000,0x000000947cb00000) (1024K)]
  0x00000274a8fab8c0 JavaThread "File watcher server"        daemon [_thread_in_native, id=44252, stack(0x000000947cb00000,0x000000947cc00000) (1024K)]
  0x00000274a8fad300 JavaThread "File watcher consumer"      daemon [_thread_blocked, id=42196, stack(0x000000947cc00000,0x000000947cd00000) (1024K)]
  0x00000274a8fabf50 JavaThread "Cache worker for checksums cache (D:\BankSystemApp\frontend\node_modules\@capacitor\android\capacitor\.gradle\8.9\checksums)"        [_thread_blocked, id=41616, stack(0x000000947cd00000,0x000000947ce00000) (1024K)]
  0x00000274a8fad990 JavaThread "Cache worker for file content cache (C:\Users\admoi\.gradle\caches\8.9\fileContent)"        [_thread_blocked, id=6188, stack(0x000000947ce00000,0x000000947cf00000) (1024K)]
  0x00000274a8fac5e0 JavaThread "Cache worker for cache directory md-rule (C:\Users\admoi\.gradle\caches\8.9\md-rule)"        [_thread_blocked, id=51332, stack(0x000000947d000000,0x000000947d100000) (1024K)]
  0x00000274a8facc70 JavaThread "Cache worker for cache directory md-supplier (C:\Users\admoi\.gradle\caches\8.9\md-supplier)"        [_thread_blocked, id=7764, stack(0x000000947d100000,0x000000947d200000) (1024K)]
  0x00000274a8fb14a0 JavaThread "jar transforms"                    [_thread_blocked, id=55584, stack(0x0000009479800000,0x0000009479900000) (1024K)]
  0x00000274a8fae6b0 JavaThread "Unconstrained build operations"        [_thread_blocked, id=55688, stack(0x0000009479900000,0x0000009479a00000) (1024K)]
  0x00000274a8fb21c0 JavaThread "Unconstrained build operations Thread 2"        [_thread_blocked, id=45880, stack(0x000000947b400000,0x000000947b500000) (1024K)]
  0x00000274fdef2c50 JavaThread "Unconstrained build operations Thread 3"        [_thread_blocked, id=54692, stack(0x000000947cf00000,0x000000947d000000) (1024K)]
  0x00000274fdef25c0 JavaThread "Unconstrained build operations Thread 4"        [_thread_blocked, id=46944, stack(0x000000947d200000,0x000000947d300000) (1024K)]
  0x00000274fdef4690 JavaThread "Unconstrained build operations Thread 5"        [_thread_blocked, id=53800, stack(0x000000947d300000,0x000000947d400000) (1024K)]
  0x00000274fdef3970 JavaThread "Unconstrained build operations Thread 6"        [_thread_blocked, id=25248, stack(0x000000947d400000,0x000000947d500000) (1024K)]
  0x00000274fdef1f30 JavaThread "Unconstrained build operations Thread 7"        [_thread_blocked, id=36324, stack(0x000000947d500000,0x000000947d600000) (1024K)]
  0x00000274fdef53b0 JavaThread "Unconstrained build operations Thread 8"        [_thread_blocked, id=55616, stack(0x000000947d600000,0x000000947d700000) (1024K)]
  0x00000274fdef5a40 JavaThread "Unconstrained build operations Thread 9"        [_thread_blocked, id=55604, stack(0x000000947d700000,0x000000947d800000) (1024K)]
  0x00000274fdef60d0 JavaThread "Unconstrained build operations Thread 10"        [_thread_blocked, id=25472, stack(0x000000947d800000,0x000000947d900000) (1024K)]
  0x00000274fdef6760 JavaThread "Unconstrained build operations Thread 11"        [_thread_blocked, id=55144, stack(0x000000947d900000,0x000000947da00000) (1024K)]
  0x00000274fdef4000 JavaThread "Unconstrained build operations Thread 12"        [_thread_blocked, id=56196, stack(0x000000947da00000,0x000000947db00000) (1024K)]
  0x00000274fdef32e0 JavaThread "Unconstrained build operations Thread 13"        [_thread_blocked, id=26732, stack(0x000000947db00000,0x000000947dc00000) (1024K)]
  0x00000274fdef4d20 JavaThread "Unconstrained build operations Thread 14"        [_thread_blocked, id=55860, stack(0x000000947dc00000,0x000000947dd00000) (1024K)]
  0x00000274fdef6df0 JavaThread "Unconstrained build operations Thread 15"        [_thread_blocked, id=53296, stack(0x000000947dd00000,0x000000947de00000) (1024K)]
  0x00000274fdef8ec0 JavaThread "Unconstrained build operations Thread 16"        [_thread_blocked, id=10236, stack(0x000000947de00000,0x000000947df00000) (1024K)]
  0x00000274fdef9550 JavaThread "Unconstrained build operations Thread 17"        [_thread_blocked, id=54512, stack(0x000000947df00000,0x000000947e000000) (1024K)]
  0x00000274fdef81a0 JavaThread "Unconstrained build operations Thread 18"        [_thread_blocked, id=56240, stack(0x000000947e000000,0x000000947e100000) (1024K)]
  0x00000274fdef8830 JavaThread "Unconstrained build operations Thread 19"        [_thread_blocked, id=38056, stack(0x000000947e100000,0x000000947e200000) (1024K)]
  0x00000274fdef7480 JavaThread "Unconstrained build operations Thread 20"        [_thread_blocked, id=55908, stack(0x000000947e200000,0x000000947e300000) (1024K)]
  0x00000274fdef7b10 JavaThread "Unconstrained build operations Thread 21"        [_thread_blocked, id=40564, stack(0x000000947e300000,0x000000947e400000) (1024K)]
  0x00000274ac05b530 JavaThread "Unconstrained build operations Thread 22"        [_thread_blocked, id=55756, stack(0x000000947e400000,0x000000947e500000) (1024K)]
  0x00000274ac059af0 JavaThread "Unconstrained build operations Thread 23"        [_thread_blocked, id=56168, stack(0x000000947e500000,0x000000947e600000) (1024K)]
  0x00000274ac05bbc0 JavaThread "Unconstrained build operations Thread 24"        [_thread_blocked, id=12920, stack(0x000000947e600000,0x000000947e700000) (1024K)]
  0x00000274ac05a180 JavaThread "Unconstrained build operations Thread 25"        [_thread_blocked, id=52032, stack(0x000000947e700000,0x000000947e800000) (1024K)]
  0x00000274ac05c250 JavaThread "Unconstrained build operations Thread 26"        [_thread_blocked, id=55624, stack(0x000000947e800000,0x000000947e900000) (1024K)]
  0x00000274ac05aea0 JavaThread "Unconstrained build operations Thread 27"        [_thread_blocked, id=53788, stack(0x000000947e900000,0x000000947ea00000) (1024K)]
  0x00000274ac05a810 JavaThread "Unconstrained build operations Thread 28"        [_thread_blocked, id=55600, stack(0x000000947ea00000,0x000000947eb00000) (1024K)]
  0x00000274ac05c8e0 JavaThread "Unconstrained build operations Thread 29"        [_thread_blocked, id=55872, stack(0x000000947eb00000,0x000000947ec00000) (1024K)]
  0x00000274ac059460 JavaThread "Unconstrained build operations Thread 30"        [_thread_blocked, id=53200, stack(0x000000947ec00000,0x000000947ed00000) (1024K)]
  0x00000274a8f430e0 JavaThread "C1 CompilerThread1"         daemon [_thread_blocked, id=55168, stack(0x000000947ed00000,0x000000947ee00000) (1024K)]
  0x00000274a8f46090 JavaThread "C1 CompilerThread2"         daemon [_thread_blocked, id=39656, stack(0x000000947ee00000,0x000000947ef00000) (1024K)]
=>0x00000274a8f437b0 JavaThread "C1 CompilerThread3"         daemon [_thread_in_native, id=54840, stack(0x000000947ef00000,0x000000947f000000) (1024K)]
  0x00000274ac05e320 JavaThread "Unconstrained build operations Thread 31"        [_thread_blocked, id=54772, stack(0x000000947f000000,0x000000947f100000) (1024K)]
  0x00000274ac05e9b0 JavaThread "Unconstrained build operations Thread 32"        [_thread_blocked, id=44116, stack(0x000000947f100000,0x000000947f200000) (1024K)]
  0x00000274ac05dc90 JavaThread "Unconstrained build operations Thread 33"        [_thread_blocked, id=40252, stack(0x000000947f200000,0x000000947f300000) (1024K)]
  0x00000274ac05cf70 JavaThread "Unconstrained build operations Thread 34"        [_thread_blocked, id=53380, stack(0x000000947f300000,0x000000947f400000) (1024K)]
  0x00000274ac05d600 JavaThread "Unconstrained build operations Thread 35"        [_thread_blocked, id=32648, stack(0x000000947f400000,0x000000947f500000) (1024K)]
  0x00000274ac05f040 JavaThread "Unconstrained build operations Thread 36"        [_thread_in_native, id=48572, stack(0x000000947f500000,0x000000947f600000) (1024K)]
  0x00000274ac060a80 JavaThread "Unconstrained build operations Thread 37"        [_thread_blocked, id=52516, stack(0x000000947f600000,0x000000947f700000) (1024K)]
  0x00000274ac05f6d0 JavaThread "Unconstrained build operations Thread 38"        [_thread_blocked, id=40968, stack(0x000000947f700000,0x000000947f800000) (1024K)]
  0x00000274ac05fd60 JavaThread "Unconstrained build operations Thread 39"        [_thread_blocked, id=51012, stack(0x000000947f800000,0x000000947f900000) (1024K)]
  0x00000274ac0603f0 JavaThread "Unconstrained build operations Thread 40"        [_thread_blocked, id=36724, stack(0x000000947f900000,0x000000947fa00000) (1024K)]
  0x00000274a8882ab0 JavaThread "Unconstrained build operations Thread 41"        [_thread_in_Java, id=22588, stack(0x000000947fa00000,0x000000947fb00000) (1024K)]
  0x00000274a8884b80 JavaThread "Unconstrained build operations Thread 42"        [_thread_in_native, id=27944, stack(0x000000947fb00000,0x000000947fc00000) (1024K)]
  0x00000274a8883e60 JavaThread "Unconstrained build operations Thread 43"        [_thread_blocked, id=9732, stack(0x000000947fc00000,0x000000947fd00000) (1024K)]
  0x00000274a88844f0 JavaThread "Unconstrained build operations Thread 44"        [_thread_blocked, id=48360, stack(0x000000947fd00000,0x000000947fe00000) (1024K)]
  0x00000274a88865c0 JavaThread "Unconstrained build operations Thread 45"        [_thread_blocked, id=53860, stack(0x000000947fe00000,0x000000947ff00000) (1024K)]
Total: 82

Other Threads:
  0x00000274fde15540 VMThread "VM Thread"                           [id=54012, stack(0x000000947a100000,0x000000947a200000) (1024K)]
  0x00000274fde06b80 WatcherThread "VM Periodic Task Thread"        [id=53712, stack(0x000000947a000000,0x000000947a100000) (1024K)]
  0x00000274f69e26f0 WorkerThread "GC Thread#0"                     [id=53644, stack(0x0000009479b00000,0x0000009479c00000) (1024K)]
  0x00000274feaff9c0 WorkerThread "GC Thread#1"                     [id=53536, stack(0x000000947ac00000,0x000000947ad00000) (1024K)]
  0x00000274feaffd70 WorkerThread "GC Thread#2"                     [id=53460, stack(0x000000947ad00000,0x000000947ae00000) (1024K)]
  0x00000274feb00120 WorkerThread "GC Thread#3"                     [id=53392, stack(0x000000947ae00000,0x000000947af00000) (1024K)]
  0x00000274feb004d0 WorkerThread "GC Thread#4"                     [id=53336, stack(0x000000947af00000,0x000000947b000000) (1024K)]
  0x00000274feb00880 WorkerThread "GC Thread#5"                     [id=40972, stack(0x000000947b000000,0x000000947b100000) (1024K)]
  0x00000274fe0126b0 WorkerThread "GC Thread#6"                     [id=40212, stack(0x000000947c000000,0x000000947c100000) (1024K)]
  0x00000274fe013920 WorkerThread "GC Thread#7"                     [id=42292, stack(0x000000947c100000,0x000000947c200000) (1024K)]
  0x00000274fe015e00 WorkerThread "GC Thread#8"                     [id=41416, stack(0x000000947c200000,0x000000947c300000) (1024K)]
  0x00000274fe012300 WorkerThread "GC Thread#9"                     [id=41808, stack(0x000000947c300000,0x000000947c400000) (1024K)]
  0x00000274fe012a60 WorkerThread "GC Thread#10"                    [id=41780, stack(0x000000947c400000,0x000000947c500000) (1024K)]
  0x00000274fe013cd0 WorkerThread "GC Thread#11"                    [id=29588, stack(0x000000947c500000,0x000000947c600000) (1024K)]
  0x00000274fe014430 WorkerThread "GC Thread#12"                    [id=44028, stack(0x000000947c600000,0x000000947c700000) (1024K)]
  0x00000274f69e75f0 ConcurrentGCThread "G1 Main Marker"            [id=54132, stack(0x0000009479c00000,0x0000009479d00000) (1024K)]
  0x00000274f69e8010 WorkerThread "G1 Conc#0"                       [id=53992, stack(0x0000009479d00000,0x0000009479e00000) (1024K)]
  0x00000274fe014b90 WorkerThread "G1 Conc#1"                       [id=43780, stack(0x000000947c700000,0x000000947c800000) (1024K)]
  0x00000274fe014f40 WorkerThread "G1 Conc#2"                       [id=38948, stack(0x000000947c800000,0x000000947c900000) (1024K)]
  0x00000274f6a6eaa0 ConcurrentGCThread "G1 Refine#0"               [id=53740, stack(0x0000009479e00000,0x0000009479f00000) (1024K)]
  0x00000274fdcd47e0 ConcurrentGCThread "G1 Service"                [id=53976, stack(0x0000009479f00000,0x000000947a000000) (1024K)]
Total: 21

Threads with active compile tasks:
C2 CompilerThread0  121859 7988   !   4       java.nio.file.FileTreeWalker::next (144 bytes)
C1 CompilerThread3  121859 8006   !   3       org.gradle.internal.execution.impl.DefaultOutputSnapshotter$1::visitOutputProperty (51 bytes)
Total: 2

VM state: not at safepoint (normal execution)

VM Mutex/Monitor currently owned by a thread: None

Heap address: 0x00000000e0000000, size: 512 MB, Compressed Oops mode: 32-bit

CDS archive(s) mapped at: [0x000002748f000000-0x000002748fba0000-0x000002748fba0000), size 12189696, SharedBaseAddress: 0x000002748f000000, ArchiveRelocationMode: 1.
Compressed class space mapped at: 0x0000027490000000-0x00000274a4000000, reserved size: 335544320
Narrow klass base: 0x000002748f000000, Narrow klass shift: 0, Narrow klass range: 0x100000000

GC Precious Log:
 CardTable entry size: 512
 Card Set container configuration: InlinePtr #cards 5 size 8 Array Of Cards #cards 12 size 40 Howl #buckets 4 coarsen threshold 1843 Howl Bitmap #cards 512 size 80 coarsen threshold 460 Card regions per heap region 1 cards per card region 2048
 CPUs: 16 total, 16 available
 Memory: 16051M
 Large Page Support: Disabled
 NUMA Support: Disabled
 Compressed Oops: Enabled (32-bit)
 Heap Region Size: 1M
 Heap Min Capacity: 256M
 Heap Initial Capacity: 256M
 Heap Max Capacity: 512M
 Pre-touch: Disabled
 Parallel Workers: 13
 Concurrent Workers: 3
 Concurrent Refinement Workers: 13
 Periodic GC: Disabled

Heap:
 garbage-first heap   total 262144K, used 69199K [0x00000000e0000000, 0x0000000100000000)
  region size 1024K, 29 young (29696K), 2 survivors (2048K)
 Metaspace       used 49428K, committed 51008K, reserved 393216K
  class space    used 7157K, committed 7936K, reserved 327680K

Heap Regions: E=young(eden), S=young(survivor), O=old, HS=humongous(starts), HC=humongous(continues), CS=collection set, F=free, TAMS=top-at-mark-start, PB=parsable bottom
|   0|0x00000000e0000000, 0x00000000e0100000, 0x00000000e0100000|100%|HS|  |TAMS 0x00000000e0000000| PB 0x00000000e0000000| Complete 
|   1|0x00000000e0100000, 0x00000000e0200000, 0x00000000e0200000|100%|HC|  |TAMS 0x00000000e0100000| PB 0x00000000e0100000| Complete 
|   2|0x00000000e0200000, 0x00000000e0300000, 0x00000000e0300000|100%|HC|  |TAMS 0x00000000e0200000| PB 0x00000000e0200000| Complete 
|   3|0x00000000e0300000, 0x00000000e0400000, 0x00000000e0400000|100%|HC|  |TAMS 0x00000000e0300000| PB 0x00000000e0300000| Complete 
|   4|0x00000000e0400000, 0x00000000e0500000, 0x00000000e0500000|100%| O|  |TAMS 0x00000000e0400000| PB 0x00000000e0400000| Untracked 
|   5|0x00000000e0500000, 0x00000000e0600000, 0x00000000e0600000|100%| O|  |TAMS 0x00000000e0500000| PB 0x00000000e0500000| Untracked 
|   6|0x00000000e0600000, 0x00000000e0700000, 0x00000000e0700000|100%| O|  |TAMS 0x00000000e0600000| PB 0x00000000e0600000| Untracked 
|   7|0x00000000e0700000, 0x00000000e0800000, 0x00000000e0800000|100%| O|  |TAMS 0x00000000e0700000| PB 0x00000000e0700000| Untracked 
|   8|0x00000000e0800000, 0x00000000e0900000, 0x00000000e0900000|100%| O|  |TAMS 0x00000000e0800000| PB 0x00000000e0800000| Untracked 
|   9|0x00000000e0900000, 0x00000000e0a00000, 0x00000000e0a00000|100%| O|  |TAMS 0x00000000e0900000| PB 0x00000000e0900000| Untracked 
|  10|0x00000000e0a00000, 0x00000000e0b00000, 0x00000000e0b00000|100%| O|  |TAMS 0x00000000e0a00000| PB 0x00000000e0a00000| Untracked 
|  11|0x00000000e0b00000, 0x00000000e0c00000, 0x00000000e0c00000|100%|HS|  |TAMS 0x00000000e0b00000| PB 0x00000000e0b00000| Complete 
|  12|0x00000000e0c00000, 0x00000000e0d00000, 0x00000000e0d00000|100%| O|  |TAMS 0x00000000e0c00000| PB 0x00000000e0c00000| Untracked 
|  13|0x00000000e0d00000, 0x00000000e0e00000, 0x00000000e0e00000|100%| O|  |TAMS 0x00000000e0d00000| PB 0x00000000e0d00000| Untracked 
|  14|0x00000000e0e00000, 0x00000000e0f00000, 0x00000000e0f00000|100%| O|  |TAMS 0x00000000e0e00000| PB 0x00000000e0e00000| Untracked 
|  15|0x00000000e0f00000, 0x00000000e1000000, 0x00000000e1000000|100%| O|  |TAMS 0x00000000e0f00000| PB 0x00000000e0f00000| Untracked 
|  16|0x00000000e1000000, 0x00000000e1100000, 0x00000000e1100000|100%| O|  |TAMS 0x00000000e1000000| PB 0x00000000e1000000| Untracked 
|  17|0x00000000e1100000, 0x00000000e1200000, 0x00000000e1200000|100%| O|  |TAMS 0x00000000e1100000| PB 0x00000000e1100000| Untracked 
|  18|0x00000000e1200000, 0x00000000e1300000, 0x00000000e1300000|100%| O|  |TAMS 0x00000000e1200000| PB 0x00000000e1200000| Untracked 
|  19|0x00000000e1300000, 0x00000000e1400000, 0x00000000e1400000|100%| O|  |TAMS 0x00000000e1300000| PB 0x00000000e1300000| Untracked 
|  20|0x00000000e1400000, 0x00000000e1500000, 0x00000000e1500000|100%| O|  |TAMS 0x00000000e1400000| PB 0x00000000e1400000| Untracked 
|  21|0x00000000e1500000, 0x00000000e1600000, 0x00000000e1600000|100%| O|  |TAMS 0x00000000e1500000| PB 0x00000000e1500000| Untracked 
|  22|0x00000000e1600000, 0x00000000e1700000, 0x00000000e1700000|100%| O|  |TAMS 0x00000000e1600000| PB 0x00000000e1600000| Untracked 
|  23|0x00000000e1700000, 0x00000000e1800000, 0x00000000e1800000|100%| O|  |TAMS 0x00000000e1700000| PB 0x00000000e1700000| Untracked 
|  24|0x00000000e1800000, 0x00000000e1900000, 0x00000000e1900000|100%| O|  |TAMS 0x00000000e1800000| PB 0x00000000e1800000| Untracked 
|  25|0x00000000e1900000, 0x00000000e1a00000, 0x00000000e1a00000|100%| O|  |TAMS 0x00000000e1900000| PB 0x00000000e1900000| Untracked 
|  26|0x00000000e1a00000, 0x00000000e1b00000, 0x00000000e1b00000|100%| O|  |TAMS 0x00000000e1a00000| PB 0x00000000e1a00000| Untracked 
|  27|0x00000000e1b00000, 0x00000000e1c00000, 0x00000000e1c00000|100%| O|  |TAMS 0x00000000e1b00000| PB 0x00000000e1b00000| Untracked 
|  28|0x00000000e1c00000, 0x00000000e1d00000, 0x00000000e1d00000|100%| O|  |TAMS 0x00000000e1c00000| PB 0x00000000e1c00000| Untracked 
|  29|0x00000000e1d00000, 0x00000000e1e00000, 0x00000000e1e00000|100%| O|  |TAMS 0x00000000e1d00000| PB 0x00000000e1d00000| Untracked 
|  30|0x00000000e1e00000, 0x00000000e1f00000, 0x00000000e1f00000|100%| O|  |TAMS 0x00000000e1e00000| PB 0x00000000e1e00000| Untracked 
|  31|0x00000000e1f00000, 0x00000000e2000000, 0x00000000e2000000|100%| O|  |TAMS 0x00000000e1f00000| PB 0x00000000e1f00000| Untracked 
|  32|0x00000000e2000000, 0x00000000e2100000, 0x00000000e2100000|100%| O|  |TAMS 0x00000000e2000000| PB 0x00000000e2000000| Untracked 
|  33|0x00000000e2100000, 0x00000000e2200000, 0x00000000e2200000|100%| O|  |TAMS 0x00000000e2100000| PB 0x00000000e2100000| Untracked 
|  34|0x00000000e2200000, 0x00000000e2300000, 0x00000000e2300000|100%| O|  |TAMS 0x00000000e2200000| PB 0x00000000e2200000| Untracked 
|  35|0x00000000e2300000, 0x00000000e2400000, 0x00000000e2400000|100%| O|  |TAMS 0x00000000e2300000| PB 0x00000000e2300000| Untracked 
|  36|0x00000000e2400000, 0x00000000e2500000, 0x00000000e2500000|100%| O|  |TAMS 0x00000000e2400000| PB 0x00000000e2400000| Untracked 
|  37|0x00000000e2500000, 0x00000000e2600000, 0x00000000e2600000|100%| O|  |TAMS 0x00000000e2500000| PB 0x00000000e2500000| Untracked 
|  38|0x00000000e2600000, 0x00000000e2700000, 0x00000000e2700000|100%| O|  |TAMS 0x00000000e2600000| PB 0x00000000e2600000| Untracked 
|  39|0x00000000e2700000, 0x00000000e2800000, 0x00000000e2800000|100%| O|  |TAMS 0x00000000e2700000| PB 0x00000000e2700000| Untracked 
|  40|0x00000000e2800000, 0x00000000e28f6910, 0x00000000e2900000| 96%| O|  |TAMS 0x00000000e2800000| PB 0x00000000e2800000| Untracked 
|  41|0x00000000e2900000, 0x00000000e2900000, 0x00000000e2a00000|  0%| F|  |TAMS 0x00000000e2900000| PB 0x00000000e2900000| Untracked 
|  42|0x00000000e2a00000, 0x00000000e2a00000, 0x00000000e2b00000|  0%| F|  |TAMS 0x00000000e2a00000| PB 0x00000000e2a00000| Untracked 
|  43|0x00000000e2b00000, 0x00000000e2b00000, 0x00000000e2c00000|  0%| F|  |TAMS 0x00000000e2b00000| PB 0x00000000e2b00000| Untracked 
|  44|0x00000000e2c00000, 0x00000000e2c00000, 0x00000000e2d00000|  0%| F|  |TAMS 0x00000000e2c00000| PB 0x00000000e2c00000| Untracked 
|  45|0x00000000e2d00000, 0x00000000e2d00000, 0x00000000e2e00000|  0%| F|  |TAMS 0x00000000e2d00000| PB 0x00000000e2d00000| Untracked 
|  46|0x00000000e2e00000, 0x00000000e2e00000, 0x00000000e2f00000|  0%| F|  |TAMS 0x00000000e2e00000| PB 0x00000000e2e00000| Untracked 
|  47|0x00000000e2f00000, 0x00000000e2f00000, 0x00000000e3000000|  0%| F|  |TAMS 0x00000000e2f00000| PB 0x00000000e2f00000| Untracked 
|  48|0x00000000e3000000, 0x00000000e3000000, 0x00000000e3100000|  0%| F|  |TAMS 0x00000000e3000000| PB 0x00000000e3000000| Untracked 
|  49|0x00000000e3100000, 0x00000000e3100000, 0x00000000e3200000|  0%| F|  |TAMS 0x00000000e3100000| PB 0x00000000e3100000| Untracked 
|  50|0x00000000e3200000, 0x00000000e3200000, 0x00000000e3300000|  0%| F|  |TAMS 0x00000000e3200000| PB 0x00000000e3200000| Untracked 
|  51|0x00000000e3300000, 0x00000000e3300000, 0x00000000e3400000|  0%| F|  |TAMS 0x00000000e3300000| PB 0x00000000e3300000| Untracked 
|  52|0x00000000e3400000, 0x00000000e3400000, 0x00000000e3500000|  0%| F|  |TAMS 0x00000000e3400000| PB 0x00000000e3400000| Untracked 
|  53|0x00000000e3500000, 0x00000000e3500000, 0x00000000e3600000|  0%| F|  |TAMS 0x00000000e3500000| PB 0x00000000e3500000| Untracked 
|  54|0x00000000e3600000, 0x00000000e3600000, 0x00000000e3700000|  0%| F|  |TAMS 0x00000000e3600000| PB 0x00000000e3600000| Untracked 
|  55|0x00000000e3700000, 0x00000000e3700000, 0x00000000e3800000|  0%| F|  |TAMS 0x00000000e3700000| PB 0x00000000e3700000| Untracked 
|  56|0x00000000e3800000, 0x00000000e3800000, 0x00000000e3900000|  0%| F|  |TAMS 0x00000000e3800000| PB 0x00000000e3800000| Untracked 
|  57|0x00000000e3900000, 0x00000000e3900000, 0x00000000e3a00000|  0%| F|  |TAMS 0x00000000e3900000| PB 0x00000000e3900000| Untracked 
|  58|0x00000000e3a00000, 0x00000000e3a00000, 0x00000000e3b00000|  0%| F|  |TAMS 0x00000000e3a00000| PB 0x00000000e3a00000| Untracked 
|  59|0x00000000e3b00000, 0x00000000e3b00000, 0x00000000e3c00000|  0%| F|  |TAMS 0x00000000e3b00000| PB 0x00000000e3b00000| Untracked 
|  60|0x00000000e3c00000, 0x00000000e3c00000, 0x00000000e3d00000|  0%| F|  |TAMS 0x00000000e3c00000| PB 0x00000000e3c00000| Untracked 
|  61|0x00000000e3d00000, 0x00000000e3d00000, 0x00000000e3e00000|  0%| F|  |TAMS 0x00000000e3d00000| PB 0x00000000e3d00000| Untracked 
|  62|0x00000000e3e00000, 0x00000000e3e00000, 0x00000000e3f00000|  0%| F|  |TAMS 0x00000000e3e00000| PB 0x00000000e3e00000| Untracked 
|  63|0x00000000e3f00000, 0x00000000e3f00000, 0x00000000e4000000|  0%| F|  |TAMS 0x00000000e3f00000| PB 0x00000000e3f00000| Untracked 
|  64|0x00000000e4000000, 0x00000000e4000000, 0x00000000e4100000|  0%| F|  |TAMS 0x00000000e4000000| PB 0x00000000e4000000| Untracked 
|  65|0x00000000e4100000, 0x00000000e4100000, 0x00000000e4200000|  0%| F|  |TAMS 0x00000000e4100000| PB 0x00000000e4100000| Untracked 
|  66|0x00000000e4200000, 0x00000000e4200000, 0x00000000e4300000|  0%| F|  |TAMS 0x00000000e4200000| PB 0x00000000e4200000| Untracked 
|  67|0x00000000e4300000, 0x00000000e4300000, 0x00000000e4400000|  0%| F|  |TAMS 0x00000000e4300000| PB 0x00000000e4300000| Untracked 
|  68|0x00000000e4400000, 0x00000000e4400000, 0x00000000e4500000|  0%| F|  |TAMS 0x00000000e4400000| PB 0x00000000e4400000| Untracked 
|  69|0x00000000e4500000, 0x00000000e4500000, 0x00000000e4600000|  0%| F|  |TAMS 0x00000000e4500000| PB 0x00000000e4500000| Untracked 
|  70|0x00000000e4600000, 0x00000000e4600000, 0x00000000e4700000|  0%| F|  |TAMS 0x00000000e4600000| PB 0x00000000e4600000| Untracked 
|  71|0x00000000e4700000, 0x00000000e4700000, 0x00000000e4800000|  0%| F|  |TAMS 0x00000000e4700000| PB 0x00000000e4700000| Untracked 
|  72|0x00000000e4800000, 0x00000000e4800000, 0x00000000e4900000|  0%| F|  |TAMS 0x00000000e4800000| PB 0x00000000e4800000| Untracked 
|  73|0x00000000e4900000, 0x00000000e4900000, 0x00000000e4a00000|  0%| F|  |TAMS 0x00000000e4900000| PB 0x00000000e4900000| Untracked 
|  74|0x00000000e4a00000, 0x00000000e4a00000, 0x00000000e4b00000|  0%| F|  |TAMS 0x00000000e4a00000| PB 0x00000000e4a00000| Untracked 
|  75|0x00000000e4b00000, 0x00000000e4b00000, 0x00000000e4c00000|  0%| F|  |TAMS 0x00000000e4b00000| PB 0x00000000e4b00000| Untracked 
|  76|0x00000000e4c00000, 0x00000000e4c00000, 0x00000000e4d00000|  0%| F|  |TAMS 0x00000000e4c00000| PB 0x00000000e4c00000| Untracked 
|  77|0x00000000e4d00000, 0x00000000e4d00000, 0x00000000e4e00000|  0%| F|  |TAMS 0x00000000e4d00000| PB 0x00000000e4d00000| Untracked 
|  78|0x00000000e4e00000, 0x00000000e4e00000, 0x00000000e4f00000|  0%| F|  |TAMS 0x00000000e4e00000| PB 0x00000000e4e00000| Untracked 
|  79|0x00000000e4f00000, 0x00000000e4f00000, 0x00000000e5000000|  0%| F|  |TAMS 0x00000000e4f00000| PB 0x00000000e4f00000| Untracked 
|  80|0x00000000e5000000, 0x00000000e5000000, 0x00000000e5100000|  0%| F|  |TAMS 0x00000000e5000000| PB 0x00000000e5000000| Untracked 
|  81|0x00000000e5100000, 0x00000000e5100000, 0x00000000e5200000|  0%| F|  |TAMS 0x00000000e5100000| PB 0x00000000e5100000| Untracked 
|  82|0x00000000e5200000, 0x00000000e5200000, 0x00000000e5300000|  0%| F|  |TAMS 0x00000000e5200000| PB 0x00000000e5200000| Untracked 
|  83|0x00000000e5300000, 0x00000000e5300000, 0x00000000e5400000|  0%| F|  |TAMS 0x00000000e5300000| PB 0x00000000e5300000| Untracked 
|  84|0x00000000e5400000, 0x00000000e5400000, 0x00000000e5500000|  0%| F|  |TAMS 0x00000000e5400000| PB 0x00000000e5400000| Untracked 
|  85|0x00000000e5500000, 0x00000000e5500000, 0x00000000e5600000|  0%| F|  |TAMS 0x00000000e5500000| PB 0x00000000e5500000| Untracked 
|  86|0x00000000e5600000, 0x00000000e5600000, 0x00000000e5700000|  0%| F|  |TAMS 0x00000000e5600000| PB 0x00000000e5600000| Untracked 
|  87|0x00000000e5700000, 0x00000000e5700000, 0x00000000e5800000|  0%| F|  |TAMS 0x00000000e5700000| PB 0x00000000e5700000| Untracked 
|  88|0x00000000e5800000, 0x00000000e5800000, 0x00000000e5900000|  0%| F|  |TAMS 0x00000000e5800000| PB 0x00000000e5800000| Untracked 
|  89|0x00000000e5900000, 0x00000000e5900000, 0x00000000e5a00000|  0%| F|  |TAMS 0x00000000e5900000| PB 0x00000000e5900000| Untracked 
|  90|0x00000000e5a00000, 0x00000000e5a00000, 0x00000000e5b00000|  0%| F|  |TAMS 0x00000000e5a00000| PB 0x00000000e5a00000| Untracked 
|  91|0x00000000e5b00000, 0x00000000e5b00000, 0x00000000e5c00000|  0%| F|  |TAMS 0x00000000e5b00000| PB 0x00000000e5b00000| Untracked 
|  92|0x00000000e5c00000, 0x00000000e5c00000, 0x00000000e5d00000|  0%| F|  |TAMS 0x00000000e5c00000| PB 0x00000000e5c00000| Untracked 
|  93|0x00000000e5d00000, 0x00000000e5d00000, 0x00000000e5e00000|  0%| F|  |TAMS 0x00000000e5d00000| PB 0x00000000e5d00000| Untracked 
|  94|0x00000000e5e00000, 0x00000000e5e00000, 0x00000000e5f00000|  0%| F|  |TAMS 0x00000000e5e00000| PB 0x00000000e5e00000| Untracked 
|  95|0x00000000e5f00000, 0x00000000e5f00000, 0x00000000e6000000|  0%| F|  |TAMS 0x00000000e5f00000| PB 0x00000000e5f00000| Untracked 
|  96|0x00000000e6000000, 0x00000000e6000000, 0x00000000e6100000|  0%| F|  |TAMS 0x00000000e6000000| PB 0x00000000e6000000| Untracked 
|  97|0x00000000e6100000, 0x00000000e6100000, 0x00000000e6200000|  0%| F|  |TAMS 0x00000000e6100000| PB 0x00000000e6100000| Untracked 
|  98|0x00000000e6200000, 0x00000000e6200000, 0x00000000e6300000|  0%| F|  |TAMS 0x00000000e6200000| PB 0x00000000e6200000| Untracked 
|  99|0x00000000e6300000, 0x00000000e6300000, 0x00000000e6400000|  0%| F|  |TAMS 0x00000000e6300000| PB 0x00000000e6300000| Untracked 
| 100|0x00000000e6400000, 0x00000000e6400000, 0x00000000e6500000|  0%| F|  |TAMS 0x00000000e6400000| PB 0x00000000e6400000| Untracked 
| 101|0x00000000e6500000, 0x00000000e6500000, 0x00000000e6600000|  0%| F|  |TAMS 0x00000000e6500000| PB 0x00000000e6500000| Untracked 
| 102|0x00000000e6600000, 0x00000000e6600000, 0x00000000e6700000|  0%| F|  |TAMS 0x00000000e6600000| PB 0x00000000e6600000| Untracked 
| 103|0x00000000e6700000, 0x00000000e6700000, 0x00000000e6800000|  0%| F|  |TAMS 0x00000000e6700000| PB 0x00000000e6700000| Untracked 
| 104|0x00000000e6800000, 0x00000000e6800000, 0x00000000e6900000|  0%| F|  |TAMS 0x00000000e6800000| PB 0x00000000e6800000| Untracked 
| 105|0x00000000e6900000, 0x00000000e6900000, 0x00000000e6a00000|  0%| F|  |TAMS 0x00000000e6900000| PB 0x00000000e6900000| Untracked 
| 106|0x00000000e6a00000, 0x00000000e6a00000, 0x00000000e6b00000|  0%| F|  |TAMS 0x00000000e6a00000| PB 0x00000000e6a00000| Untracked 
| 107|0x00000000e6b00000, 0x00000000e6b00000, 0x00000000e6c00000|  0%| F|  |TAMS 0x00000000e6b00000| PB 0x00000000e6b00000| Untracked 
| 108|0x00000000e6c00000, 0x00000000e6c00000, 0x00000000e6d00000|  0%| F|  |TAMS 0x00000000e6c00000| PB 0x00000000e6c00000| Untracked 
| 109|0x00000000e6d00000, 0x00000000e6d00000, 0x00000000e6e00000|  0%| F|  |TAMS 0x00000000e6d00000| PB 0x00000000e6d00000| Untracked 
| 110|0x00000000e6e00000, 0x00000000e6e00000, 0x00000000e6f00000|  0%| F|  |TAMS 0x00000000e6e00000| PB 0x00000000e6e00000| Untracked 
| 111|0x00000000e6f00000, 0x00000000e6f00000, 0x00000000e7000000|  0%| F|  |TAMS 0x00000000e6f00000| PB 0x00000000e6f00000| Untracked 
| 112|0x00000000e7000000, 0x00000000e7000000, 0x00000000e7100000|  0%| F|  |TAMS 0x00000000e7000000| PB 0x00000000e7000000| Untracked 
| 113|0x00000000e7100000, 0x00000000e7100000, 0x00000000e7200000|  0%| F|  |TAMS 0x00000000e7100000| PB 0x00000000e7100000| Untracked 
| 114|0x00000000e7200000, 0x00000000e7200000, 0x00000000e7300000|  0%| F|  |TAMS 0x00000000e7200000| PB 0x00000000e7200000| Untracked 
| 115|0x00000000e7300000, 0x00000000e7300000, 0x00000000e7400000|  0%| F|  |TAMS 0x00000000e7300000| PB 0x00000000e7300000| Untracked 
| 116|0x00000000e7400000, 0x00000000e7400000, 0x00000000e7500000|  0%| F|  |TAMS 0x00000000e7400000| PB 0x00000000e7400000| Untracked 
| 117|0x00000000e7500000, 0x00000000e7500000, 0x00000000e7600000|  0%| F|  |TAMS 0x00000000e7500000| PB 0x00000000e7500000| Untracked 
| 118|0x00000000e7600000, 0x00000000e7600000, 0x00000000e7700000|  0%| F|  |TAMS 0x00000000e7600000| PB 0x00000000e7600000| Untracked 
| 119|0x00000000e7700000, 0x00000000e7700000, 0x00000000e7800000|  0%| F|  |TAMS 0x00000000e7700000| PB 0x00000000e7700000| Untracked 
| 120|0x00000000e7800000, 0x00000000e7800000, 0x00000000e7900000|  0%| F|  |TAMS 0x00000000e7800000| PB 0x00000000e7800000| Untracked 
| 121|0x00000000e7900000, 0x00000000e7900000, 0x00000000e7a00000|  0%| F|  |TAMS 0x00000000e7900000| PB 0x00000000e7900000| Untracked 
| 122|0x00000000e7a00000, 0x00000000e7a00000, 0x00000000e7b00000|  0%| F|  |TAMS 0x00000000e7a00000| PB 0x00000000e7a00000| Untracked 
| 123|0x00000000e7b00000, 0x00000000e7b00000, 0x00000000e7c00000|  0%| F|  |TAMS 0x00000000e7b00000| PB 0x00000000e7b00000| Untracked 
| 124|0x00000000e7c00000, 0x00000000e7c00000, 0x00000000e7d00000|  0%| F|  |TAMS 0x00000000e7c00000| PB 0x00000000e7c00000| Untracked 
| 125|0x00000000e7d00000, 0x00000000e7d00000, 0x00000000e7e00000|  0%| F|  |TAMS 0x00000000e7d00000| PB 0x00000000e7d00000| Untracked 
| 126|0x00000000e7e00000, 0x00000000e7e00000, 0x00000000e7f00000|  0%| F|  |TAMS 0x00000000e7e00000| PB 0x00000000e7e00000| Untracked 
| 127|0x00000000e7f00000, 0x00000000e7f00000, 0x00000000e8000000|  0%| F|  |TAMS 0x00000000e7f00000| PB 0x00000000e7f00000| Untracked 
| 128|0x00000000e8000000, 0x00000000e8000000, 0x00000000e8100000|  0%| F|  |TAMS 0x00000000e8000000| PB 0x00000000e8000000| Untracked 
| 129|0x00000000e8100000, 0x00000000e8100000, 0x00000000e8200000|  0%| F|  |TAMS 0x00000000e8100000| PB 0x00000000e8100000| Untracked 
| 130|0x00000000e8200000, 0x00000000e8200000, 0x00000000e8300000|  0%| F|  |TAMS 0x00000000e8200000| PB 0x00000000e8200000| Untracked 
| 131|0x00000000e8300000, 0x00000000e8300000, 0x00000000e8400000|  0%| F|  |TAMS 0x00000000e8300000| PB 0x00000000e8300000| Untracked 
| 132|0x00000000e8400000, 0x00000000e8400000, 0x00000000e8500000|  0%| F|  |TAMS 0x00000000e8400000| PB 0x00000000e8400000| Untracked 
| 133|0x00000000e8500000, 0x00000000e8500000, 0x00000000e8600000|  0%| F|  |TAMS 0x00000000e8500000| PB 0x00000000e8500000| Untracked 
| 134|0x00000000e8600000, 0x00000000e8600000, 0x00000000e8700000|  0%| F|  |TAMS 0x00000000e8600000| PB 0x00000000e8600000| Untracked 
| 135|0x00000000e8700000, 0x00000000e8700000, 0x00000000e8800000|  0%| F|  |TAMS 0x00000000e8700000| PB 0x00000000e8700000| Untracked 
| 136|0x00000000e8800000, 0x00000000e8800000, 0x00000000e8900000|  0%| F|  |TAMS 0x00000000e8800000| PB 0x00000000e8800000| Untracked 
| 137|0x00000000e8900000, 0x00000000e8900000, 0x00000000e8a00000|  0%| F|  |TAMS 0x00000000e8900000| PB 0x00000000e8900000| Untracked 
| 138|0x00000000e8a00000, 0x00000000e8a00000, 0x00000000e8b00000|  0%| F|  |TAMS 0x00000000e8a00000| PB 0x00000000e8a00000| Untracked 
| 139|0x00000000e8b00000, 0x00000000e8b00000, 0x00000000e8c00000|  0%| F|  |TAMS 0x00000000e8b00000| PB 0x00000000e8b00000| Untracked 
| 140|0x00000000e8c00000, 0x00000000e8c00000, 0x00000000e8d00000|  0%| F|  |TAMS 0x00000000e8c00000| PB 0x00000000e8c00000| Untracked 
| 141|0x00000000e8d00000, 0x00000000e8d00000, 0x00000000e8e00000|  0%| F|  |TAMS 0x00000000e8d00000| PB 0x00000000e8d00000| Untracked 
| 142|0x00000000e8e00000, 0x00000000e8e00000, 0x00000000e8f00000|  0%| F|  |TAMS 0x00000000e8e00000| PB 0x00000000e8e00000| Untracked 
| 143|0x00000000e8f00000, 0x00000000e8f00000, 0x00000000e9000000|  0%| F|  |TAMS 0x00000000e8f00000| PB 0x00000000e8f00000| Untracked 
| 144|0x00000000e9000000, 0x00000000e9000000, 0x00000000e9100000|  0%| F|  |TAMS 0x00000000e9000000| PB 0x00000000e9000000| Untracked 
| 145|0x00000000e9100000, 0x00000000e9100000, 0x00000000e9200000|  0%| F|  |TAMS 0x00000000e9100000| PB 0x00000000e9100000| Untracked 
| 146|0x00000000e9200000, 0x00000000e9200000, 0x00000000e9300000|  0%| F|  |TAMS 0x00000000e9200000| PB 0x00000000e9200000| Untracked 
| 147|0x00000000e9300000, 0x00000000e9300000, 0x00000000e9400000|  0%| F|  |TAMS 0x00000000e9300000| PB 0x00000000e9300000| Untracked 
| 148|0x00000000e9400000, 0x00000000e9400000, 0x00000000e9500000|  0%| F|  |TAMS 0x00000000e9400000| PB 0x00000000e9400000| Untracked 
| 149|0x00000000e9500000, 0x00000000e9500000, 0x00000000e9600000|  0%| F|  |TAMS 0x00000000e9500000| PB 0x00000000e9500000| Untracked 
| 150|0x00000000e9600000, 0x00000000e9600000, 0x00000000e9700000|  0%| F|  |TAMS 0x00000000e9600000| PB 0x00000000e9600000| Untracked 
| 151|0x00000000e9700000, 0x00000000e9700000, 0x00000000e9800000|  0%| F|  |TAMS 0x00000000e9700000| PB 0x00000000e9700000| Untracked 
| 152|0x00000000e9800000, 0x00000000e9800000, 0x00000000e9900000|  0%| F|  |TAMS 0x00000000e9800000| PB 0x00000000e9800000| Untracked 
| 153|0x00000000e9900000, 0x00000000e9900000, 0x00000000e9a00000|  0%| F|  |TAMS 0x00000000e9900000| PB 0x00000000e9900000| Untracked 
| 154|0x00000000e9a00000, 0x00000000e9a00000, 0x00000000e9b00000|  0%| F|  |TAMS 0x00000000e9a00000| PB 0x00000000e9a00000| Untracked 
| 155|0x00000000e9b00000, 0x00000000e9b00000, 0x00000000e9c00000|  0%| F|  |TAMS 0x00000000e9b00000| PB 0x00000000e9b00000| Untracked 
| 156|0x00000000e9c00000, 0x00000000e9c00000, 0x00000000e9d00000|  0%| F|  |TAMS 0x00000000e9c00000| PB 0x00000000e9c00000| Untracked 
| 157|0x00000000e9d00000, 0x00000000e9d00000, 0x00000000e9e00000|  0%| F|  |TAMS 0x00000000e9d00000| PB 0x00000000e9d00000| Untracked 
| 158|0x00000000e9e00000, 0x00000000e9e00000, 0x00000000e9f00000|  0%| F|  |TAMS 0x00000000e9e00000| PB 0x00000000e9e00000| Untracked 
| 159|0x00000000e9f00000, 0x00000000e9f00000, 0x00000000ea000000|  0%| F|  |TAMS 0x00000000e9f00000| PB 0x00000000e9f00000| Untracked 
| 160|0x00000000ea000000, 0x00000000ea000000, 0x00000000ea100000|  0%| F|  |TAMS 0x00000000ea000000| PB 0x00000000ea000000| Untracked 
| 161|0x00000000ea100000, 0x00000000ea100000, 0x00000000ea200000|  0%| F|  |TAMS 0x00000000ea100000| PB 0x00000000ea100000| Untracked 
| 162|0x00000000ea200000, 0x00000000ea200000, 0x00000000ea300000|  0%| F|  |TAMS 0x00000000ea200000| PB 0x00000000ea200000| Untracked 
| 163|0x00000000ea300000, 0x00000000ea300000, 0x00000000ea400000|  0%| F|  |TAMS 0x00000000ea300000| PB 0x00000000ea300000| Untracked 
| 164|0x00000000ea400000, 0x00000000ea400000, 0x00000000ea500000|  0%| F|  |TAMS 0x00000000ea400000| PB 0x00000000ea400000| Untracked 
| 165|0x00000000ea500000, 0x00000000ea500000, 0x00000000ea600000|  0%| F|  |TAMS 0x00000000ea500000| PB 0x00000000ea500000| Untracked 
| 166|0x00000000ea600000, 0x00000000ea600000, 0x00000000ea700000|  0%| F|  |TAMS 0x00000000ea600000| PB 0x00000000ea600000| Untracked 
| 167|0x00000000ea700000, 0x00000000ea700000, 0x00000000ea800000|  0%| F|  |TAMS 0x00000000ea700000| PB 0x00000000ea700000| Untracked 
| 168|0x00000000ea800000, 0x00000000ea800000, 0x00000000ea900000|  0%| F|  |TAMS 0x00000000ea800000| PB 0x00000000ea800000| Untracked 
| 169|0x00000000ea900000, 0x00000000ea900000, 0x00000000eaa00000|  0%| F|  |TAMS 0x00000000ea900000| PB 0x00000000ea900000| Untracked 
| 170|0x00000000eaa00000, 0x00000000eaa00000, 0x00000000eab00000|  0%| F|  |TAMS 0x00000000eaa00000| PB 0x00000000eaa00000| Untracked 
| 171|0x00000000eab00000, 0x00000000eab00000, 0x00000000eac00000|  0%| F|  |TAMS 0x00000000eab00000| PB 0x00000000eab00000| Untracked 
| 172|0x00000000eac00000, 0x00000000eac00000, 0x00000000ead00000|  0%| F|  |TAMS 0x00000000eac00000| PB 0x00000000eac00000| Untracked 
| 173|0x00000000ead00000, 0x00000000ead00000, 0x00000000eae00000|  0%| F|  |TAMS 0x00000000ead00000| PB 0x00000000ead00000| Untracked 
| 174|0x00000000eae00000, 0x00000000eae00000, 0x00000000eaf00000|  0%| F|  |TAMS 0x00000000eae00000| PB 0x00000000eae00000| Untracked 
| 175|0x00000000eaf00000, 0x00000000eaf00000, 0x00000000eb000000|  0%| F|  |TAMS 0x00000000eaf00000| PB 0x00000000eaf00000| Untracked 
| 176|0x00000000eb000000, 0x00000000eb000000, 0x00000000eb100000|  0%| F|  |TAMS 0x00000000eb000000| PB 0x00000000eb000000| Untracked 
| 177|0x00000000eb100000, 0x00000000eb100000, 0x00000000eb200000|  0%| F|  |TAMS 0x00000000eb100000| PB 0x00000000eb100000| Untracked 
| 178|0x00000000eb200000, 0x00000000eb200000, 0x00000000eb300000|  0%| F|  |TAMS 0x00000000eb200000| PB 0x00000000eb200000| Untracked 
| 179|0x00000000eb300000, 0x00000000eb300000, 0x00000000eb400000|  0%| F|  |TAMS 0x00000000eb300000| PB 0x00000000eb300000| Untracked 
| 180|0x00000000eb400000, 0x00000000eb400000, 0x00000000eb500000|  0%| F|  |TAMS 0x00000000eb400000| PB 0x00000000eb400000| Untracked 
| 181|0x00000000eb500000, 0x00000000eb500000, 0x00000000eb600000|  0%| F|  |TAMS 0x00000000eb500000| PB 0x00000000eb500000| Untracked 
| 182|0x00000000eb600000, 0x00000000eb600000, 0x00000000eb700000|  0%| F|  |TAMS 0x00000000eb600000| PB 0x00000000eb600000| Untracked 
| 183|0x00000000eb700000, 0x00000000eb700000, 0x00000000eb800000|  0%| F|  |TAMS 0x00000000eb700000| PB 0x00000000eb700000| Untracked 
| 184|0x00000000eb800000, 0x00000000eb800000, 0x00000000eb900000|  0%| F|  |TAMS 0x00000000eb800000| PB 0x00000000eb800000| Untracked 
| 185|0x00000000eb900000, 0x00000000eb900000, 0x00000000eba00000|  0%| F|  |TAMS 0x00000000eb900000| PB 0x00000000eb900000| Untracked 
| 186|0x00000000eba00000, 0x00000000eba00000, 0x00000000ebb00000|  0%| F|  |TAMS 0x00000000eba00000| PB 0x00000000eba00000| Untracked 
| 187|0x00000000ebb00000, 0x00000000ebb00000, 0x00000000ebc00000|  0%| F|  |TAMS 0x00000000ebb00000| PB 0x00000000ebb00000| Untracked 
| 188|0x00000000ebc00000, 0x00000000ebc00000, 0x00000000ebd00000|  0%| F|  |TAMS 0x00000000ebc00000| PB 0x00000000ebc00000| Untracked 
| 189|0x00000000ebd00000, 0x00000000ebd00000, 0x00000000ebe00000|  0%| F|  |TAMS 0x00000000ebd00000| PB 0x00000000ebd00000| Untracked 
| 190|0x00000000ebe00000, 0x00000000ebe00000, 0x00000000ebf00000|  0%| F|  |TAMS 0x00000000ebe00000| PB 0x00000000ebe00000| Untracked 
| 191|0x00000000ebf00000, 0x00000000ebf00000, 0x00000000ec000000|  0%| F|  |TAMS 0x00000000ebf00000| PB 0x00000000ebf00000| Untracked 
| 192|0x00000000ec000000, 0x00000000ec000000, 0x00000000ec100000|  0%| F|  |TAMS 0x00000000ec000000| PB 0x00000000ec000000| Untracked 
| 193|0x00000000ec100000, 0x00000000ec100000, 0x00000000ec200000|  0%| F|  |TAMS 0x00000000ec100000| PB 0x00000000ec100000| Untracked 
| 194|0x00000000ec200000, 0x00000000ec200000, 0x00000000ec300000|  0%| F|  |TAMS 0x00000000ec200000| PB 0x00000000ec200000| Untracked 
| 195|0x00000000ec300000, 0x00000000ec300000, 0x00000000ec400000|  0%| F|  |TAMS 0x00000000ec300000| PB 0x00000000ec300000| Untracked 
| 196|0x00000000ec400000, 0x00000000ec400000, 0x00000000ec500000|  0%| F|  |TAMS 0x00000000ec400000| PB 0x00000000ec400000| Untracked 
| 197|0x00000000ec500000, 0x00000000ec500000, 0x00000000ec600000|  0%| F|  |TAMS 0x00000000ec500000| PB 0x00000000ec500000| Untracked 
| 198|0x00000000ec600000, 0x00000000ec600000, 0x00000000ec700000|  0%| F|  |TAMS 0x00000000ec600000| PB 0x00000000ec600000| Untracked 
| 199|0x00000000ec700000, 0x00000000ec700000, 0x00000000ec800000|  0%| F|  |TAMS 0x00000000ec700000| PB 0x00000000ec700000| Untracked 
| 200|0x00000000ec800000, 0x00000000ec800000, 0x00000000ec900000|  0%| F|  |TAMS 0x00000000ec800000| PB 0x00000000ec800000| Untracked 
| 201|0x00000000ec900000, 0x00000000ec900000, 0x00000000eca00000|  0%| F|  |TAMS 0x00000000ec900000| PB 0x00000000ec900000| Untracked 
| 202|0x00000000eca00000, 0x00000000eca00000, 0x00000000ecb00000|  0%| F|  |TAMS 0x00000000eca00000| PB 0x00000000eca00000| Untracked 
| 203|0x00000000ecb00000, 0x00000000ecb00000, 0x00000000ecc00000|  0%| F|  |TAMS 0x00000000ecb00000| PB 0x00000000ecb00000| Untracked 
| 204|0x00000000ecc00000, 0x00000000ecc00000, 0x00000000ecd00000|  0%| F|  |TAMS 0x00000000ecc00000| PB 0x00000000ecc00000| Untracked 
| 205|0x00000000ecd00000, 0x00000000ecd00000, 0x00000000ece00000|  0%| F|  |TAMS 0x00000000ecd00000| PB 0x00000000ecd00000| Untracked 
| 206|0x00000000ece00000, 0x00000000ece00000, 0x00000000ecf00000|  0%| F|  |TAMS 0x00000000ece00000| PB 0x00000000ece00000| Untracked 
| 207|0x00000000ecf00000, 0x00000000ecf00000, 0x00000000ed000000|  0%| F|  |TAMS 0x00000000ecf00000| PB 0x00000000ecf00000| Untracked 
| 208|0x00000000ed000000, 0x00000000ed000000, 0x00000000ed100000|  0%| F|  |TAMS 0x00000000ed000000| PB 0x00000000ed000000| Untracked 
| 209|0x00000000ed100000, 0x00000000ed100000, 0x00000000ed200000|  0%| F|  |TAMS 0x00000000ed100000| PB 0x00000000ed100000| Untracked 
| 210|0x00000000ed200000, 0x00000000ed200000, 0x00000000ed300000|  0%| F|  |TAMS 0x00000000ed200000| PB 0x00000000ed200000| Untracked 
| 211|0x00000000ed300000, 0x00000000ed300000, 0x00000000ed400000|  0%| F|  |TAMS 0x00000000ed300000| PB 0x00000000ed300000| Untracked 
| 212|0x00000000ed400000, 0x00000000ed400000, 0x00000000ed500000|  0%| F|  |TAMS 0x00000000ed400000| PB 0x00000000ed400000| Untracked 
| 213|0x00000000ed500000, 0x00000000ed500000, 0x00000000ed600000|  0%| F|  |TAMS 0x00000000ed500000| PB 0x00000000ed500000| Untracked 
| 214|0x00000000ed600000, 0x00000000ed600000, 0x00000000ed700000|  0%| F|  |TAMS 0x00000000ed600000| PB 0x00000000ed600000| Untracked 
| 215|0x00000000ed700000, 0x00000000ed700000, 0x00000000ed800000|  0%| F|  |TAMS 0x00000000ed700000| PB 0x00000000ed700000| Untracked 
| 216|0x00000000ed800000, 0x00000000ed800000, 0x00000000ed900000|  0%| F|  |TAMS 0x00000000ed800000| PB 0x00000000ed800000| Untracked 
| 217|0x00000000ed900000, 0x00000000ed900000, 0x00000000eda00000|  0%| F|  |TAMS 0x00000000ed900000| PB 0x00000000ed900000| Untracked 
| 218|0x00000000eda00000, 0x00000000eda00000, 0x00000000edb00000|  0%| F|  |TAMS 0x00000000eda00000| PB 0x00000000eda00000| Untracked 
| 219|0x00000000edb00000, 0x00000000edb00000, 0x00000000edc00000|  0%| F|  |TAMS 0x00000000edb00000| PB 0x00000000edb00000| Untracked 
| 220|0x00000000edc00000, 0x00000000edc00000, 0x00000000edd00000|  0%| F|  |TAMS 0x00000000edc00000| PB 0x00000000edc00000| Untracked 
| 221|0x00000000edd00000, 0x00000000edd00000, 0x00000000ede00000|  0%| F|  |TAMS 0x00000000edd00000| PB 0x00000000edd00000| Untracked 
| 222|0x00000000ede00000, 0x00000000ede00000, 0x00000000edf00000|  0%| F|  |TAMS 0x00000000ede00000| PB 0x00000000ede00000| Untracked 
| 223|0x00000000edf00000, 0x00000000edf00000, 0x00000000ee000000|  0%| F|  |TAMS 0x00000000edf00000| PB 0x00000000edf00000| Untracked 
| 224|0x00000000ee000000, 0x00000000ee000000, 0x00000000ee100000|  0%| F|  |TAMS 0x00000000ee000000| PB 0x00000000ee000000| Untracked 
| 225|0x00000000ee100000, 0x00000000ee100000, 0x00000000ee200000|  0%| F|  |TAMS 0x00000000ee100000| PB 0x00000000ee100000| Untracked 
| 226|0x00000000ee200000, 0x00000000ee243578, 0x00000000ee300000| 26%| E|  |TAMS 0x00000000ee200000| PB 0x00000000ee200000| Complete 
| 227|0x00000000ee300000, 0x00000000ee400000, 0x00000000ee400000|100%| E|CS|TAMS 0x00000000ee300000| PB 0x00000000ee300000| Complete 
| 228|0x00000000ee400000, 0x00000000ee500000, 0x00000000ee500000|100%| E|CS|TAMS 0x00000000ee400000| PB 0x00000000ee400000| Complete 
| 229|0x00000000ee500000, 0x00000000ee600000, 0x00000000ee600000|100%| E|CS|TAMS 0x00000000ee500000| PB 0x00000000ee500000| Complete 
| 230|0x00000000ee600000, 0x00000000ee700000, 0x00000000ee700000|100%| E|CS|TAMS 0x00000000ee600000| PB 0x00000000ee600000| Complete 
| 231|0x00000000ee700000, 0x00000000ee800000, 0x00000000ee800000|100%| E|CS|TAMS 0x00000000ee700000| PB 0x00000000ee700000| Complete 
| 232|0x00000000ee800000, 0x00000000ee900000, 0x00000000ee900000|100%| E|CS|TAMS 0x00000000ee800000| PB 0x00000000ee800000| Complete 
| 233|0x00000000ee900000, 0x00000000eea00000, 0x00000000eea00000|100%| E|CS|TAMS 0x00000000ee900000| PB 0x00000000ee900000| Complete 
| 234|0x00000000eea00000, 0x00000000eeb00000, 0x00000000eeb00000|100%| E|CS|TAMS 0x00000000eea00000| PB 0x00000000eea00000| Complete 
| 235|0x00000000eeb00000, 0x00000000eec00000, 0x00000000eec00000|100%| E|CS|TAMS 0x00000000eeb00000| PB 0x00000000eeb00000| Complete 
| 236|0x00000000eec00000, 0x00000000eed00000, 0x00000000eed00000|100%| E|CS|TAMS 0x00000000eec00000| PB 0x00000000eec00000| Complete 
| 237|0x00000000eed00000, 0x00000000eee00000, 0x00000000eee00000|100%| E|CS|TAMS 0x00000000eed00000| PB 0x00000000eed00000| Complete 
| 238|0x00000000eee00000, 0x00000000eef00000, 0x00000000eef00000|100%| E|CS|TAMS 0x00000000eee00000| PB 0x00000000eee00000| Complete 
| 239|0x00000000eef00000, 0x00000000ef000000, 0x00000000ef000000|100%| E|CS|TAMS 0x00000000eef00000| PB 0x00000000eef00000| Complete 
| 240|0x00000000ef000000, 0x00000000ef100000, 0x00000000ef100000|100%| E|CS|TAMS 0x00000000ef000000| PB 0x00000000ef000000| Complete 
| 241|0x00000000ef100000, 0x00000000ef200000, 0x00000000ef200000|100%| E|CS|TAMS 0x00000000ef100000| PB 0x00000000ef100000| Complete 
| 242|0x00000000ef200000, 0x00000000ef300000, 0x00000000ef300000|100%| E|CS|TAMS 0x00000000ef200000| PB 0x00000000ef200000| Complete 
| 243|0x00000000ef300000, 0x00000000ef400000, 0x00000000ef400000|100%| E|  |TAMS 0x00000000ef300000| PB 0x00000000ef300000| Complete 
| 244|0x00000000ef400000, 0x00000000ef500000, 0x00000000ef500000|100%| E|CS|TAMS 0x00000000ef400000| PB 0x00000000ef400000| Complete 
| 245|0x00000000ef500000, 0x00000000ef600000, 0x00000000ef600000|100%| E|CS|TAMS 0x00000000ef500000| PB 0x00000000ef500000| Complete 
| 246|0x00000000ef600000, 0x00000000ef700000, 0x00000000ef700000|100%| E|CS|TAMS 0x00000000ef600000| PB 0x00000000ef600000| Complete 
| 247|0x00000000ef700000, 0x00000000ef800000, 0x00000000ef800000|100%| E|CS|TAMS 0x00000000ef700000| PB 0x00000000ef700000| Complete 
| 248|0x00000000ef800000, 0x00000000ef900000, 0x00000000ef900000|100%| E|CS|TAMS 0x00000000ef800000| PB 0x00000000ef800000| Complete 
| 249|0x00000000ef900000, 0x00000000efa00000, 0x00000000efa00000|100%| E|CS|TAMS 0x00000000ef900000| PB 0x00000000ef900000| Complete 
| 250|0x00000000efa00000, 0x00000000efb00000, 0x00000000efb00000|100%| E|CS|TAMS 0x00000000efa00000| PB 0x00000000efa00000| Complete 
| 251|0x00000000efb00000, 0x00000000efc00000, 0x00000000efc00000|100%| E|CS|TAMS 0x00000000efb00000| PB 0x00000000efb00000| Complete 
| 252|0x00000000efc00000, 0x00000000efd00000, 0x00000000efd00000|100%| E|CS|TAMS 0x00000000efc00000| PB 0x00000000efc00000| Complete 
| 253|0x00000000efd00000, 0x00000000efd9d380, 0x00000000efe00000| 61%| S|CS|TAMS 0x00000000efd00000| PB 0x00000000efd00000| Complete 
| 254|0x00000000efe00000, 0x00000000eff00000, 0x00000000eff00000|100%| S|CS|TAMS 0x00000000efe00000| PB 0x00000000efe00000| Complete 
| 255|0x00000000eff00000, 0x00000000f0000000, 0x00000000f0000000|100%| E|CS|TAMS 0x00000000eff00000| PB 0x00000000eff00000| Complete 

Card table byte_map: [0x00000274fa530000,0x00000274fa630000] _byte_map_base: 0x00000274f9e30000

Marking Bits: (CMBitMap*) 0x00000274f69e2d10
 Bits: [0x00000274fa630000, 0x00000274fae30000)

Polling page: 0x00000274f4a30000

Metaspace:

Usage:
  Non-class:     41.28 MB used.
      Class:      6.99 MB used.
       Both:     48.27 MB used.

Virtual space:
  Non-class space:       64.00 MB reserved,      42.06 MB ( 66%) committed,  1 nodes.
      Class space:      320.00 MB reserved,       7.75 MB (  2%) committed,  1 nodes.
             Both:      384.00 MB reserved,      49.81 MB ( 13%) committed. 

Chunk freelists:
   Non-Class:  5.20 MB
       Class:  8.20 MB
        Both:  13.40 MB

MaxMetaspaceSize: 384.00 MB
CompressedClassSpaceSize: 320.00 MB
Initial GC threshold: 21.00 MB
Current GC threshold: 58.69 MB
CDS: on
 - commit_granule_bytes: 65536.
 - commit_granule_words: 8192.
 - virtual_space_node_default_size: 8388608.
 - enlarge_chunks_in_place: 1.
 - use_allocation_guard: 0.


Internal statistics:

num_allocs_failed_limit: 8.
num_arena_births: 2944.
num_arena_deaths: 0.
num_vsnodes_births: 2.
num_vsnodes_deaths: 0.
num_space_committed: 797.
num_space_uncommitted: 0.
num_chunks_returned_to_freelist: 8.
num_chunks_taken_from_freelist: 5296.
num_chunk_merges: 8.
num_chunk_splits: 3428.
num_chunks_enlarged: 2076.
num_inconsistent_stats: 0.

CodeHeap 'non-profiled nmethods': size=119168Kb used=4123Kb max_used=4123Kb free=115044Kb
 bounds [0x0000027487ba0000, 0x0000027487fb0000, 0x000002748f000000]
CodeHeap 'profiled nmethods': size=119104Kb used=14522Kb max_used=14522Kb free=104581Kb
 bounds [0x0000027480000000, 0x0000027480e30000, 0x0000027487450000]
CodeHeap 'non-nmethods': size=7488Kb used=4281Kb max_used=4302Kb free=3206Kb
 bounds [0x0000027487450000, 0x00000274878f0000, 0x0000027487ba0000]
CodeCache: size=245760Kb, used=22926Kb, max_used=22947Kb, free=222831Kb
 total_blobs=8434, nmethods=7572, adapters=762, full_count=0
Compilation: enabled, stopped_count=0, restarted_count=0

Compilation events (20 events):
Event: 121.364 Thread 0x00000274fdeb9360 8011   !   3       sun.nio.cs.StreamDecoder::inReady (36 bytes)
Event: 121.364 Thread 0x00000274a8f430e0 8012       3       sun.nio.cs.UTF_8$Decoder::<init> (8 bytes)
Event: 121.364 Thread 0x00000274a8f46090 8014       3       java.nio.charset.CharsetDecoder::<init> (10 bytes)
Event: 121.364 Thread 0x00000274fdeb9360 nmethod 8011 0x0000027480dfce10 code [0x0000027480dfcfe0, 0x0000027480dfd3b0]
Event: 121.364 Thread 0x00000274fdeb9360 8013       3       sun.nio.cs.UTF_8::newDecoder (9 bytes)
Event: 121.365 Thread 0x00000274a8f430e0 nmethod 8012 0x0000027480dfd490 code [0x0000027480dfd660, 0x0000027480dfd7a8]
Event: 121.365 Thread 0x00000274a8f46090 nmethod 8014 0x0000027480dfd890 code [0x0000027480dfda40, 0x0000027480dfdb88]
Event: 121.365 Thread 0x00000274fdeb9360 nmethod 8013 0x0000027480dfdc10 code [0x0000027480dfde00, 0x0000027480dfe018]
Event: 121.365 Thread 0x00000274a8f46090 8015       3       org.gradle.cache.Cache::lambda$get$0 (7 bytes)
Event: 121.365 Thread 0x00000274a8f46090 nmethod 8015 0x0000027480dfe110 code [0x0000027480dfe2c0, 0x0000027480dfe478]
Event: 121.370 Thread 0x00000274a8f46090 8016       3       java.nio.charset.CharsetDecoder::implReplaceWith (1 bytes)
Event: 121.371 Thread 0x00000274fdeb9360 8017       3       java.io.InputStreamReader::lockFor (24 bytes)
Event: 121.371 Thread 0x00000274a8f430e0 8018       3       java.io.BufferedReader::<init> (9 bytes)
Event: 121.371 Thread 0x00000274a8f46090 nmethod 8016 0x0000027480dfe590 code [0x0000027480dfe720, 0x0000027480dfe828]
Event: 121.371 Thread 0x00000274a8f46090 8019       3       java.io.BufferedReader::<init> (62 bytes)
Event: 121.371 Thread 0x00000274a8f430e0 nmethod 8018 0x0000027480dfe890 code [0x0000027480dfea40, 0x0000027480dfeb80]
Event: 121.371 Thread 0x00000274a8f430e0 8020       3       java.io.Reader::<init> (52 bytes)
Event: 121.371 Thread 0x00000274a8f46090 nmethod 8019 0x0000027480dfec10 code [0x0000027480dfede0, 0x0000027480dff1c0]
Event: 121.371 Thread 0x00000274fdeb9360 nmethod 8017 0x0000027480dff310 code [0x0000027480dff520, 0x0000027480dffd00]
Event: 121.372 Thread 0x00000274a8f430e0 nmethod 8020 0x0000027480dfff90 code [0x0000027480e001c0, 0x0000027480e00b78]

GC Heap History (12 events):
Event: 4.668 GC heap before
{Heap before GC invocations=0 (full 0):
 garbage-first heap   total 262144K, used 26624K [0x00000000e0000000, 0x0000000100000000)
  region size 1024K, 23 young (23552K), 0 survivors (0K)
 Metaspace       used 1136K, committed 1280K, reserved 393216K
  class space    used 80K, committed 128K, reserved 327680K
}
Event: 4.681 GC heap after
{Heap after GC invocations=1 (full 0):
 garbage-first heap   total 262144K, used 10274K [0x00000000e0000000, 0x0000000100000000)
  region size 1024K, 3 young (3072K), 3 survivors (3072K)
 Metaspace       used 1136K, committed 1280K, reserved 393216K
  class space    used 80K, committed 128K, reserved 327680K
}
Event: 8.310 GC heap before
{Heap before GC invocations=1 (full 0):
 garbage-first heap   total 262144K, used 40994K [0x00000000e0000000, 0x0000000100000000)
  region size 1024K, 33 young (33792K), 3 survivors (3072K)
 Metaspace       used 4343K, committed 4544K, reserved 393216K
  class space    used 546K, committed 640K, reserved 327680K
}
Event: 8.314 GC heap after
{Heap after GC invocations=2 (full 0):
 garbage-first heap   total 262144K, used 11875K [0x00000000e0000000, 0x0000000100000000)
  region size 1024K, 2 young (2048K), 2 survivors (2048K)
 Metaspace       used 4343K, committed 4544K, reserved 393216K
  class space    used 546K, committed 640K, reserved 327680K
}
Event: 26.664 GC heap before
{Heap before GC invocations=2 (full 0):
 garbage-first heap   total 262144K, used 141923K [0x00000000e0000000, 0x0000000100000000)
  region size 1024K, 129 young (132096K), 2 survivors (2048K)
 Metaspace       used 20821K, committed 21504K, reserved 393216K
  class space    used 3049K, committed 3392K, reserved 327680K
}
Event: 26.737 GC heap after
{Heap after GC invocations=3 (full 0):
 garbage-first heap   total 262144K, used 24845K [0x00000000e0000000, 0x0000000100000000)
  region size 1024K, 14 young (14336K), 14 survivors (14336K)
 Metaspace       used 20821K, committed 21504K, reserved 393216K
  class space    used 3049K, committed 3392K, reserved 327680K
}
Event: 42.295 GC heap before
{Heap before GC invocations=4 (full 0):
 garbage-first heap   total 262144K, used 133389K [0x00000000e0000000, 0x0000000100000000)
  region size 1024K, 122 young (124928K), 14 survivors (14336K)
 Metaspace       used 34758K, committed 35968K, reserved 393216K
  class space    used 5041K, committed 5632K, reserved 327680K
}
Event: 42.307 GC heap after
{Heap after GC invocations=5 (full 0):
 garbage-first heap   total 262144K, used 33211K [0x00000000e0000000, 0x0000000100000000)
  region size 1024K, 9 young (9216K), 9 survivors (9216K)
 Metaspace       used 34758K, committed 35968K, reserved 393216K
  class space    used 5041K, committed 5632K, reserved 327680K
}
Event: 118.827 GC heap before
{Heap before GC invocations=6 (full 0):
 garbage-first heap   total 262144K, used 186811K [0x00000000e0000000, 0x0000000100000000)
  region size 1024K, 153 young (156672K), 9 survivors (9216K)
 Metaspace       used 48928K, committed 50560K, reserved 393216K
  class space    used 7130K, committed 7936K, reserved 327680K
}
Event: 120.126 GC heap after
{Heap after GC invocations=7 (full 0):
 garbage-first heap   total 262144K, used 41955K [0x00000000e0000000, 0x0000000100000000)
  region size 1024K, 17 young (17408K), 17 survivors (17408K)
 Metaspace       used 48928K, committed 50560K, reserved 393216K
  class space    used 7130K, committed 7936K, reserved 327680K
}
Event: 120.153 GC heap before
{Heap before GC invocations=7 (full 0):
 garbage-first heap   total 262144K, used 42979K [0x00000000e0000000, 0x0000000100000000)
  region size 1024K, 18 young (18432K), 17 survivors (17408K)
 Metaspace       used 48928K, committed 50560K, reserved 393216K
  class space    used 7130K, committed 7936K, reserved 327680K
}
Event: 120.272 GC heap after
{Heap after GC invocations=8 (full 0):
 garbage-first heap   total 262144K, used 43599K [0x00000000e0000000, 0x0000000100000000)
  region size 1024K, 2 young (2048K), 2 survivors (2048K)
 Metaspace       used 48928K, committed 50560K, reserved 393216K
  class space    used 7130K, committed 7936K, reserved 327680K
}

Dll operation events (20 events):
Event: 1.269 Attempting to load shared library C:\Users\admoi\.antigravity-ide\extensions\redhat.java-1.56.0-win32-x64\jre\21.0.12.1-win32-x86_64\bin\nio.dll
Event: 1.307 Loaded shared library C:\Users\admoi\.antigravity-ide\extensions\redhat.java-1.56.0-win32-x64\jre\21.0.12.1-win32-x86_64\bin\nio.dll
Event: 1.312 Attempting to load shared library C:\Users\admoi\.antigravity-ide\extensions\redhat.java-1.56.0-win32-x64\jre\21.0.12.1-win32-x86_64\bin\zip.dll
Event: 1.312 Loaded shared library C:\Users\admoi\.antigravity-ide\extensions\redhat.java-1.56.0-win32-x64\jre\21.0.12.1-win32-x86_64\bin\zip.dll
Event: 2.917 Attempting to load shared library C:\Users\admoi\.antigravity-ide\extensions\redhat.java-1.56.0-win32-x64\jre\21.0.12.1-win32-x86_64\bin\jimage.dll
Event: 2.917 Loaded shared library C:\Users\admoi\.antigravity-ide\extensions\redhat.java-1.56.0-win32-x64\jre\21.0.12.1-win32-x86_64\bin\jimage.dll
Event: 4.737 Attempting to load shared library C:\Users\admoi\.antigravity-ide\extensions\redhat.java-1.56.0-win32-x64\jre\21.0.12.1-win32-x86_64\bin\verify.dll
Event: 4.742 Loaded shared library C:\Users\admoi\.antigravity-ide\extensions\redhat.java-1.56.0-win32-x64\jre\21.0.12.1-win32-x86_64\bin\verify.dll
Event: 5.567 Attempting to load shared library C:\Users\admoi\.gradle\native\c067742578af261105cb4f569cf0c3c89f3d7b1fecec35dd04571415982c5e48\windows-amd64\native-platform.dll
Event: 5.570 Loaded shared library C:\Users\admoi\.gradle\native\c067742578af261105cb4f569cf0c3c89f3d7b1fecec35dd04571415982c5e48\windows-amd64\native-platform.dll
Event: 5.578 Attempting to load shared library C:\Users\admoi\.gradle\native\100fb08df4bc3b14c8652ba06237920a3bd2aa13389f12d3474272988ae205f9\windows-amd64\native-platform-file-events.dll
Event: 5.621 Loaded shared library C:\Users\admoi\.gradle\native\100fb08df4bc3b14c8652ba06237920a3bd2aa13389f12d3474272988ae205f9\windows-amd64\native-platform-file-events.dll
Event: 13.258 Attempting to load shared library C:\Users\admoi\.antigravity-ide\extensions\redhat.java-1.56.0-win32-x64\jre\21.0.12.1-win32-x86_64\bin\management.dll
Event: 13.359 Loaded shared library C:\Users\admoi\.antigravity-ide\extensions\redhat.java-1.56.0-win32-x64\jre\21.0.12.1-win32-x86_64\bin\management.dll
Event: 13.387 Attempting to load shared library C:\Users\admoi\.antigravity-ide\extensions\redhat.java-1.56.0-win32-x64\jre\21.0.12.1-win32-x86_64\bin\management_ext.dll
Event: 13.398 Loaded shared library C:\Users\admoi\.antigravity-ide\extensions\redhat.java-1.56.0-win32-x64\jre\21.0.12.1-win32-x86_64\bin\management_ext.dll
Event: 15.584 Attempting to load shared library C:\Users\admoi\.antigravity-ide\extensions\redhat.java-1.56.0-win32-x64\jre\21.0.12.1-win32-x86_64\bin\extnet.dll
Event: 15.590 Loaded shared library C:\Users\admoi\.antigravity-ide\extensions\redhat.java-1.56.0-win32-x64\jre\21.0.12.1-win32-x86_64\bin\extnet.dll
Event: 17.046 Attempting to load shared library C:\Users\admoi\.antigravity-ide\extensions\redhat.java-1.56.0-win32-x64\jre\21.0.12.1-win32-x86_64\bin\sunmscapi.dll
Event: 17.312 Loaded shared library C:\Users\admoi\.antigravity-ide\extensions\redhat.java-1.56.0-win32-x64\jre\21.0.12.1-win32-x86_64\bin\sunmscapi.dll

Deoptimization events (20 events):
Event: 120.338 Thread 0x00000274fdef7b10 DEOPT PACKING pc=0x0000027487ed39dc sp=0x000000947e3fe670
Event: 120.338 Thread 0x00000274fdef7b10 DEOPT UNPACKING pc=0x00000274874a4422 sp=0x000000947e3fe5e8 mode 2
Event: 120.620 Thread 0x00000274ac05a810 DEOPT PACKING pc=0x0000027480592fb9 sp=0x000000947eafd660
Event: 120.620 Thread 0x00000274ac05a810 DEOPT UNPACKING pc=0x00000274874a4bc2 sp=0x000000947eafcb60 mode 0
Event: 120.821 Thread 0x00000274fec60d60 Uncommon trap: trap_request=0xffffffde fr.pc=0x0000027487f03da4 relative=0x0000000000000564
Event: 120.821 Thread 0x00000274fec60d60 Uncommon trap: reason=class_check action=maybe_recompile pc=0x0000027487f03da4 method=com.google.common.collect.AbstractIterator.tryToComputeNext()Z @ 9 c2
Event: 120.821 Thread 0x00000274fec60d60 DEOPT PACKING pc=0x0000027487f03da4 sp=0x000000947b8f73f0
Event: 120.821 Thread 0x00000274fec60d60 DEOPT UNPACKING pc=0x00000274874a4422 sp=0x000000947b8f7358 mode 2
Event: 120.821 Thread 0x00000274fec60d60 Uncommon trap: trap_request=0xffffffde fr.pc=0x0000027487f03da4 relative=0x0000000000000564
Event: 120.821 Thread 0x00000274fec60d60 Uncommon trap: reason=class_check action=maybe_recompile pc=0x0000027487f03da4 method=com.google.common.collect.AbstractIterator.tryToComputeNext()Z @ 9 c2
Event: 120.821 Thread 0x00000274fec60d60 DEOPT PACKING pc=0x0000027487f03da4 sp=0x000000947b8f73f0
Event: 120.821 Thread 0x00000274fec60d60 DEOPT UNPACKING pc=0x00000274874a4422 sp=0x000000947b8f7358 mode 2
Event: 120.821 Thread 0x00000274fec60d60 Uncommon trap: trap_request=0xffffffde fr.pc=0x0000027487f03da4 relative=0x0000000000000564
Event: 120.821 Thread 0x00000274fec60d60 Uncommon trap: reason=class_check action=maybe_recompile pc=0x0000027487f03da4 method=com.google.common.collect.AbstractIterator.tryToComputeNext()Z @ 9 c2
Event: 120.821 Thread 0x00000274fec60d60 DEOPT PACKING pc=0x0000027487f03da4 sp=0x000000947b8f7320
Event: 120.821 Thread 0x00000274fec60d60 DEOPT UNPACKING pc=0x00000274874a4422 sp=0x000000947b8f7288 mode 2
Event: 120.821 Thread 0x00000274fec60d60 Uncommon trap: trap_request=0xffffffde fr.pc=0x0000027487f03da4 relative=0x0000000000000564
Event: 120.821 Thread 0x00000274fec60d60 Uncommon trap: reason=class_check action=maybe_recompile pc=0x0000027487f03da4 method=com.google.common.collect.AbstractIterator.tryToComputeNext()Z @ 9 c2
Event: 120.821 Thread 0x00000274fec60d60 DEOPT PACKING pc=0x0000027487f03da4 sp=0x000000947b8f7320
Event: 120.821 Thread 0x00000274fec60d60 DEOPT UNPACKING pc=0x00000274874a4422 sp=0x000000947b8f7288 mode 2

Classes loaded (20 events):
Event: 109.910 Loading class jdk/internal/reflect/Label
Event: 109.911 Loading class jdk/internal/reflect/Label done
Event: 109.911 Loading class jdk/internal/reflect/Label$PatchInfo
Event: 109.911 Loading class jdk/internal/reflect/Label$PatchInfo done
Event: 109.911 Loading class jdk/internal/reflect/MethodAccessorGenerator$1
Event: 109.912 Loading class jdk/internal/reflect/MethodAccessorGenerator$1 done
Event: 109.912 Loading class jdk/internal/reflect/ClassDefiner
Event: 109.912 Loading class jdk/internal/reflect/ClassDefiner done
Event: 109.913 Loading class jdk/internal/reflect/ClassDefiner$1
Event: 109.913 Loading class jdk/internal/reflect/ClassDefiner$1 done
Event: 109.914 Loading class jdk/internal/reflect/SerializationConstructorAccessorImpl
Event: 109.915 Loading class jdk/internal/reflect/SerializationConstructorAccessorImpl done
Event: 118.197 Loading class java/nio/channels/Channels
Event: 118.218 Loading class java/nio/channels/Channels done
Event: 118.218 Loading class sun/nio/ch/Streams
Event: 118.228 Loading class sun/nio/ch/Streams done
Event: 118.228 Loading class sun/nio/ch/ChannelInputStream
Event: 118.235 Loading class sun/nio/ch/ChannelInputStream done
Event: 121.231 Loading class java/util/Collections$2
Event: 121.263 Loading class java/util/Collections$2 done

Classes unloaded (0 events):
No events

Classes redefined (0 events):
No events

Internal exceptions (20 events):
Event: 98.975 Thread 0x00000274fec60d60 Exception <a 'java/lang/NoSuchMethodError'{0x00000000eae256b0}: 'java.lang.Object java.lang.invoke.DirectMethodHandle$Holder.newInvokeSpecial(java.lang.Object, java.lang.Object, java.lang.Object, long)'> (0x00000000eae256b0) 
thrown [s\src\hotspot\share\interpreter\linkResolver.cpp, line 773]
Event: 98.979 Thread 0x00000274fec60d60 Exception <a 'java/lang/NoSuchMethodError'{0x00000000eae2a5f8}: 'java.lang.Object java.lang.invoke.DirectMethodHandle$Holder.invokeSpecial(java.lang.Object, java.lang.Object, java.lang.Object, java.lang.Object, long)'> (0x00000000eae2a5f8) 
thrown [s\src\hotspot\share\interpreter\linkResolver.cpp, line 773]
Event: 98.980 Thread 0x00000274fec60d60 Exception <a 'java/lang/NoSuchMethodError'{0x00000000eae2ece0}: 'java.lang.Object java.lang.invoke.Invokers$Holder.linkToTargetMethod(java.lang.Object, java.lang.Object, long, java.lang.Object)'> (0x00000000eae2ece0) 
thrown [s\src\hotspot\share\interpreter\linkResolver.cpp, line 773]
Event: 99.512 Thread 0x00000274fec60d60 Exception <a 'java/lang/NoSuchMethodError'{0x00000000eac47868}: 'java.lang.Object java.lang.invoke.DirectMethodHandle$Holder.newInvokeSpecial(java.lang.Object, java.lang.Object, java.lang.Object, java.lang.Object, java.lang.Object, java.lang.Object, java.lang.Object, java.lang.Object, java.lang.Object, java.lang.Object, java.lang.Object, java.lang.Object, java.lang.Object, java.lang.Object, java.lang.Object, java.lang.Object, java.lang.Object, java.lang.Object, java.lang.Object, java.lang.Object, java.lang
Event: 99.514 Thread 0x00000274fec60d60 Exception <a 'java/lang/NoSuchMethodError'{0x00000000eac4f8e0}: 'java.lang.Object java.lang.invoke.DirectMethodHandle$Holder.invokeSpecial(java.lang.Object, java.lang.Object, java.lang.Object, java.lang.Object, java.lang.Object, java.lang.Object, java.lang.Object, java.lang.Object, java.lang.Object, java.lang.Object, java.lang.Object, java.lang.Object, java.lang.Object, java.lang.Object, java.lang.Object, java.lang.Object, java.lang.Object, java.lang.Object, java.lang.Object, java.lang.Object, java.lang.Ob
Event: 99.514 Thread 0x00000274fec60d60 Exception <a 'java/lang/NoSuchMethodError'{0x00000000eac56098}: 'java.lang.Object java.lang.invoke.DelegatingMethodHandle$Holder.reinvoke_L(java.lang.Object, java.lang.Object, java.lang.Object, java.lang.Object, java.lang.Object, java.lang.Object, java.lang.Object, java.lang.Object, java.lang.Object, java.lang.Object, java.lang.Object, java.lang.Object, java.lang.Object, java.lang.Object, java.lang.Object, java.lang.Object, java.lang.Object, java.lang.Object, java.lang.Object, java.lang.Object, java.lang.O
Event: 100.176 Thread 0x00000274fec60d60 Exception <a 'java/lang/ClassNotFoundException'{0x00000000ea98fdc8}: org/gradle/api/internal/artifacts/dsl/dependencies/DefaultDependencyHandler_DecoratedBeanInfo> (0x00000000ea98fdc8) 
thrown [s\src\hotspot\share\classfile\systemDictionary.cpp, line 313]
Event: 100.177 Thread 0x00000274fec60d60 Exception <a 'java/lang/ClassNotFoundException'{0x00000000ea9a3bb8}: org/gradle/api/internal/artifacts/dsl/dependencies/DefaultDependencyHandlerBeanInfo> (0x00000000ea9a3bb8) 
thrown [s\src\hotspot\share\classfile\systemDictionary.cpp, line 313]
Event: 100.177 Thread 0x00000274fec60d60 Exception <a 'java/lang/ClassNotFoundException'{0x00000000ea9b78c8}: org/gradle/api/internal/artifacts/dsl/dependencies/DefaultDependencyHandlerCustomizer> (0x00000000ea9b78c8) 
thrown [s\src\hotspot\share\classfile\systemDictionary.cpp, line 313]
Event: 100.204 Thread 0x00000274fec60d60 Exception <a 'java/lang/ClassNotFoundException'{0x00000000ea80eca0}: org/gradle/api/internal/artifacts/dsl/dependencies/DefaultDependencyHandler_DecoratedCustomizer> (0x00000000ea80eca0) 
thrown [s\src\hotspot\share\classfile\systemDictionary.cpp, line 313]
Event: 100.568 Thread 0x00000274fec60d60 Exception <a 'java/lang/NoSuchMethodError'{0x00000000ea530688}: 'java.lang.Object java.lang.invoke.DirectMethodHandle$Holder.newInvokeSpecial(java.lang.Object, int, java.lang.Object)'> (0x00000000ea530688) 
thrown [s\src\hotspot\share\interpreter\linkResolver.cpp, line 773]
Event: 100.940 Thread 0x00000274fec60d60 Exception <a 'java/lang/NoSuchMethodError'{0x00000000ea1b37f0}: 'java.lang.Object java.lang.invoke.DirectMethodHandle$Holder.newInvokeSpecial(java.lang.Object, java.lang.Object, java.lang.Object, int)'> (0x00000000ea1b37f0) 
thrown [s\src\hotspot\share\interpreter\linkResolver.cpp, line 773]
Event: 100.941 Thread 0x00000274fec60d60 Exception <a 'java/lang/NoSuchMethodError'{0x00000000ea1b7e10}: 'java.lang.Object java.lang.invoke.Invokers$Holder.linkToTargetMethod(java.lang.Object, java.lang.Object, int, java.lang.Object)'> (0x00000000ea1b7e10) 
thrown [s\src\hotspot\share\interpreter\linkResolver.cpp, line 773]
Event: 101.557 Thread 0x00000274fec60d60 Exception <a 'java/lang/NoSuchMethodError'{0x00000000e9ff3b08}: 'java.lang.Object java.lang.invoke.DirectMethodHandle$Holder.invokeSpecial(java.lang.Object, java.lang.Object, long, java.lang.Object, java.lang.Object)'> (0x00000000e9ff3b08) 
thrown [s\src\hotspot\share\interpreter\linkResolver.cpp, line 773]
Event: 102.732 Thread 0x00000274fec60d60 Exception <a 'java/lang/NoSuchMethodError'{0x00000000e99afe80}: 'int java.lang.invoke.DirectMethodHandle$Holder.invokeSpecialIFC(java.lang.Object, java.lang.Object, java.lang.Object)'> (0x00000000e99afe80) 
thrown [s\src\hotspot\share\interpreter\linkResolver.cpp, line 773]
Event: 107.058 Thread 0x00000274fec60d60 Exception <a 'java/lang/NoSuchMethodError'{0x00000000e809fc68}: 'java.lang.Object java.lang.invoke.DirectMethodHandle$Holder.invokeSpecial(java.lang.Object, java.lang.Object, java.lang.Object, java.lang.Object, java.lang.Object, long)'> (0x00000000e809fc68) 
thrown [s\src\hotspot\share\interpreter\linkResolver.cpp, line 773]
Event: 107.105 Thread 0x00000274fec60d60 Exception <a 'java/lang/NoSuchMethodError'{0x00000000e80c5370}: 'void java.lang.invoke.DirectMethodHandle$Holder.invokeStatic(java.lang.Object, java.lang.Object, java.lang.Object, int, java.lang.Object)'> (0x00000000e80c5370) 
thrown [s\src\hotspot\share\interpreter\linkResolver.cpp, line 773]
Event: 109.928 Thread 0x00000274fec60d60 Exception <a 'java/lang/NoSuchMethodError'{0x00000000e75f9998}: 'java.lang.Object java.lang.invoke.DirectMethodHandle$Holder.newInvokeSpecial(java.lang.Object, java.lang.Object, java.lang.Object, java.lang.Object, int, java.lang.Object)'> (0x00000000e75f9998) 
thrown [s\src\hotspot\share\interpreter\linkResolver.cpp, line 773]
Event: 109.931 Thread 0x00000274fec60d60 Exception <a 'java/lang/NoSuchMethodError'{0x00000000e7402278}: 'java.lang.Object java.lang.invoke.Invokers$Holder.linkToTargetMethod(java.lang.Object, java.lang.Object, java.lang.Object, int, java.lang.Object, java.lang.Object)'> (0x00000000e7402278) 
thrown [s\src\hotspot\share\interpreter\linkResolver.cpp, line 773]
Event: 121.056 Thread 0x00000274fec60d60 Exception <a 'java/lang/NoSuchMethodError'{0x00000000ef0a7778}: 'java.lang.Object java.lang.invoke.DirectMethodHandle$Holder.invokeSpecialIFC(java.lang.Object, java.lang.Object, java.lang.Object)'> (0x00000000ef0a7778) 
thrown [s\src\hotspot\share\interpreter\linkResolver.cpp, line 773]

ZGC Phase Switch (0 events):
No events

VM Operations (20 events):
Event: 111.738 Executing safepoint VM operation: Cleanup
Event: 111.814 Executing safepoint VM operation: Cleanup done
Event: 112.826 Executing safepoint VM operation: Cleanup
Event: 112.826 Executing safepoint VM operation: Cleanup done
Event: 113.833 Executing safepoint VM operation: Cleanup
Event: 113.833 Executing safepoint VM operation: Cleanup done
Event: 114.839 Executing safepoint VM operation: Cleanup
Event: 114.839 Executing safepoint VM operation: Cleanup done
Event: 116.856 Executing safepoint VM operation: Cleanup
Event: 116.856 Executing safepoint VM operation: Cleanup done
Event: 118.809 Executing safepoint VM operation: G1CollectForAllocation (G1 Evacuation Pause)
Event: 120.134 Executing safepoint VM operation: G1CollectForAllocation (G1 Evacuation Pause) done
Event: 120.134 Executing safepoint VM operation: G1CollectForAllocation (G1 Evacuation Pause)
Event: 120.272 Executing safepoint VM operation: G1CollectForAllocation (G1 Evacuation Pause) done
Event: 120.452 Executing non-safepoint VM operation: HandshakeAllThreads (HandshakeForDeflation)
Event: 120.483 Executing non-safepoint VM operation: HandshakeAllThreads (HandshakeForDeflation) done
Event: 120.483 Executing non-safepoint VM operation: RendezvousGCThreads
Event: 120.483 Executing non-safepoint VM operation: RendezvousGCThreads done
Event: 121.072 Executing safepoint VM operation: ICBufferFull
Event: 121.075 Executing safepoint VM operation: ICBufferFull done

Memory protections (0 events):
No events

Nmethod flushes (20 events):
Event: 42.318 Thread 0x00000274fde15540 flushing  nmethod 0x00000274800c9d90
Event: 42.318 Thread 0x00000274fde15540 flushing  nmethod 0x00000274800ca690
Event: 42.318 Thread 0x00000274fde15540 flushing  nmethod 0x00000274800cb310
Event: 42.318 Thread 0x00000274fde15540 flushing  nmethod 0x00000274800cbc10
Event: 42.318 Thread 0x00000274fde15540 flushing  nmethod 0x00000274800cd590
Event: 42.318 Thread 0x00000274fde15540 flushing  nmethod 0x00000274800cda90
Event: 42.318 Thread 0x00000274fde15540 flushing  nmethod 0x00000274801bb910
Event: 42.318 Thread 0x00000274fde15540 flushing  nmethod 0x00000274801e4310
Event: 42.318 Thread 0x00000274fde15540 flushing  nmethod 0x00000274801e4890
Event: 42.318 Thread 0x00000274fde15540 flushing  nmethod 0x00000274801e5890
Event: 42.318 Thread 0x00000274fde15540 flushing  nmethod 0x00000274801e7810
Event: 42.318 Thread 0x00000274fde15540 flushing  nmethod 0x00000274801e9c90
Event: 42.318 Thread 0x00000274fde15540 flushing  nmethod 0x00000274801eb890
Event: 42.318 Thread 0x00000274fde15540 flushing  nmethod 0x0000027480273490
Event: 42.318 Thread 0x00000274fde15540 flushing  nmethod 0x0000027480273b90
Event: 42.318 Thread 0x00000274fde15540 flushing  nmethod 0x0000027480275510
Event: 42.318 Thread 0x00000274fde15540 flushing  nmethod 0x00000274802f3490
Event: 42.318 Thread 0x00000274fde15540 flushing  nmethod 0x0000027480436b10
Event: 42.318 Thread 0x00000274fde15540 flushing  nmethod 0x0000027480475a10
Event: 42.318 Thread 0x00000274fde15540 flushing  nmethod 0x00000274804cea10

Events (20 events):
Event: 118.766 Thread 0x00000274fdeb9360 Thread added: 0x00000274a8f44c20
Event: 120.134 Thread 0x00000274a8f46090 Thread exited: 0x00000274a8f46090
Event: 120.134 Thread 0x00000274a8f44c20 Thread exited: 0x00000274a8f44c20
Event: 120.319 Thread 0x00000274a8f430e0 Thread added: 0x00000274a8f46090
Event: 120.320 Thread 0x00000274a8f430e0 Thread added: 0x00000274a8f437b0
Event: 121.058 Thread 0x00000274fec60d60 Thread added: 0x00000274ac05e320
Event: 121.059 Thread 0x00000274fec60d60 Thread added: 0x00000274ac05e9b0
Event: 121.060 Thread 0x00000274fec60d60 Thread added: 0x00000274ac05dc90
Event: 121.060 Thread 0x00000274fec60d60 Thread added: 0x00000274ac05cf70
Event: 121.061 Thread 0x00000274fec60d60 Thread added: 0x00000274ac05d600
Event: 121.062 Thread 0x00000274fec60d60 Thread added: 0x00000274ac05f040
Event: 121.062 Thread 0x00000274fec60d60 Thread added: 0x00000274ac060a80
Event: 121.063 Thread 0x00000274fec60d60 Thread added: 0x00000274ac05f6d0
Event: 121.063 Thread 0x00000274fec60d60 Thread added: 0x00000274ac05fd60
Event: 121.064 Thread 0x00000274fec60d60 Thread added: 0x00000274ac0603f0
Event: 121.064 Thread 0x00000274fec60d60 Thread added: 0x00000274a8882ab0
Event: 121.064 Thread 0x00000274fec60d60 Thread added: 0x00000274a8884b80
Event: 121.064 Thread 0x00000274fec60d60 Thread added: 0x00000274a8883e60
Event: 121.065 Thread 0x00000274fec60d60 Thread added: 0x00000274a88844f0
Event: 121.065 Thread 0x00000274fec60d60 Thread added: 0x00000274a88865c0


Dynamic libraries:
0x00007ff73c960000 - 0x00007ff73c96e000 	C:\Users\admoi\.antigravity-ide\extensions\redhat.java-1.56.0-win32-x64\jre\21.0.12.1-win32-x86_64\bin\java.exe
0x00007ffd17b40000 - 0x00007ffd17da7000 	C:\WINDOWS\SYSTEM32\ntdll.dll
0x00007ffd16800000 - 0x00007ffd168cb000 	C:\WINDOWS\System32\KERNEL32.DLL
0x00007ffd14d70000 - 0x00007ffd15172000 	C:\WINDOWS\System32\KERNELBASE.dll
0x00007ffd155b0000 - 0x00007ffd156fc000 	C:\WINDOWS\System32\ucrtbase.dll
0x00007ffce6a70000 - 0x00007ffce6a88000 	C:\Users\admoi\.antigravity-ide\extensions\redhat.java-1.56.0-win32-x64\jre\21.0.12.1-win32-x86_64\bin\jli.dll
0x00007ffd16170000 - 0x00007ffd1633f000 	C:\WINDOWS\System32\USER32.dll
0x00007ffd14d40000 - 0x00007ffd14d67000 	C:\WINDOWS\System32\win32u.dll
0x00007ffd16a80000 - 0x00007ffd16aab000 	C:\WINDOWS\System32\GDI32.dll
0x00007ffd153c0000 - 0x00007ffd154e9000 	C:\WINDOWS\System32\gdi32full.dll
0x00007ffd15180000 - 0x00007ffd15223000 	C:\WINDOWS\System32\msvcp_win.dll
0x00007ffce6a90000 - 0x00007ffce6aae000 	C:\Users\admoi\.antigravity-ide\extensions\redhat.java-1.56.0-win32-x64\jre\21.0.12.1-win32-x86_64\bin\VCRUNTIME140.dll
0x00007ffcf76b0000 - 0x00007ffcf7940000 	C:\WINDOWS\WinSxS\amd64_microsoft.windows.common-controls_6595b64144ccf1df_6.0.26100.9278_none_3e0d1ba8e3303201\COMCTL32.dll
0x00007ffd171d0000 - 0x00007ffd17279000 	C:\WINDOWS\System32\msvcrt.dll
0x00007ffd17100000 - 0x00007ffd17131000 	C:\WINDOWS\System32\IMM32.DLL
0x00007ffd0cc30000 - 0x00007ffd0cc3c000 	C:\Users\admoi\.antigravity-ide\extensions\redhat.java-1.56.0-win32-x64\jre\21.0.12.1-win32-x86_64\bin\vcruntime140_1.dll
0x00007ffc8d740000 - 0x00007ffc8d7cd000 	C:\Users\admoi\.antigravity-ide\extensions\redhat.java-1.56.0-win32-x64\jre\21.0.12.1-win32-x86_64\bin\msvcp140.dll
0x00007ffc4c8a0000 - 0x00007ffc4d642000 	C:\Users\admoi\.antigravity-ide\extensions\redhat.java-1.56.0-win32-x64\jre\21.0.12.1-win32-x86_64\bin\server\jvm.dll
0x00007ffd17280000 - 0x00007ffd1733c000 	C:\WINDOWS\System32\ADVAPI32.dll
0x00007ffd168e0000 - 0x00007ffd16989000 	C:\WINDOWS\System32\sechost.dll
0x00007ffd16050000 - 0x00007ffd16168000 	C:\WINDOWS\System32\RPCRT4.dll
0x00007ffd17140000 - 0x00007ffd171c0000 	C:\WINDOWS\System32\WS2_32.dll
0x00007ffd14ba0000 - 0x00007ffd14bfe000 	C:\WINDOWS\SYSTEM32\POWRPROF.dll
0x00007ffd06600000 - 0x00007ffd06636000 	C:\WINDOWS\SYSTEM32\WINMM.dll
0x00007ffd0aa20000 - 0x00007ffd0aa2b000 	C:\WINDOWS\SYSTEM32\VERSION.dll
0x00007ffd14b80000 - 0x00007ffd14b95000 	C:\WINDOWS\SYSTEM32\UMPDC.dll
0x00007ffd139f0000 - 0x00007ffd13a0b000 	C:\WINDOWS\SYSTEM32\kernel.appcore.dll
0x00007ffd0b540000 - 0x00007ffd0b54a000 	C:\Users\admoi\.antigravity-ide\extensions\redhat.java-1.56.0-win32-x64\jre\21.0.12.1-win32-x86_64\bin\jimage.dll
0x00007ffd12350000 - 0x00007ffd1259c000 	C:\WINDOWS\SYSTEM32\DBGHELP.DLL
0x00007ffd16450000 - 0x00007ffd167d5000 	C:\WINDOWS\System32\combase.dll
0x00007ffd16b20000 - 0x00007ffd16bf9000 	C:\WINDOWS\System32\OLEAUT32.dll
0x00007ffcfa1c0000 - 0x00007ffcfa1fb000 	C:\WINDOWS\SYSTEM32\dbgcore.DLL
0x00007ffd157a0000 - 0x00007ffd1584c000 	C:\WINDOWS\System32\bcryptPrimitives.dll
0x00007ffce4d20000 - 0x00007ffce4d2f000 	C:\Users\admoi\.antigravity-ide\extensions\redhat.java-1.56.0-win32-x64\jre\21.0.12.1-win32-x86_64\bin\instrument.dll
0x00007ffce6a50000 - 0x00007ffce6a70000 	C:\Users\admoi\.antigravity-ide\extensions\redhat.java-1.56.0-win32-x64\jre\21.0.12.1-win32-x86_64\bin\java.dll
0x00007ffd158b0000 - 0x00007ffd16048000 	C:\WINDOWS\System32\SHELL32.dll
0x00007ffd12760000 - 0x00007ffd1300e000 	C:\WINDOWS\SYSTEM32\windows.storage.dll
0x00007ffd17a00000 - 0x00007ffd17afb000 	C:\WINDOWS\System32\SHCORE.dll
0x00007ffd16350000 - 0x00007ffd163b6000 	C:\WINDOWS\System32\shlwapi.dll
0x00007ffd14c60000 - 0x00007ffd14c89000 	C:\WINDOWS\SYSTEM32\profapi.dll
0x00007ffce6a30000 - 0x00007ffce6a48000 	C:\Users\admoi\.antigravity-ide\extensions\redhat.java-1.56.0-win32-x64\jre\21.0.12.1-win32-x86_64\bin\zip.dll
0x00007ffcf68e0000 - 0x00007ffcf68f0000 	C:\Users\admoi\.antigravity-ide\extensions\redhat.java-1.56.0-win32-x64\jre\21.0.12.1-win32-x86_64\bin\net.dll
0x00007ffd0b920000 - 0x00007ffd0ba4a000 	C:\WINDOWS\SYSTEM32\WINHTTP.dll
0x00007ffd13fd0000 - 0x00007ffd1403c000 	C:\WINDOWS\system32\mswsock.dll
0x00007ffc8d720000 - 0x00007ffc8d736000 	C:\Users\admoi\.antigravity-ide\extensions\redhat.java-1.56.0-win32-x64\jre\21.0.12.1-win32-x86_64\bin\nio.dll
0x00007ffcdcdb0000 - 0x00007ffcdcdc0000 	C:\Users\admoi\.antigravity-ide\extensions\redhat.java-1.56.0-win32-x64\jre\21.0.12.1-win32-x86_64\bin\verify.dll
0x00007ffcf6240000 - 0x00007ffcf6267000 	C:\Users\admoi\.gradle\native\c067742578af261105cb4f569cf0c3c89f3d7b1fecec35dd04571415982c5e48\windows-amd64\native-platform.dll
0x00007ffc3a790000 - 0x00007ffc3a8d4000 	C:\Users\admoi\.gradle\native\100fb08df4bc3b14c8652ba06237920a3bd2aa13389f12d3474272988ae205f9\windows-amd64\native-platform-file-events.dll
0x00007ffc38ea0000 - 0x00007ffc38eaa000 	C:\Users\admoi\.antigravity-ide\extensions\redhat.java-1.56.0-win32-x64\jre\21.0.12.1-win32-x86_64\bin\management.dll
0x00007ffc3a3d0000 - 0x00007ffc3a3dc000 	C:\Users\admoi\.antigravity-ide\extensions\redhat.java-1.56.0-win32-x64\jre\21.0.12.1-win32-x86_64\bin\management_ext.dll
0x00007ffd16ac0000 - 0x00007ffd16ac8000 	C:\WINDOWS\System32\PSAPI.DLL
0x00007ffd142c0000 - 0x00007ffd142db000 	C:\WINDOWS\SYSTEM32\CRYPTSP.dll
0x00007ffd13940000 - 0x00007ffd13979000 	C:\WINDOWS\system32\rsaenh.dll
0x00007ffd14080000 - 0x00007ffd140b4000 	C:\WINDOWS\SYSTEM32\USERENV.dll
0x00007ffd14c30000 - 0x00007ffd14c5a000 	C:\WINDOWS\SYSTEM32\bcrypt.dll
0x00007ffd142e0000 - 0x00007ffd142ec000 	C:\WINDOWS\SYSTEM32\CRYPTBASE.dll
0x00007ffd13380000 - 0x00007ffd133b3000 	C:\WINDOWS\SYSTEM32\IPHLPAPI.DLL
0x00007ffd168d0000 - 0x00007ffd168da000 	C:\WINDOWS\System32\NSI.dll
0x00007ffca1850000 - 0x00007ffca1859000 	C:\Users\admoi\.antigravity-ide\extensions\redhat.java-1.56.0-win32-x64\jre\21.0.12.1-win32-x86_64\bin\extnet.dll
0x00007ffcf79d0000 - 0x00007ffcf79de000 	C:\Users\admoi\.antigravity-ide\extensions\redhat.java-1.56.0-win32-x64\jre\21.0.12.1-win32-x86_64\bin\sunmscapi.dll
0x00007ffd15230000 - 0x00007ffd153ae000 	C:\WINDOWS\System32\CRYPT32.dll
0x00007ffd14500000 - 0x00007ffd14530000 	C:\WINDOWS\SYSTEM32\ncrypt.dll
0x00007ffd144b0000 - 0x00007ffd144ef000 	C:\WINDOWS\SYSTEM32\NTASN1.dll
0x00007ffcf5400000 - 0x00007ffcf5408000 	C:\WINDOWS\system32\wshunix.dll

JVMTI agents:
C:\Users\admoi\.gradle\wrapper\dists\gradle-8.9-bin\90cnw93cvbtalezasaz0blq0a\gradle-8.9\lib\agents\gradle-instrumentation-agent-8.9.jar path:C:\Users\admoi\.antigravity-ide\extensions\redhat.java-1.56.0-win32-x64\jre\21.0.12.1-win32-x86_64\bin\instrument.dll, loaded, initialized, instrumentlib options:none

dbghelp: loaded successfully - version: 4.0.5 - missing functions: none
symbol engine: initialized successfully - sym options: 0x614 - pdb path: .;C:\Users\admoi\.antigravity-ide\extensions\redhat.java-1.56.0-win32-x64\jre\21.0.12.1-win32-x86_64\bin;C:\WINDOWS\SYSTEM32;C:\WINDOWS\WinSxS\amd64_microsoft.windows.common-controls_6595b64144ccf1df_6.0.26100.9278_none_3e0d1ba8e3303201;C:\Users\admoi\.antigravity-ide\extensions\redhat.java-1.56.0-win32-x64\jre\21.0.12.1-win32-x86_64\bin\server;C:\Users\admoi\.gradle\native\c067742578af261105cb4f569cf0c3c89f3d7b1fecec35dd04571415982c5e48\windows-amd64;C:\Users\admoi\.gradle\native\100fb08df4bc3b14c8652ba06237920a3bd2aa13389f12d3474272988ae205f9\windows-amd64

VM Arguments:
jvm_args: --add-opens=java.base/java.util=ALL-UNNAMED --add-opens=java.base/java.lang=ALL-UNNAMED --add-opens=java.base/java.lang.invoke=ALL-UNNAMED --add-opens=java.prefs/java.util.prefs=ALL-UNNAMED --add-exports=jdk.compiler/com.sun.tools.javac.api=ALL-UNNAMED --add-exports=jdk.compiler/com.sun.tools.javac.util=ALL-UNNAMED --add-opens=java.base/java.nio.charset=ALL-UNNAMED --add-opens=java.base/java.net=ALL-UNNAMED --add-opens=java.base/java.util.concurrent.atomic=ALL-UNNAMED -XX:MaxMetaspaceSize=384m -XX:+HeapDumpOnOutOfMemoryError -Xms256m -Xmx512m -Dfile.encoding=utf8 -Duser.country=US -Duser.language=en -Duser.variant -javaagent:C:\Users\admoi\.gradle\wrapper\dists\gradle-8.9-bin\90cnw93cvbtalezasaz0blq0a\gradle-8.9\lib\agents\gradle-instrumentation-agent-8.9.jar 
java_command: org.gradle.launcher.daemon.bootstrap.GradleDaemon 8.9
java_class_path (initial): C:\Users\admoi\.gradle\wrapper\dists\gradle-8.9-bin\90cnw93cvbtalezasaz0blq0a\gradle-8.9\lib\gradle-daemon-main-8.9.jar
Launcher Type: SUN_STANDARD

[Global flags]
     intx CICompilerCount                          = 12                                        {product} {ergonomic}
   size_t CompressedClassSpaceSize                 = 335544320                                 {product} {ergonomic}
     uint ConcGCThreads                            = 3                                         {product} {ergonomic}
     uint G1ConcRefinementThreads                  = 13                                        {product} {ergonomic}
   size_t G1HeapRegionSize                         = 1048576                                   {product} {ergonomic}
    uintx GCDrainStackTargetSize                   = 64                                        {product} {ergonomic}
     bool HeapDumpOnOutOfMemoryError               = true                                   {manageable} {command line}
   size_t InitialHeapSize                          = 268435456                                 {product} {command line}
   size_t MarkStackSize                            = 4194304                                   {product} {ergonomic}
   size_t MaxHeapSize                              = 536870912                                 {product} {command line}
   size_t MaxMetaspaceSize                         = 402653184                                 {product} {command line}
   size_t MaxNewSize                               = 321912832                                 {product} {ergonomic}
   size_t MinHeapDeltaBytes                        = 1048576                                   {product} {ergonomic}
   size_t MinHeapSize                              = 268435456                                 {product} {command line}
    uintx NonNMethodCodeHeapSize                   = 7602480                                {pd product} {ergonomic}
    uintx NonProfiledCodeHeapSize                  = 122027880                              {pd product} {ergonomic}
    uintx ProfiledCodeHeapSize                     = 122027880                              {pd product} {ergonomic}
    uintx ReservedCodeCacheSize                    = 251658240                              {pd product} {ergonomic}
     bool SegmentedCodeCache                       = true                                      {product} {ergonomic}
   size_t SoftMaxHeapSize                          = 536870912                              {manageable} {ergonomic}
     bool UseCompressedOops                        = true                           {product lp64_product} {ergonomic}
     bool UseG1GC                                  = true                                      {product} {ergonomic}
     bool UseLargePagesIndividualAllocation        = false                                  {pd product} {ergonomic}

Logging:
Log output configuration:
 #0: stdout all=warning uptime,level,tags foldmultilines=false
 #1: stderr all=off uptime,level,tags foldmultilines=false

Release file:
JAVA_VERSION="21.0.12.1" 
MODULES="java.base java.compiler java.datatransfer java.xml java.prefs java.desktop java.instrument java.logging java.management java.security.sasl java.naming java.rmi java.management.rmi java.net.http java.scripting java.security.jgss java.transaction.xa java.sql java.sql.rowset java.xml.crypto java.se java.smartcardio jdk.accessibility jdk.internal.jvmstat jdk.attach jdk.charsets jdk.internal.opt jdk.zipfs jdk.compiler jdk.crypto.ec jdk.crypto.cryptoki jdk.crypto.mscapi jdk.dynalink jdk.internal.ed jdk.editpad jdk.hotspot.agent jdk.httpserver jdk.internal.le jdk.internal.vm.ci jdk.internal.vm.compiler jdk.internal.vm.compiler.management jdk.jartool jdk.javadoc jdk.jcmd jdk.management jdk.management.agent jdk.jconsole jdk.jdeps jdk.jdwp.agent jdk.jdi jdk.jfr jdk.jshell jdk.jsobject jdk.jstatd jdk.localedata jdk.management.jfr jdk.naming.dns jdk.naming.rmi jdk.net jdk.nio.mapmode jdk.random jdk.sctp jdk.security.auth jdk.security.jgss jdk.unsupported jdk.unsupported.desktop jdk.xml.dom" 

Environment Variables:
PATH=C:\Users\admoi\AppData\Local\cloud-code\installer\google-cloud-sdk\bin;C:\Python314\Scripts\;C:\Python314\;C:\Program Files\Common Files\Oracle\Java\javapath;C:\WINDOWS\system32;C:\WINDOWS;C:\WINDOWS\System32\Wbem;C:\WINDOWS\System32\WindowsPowerShell\v1.0\;C:\WINDOWS\System32\OpenSSH\;C:\Program Files\Microsoft SQL Server\150\Tools\Binn\;C:\Program Files\Microsoft SQL Server\Client SDK\ODBC\170\Tools\Binn\;C:\Program Files\dotnet\;C:\Program Files (x86)\Windows Kits\10\Windows Performance Toolkit\;C:\Program Files (x86)\Microsoft SQL Server\160\Tools\Binn\;C:\Program Files\Microsoft SQL Server\160\Tools\Binn\;C:\Program Files\Microsoft SQL Server\160\DTS\Binn\;C:\Program Files\Docker\Docker\resources\bin;C:\Program Files\nodejs\;C:\ProgramData\chocolatey\bin;C:\xampp\php;C:\composer;C:\Program Files\Git\cmd;C:\Program Files\GitHub CLI\;C:\Python314\Scripts\;C:\Python314\;C:\Program Files\Common Files\Oracle\Java\javapath;C:\WINDOWS\system32;C:\WINDOWS;C:\WINDOWS\System32\Wbem;C:\WINDOWS\System32\WindowsPowerShell\v1.0\;C:\WINDOWS\System32\OpenSSH\;C:\Program Files\Microsoft SQL Server\150\Tools\Binn\;C:\Program Files\Microsoft SQL Server\Client SDK\ODBC\170\Tools\Binn\;C:\Program Files\dotnet\;C:\Program Files (x86)\Windows Kits\10\Windows Performance Toolkit\;C:\Program Files (x86)\Microsoft SQL Server\160\Tools\Binn\;C:\Program Files\Microsoft SQL Server\160\Tools\Binn\;C:\Program Files\Microsoft SQL Server\160\DTS\Binn\;C:\Program Files\Arduino PLC IDE Tools\;C:\Program Files\Docker\Docker\resources\bin;C:\Program Files\nodejs\;C:\ProgramData\chocolatey\bin;C:\xampp\php;C:\composer;C:\Program Files\Git\cmd;C:\Program Files\GitHub CLI\;c:\Users\admoi\AppData\Roaming\Code\User\globalStorage\github.copilot-chat\debugCommand;c:\Users\admoi\AppData\Roaming\Code\User\globalStorage\github.copilot-chat\copilotCli;D:\Microsoft VS Code;C:\Python314\Scripts\;C:\Python314\;C:\Program Files\Common Files\Oracle\Java\javapath;C:\WINDOWS\system32;C:\WINDOWS;C:\WINDOWS\System32\Wbem;C:\WINDOWS\System32\WindowsPowerShell\v1.0\;C:\WINDOWS\System32\OpenSSH\;C:\Program Files\Microsoft SQL Server\150\Tools\Binn\;C:\Program Files\Microsoft SQL Server\Client SDK\ODBC\170\Tools\Binn\;C:\Program Files\dotnet\;C:\Program Files (x86)\Windows Kits\10\Windows Performance Toolkit\;C:\Program Files (x86)\Microsoft SQL Server\160\Tools\Binn\;C:\Program Files\Microsoft SQL Server\160\Tools\Binn\;C:\Program Files\Microsoft SQL Server\160\DTS\Binn\;C:\Program Files\Arduino PLC IDE Tools\;C:\Program Files\Docker\Docker\resources\bin;C:\Program Files\nodejs\;C:\ProgramData\chocolatey\bin;C:\xampp\php;C:\composer;C:\Program Files\Git\cmd;C:\Users\admoi\AppData\Local\Microsoft\WindowsApps;;D:\IntelliJ IDEA 2025.1.1.1\bin;;D:\Microsoft VS Code\bin;C:\Users\admoi\.dotnet\tools;C:\Users\admoi\AppData\Local\Programs\mongosh\;D:\Antigravity\bin;C:\Users\admoi\AppData\Roaming\npm;C:\Users\admoi\AppData\Roaming\Composer\vendor\bin;C:\Users\admoi\.local\bin;C:\flutter\flutter\bin;C:\flutter\flutter\bin;;C:\flutter\flutter\bin;C:\Program Files (x86)\NVIDIA Corporation\PhysX\Common;C:\Program Files\NVIDIA Corporation\NVIDIA App\NvDLISR;C:\Program Files (x86)\Microsoft SQL Server\160\DTS\Binn\;D:\bin;C:\Program Files (x86)\cloudflared\;C:\Program Files\Microsoft SQL Server\170\Tools\Binn\;C:\Users\admoi\.local\bin;C:\Python314\Scripts\;C:\Python314\;C:\Program Files\Common Files\Oracle\Java\javapath;C:\WINDOWS\system32;C:\WINDOWS;C:\WINDOWS\System32\Wbem;C:\WINDOWS\System32\WindowsPowerShell\v1.0\;C:\WINDOWS\System32\OpenSSH\;C:\Program Files\Microsoft SQL Server\150\Tools\Binn\;C:\Program Files\Microsoft SQL Server\Client SDK\ODBC\170\Tools\Binn\;C:\Program Files\dotnet\;C:\Program Files (x86)\Windows Kits\10\Windows Performance Toolkit\;C:\Program Files (x86)\Microsoft SQL Server\160\Tools\Binn\;C:\Program Files\Microsoft SQL Server\160\Tools\Binn\;C:\Program Files\Microsoft SQL Server\160\DTS\Binn\;C:\Program Files\Docker\Docker\resources\bin;C:\Program Files\nodejs\;C:\ProgramData\chocolatey\bin;C:\xampp\php;C:\composer;C:\Program Files\Git\cmd;C:\Program Files\GitHub CLI\;C:\Python314\Scripts\;C:\Python314\;C:\Program Files\Common Files\Oracle\Java\javapath;C:\WINDOWS\system32;C:\WINDOWS;C:\WINDOWS\System32\Wbem;C:\WINDOWS\System32\WindowsPowerShell\v1.0\;C:\WINDOWS\System32\OpenSSH\;C:\Program Files\Microsoft SQL;C:\Users\admoi\AppData\Local\Programs\Antigravity IDE\bin;C:\Users\admoi\.dotnet\tools;E:\Microsoft VS Code\bin;C:\Users\admoi\AppData\Local\Microsoft\WinGet\Links;
USERNAME=admoi
OS=Windows_NT
PROCESSOR_IDENTIFIER=Intel64 Family 6 Model 154 Stepping 3, GenuineIntel
TMP=C:\Users\admoi\AppData\Local\Temp
TEMP=C:\Users\admoi\AppData\Local\Temp




Periodic native trim disabled

---------------  S Y S T E M  ---------------

OS:
 Windows 11 , 64 bit Build 26100 (10.0.26100.9444)
OS uptime: 0 days 0:17 hours
Hyper-V role detected

CPU: total 16 (initial active 16) (8 cores per cpu, 2 threads per core) family 6 model 154 stepping 3 microcode 0x435, cx8, cmov, fxsr, ht, mmx, 3dnowpref, sse, sse2, sse3, ssse3, sse4.1, sse4.2, popcnt, lzcnt, tsc, tscinvbit, avx, avx2, aes, erms, clmul, bmi1, bmi2, adx, sha, fma, vzeroupper, clflush, clflushopt, clwb, hv, serialize, rdtscp, rdpid, fsrm, f16c, cet_ibt, cet_ss
Processor Information for processor 0
  Max Mhz: 2500, Current Mhz: 2500, Mhz Limit: 2500
Processor Information for processor 1
  Max Mhz: 2500, Current Mhz: 2500, Mhz Limit: 2500
Processor Information for processor 2
  Max Mhz: 2500, Current Mhz: 2500, Mhz Limit: 2500
Processor Information for processor 3
  Max Mhz: 2500, Current Mhz: 2500, Mhz Limit: 2500
Processor Information for processor 4
  Max Mhz: 2500, Current Mhz: 2500, Mhz Limit: 2500
Processor Information for processor 5
  Max Mhz: 2500, Current Mhz: 2500, Mhz Limit: 2500
Processor Information for processor 6
  Max Mhz: 2500, Current Mhz: 2500, Mhz Limit: 2500
Processor Information for processor 7
  Max Mhz: 2500, Current Mhz: 2500, Mhz Limit: 2500
Processor Information for processor 8
  Max Mhz: 2500, Current Mhz: 1800, Mhz Limit: 1800
Processor Information for processor 9
  Max Mhz: 2500, Current Mhz: 1800, Mhz Limit: 1800
Processor Information for processor 10
  Max Mhz: 2500, Current Mhz: 1800, Mhz Limit: 1800
Processor Information for processor 11
  Max Mhz: 2500, Current Mhz: 1800, Mhz Limit: 1800
Processor Information for processor 12
  Max Mhz: 2500, Current Mhz: 1800, Mhz Limit: 1800
Processor Information for processor 13
  Max Mhz: 2500, Current Mhz: 1800, Mhz Limit: 1800
Processor Information for processor 14
  Max Mhz: 2500, Current Mhz: 1800, Mhz Limit: 1800
Processor Information for processor 15
  Max Mhz: 2500, Current Mhz: 1500, Mhz Limit: 1800

Memory: 4k page, system-wide physical 16051M (1142M free)
TotalPageFile size 57195M (AvailPageFile size 217M)
current process WorkingSet (physical memory assigned to process): 241M, peak: 295M
current process commit charge ("private bytes"): 484M, peak: 504M

vm_info: OpenJDK 64-Bit Server VM (21.0.12.1+1-LTS) for windows-amd64 JRE (21.0.12.1+1-LTS), built on 2026-08-18T00:00:00Z by "admin" with MS VC++ 17.12 (VS2022)

END.
