#
# There is insufficient memory for the Java Runtime Environment to continue.
# Native memory allocation (mmap) failed to map 65536 bytes. Error detail: Failed to commit metaspace.
# Possible reasons:
#   The system is out of physical RAM or swap space
#   This process is running with CompressedOops enabled, and the Java Heap may be blocking the growth of the native heap
# Possible solutions:
#   Reduce memory load on the system
#   Increase physical memory or swap space
#   Check if swap backing store is full
#   Decrease Java heap size (-Xmx/-Xms)
#   Decrease number of Java threads
#   Decrease Java thread stack sizes (-Xss)
#   Set larger code cache with -XX:ReservedCodeCacheSize=
#   JVM is running with Unscaled Compressed Oops mode in which the Java heap is
#     placed in the first 4GB address space. The Java Heap base address is the
#     maximum limit for the native heap growth. Please use -XX:HeapBaseMinAddress
#     to set the Java Heap base and to place the Java Heap above 4GB virtual address.
# This output file may be truncated or incomplete.
#
#  Out of Memory Error (virtualSpaceNode.cpp:113), pid=30460, tid=50712
#
# JRE version: OpenJDK Runtime Environment Temurin-21.0.12.1+1 (21.0.12.1+1) (build 21.0.12.1+1-LTS)
# Java VM: OpenJDK 64-Bit Server VM Temurin-21.0.12.1+1 (21.0.12.1+1-LTS, mixed mode, sharing, tiered, compressed oops, compressed class ptrs, g1 gc, windows-amd64)
# No core dump will be written. Minidumps are not enabled by default on client versions of Windows
#

---------------  S U M M A R Y ------------

Command Line: --add-opens=java.base/java.util=ALL-UNNAMED --add-opens=java.base/java.lang=ALL-UNNAMED --add-opens=java.base/java.lang.invoke=ALL-UNNAMED --add-opens=java.prefs/java.util.prefs=ALL-UNNAMED --add-exports=jdk.compiler/com.sun.tools.javac.api=ALL-UNNAMED --add-exports=jdk.compiler/com.sun.tools.javac.util=ALL-UNNAMED --add-opens=java.base/java.nio.charset=ALL-UNNAMED --add-opens=java.base/java.net=ALL-UNNAMED --add-opens=java.base/java.util.concurrent.atomic=ALL-UNNAMED -XX:MaxMetaspaceSize=384m -XX:+HeapDumpOnOutOfMemoryError -Xms256m -Xmx512m -Dfile.encoding=utf8 -Duser.country=US -Duser.language=en -Duser.variant -javaagent:C:\Users\admoi\.gradle\wrapper\dists\gradle-8.9-bin\90cnw93cvbtalezasaz0blq0a\gradle-8.9\lib\agents\gradle-instrumentation-agent-8.9.jar org.gradle.launcher.daemon.bootstrap.GradleDaemon 8.9

Host: 12th Gen Intel(R) Core(TM) i5-12500H, 16 cores, 15G,  Windows 11 , 64 bit Build 26100 (10.0.26100.9444)
Time: Wed Sep  9 14:11:02 2026 SE Asia Standard Time elapsed time: 9.475836 seconds (0d 0h 0m 9s)

---------------  T H R E A D  ---------------

Current thread (0x0000023f51686ec0):  JavaThread "Daemon worker"        [_thread_in_vm, id=50712, stack(0x000000abb9100000,0x000000abb9200000) (1024K)]

Stack: [0x000000abb9100000,0x000000abb9200000]
Native frames: (J=compiled Java code, j=interpreted, Vv=VM code, C=native code)
V  [jvm.dll+0x6d83e9]
V  [jvm.dll+0x8b5736]
V  [jvm.dll+0x8b7cee]
V  [jvm.dll+0x8b83d3]
V  [jvm.dll+0x284596]
V  [jvm.dll+0x8b147e]
V  [jvm.dll+0x679ad4]
V  [jvm.dll+0x679b3a]
V  [jvm.dll+0x67c336]
V  [jvm.dll+0x67c202]
V  [jvm.dll+0x67a4ae]
V  [jvm.dll+0x684758]
V  [jvm.dll+0x687bc8]
V  [jvm.dll+0x82ca7a]
V  [jvm.dll+0x5db760]
V  [jvm.dll+0x5dd708]
V  [jvm.dll+0x5dafee]
V  [jvm.dll+0x5ddc8c]
V  [jvm.dll+0x693fbd]
V  [jvm.dll+0x690aea]
C  0x0000023f2af62ee3

The last pc belongs to native nmethod (printed below).
Java frames: (J=compiled Java code, j=interpreted, Vv=VM code)
J 226  java.lang.invoke.MethodHandleNatives.resolve(Ljava/lang/invoke/MemberName;Ljava/lang/Class;IZ)Ljava/lang/invoke/MemberName; java.base@21.0.12.1 (0 bytes) @ 0x0000023f2af62e48 [0x0000023f2af62dc0+0x0000000000000088]
J 979 c1 java.lang.invoke.MemberName$Factory.resolve(BLjava/lang/invoke/MemberName;Ljava/lang/Class;IZ)Ljava/lang/invoke/MemberName; java.base@21.0.12.1 (159 bytes) @ 0x0000023f2354f0cc [0x0000023f2354eec0+0x000000000000020c]
J 1355 c1 java.lang.invoke.MemberName$Factory.resolveOrFail(BLjava/lang/invoke/MemberName;Ljava/lang/Class;ILjava/lang/Class;)Ljava/lang/invoke/MemberName; java.base@21.0.12.1 (79 bytes) @ 0x0000023f236329bc [0x0000023f23632920+0x000000000000009c]
j  java.lang.invoke.DirectMethodHandle.makePreparedLambdaForm(Ljava/lang/invoke/MethodType;I)Ljava/lang/invoke/LambdaForm;+330 java.base@21.0.12.1
J 1881 c1 java.lang.invoke.DirectMethodHandle.preparedLambdaForm(Ljava/lang/invoke/MemberName;Z)Ljava/lang/invoke/LambdaForm; java.base@21.0.12.1 (244 bytes) @ 0x0000023f23762f34 [0x0000023f23762580+0x00000000000009b4]
J 2056 c1 java.lang.invoke.DirectMethodHandle.make(BLjava/lang/Class;Ljava/lang/invoke/MemberName;Ljava/lang/Class;)Ljava/lang/invoke/DirectMethodHandle; java.base@21.0.12.1 (275 bytes) @ 0x0000023f237ac93c [0x0000023f237abd40+0x0000000000000bfc]
j  java.lang.invoke.MethodHandles$Lookup.getDirectMethodCommon(BLjava/lang/Class;Ljava/lang/invoke/MemberName;ZZLjava/lang/invoke/MethodHandles$Lookup;)Ljava/lang/invoke/MethodHandle;+220 java.base@21.0.12.1
j  java.lang.invoke.MethodHandles$Lookup.getDirectMethodNoSecurityManager(BLjava/lang/Class;Ljava/lang/invoke/MemberName;Ljava/lang/invoke/MethodHandles$Lookup;)Ljava/lang/invoke/MethodHandle;+14 java.base@21.0.12.1
j  java.lang.invoke.MethodHandles$Lookup.unreflect(Ljava/lang/reflect/Method;)Ljava/lang/invoke/MethodHandle;+116 java.base@21.0.12.1
j  org.gradle.internal.service.MethodHandleBasedServiceMethod.<init>(Ljava/lang/reflect/Method;)V+10
j  org.gradle.internal.service.MethodHandleBasedServiceMethodFactory.toServiceMethod(Ljava/lang/reflect/Method;)Lorg/gradle/internal/service/ServiceMethod;+28
j  org.gradle.internal.service.DefaultServiceMethodFactory.toServiceMethod(Ljava/lang/reflect/Method;)Lorg/gradle/internal/service/ServiceMethod;+5
j  org.gradle.internal.service.RelevantMethods$RelevantMethodsBuilder.add(Ljava/util/List;Ljava/lang/reflect/Method;)V+89
j  org.gradle.internal.service.RelevantMethods$RelevantMethodsBuilder.addMethod(Ljava/lang/reflect/Method;)V+65
j  org.gradle.internal.service.RelevantMethods$RelevantMethodsBuilder.build()Lorg/gradle/internal/service/RelevantMethods;+57
j  org.gradle.internal.service.RelevantMethods.getMethods(Ljava/lang/Class;)Lorg/gradle/internal/service/RelevantMethods;+25
j  org.gradle.internal.service.DefaultServiceRegistry.findProviderMethods(Lorg/gradle/internal/service/ServiceRegistrationProvider;)V+6
j  org.gradle.internal.service.DefaultServiceRegistry.addProvider(Lorg/gradle/internal/service/ServiceRegistrationProvider;)Lorg/gradle/internal/service/DefaultServiceRegistry;+6
j  org.gradle.internal.service.DefaultServiceRegistry$1.addProvider(Lorg/gradle/internal/service/ServiceRegistrationProvider;)V+5
j  org.gradle.internal.service.scopes.GradleUserHomeScopeServices.configure(Lorg/gradle/internal/service/ServiceRegistration;)V+13
j  java.lang.invoke.DirectMethodHandle$Holder.invokeVirtual(Ljava/lang/Object;Ljava/lang/Object;Ljava/lang/Object;)V+11 java.base@21.0.12.1
j  java.lang.invoke.LambdaForm$MH+0x0000023f3802a400.invoke(Ljava/lang/Object;Ljava/lang/Object;)Ljava/lang/Object;+39 java.base@21.0.12.1
j  java.lang.invoke.LambdaForm$MH+0x0000023f38029c00.invoke(Ljava/lang/Object;Ljava/lang/Object;Ljava/lang/Object;)Ljava/lang/Object;+45 java.base@21.0.12.1
j  java.lang.invoke.Invokers$Holder.invokeExact_MT(Ljava/lang/Object;Ljava/lang/Object;Ljava/lang/Object;Ljava/lang/Object;)Ljava/lang/Object;+20 java.base@21.0.12.1
j  java.lang.invoke.MethodHandle.invokeWithArguments([Ljava/lang/Object;)Ljava/lang/Object;+28 java.base@21.0.12.1
j  org.gradle.internal.service.MethodHandleBasedServiceMethod.invoke(Ljava/lang/Object;[Ljava/lang/Object;)Ljava/lang/Object;+9
j  org.gradle.internal.service.DefaultServiceRegistry.applyConfigureMethod(Lorg/gradle/internal/service/ServiceMethod;Ljava/lang/Object;)V+140
j  org.gradle.internal.service.DefaultServiceRegistry.findProviderMethods(Lorg/gradle/internal/service/ServiceRegistrationProvider;)V+196
j  org.gradle.internal.service.DefaultServiceRegistry.addProvider(Lorg/gradle/internal/service/ServiceRegistrationProvider;)Lorg/gradle/internal/service/DefaultServiceRegistry;+6
j  org.gradle.internal.service.ServiceRegistryBuilder.build()Lorg/gradle/internal/service/ServiceRegistry;+93
j  org.gradle.internal.service.scopes.DefaultGradleUserHomeScopeServiceRegistry.getServicesFor(Ljava/io/File;)Lorg/gradle/internal/service/ServiceRegistry;+152
j  org.gradle.internal.session.BuildSessionState.<init>(Lorg/gradle/internal/service/scopes/GradleUserHomeScopeServiceRegistry;Lorg/gradle/internal/session/CrossBuildSessionState;Lorg/gradle/api/internal/StartParameterInternal;Lorg/gradle/initialization/BuildRequestMetaData;Lorg/gradle/internal/classpath/ClassPath;Lorg/gradle/initialization/BuildCancellationToken;Lorg/gradle/initialization/BuildClientMetaData;Lorg/gradle/initialization/BuildEventConsumer;)V+15
j  org.gradle.internal.buildprocess.execution.BuildSessionLifecycleBuildActionExecutor.execute(Lorg/gradle/internal/invocation/BuildAction;Lorg/gradle/launcher/exec/BuildActionParameters;Lorg/gradle/initialization/BuildRequestContext;)Lorg/gradle/launcher/exec/BuildActionResult;+86
j  org.gradle.internal.buildprocess.execution.BuildSessionLifecycleBuildActionExecutor.execute(Lorg/gradle/internal/invocation/BuildAction;Ljava/lang/Object;Ljava/lang/Object;)Lorg/gradle/launcher/exec/BuildActionResult;+10
j  org.gradle.internal.buildprocess.execution.StartParamsValidatingActionExecutor.execute(Lorg/gradle/internal/invocation/BuildAction;Lorg/gradle/launcher/exec/BuildActionParameters;Lorg/gradle/initialization/BuildRequestContext;)Lorg/gradle/launcher/exec/BuildActionResult;+203
j  org.gradle.internal.buildprocess.execution.StartParamsValidatingActionExecutor.execute(Lorg/gradle/internal/invocation/BuildAction;Ljava/lang/Object;Ljava/lang/Object;)Lorg/gradle/launcher/exec/BuildActionResult;+10
j  org.gradle.internal.buildprocess.execution.SessionFailureReportingActionExecutor.execute(Lorg/gradle/internal/invocation/BuildAction;Lorg/gradle/launcher/exec/BuildActionParameters;Lorg/gradle/initialization/BuildRequestContext;)Lorg/gradle/launcher/exec/BuildActionResult;+7
j  org.gradle.internal.buildprocess.execution.SessionFailureReportingActionExecutor.execute(Lorg/gradle/internal/invocation/BuildAction;Ljava/lang/Object;Ljava/lang/Object;)Lorg/gradle/launcher/exec/BuildActionResult;+10
j  org.gradle.internal.buildprocess.execution.SetupLoggingActionExecutor.execute(Lorg/gradle/internal/invocation/BuildAction;Lorg/gradle/launcher/exec/BuildActionParameters;Lorg/gradle/initialization/BuildRequestContext;)Lorg/gradle/launcher/exec/BuildActionResult;+50
j  org.gradle.internal.buildprocess.execution.SetupLoggingActionExecutor.execute(Lorg/gradle/internal/invocation/BuildAction;Ljava/lang/Object;Ljava/lang/Object;)Lorg/gradle/launcher/exec/BuildActionResult;+10
j  org.gradle.launcher.daemon.server.exec.ExecuteBuild.doBuild(Lorg/gradle/launcher/daemon/server/api/DaemonCommandExecution;Lorg/gradle/launcher/daemon/protocol/Build;)V+147
j  org.gradle.launcher.daemon.server.exec.BuildCommandOnly.execute(Lorg/gradle/launcher/daemon/server/api/DaemonCommandExecution;)V+49
j  org.gradle.launcher.daemon.server.api.DaemonCommandExecution.proceed()Z+23
j  org.gradle.launcher.daemon.server.exec.WatchForDisconnection.execute(Lorg/gradle/launcher/daemon/server/api/DaemonCommandExecution;)V+19
j  org.gradle.launcher.daemon.server.api.DaemonCommandExecution.proceed()Z+23
j  org.gradle.launcher.daemon.server.exec.ResetDeprecationLogger.execute(Lorg/gradle/launcher/daemon/server/api/DaemonCommandExecution;)V+7
j  org.gradle.launcher.daemon.server.api.DaemonCommandExecution.proceed()Z+23
j  org.gradle.launcher.daemon.server.exec.RequestStopIfSingleUsedDaemon.execute(Lorg/gradle/launcher/daemon/server/api/DaemonCommandExecution;)V+33
j  org.gradle.launcher.daemon.server.api.DaemonCommandExecution.proceed()Z+23
j  org.gradle.launcher.daemon.server.exec.ForwardClientInput.lambda$execute$0(Lorg/gradle/launcher/daemon/server/api/DaemonCommandExecution;Lorg/gradle/internal/daemon/clientinput/StdinHandler;)Ljava/lang/Object;+11
j  org.gradle.launcher.daemon.server.exec.ForwardClientInput$$Lambda+0x0000023f3818a160.apply(Ljava/lang/Object;)Ljava/lang/Object;+8
j  org.gradle.internal.daemon.clientinput.ClientInputForwarder.forwardInput(Ljava/util/function/Function;)Ljava/lang/Object;+46
j  org.gradle.launcher.daemon.server.exec.ForwardClientInput.execute(Lorg/gradle/launcher/daemon/server/api/DaemonCommandExecution;)V+10
j  org.gradle.launcher.daemon.server.api.DaemonCommandExecution.proceed()Z+23
j  org.gradle.launcher.daemon.server.exec.LogAndCheckHealth.execute(Lorg/gradle/launcher/daemon/server/api/DaemonCommandExecution;)V+51
j  org.gradle.launcher.daemon.server.api.DaemonCommandExecution.proceed()Z+23
j  org.gradle.launcher.daemon.server.exec.LogToClient.doBuild(Lorg/gradle/launcher/daemon/server/api/DaemonCommandExecution;Lorg/gradle/launcher/daemon/protocol/Build;)V+87
j  org.gradle.launcher.daemon.server.exec.BuildCommandOnly.execute(Lorg/gradle/launcher/daemon/server/api/DaemonCommandExecution;)V+49
j  org.gradle.launcher.daemon.server.api.DaemonCommandExecution.proceed()Z+23
j  org.gradle.launcher.daemon.server.exec.EstablishBuildEnvironment.doBuild(Lorg/gradle/launcher/daemon/server/api/DaemonCommandExecution;Lorg/gradle/launcher/daemon/protocol/Build;)V+356
j  org.gradle.launcher.daemon.server.exec.BuildCommandOnly.execute(Lorg/gradle/launcher/daemon/server/api/DaemonCommandExecution;)V+49
j  org.gradle.launcher.daemon.server.api.DaemonCommandExecution.proceed()Z+23
j  org.gradle.launcher.daemon.server.exec.StartBuildOrRespondWithBusy$1.run()V+44
j  org.gradle.launcher.daemon.server.DaemonStateCoordinator.lambda$runCommand$0(Ljava/lang/Runnable;)V+1
j  org.gradle.launcher.daemon.server.DaemonStateCoordinator$$Lambda+0x0000023f38188ae8.run()V+8
j  org.gradle.internal.concurrent.ExecutorPolicy$CatchAndRecordFailures.onExecute(Ljava/lang/Runnable;)V+1
j  org.gradle.internal.concurrent.AbstractManagedExecutor$1.run()V+25
j  java.util.concurrent.ThreadPoolExecutor.runWorker(Ljava/util/concurrent/ThreadPoolExecutor$Worker;)V+92 java.base@21.0.12.1
j  java.util.concurrent.ThreadPoolExecutor$Worker.run()V+5 java.base@21.0.12.1
j  java.lang.Thread.runWith(Ljava/lang/Object;Ljava/lang/Runnable;)V+5 java.base@21.0.12.1
j  java.lang.Thread.run()V+19 java.base@21.0.12.1
v  ~StubRoutines::call_stub 0x0000023f2a80100d

Compiled method (n/a) 9827  226     n 0       java.lang.invoke.MethodHandleNatives::resolve (native)
 total in heap  [0x0000023f2af62c10,0x0000023f2af63158] = 1352
 relocation     [0x0000023f2af62d70,0x0000023f2af62da8] = 56
 main code      [0x0000023f2af62dc0,0x0000023f2af63158] = 920

[Constant Pool (empty)]

[MachCode]
[Entry Point]
  # {method} {0x0000023f370a42c0} 'resolve' '(Ljava/lang/invoke/MemberName;Ljava/lang/Class;IZ)Ljava/lang/invoke/MemberName;' in 'java/lang/invoke/MethodHandleNatives'
  # parm0:    rdx:rdx   = 'java/lang/invoke/MemberName'
  # parm1:    r8:r8     = 'java/lang/Class'
  # parm2:    r9        = int
  # parm3:    rdi       = boolean
  #           [sp+0x80]  (sp of caller)
  0x0000023f2af62dc0: 448b 5208 | 49bb 0000 | 0037 3f02 | 0000 4d03 | d349 3bc2 | 0f84 0600 

  0x0000023f2af62dd8: ;   {runtime_call ic_miss_stub}
  0x0000023f2af62dd8: 0000 e9a1 | b98e ff90 
[Verified Entry Point]
  0x0000023f2af62de0: 8984 2400 | 80ff ff55 | 488b ec48 | 83ec 7090 | 4181 7f20 | 0100 0000 

  0x0000023f2af62df8: ;   {runtime_call StubRoutines (final stubs)}
  0x0000023f2af62df8: 7405 e8a1 | 368d ff48 | 897c 2428 | 4c89 4c24 | 204c 8944 | 2438 4983 | f800 4c8d | 4c24 384c 
  0x0000023f2af62e18: 0f44 4c24 | 3848 8954 | 2430 4883 | fa00 4c8d | 4424 304c | 0f44 4424 

  0x0000023f2af62e30: ;   {oop(a 'java/lang/Class'{0x00000000e0716f68} = 'java/lang/invoke/MethodHandleNatives')}
  0x0000023f2af62e30: 3049 be68 | 6f71 e000 | 0000 004c | 8974 2460 | 4c8d 7424 | 6049 8bd6 

  0x0000023f2af62e48: ;   {internal_word}
  0x0000023f2af62e48: c5f8 7749 | ba48 2ef6 | 2a3f 0200 | 004d 8997 | a803 0000 | 4989 a7a0 

  0x0000023f2af62e60: ;   {external_word}
  0x0000023f2af62e60: 0300 0049 | ba06 6d4c | 20fa 7f00 | 0041 803a | 000f 844e | 0000 0052 | 4150 4151 

  0x0000023f2af62e7c: ;   {metadata({method} {0x0000023f370a42c0} 'resolve' '(Ljava/lang/invoke/MemberName;Ljava/lang/Class;IZ)Ljava/lang/invoke/MemberName;' in 'java/lang/invoke/MethodHandleNatives')}
  0x0000023f2af62e7c: 48ba b842 | 0a37 3f02 | 0000 498b | cf48 83ec | 2040 f6c4 | 0f0f 8419 | 0000 0048 

  0x0000023f2af62e98: ;   {runtime_call}
  0x0000023f2af62e98: 83ec 0848 | b8e0 eaf5 | 1ffa 7f00 | 00ff d048 | 83c4 08e9 | 0c00 0000 

  0x0000023f2af62eb0: ;   {runtime_call}
  0x0000023f2af62eb0: 48b8 e0ea | f51f fa7f | 0000 ffd0 | 4883 c420 | 4159 4158 | 5a49 8d8f | c003 0000 | 41c7 874c 
  0x0000023f2af62ed0: 0400 0004 

  0x0000023f2af62ed4: ;   {runtime_call}
  0x0000023f2af62ed4: 0000 0048 | b8c0 08eb | 1ffa 7f00 | 00ff d0c5 | f877 41c7 | 874c 0400 | 0005 0000 | 00f0 8344 
  0x0000023f2af62ef4: 24c0 0049 | 3baf 5004 | 0000 0f87 | 0e00 0000 | 4183 bf48 | 0400 0000 | 0f84 2b00 | 0000 c5f8 
  0x0000023f2af62f14: 7748 8945 | f849 8bcf | 4c8b e448 | 83ec 2048 

  0x0000023f2af62f24: ;   {runtime_call}
  0x0000023f2af62f24: 83e4 f048 | b800 58c1 | 1ffa 7f00 | 00ff d049 | 8be4 4d33 | e448 8b45 | f841 c787 | 4c04 0000 
  0x0000023f2af62f44: 0800 0000 | 4183 bfc8 | 0400 0002 | 0f84 d501 

  0x0000023f2af62f54: ;   {external_word}
  0x0000023f2af62f54: 0000 49ba | 066d 4c20 | fa7f 0000 | 4180 3a00 | 0f84 4c00 | 0000 4889 

  0x0000023f2af62f6c: ;   {metadata({method} {0x0000023f370a42c0} 'resolve' '(Ljava/lang/invoke/MemberName;Ljava/lang/Class;IZ)Ljava/lang/invoke/MemberName;' in 'java/lang/invoke/MethodHandleNatives')}
  0x0000023f2af62f6c: 45f8 48ba | b842 0a37 | 3f02 0000 | 498b cf48 | 83ec 2040 | f6c4 0f0f | 8419 0000 | 0048 83ec 
  0x0000023f2af62f8c: ;   {runtime_call}
  0x0000023f2af62f8c: 0848 b8e0 | eaf5 1ffa | 7f00 00ff | d048 83c4 | 08e9 0c00 

  0x0000023f2af62fa0: ;   {runtime_call}
  0x0000023f2af62fa0: 0000 48b8 | e0ea f51f | fa7f 0000 | ffd0 4883 | c420 488b | 45f8 49c7 | 87a0 0300 | 0000 0000 
  0x0000023f2af62fc0: 0049 c787 | a803 0000 | 0000 0000 | c5f8 7748 | 85c0 0f84 | 3001 0000 | a803 0f85 | 0800 0000 
  0x0000023f2af62fe0: 488b 00e9 | 2001 0000 | a801 0f85 | 0900 0000 | 488b 40fe | e90f 0100 | 0048 8b40 | ff41 807f 
  0x0000023f2af63000: 4000 0f84 | 0001 0000 | 4883 f800 | 0f84 f600 | 0000 498b | 4f28 4883 | f900 0f84 | 1400 0000 
  0x0000023f2af63020: 4883 e908 | 4989 4f28 | 4903 4f38 | 4889 01e9 | d400 0000 | 4883 ec70 | 4889 0424 | 4889 4c24 
  0x0000023f2af63040: 0848 8954 | 2410 4c89 | 4424 184c | 894c 2420 | 4c89 5424 | 284c 895c | 2430 c5fb | 1144 2440 
  0x0000023f2af63060: c5fb 114c | 2448 c5fb | 1154 2450 | c5fb 115c | 2458 c5fb | 1164 2460 | c5fb 116c | 2468 498b 
  0x0000023f2af63080: d748 8bc8 | 4883 ec20 | 40f6 c40f | 0f84 1900 | 0000 4883 

  0x0000023f2af63094: ;   {runtime_call}
  0x0000023f2af63094: ec08 48b8 | 20a4 b41f | fa7f 0000 | ffd0 4883 | c408 e90c 

  0x0000023f2af630a8: ;   {runtime_call}
  0x0000023f2af630a8: 0000 0048 | b820 a4b4 | 1ffa 7f00 | 00ff d048 | 83c4 20c5 | fb10 6c24 | 68c5 fb10 | 6424 60c5 
  0x0000023f2af630c8: fb10 5c24 | 58c5 fb10 | 5424 50c5 | fb10 4c24 | 48c5 fb10 | 4424 404c | 8b5c 2430 | 4c8b 5424 
  0x0000023f2af630e8: 284c 8b4c | 2420 4c8b | 4424 1848 | 8b54 2410 | 488b 4c24 | 0848 8b04 | 2448 83c4 | 70c5 f877 
  0x0000023f2af63108: 498b 8f30 | 0400 00c7 | 8100 0100 | 0000 0000 | 00c9 4983 | 7f08 000f | 8501 0000 

  0x0000023f2af63124: ;   {runtime_call StubRoutines (initial stubs)}
  0x0000023f2af63124: 00c3 e9d5 | dd89 ffc5 | f877 4889 | 45f8 4c8b | e448 83ec | 2048 83e4 

  0x0000023f2af6313c: ;   {runtime_call}
  0x0000023f2af6313c: f048 b830 | 22f6 1ffa | 7f00 00ff | d049 8be4 | 4d33 e448 | 8b45 f8e9 | fefd ffff 
[/MachCode]


Compiled method (c1) 9835  979   !   3       java.lang.invoke.MemberName$Factory::resolve (159 bytes)
 total in heap  [0x0000023f2354ec90,0x0000023f2354f840] = 2992
 relocation     [0x0000023f2354edf0,0x0000023f2354eec0] = 208
 main code      [0x0000023f2354eec0,0x0000023f2354f510] = 1616
 stub code      [0x0000023f2354f510,0x0000023f2354f598] = 136
 metadata       [0x0000023f2354f598,0x0000023f2354f5b0] = 24
 scopes data    [0x0000023f2354f5b0,0x0000023f2354f698] = 232
 scopes pcs     [0x0000023f2354f698,0x0000023f2354f798] = 256
 dependencies   [0x0000023f2354f798,0x0000023f2354f7a0] = 8
 handler table  [0x0000023f2354f7a0,0x0000023f2354f818] = 120
 nul chk table  [0x0000023f2354f818,0x0000023f2354f840] = 40

[Constant Pool (empty)]

[MachCode]
[Entry Point]
  # {method} {0x0000023f37149380} 'resolve' '(BLjava/lang/invoke/MemberName;Ljava/lang/Class;IZ)Ljava/lang/invoke/MemberName;' in 'java/lang/invoke/MemberName$Factory'
  # this:     rdx:rdx   = 'java/lang/invoke/MemberName$Factory'
  # parm0:    r8        = byte
  # parm1:    r9:r9     = 'java/lang/invoke/MemberName'
  # parm2:    rdi:rdi   = 'java/lang/Class'
  # parm3:    rsi       = int
  # parm4:    rcx       = boolean
  #           [sp+0xa0]  (sp of caller)
  0x0000023f2354eec0: 448b 5208 | 49bb 0000 | 0037 3f02 | 0000 4d03 | d34c 3bd0 

  0x0000023f2354eed4: ;   {runtime_call ic_miss_stub}
  0x0000023f2354eed4: 0f85 a6f8 | 2f07 660f | 1f44 0000 
[Verified Entry Point]
  0x0000023f2354eee0: 8984 2400 | 80ff ff55 | 4881 ec90 | 0000 0090 | 4181 7f20 | 0100 0000 

  0x0000023f2354eef8: ;   {runtime_call StubRoutines (final stubs)}
  0x0000023f2354eef8: 7405 e8a1 | 752e 0744 | 8944 2468 | 4889 7c24 | 5889 7424 | 6089 4c24 

  0x0000023f2354ef10: ;   {metadata(method data for {method} {0x0000023f37149380} 'resolve' '(BLjava/lang/invoke/MemberName;Ljava/lang/Class;IZ)Ljava/lang/invoke/MemberName;' in 'java/lang/invoke/MemberName$Factory')}
  0x0000023f2354ef10: 6448 bbd8 | 7813 4c3f | 0200 008b | 83cc 0000 | 0083 c002 | 8983 cc00 | 0000 25fe | 0700 0085 
  0x0000023f2354ef30: c00f 8452 | 0400 0049 | 3b01 498b 

  0x0000023f2354ef3c: ;   {metadata(method data for {method} {0x0000023f37149380} 'resolve' '(BLjava/lang/invoke/MemberName;Ljava/lang/Class;IZ)Ljava/lang/invoke/MemberName;' in 'java/lang/invoke/MemberName$Factory')}
  0x0000023f2354ef3c: d148 bbd8 | 7813 4c3f | 0200 0048 | 8383 1001 

  0x0000023f2354ef4c: ;   {metadata(method data for {method} {0x0000023f373ec6b8} 'clone' '()Ljava/lang/invoke/MemberName;' in 'java/lang/invoke/MemberName')}
  0x0000023f2354ef4c: 0000 0148 | baf8 620f | 4c3f 0200 | 008b 9acc | 0000 0083 | c302 899a | cc00 0000 | 81e3 feff 
  0x0000023f2354ef6c: 1f00 85db | 0f84 3904 | 0000 498b 

  0x0000023f2354ef78: ;   {metadata(method data for {method} {0x0000023f373ec6b8} 'clone' '()Ljava/lang/invoke/MemberName;' in 'java/lang/invoke/MemberName')}
  0x0000023f2354ef78: d148 bbf8 | 620f 4c3f | 0200 0048 | 8383 1001 | 0000 0149 

  0x0000023f2354ef8c: ;   {optimized virtual_call}
  0x0000023f2354ef8c: 8bd1 90e8 

  0x0000023f2354ef90: ; ImmutableOopMap {[88]=Oop }
                      ;*invokespecial clone {reexecute=0 rethrow=0 return_oop=0}
                      ; - java.lang.invoke.MemberName::clone@1
                      ; - java.lang.invoke.MemberName$Factory::resolve@1
  0x0000023f2354ef90: 4c57 a007 

  0x0000023f2354ef94: ;   {other}
  0x0000023f2354ef94: 0f1f 8400 | 0403 0000 | 4885 c075 

  0x0000023f2354efa0: ;   {metadata(method data for {method} {0x0000023f373ec6b8} 'clone' '()Ljava/lang/invoke/MemberName;' in 'java/lang/invoke/MemberName')}
  0x0000023f2354efa0: 1749 b8f8 | 620f 4c3f | 0200 0041 | 8088 1901 | 0000 01e9 | cd00 0000 

  0x0000023f2354efb8: ;   {metadata('java/lang/invoke/MemberName')}
  0x0000023f2354efb8: 49b9 880f | 0937 3f02 | 0000 8b50 | 0849 ba00 | 0000 373f | 0200 0049 | 03d2 4c3b | ca0f 858e 
  0x0000023f2354efd8: ;   {metadata(method data for {method} {0x0000023f373ec6b8} 'clone' '()Ljava/lang/invoke/MemberName;' in 'java/lang/invoke/MemberName')}
  0x0000023f2354efd8: 0000 0049 | b8f8 620f | 4c3f 0200 | 0044 8b48 | 0849 ba00 | 0000 373f | 0200 004d | 03ca 4d3b 
  0x0000023f2354eff8: 8830 0100 | 0075 0d49 | 8380 3801 | 0000 01e9 | 7900 0000 | 4d3b 8840 | 0100 0075 | 0d49 8380 
  0x0000023f2354f018: 4801 0000 | 01e9 6300 | 0000 4983 | b830 0100 | 0000 7517 | 4d89 8830 | 0100 0049 | c780 3801 
  0x0000023f2354f038: 0000 0100 | 0000 e942 | 0000 0049 | 83b8 4001 | 0000 0075 | 174d 8988 | 4001 0000 | 49c7 8048 
  0x0000023f2354f058: 0100 0001 | 0000 00e9 | 2100 0000 | e91c 0000 

  0x0000023f2354f068: ;   {metadata(method data for {method} {0x0000023f373ec6b8} 'clone' '()Ljava/lang/invoke/MemberName;' in 'java/lang/invoke/MemberName')}
  0x0000023f2354f068: 0049 b8f8 | 620f 4c3f | 0200 0049 | 83a8 2001 | 0000 01e9 | 5003 0000 | e900 0000 | 0048 8bf0 
  0x0000023f2354f088: ;   {metadata(method data for {method} {0x0000023f37149380} 'resolve' '(BLjava/lang/invoke/MemberName;Ljava/lang/Class;IZ)Ljava/lang/invoke/MemberName;' in 'java/lang/invoke/MemberName$Factory')}
  0x0000023f2354f088: 48ba d878 | 134c 3f02 | 0000 ff82 | 4801 0000 

  0x0000023f2354f098: ;   {metadata(method data for {method} {0x0000023f37149380} 'resolve' '(BLjava/lang/invoke/MemberName;Ljava/lang/Class;IZ)Ljava/lang/invoke/MemberName;' in 'java/lang/invoke/MemberName$Factory')}
  0x0000023f2354f098: 48ba d878 | 134c 3f02 | 0000 4883 | 82d0 0100 | 0001 488b | d64c 8b44 | 2458 448b | 4c24 608b 
  0x0000023f2354f0b8: 7c24 6448 | 8974 2470 | 0f1f 8000 

  0x0000023f2354f0c4: ;   {static_call}
  0x0000023f2354f0c4: 0000 00e8 

  0x0000023f2354f0c8: ; ImmutableOopMap {[112]=Oop }
                      ;*invokestatic resolve {reexecute=0 rethrow=0 return_oop=0}
                      ; - java.lang.invoke.MemberName$Factory::resolve@36
  0x0000023f2354f0c8: 143d a107 

  0x0000023f2354f0cc: ;   {other}
  0x0000023f2354f0cc: 0f1f 8400 | 3c04 0001 | 4889 4424 | 7848 85c0 

  0x0000023f2354f0dc: ;   {metadata(method data for {method} {0x0000023f37149380} 'resolve' '(BLjava/lang/invoke/MemberName;Ljava/lang/Class;IZ)Ljava/lang/invoke/MemberName;' in 'java/lang/invoke/MemberName$Factory')}
  0x0000023f2354f0dc: 49b8 d878 | 134c 3f02 | 0000 48c7 | c2e0 0100 | 0075 0748 | c7c2 f001 | 0000 498b | 3410 488d 
  0x0000023f2354f0fc: 7601 4989 | 3410 0f85 | 3200 0000 | 8b4c 2464 

  0x0000023f2354f10c: ;   {metadata(method data for {method} {0x0000023f37149380} 'resolve' '(BLjava/lang/invoke/MemberName;Ljava/lang/Class;IZ)Ljava/lang/invoke/MemberName;' in 'java/lang/invoke/MemberName$Factory')}
  0x0000023f2354f10c: 85c9 49b8 | d878 134c | 3f02 0000 | 48c7 c210 | 0200 0075 | 0748 c7c2 | 0002 0000 | 498b 3410 
  0x0000023f2354f12c: 488d 7601 | 4989 3410 | 0f85 d500 | 0000 483b | 004c 8bc0 

  0x0000023f2354f140: ;   {metadata(method data for {method} {0x0000023f37149380} 'resolve' '(BLjava/lang/invoke/MemberName;Ljava/lang/Class;IZ)Ljava/lang/invoke/MemberName;' in 'java/lang/invoke/MemberName$Factory')}
  0x0000023f2354f140: 48ba d878 | 134c 3f02 | 0000 4883 | 8220 0200 | 0001 448b | 4018 488b 

  0x0000023f2354f158: ;   {metadata(method data for {method} {0x0000023f37149380} 'resolve' '(BLjava/lang/invoke/MemberName;Ljava/lang/Class;IZ)Ljava/lang/invoke/MemberName;' in 'java/lang/invoke/MemberName$Factory')}
  0x0000023f2354f158: d048 bed8 | 7813 4c3f | 0200 0048 | 8386 5802 | 0000 0148 

  0x0000023f2354f16c: ;   {optimized virtual_call}
  0x0000023f2354f16c: 8bd0 90e8 

  0x0000023f2354f170: ; ImmutableOopMap {[120]=Oop }
                      ;*invokevirtual checkForTypeAlias {reexecute=0 rethrow=0 return_oop=0}
                      ; - java.lang.invoke.MemberName$Factory::resolve@60
  0x0000023f2354f170: 8cfc 1b00 

  0x0000023f2354f174: ;   {other}
  0x0000023f2354f174: 0f1f 8400 | e404 0002 | 450f be47 | 4045 85c0 | 488b 4424 | 780f 854f | 0200 00c7 | 4028 0000 
  0x0000023f2354f194: ;   {metadata(method data for {method} {0x0000023f37149380} 'resolve' '(BLjava/lang/invoke/MemberName;Ljava/lang/Class;IZ)Ljava/lang/invoke/MemberName;' in 'java/lang/invoke/MemberName$Factory')}
  0x0000023f2354f194: 0000 49b8 | d878 134c | 3f02 0000 | 41ff 8090 

  0x0000023f2354f1a4: ;   {metadata(method data for {method} {0x0000023f37149380} 'resolve' '(BLjava/lang/invoke/MemberName;Ljava/lang/Class;IZ)Ljava/lang/invoke/MemberName;' in 'java/lang/invoke/MemberName$Factory')}
  0x0000023f2354f1a4: 0200 0049 | b8d8 7813 | 4c3f 0200 | 0041 ff80 | 3003 0000 

  0x0000023f2354f1b8: ;   {metadata(method data for {method} {0x0000023f37149380} 'resolve' '(BLjava/lang/invoke/MemberName;Ljava/lang/Class;IZ)Ljava/lang/invoke/MemberName;' in 'java/lang/invoke/MemberName$Factory')}
  0x0000023f2354f1b8: 4c8b c048 | bad8 7813 | 4c3f 0200 | 0048 8382 | b803 0000 | 0141 b801 | 0000 0048 

  0x0000023f2354f1d4: ;   {optimized virtual_call}
  0x0000023f2354f1d4: 8bd0 90e8 

  0x0000023f2354f1d8: ; ImmutableOopMap {[120]=Oop }
                      ;*invokevirtual initResolved {reexecute=0 rethrow=0 return_oop=0}
                      ; - java.lang.invoke.MemberName$Factory::resolve@131
  0x0000023f2354f1d8: 04df e9ff 

  0x0000023f2354f1dc: ;   {other}
  0x0000023f2354f1dc: 0f1f 8400 | 4c05 0003 

  0x0000023f2354f1e4: ;   {metadata(method data for {method} {0x0000023f37149380} 'resolve' '(BLjava/lang/invoke/MemberName;Ljava/lang/Class;IZ)Ljava/lang/invoke/MemberName;' in 'java/lang/invoke/MemberName$Factory')}
  0x0000023f2354f1e4: 48b8 d878 | 134c 3f02 | 0000 ff80 | f003 0000 | 488b 4424 | 7848 81c4 | 9000 0000 

  0x0000023f2354f200: ;   {poll_return}
  0x0000023f2354f200: 5d49 3ba7 | 5004 0000 | 0f87 ec01 

  0x0000023f2354f20c: ;   {oop(nullptr)}
  0x0000023f2354f20c: 0000 c348 | b800 0000 | 0000 0000 | 0048 81c4 | 9000 0000 

  0x0000023f2354f220: ;   {poll_return}
  0x0000023f2354f220: 5d49 3ba7 | 5004 0000 | 0f87 e201 | 0000 c349 | 8b87 0005 | 0000 4d33 | d24d 8997 | 0005 0000 
  0x0000023f2354f240: 4d33 d24d | 8997 0805 

  0x0000023f2354f248: ;   {metadata(method data for {method} {0x0000023f37149380} 'resolve' '(BLjava/lang/invoke/MemberName;Ljava/lang/Class;IZ)Ljava/lang/invoke/MemberName;' in 'java/lang/invoke/MemberName$Factory')}
  0x0000023f2354f248: 0000 48be | d878 134c | 3f02 0000 | ff86 a802 | 0000 410f | be77 4085 | f60f 85bf | 0100 004c 
  0x0000023f2354f268: 8bd0 4489 | 5228 488b | f248 33f0 | 48c1 ee14 | 4883 fe00 | 0f85 c401 | 0000 488b | c248 81c4 
  0x0000023f2354f288: 9000 0000 

  0x0000023f2354f28c: ;   {poll_return}
  0x0000023f2354f28c: 5d49 3ba7 | 5004 0000 | 0f87 c401 | 0000 c349 | 8b87 0005 | 0000 4d33 | d24d 8997 | 0005 0000 
  0x0000023f2354f2ac: 4d33 d24d | 8997 0805 | 0000 488b 

  0x0000023f2354f2b8: ;   {metadata(method data for {method} {0x0000023f373ec6b8} 'clone' '()Ljava/lang/invoke/MemberName;' in 'java/lang/invoke/MemberName')}
  0x0000023f2354f2b8: d848 baf8 | 620f 4c3f | 0200 0048 | 8382 5801 

  0x0000023f2354f2c8: ;   {metadata(method data for {method} {0x0000023f37402e60} 'newInternalError' '(Ljava/lang/Exception;)Ljava/lang/InternalError;' in 'java/lang/invoke/MethodHandleStatics')}
  0x0000023f2354f2c8: 0000 0148 | baa0 640f | 4c3f 0200 | 008b 82cc | 0000 0083 | c002 8982 | cc00 0000 | 25fe ff1f 
  0x0000023f2354f2e8: 0085 c00f | 8483 0100 

  0x0000023f2354f2f0: ;   {metadata('java/lang/InternalError')}
  0x0000023f2354f2f0: 0048 ba38 | 0701 373f | 0200 0049 | 8b87 b801 | 0000 488d | 7828 493b | bfc8 0100 | 000f 8782 
  0x0000023f2354f310: 0100 0049 | 89bf b801 | 0000 48c7 | 0001 0000 | 0048 8bca | 49ba 0000 | 0037 3f02 | 0000 492b 
  0x0000023f2354f330: ca89 4808 | 4833 c989 | 480c 4833 | c948 8948 | 1048 8948 | 1848 8948 | 2048 8bd0 

  0x0000023f2354f34c: ;   {metadata(method data for {method} {0x0000023f37402e60} 'newInternalError' '(Ljava/lang/Exception;)Ljava/lang/InternalError;' in 'java/lang/invoke/MethodHandleStatics')}
  0x0000023f2354f34c: 48be a064 | 0f4c 3f02 | 0000 4883 | 8610 0100 | 0001 4c8b | c348 8bd0 | 4889 8424 | 8000 0000 
  0x0000023f2354f36c: ;   {optimized virtual_call}
  0x0000023f2354f36c: 6666 90e8 

  0x0000023f2354f370: ; ImmutableOopMap {[88]=Oop [128]=Oop }
                      ;*invokespecial <init> {reexecute=0 rethrow=0 return_oop=0}
                      ; - java.lang.invoke.MethodHandleStatics::newInternalError@5
                      ; - java.lang.invoke.MemberName::clone@10
                      ; - java.lang.invoke.MemberName$Factory::resolve@1
  0x0000023f2354f370: 0cf7 2f07 

  0x0000023f2354f374: ;   {other}
  0x0000023f2354f374: 0f1f 8400 | e406 0004 | 488b 8424 | 8000 0000 | e973 0100 

  0x0000023f2354f388: ;   {metadata({method} {0x0000023f37149380} 'resolve' '(BLjava/lang/invoke/MemberName;Ljava/lang/Class;IZ)Ljava/lang/invoke/MemberName;' in 'java/lang/invoke/MemberName$Factory')}
  0x0000023f2354f388: 0049 ba78 | 9314 373f | 0200 004c | 8954 2408 | 48c7 0424 | ffff ffff 

  0x0000023f2354f3a0: ;   {runtime_call counter_overflow Runtime1 stub}
  0x0000023f2354f3a0: e85b 8d3d 

  0x0000023f2354f3a4: ; ImmutableOopMap {rdx=Oop r9=Oop rdi=Oop [88]=Oop }
                      ;*synchronization entry
                      ; - java.lang.invoke.MemberName$Factory::resolve@-1
  0x0000023f2354f3a4: 07e9 8dfb 

  0x0000023f2354f3a8: ;   {runtime_call throw_null_pointer_exception Runtime1 stub}
  0x0000023f2354f3a8: ffff e8d1 

  0x0000023f2354f3ac: ; ImmutableOopMap {r9=Oop [88]=Oop }
                      ;*invokevirtual clone {reexecute=0 rethrow=0 return_oop=0}
                      ; - java.lang.invoke.MemberName$Factory::resolve@1
                      ;   {metadata({method} {0x0000023f373ec6b8} 'clone' '()Ljava/lang/invoke/MemberName;' in 'java/lang/invoke/MemberName')}
  0x0000023f2354f3ac: 5034 0749 | bab0 c63e | 373f 0200 | 004c 8954 | 2408 48c7 | 0424 ffff 

  0x0000023f2354f3c4: ;   {runtime_call counter_overflow Runtime1 stub}
  0x0000023f2354f3c4: ffff e835 

  0x0000023f2354f3c8: ; ImmutableOopMap {r9=Oop [88]=Oop }
                      ;*synchronization entry
                      ; - java.lang.invoke.MemberName::clone@-1
                      ; - java.lang.invoke.MemberName$Factory::resolve@1
  0x0000023f2354f3c8: 8d3d 07e9 | a6fb ffff | 4889 0424 

  0x0000023f2354f3d4: ;   {runtime_call throw_class_cast_exception Runtime1 stub}
  0x0000023f2354f3d4: e827 603d 

  0x0000023f2354f3d8: ; ImmutableOopMap {[88]=Oop }
                      ;*checkcast {reexecute=0 rethrow=0 return_oop=0}
                      ; - java.lang.invoke.MemberName::clone@4
                      ; - java.lang.invoke.MemberName$Factory::resolve@1
                      ;   {runtime_call throw_null_pointer_exception Runtime1 stub}
  0x0000023f2354f3d8: 07e8 a250 

  0x0000023f2354f3dc: ; ImmutableOopMap {rax=Oop [120]=Oop }
                      ;*invokevirtual getDeclaringClass {reexecute=0 rethrow=0 return_oop=0}
                      ; - java.lang.invoke.MemberName$Factory::resolve@57
  0x0000023f2354f3dc: 3407 448b | 4028 4983 | f800 0f84 | a3fd ffff | 4c89 0424 

  0x0000023f2354f3f0: ;   {runtime_call g1_pre_barrier_slow}
  0x0000023f2354f3f0: e80b 933d | 07e9 95fd 

  0x0000023f2354f3f8: ;   {internal_word}
  0x0000023f2354f3f8: ffff 49ba | 01f2 5423 | 3f02 0000 | 4d89 9768 

  0x0000023f2354f408: ;   {runtime_call SafepointBlob}
  0x0000023f2354f408: 0400 00e9 | 7060 3007 

  0x0000023f2354f410: ;   {internal_word}
  0x0000023f2354f410: 49ba 21f2 | 5423 3f02 | 0000 4d89 | 9768 0400 

  0x0000023f2354f420: ;   {runtime_call SafepointBlob}
  0x0000023f2354f420: 00e9 5a60 | 3007 8b72 | 2848 83fe | 000f 8434 | feff ff48 

  0x0000023f2354f434: ;   {runtime_call g1_pre_barrier_slow}
  0x0000023f2354f434: 8934 24e8 | c492 3d07 | e926 feff 

  0x0000023f2354f440: ;   {runtime_call throw_null_pointer_exception Runtime1 stub}
  0x0000023f2354f440: ffe8 3a50 

  0x0000023f2354f444: ; ImmutableOopMap {rdx=Oop rax=Oop }
                      ;*putfield resolution {reexecute=1 rethrow=0 return_oop=0}
                      ; - (reexecute) java.lang.invoke.MemberName$Factory::resolve@100
  0x0000023f2354f444: 3407 4883 | f800 0f84 | 32fe ffff | 4889 1424 

  0x0000023f2354f454: ;   {runtime_call g1_post_barrier_slow}
  0x0000023f2354f454: e8a7 953d | 07e9 24fe 

  0x0000023f2354f45c: ;   {internal_word}
  0x0000023f2354f45c: ffff 49ba | 8df2 5423 | 3f02 0000 | 4d89 9768 

  0x0000023f2354f46c: ;   {runtime_call SafepointBlob}
  0x0000023f2354f46c: 0400 00e9 | 0c60 3007 

  0x0000023f2354f474: ;   {metadata({method} {0x0000023f37402e60} 'newInternalError' '(Ljava/lang/Exception;)Ljava/lang/InternalError;' in 'java/lang/invoke/MethodHandleStatics')}
  0x0000023f2354f474: 49ba 582e | 4037 3f02 | 0000 4c89 | 5424 0848 | c704 24ff 

  0x0000023f2354f488: ;   {runtime_call counter_overflow Runtime1 stub}
  0x0000023f2354f488: ffff ffe8 

  0x0000023f2354f48c: ; ImmutableOopMap {rbx=Oop [88]=Oop }
                      ;*synchronization entry
                      ; - java.lang.invoke.MethodHandleStatics::newInternalError@-1
                      ; - java.lang.invoke.MemberName::clone@10
                      ; - java.lang.invoke.MemberName$Factory::resolve@1
  0x0000023f2354f48c: 708c 3d07 | e95c feff | ff48 8bd2 

  0x0000023f2354f498: ;   {runtime_call fast_new_instance Runtime1 stub}
  0x0000023f2354f498: e8e3 4634 

  0x0000023f2354f49c: ; ImmutableOopMap {rbx=Oop [88]=Oop }
                      ;*new {reexecute=0 rethrow=0 return_oop=0}
                      ; - java.lang.invoke.MethodHandleStatics::newInternalError@0
                      ; - java.lang.invoke.MemberName::clone@10
                      ; - java.lang.invoke.MemberName$Factory::resolve@1
  0x0000023f2354f49c: 07e9 a7fe 

  0x0000023f2354f4a0: ;   {runtime_call throw_null_pointer_exception Runtime1 stub}
  0x0000023f2354f4a0: ffff e8d9 

  0x0000023f2354f4a4: ; ImmutableOopMap {rdx=Oop rax=Oop }
                      ;*putfield resolution {reexecute=1 rethrow=0 return_oop=0}
                      ; - (reexecute) java.lang.invoke.MemberName$Factory::resolve@100
  0x0000023f2354f4a4: 4f34 0748 | 8b54 2470 | e97e fdff | ff48 8b54 | 2470 e974 | fdff ff48 | 8b54 2478 | e96a fdff 
  0x0000023f2354f4c4: ff48 8b54 | 2478 e960 | fdff ff48 | 8bd0 e958 | fdff ff48 | 8bd0 e950 | fdff ff49 | 8b87 0005 
  0x0000023f2354f4e4: 0000 49c7 | 8700 0500 | 0000 0000 | 0049 c787 | 0805 0000 | 0000 0000 | 4881 c490 | 0000 005d 
  0x0000023f2354f504: ;   {runtime_call unwind_exception Runtime1 stub}
  0x0000023f2354f504: e977 5e34 | 07f4 f4f4 | f4f4 f4f4 
[Stub Code]
  0x0000023f2354f510: ;   {no_reloc}
  0x0000023f2354f510: 0f1f 4400 

  0x0000023f2354f514: ;   {static_stub}
  0x0000023f2354f514: 0048 bb00 | 0000 0000 

  0x0000023f2354f51c: ;   {runtime_call nmethod}
  0x0000023f2354f51c: 0000 00e9 | fbff ffff 

  0x0000023f2354f524: ;   {static_stub}
  0x0000023f2354f524: 48bb 0000 | 0000 0000 

  0x0000023f2354f52c: ;   {runtime_call nmethod}
  0x0000023f2354f52c: 0000 e9fb 

  0x0000023f2354f530: ;   {static_stub}
  0x0000023f2354f530: ffff ff48 | bb00 0000 | 0000 0000 

  0x0000023f2354f53c: ;   {runtime_call nmethod}
  0x0000023f2354f53c: 00e9 fbff 

  0x0000023f2354f540: ;   {static_stub}
  0x0000023f2354f540: ffff 48bb | 68b2 3e37 | 3f02 0000 

  0x0000023f2354f54c: ;   {runtime_call I2C/C2I adapters}
  0x0000023f2354f54c: e996 4a30 

  0x0000023f2354f550: ;   {static_stub}
  0x0000023f2354f550: 0748 bb00 | 0000 0000 

  0x0000023f2354f558: ;   {runtime_call nmethod}
  0x0000023f2354f558: 0000 00e9 | fbff ffff 
[Exception Handler]
  0x0000023f2354f560: ;   {runtime_call handle_exception_from_callee Runtime1 stub}
  0x0000023f2354f560: e81b 3134 

  0x0000023f2354f564: ;   {external_word}
  0x0000023f2354f564: 0748 b950 | 6322 20fa | 7f00 0048 

  0x0000023f2354f570: ;   {runtime_call}
  0x0000023f2354f570: 83e4 f048 | b8c0 c9e4 | 1ffa 7f00 | 00ff d0f4 
[Deopt Handler Code]
  0x0000023f2354f580: ;   {section_word}
  0x0000023f2354f580: 49ba 80f5 | 5423 3f02 | 0000 4152 

  0x0000023f2354f58c: ;   {runtime_call DeoptimizationBlob}
  0x0000023f2354f58c: e98f 5130 | 07f4 f4f4 | f4f4 f4f4 
[/MachCode]


Compiled method (c1) 9850 1355       3       java.lang.invoke.MemberName$Factory::resolveOrFail (79 bytes)
 total in heap  [0x0000023f23632710,0x0000023f236331e0] = 2768
 relocation     [0x0000023f23632870,0x0000023f23632920] = 176
 main code      [0x0000023f23632920,0x0000023f23632f68] = 1608
 stub code      [0x0000023f23632f68,0x0000023f23632fd8] = 112
 metadata       [0x0000023f23632fd8,0x0000023f23633000] = 40
 scopes data    [0x0000023f23633000,0x0000023f236330c0] = 192
 scopes pcs     [0x0000023f236330c0,0x0000023f236331b0] = 240
 dependencies   [0x0000023f236331b0,0x0000023f236331b8] = 8
 nul chk table  [0x0000023f236331b8,0x0000023f236331e0] = 40

[Constant Pool (empty)]

[MachCode]
[Entry Point]
  # {method} {0x0000023f37149278} 'resolveOrFail' '(BLjava/lang/invoke/MemberName;Ljava/lang/Class;ILjava/lang/Class;)Ljava/lang/invoke/MemberName;' in 'java/lang/invoke/MemberName$Factory'
  # this:     rdx:rdx   = 'java/lang/invoke/MemberName$Factory'
  # parm0:    r8        = byte
  # parm1:    r9:r9     = 'java/lang/invoke/MemberName'
  # parm2:    rdi:rdi   = 'java/lang/Class'
  # parm3:    rsi       = int
  # parm4:    rcx:rcx   = 'java/lang/Class'
  #           [sp+0x90]  (sp of caller)
  0x0000023f23632920: 448b 5208 | 49bb 0000 | 0037 3f02 | 0000 4d03 | d34c 3bd0 

  0x0000023f23632934: ;   {runtime_call ic_miss_stub}
  0x0000023f23632934: 0f85 46be | 2107 660f | 1f44 0000 
[Verified Entry Point]
  0x0000023f23632940: 8984 2400 | 80ff ff55 | 4881 ec80 | 0000 0090 | 4181 7f20 | 0100 0000 

  0x0000023f23632958: ;   {runtime_call StubRoutines (final stubs)}
  0x0000023f23632958: 7405 e841 | 3b20 0748 | 894c 2460 

  0x0000023f23632964: ;   {metadata(method data for {method} {0x0000023f37149278} 'resolveOrFail' '(BLjava/lang/invoke/MemberName;Ljava/lang/Class;ILjava/lang/Class;)Ljava/lang/invoke/MemberName;' in 'java/lang/invoke/MemberName$Factory')}
  0x0000023f23632964: 48bb 1801 | 1b4c 3f02 | 0000 8b83 | cc00 0000 | 83c0 0289 | 83cc 0000 | 0025 fe07 | 0000 85c0 
  0x0000023f23632984: 0f84 1105 

  0x0000023f23632988: ;   {metadata(method data for {method} {0x0000023f37149278} 'resolveOrFail' '(BLjava/lang/invoke/MemberName;Ljava/lang/Class;ILjava/lang/Class;)Ljava/lang/invoke/MemberName;' in 'java/lang/invoke/MemberName$Factory')}
  0x0000023f23632988: 0000 48bb | 1801 1b4c | 3f02 0000 | ff83 1001 | 0000 488b 

  0x0000023f2363299c: ;   {metadata(method data for {method} {0x0000023f37149278} 'resolveOrFail' '(BLjava/lang/invoke/MemberName;Ljava/lang/Class;ILjava/lang/Class;)Ljava/lang/invoke/MemberName;' in 'java/lang/invoke/MemberName$Factory')}
  0x0000023f2363299c: da48 b818 | 011b 4c3f | 0200 0048 | 8380 8001 | 0000 01b9 | 0000 0000 

  0x0000023f236329b4: ;   {optimized virtual_call}
  0x0000023f236329b4: 6666 90e8 

  0x0000023f236329b8: ; ImmutableOopMap {[96]=Oop }
                      ;*invokevirtual resolve {reexecute=0 rethrow=0 return_oop=0}
                      ; - java.lang.invoke.MemberName$Factory::resolveOrFail@31
  0x0000023f236329b8: 24c5 f1ff 

  0x0000023f236329bc: ;   {other}
  0x0000023f236329bc: 0f1f 8400 | ac02 0000 

  0x0000023f236329c4: ; implicit exception: dispatches to 0x0000023f23632ebc
  0x0000023f236329c4: 483b 0048 

  0x0000023f236329c8: ;   {metadata(method data for {method} {0x0000023f37149278} 'resolveOrFail' '(BLjava/lang/invoke/MemberName;Ljava/lang/Class;ILjava/lang/Class;)Ljava/lang/invoke/MemberName;' in 'java/lang/invoke/MemberName$Factory')}
  0x0000023f236329c8: 8bd0 48be | 1801 1b4c | 3f02 0000 | 4883 86b8 | 0100 0001 

  0x0000023f236329dc: ;   {metadata(method data for {method} {0x0000023f373ec190} 'isResolved' '()Z' in 'java/lang/invoke/MemberName')}
  0x0000023f236329dc: 48ba 80f2 | 054c 3f02 | 0000 8bb2 | cc00 0000 | 83c6 0289 | b2cc 0000 | 0081 e6fe | ff1f 0085 
  0x0000023f236329fc: f60f 84be | 0400 008b | 5028 4885 

  0x0000023f23632a08: ;   {metadata(method data for {method} {0x0000023f373ec190} 'isResolved' '()Z' in 'java/lang/invoke/MemberName')}
  0x0000023f23632a08: d248 ba80 | f205 4c3f | 0200 0048 | c7c6 1001 | 0000 7507 | 48c7 c620 | 0100 0048 | 8b3c 3248 
  0x0000023f23632a28: 8d7f 0148 | 893c 320f | 851a 0000 

  0x0000023f23632a34: ;   {metadata(method data for {method} {0x0000023f373ec190} 'isResolved' '()Z' in 'java/lang/invoke/MemberName')}
  0x0000023f23632a34: 0048 ba80 | f205 4c3f | 0200 00ff | 8230 0100 | 00ba 0100 | 0000 e905 | 0000 00ba | 0000 0000 
  0x0000023f23632a54: 83e2 0185 

  0x0000023f23632a58: ;   {metadata(method data for {method} {0x0000023f37149278} 'resolveOrFail' '(BLjava/lang/invoke/MemberName;Ljava/lang/Class;ILjava/lang/Class;)Ljava/lang/invoke/MemberName;' in 'java/lang/invoke/MemberName$Factory')}
  0x0000023f23632a58: d248 ba18 | 011b 4c3f | 0200 0048 | c7c6 0002 | 0000 7507 | 48c7 c6f0 | 0100 0048 | 8b3c 3248 
  0x0000023f23632a78: 8d7f 0148 | 893c 320f | 852f 0200 | 0048 8bd0 

  0x0000023f23632a88: ;   {metadata(method data for {method} {0x0000023f37149278} 'resolveOrFail' '(BLjava/lang/invoke/MemberName;Ljava/lang/Class;ILjava/lang/Class;)Ljava/lang/invoke/MemberName;' in 'java/lang/invoke/MemberName$Factory')}
  0x0000023f23632a88: 48be 1801 | 1b4c 3f02 | 0000 4883 | 8610 0200 | 0001 488b 

  0x0000023f23632a9c: ;   {optimized virtual_call}
  0x0000023f23632a9c: d066 90e8 

  0x0000023f23632aa0: ; ImmutableOopMap {[96]=Oop }
                      ;*invokevirtual makeAccessException {reexecute=0 rethrow=0 return_oop=0}
                      ; - java.lang.invoke.MemberName$Factory::resolveOrFail@49
  0x0000023f23632aa0: dcbf 2107 

  0x0000023f23632aa4: ;   {other}
  0x0000023f23632aa4: 0f1f 8400 | 9403 0001 | 4885 c075 

  0x0000023f23632ab0: ;   {metadata(method data for {method} {0x0000023f37149278} 'resolveOrFail' '(BLjava/lang/invoke/MemberName;Ljava/lang/Class;ILjava/lang/Class;)Ljava/lang/invoke/MemberName;' in 'java/lang/invoke/MemberName$Factory')}
  0x0000023f23632ab0: 1648 be18 | 011b 4c3f | 0200 0080 | 8e41 0200 | 0001 e9cc 

  0x0000023f23632ac4: ;   {metadata('java/lang/IllegalAccessException')}
  0x0000023f23632ac4: 0000 0048 | bf38 0105 | 383f 0200 | 008b 5008 | 49ba 0000 | 0037 3f02 | 0000 4903 | d248 3bfa 
  0x0000023f23632ae4: 0f85 8d00 

  0x0000023f23632ae8: ;   {metadata(method data for {method} {0x0000023f37149278} 'resolveOrFail' '(BLjava/lang/invoke/MemberName;Ljava/lang/Class;ILjava/lang/Class;)Ljava/lang/invoke/MemberName;' in 'java/lang/invoke/MemberName$Factory')}
  0x0000023f23632ae8: 0000 48be | 1801 1b4c | 3f02 0000 | 8b78 0849 | ba00 0000 | 373f 0200 | 0049 03fa | 483b be58 
  0x0000023f23632b08: 0200 0075 | 0d48 8386 | 6002 0000 | 01e9 7e00 | 0000 483b | be68 0200 | 0075 0d48 | 8386 7002 
  0x0000023f23632b28: 0000 01e9 | 6800 0000 | 4883 be58 | 0200 0000 | 7517 4889 | be58 0200 | 0048 c786 | 6002 0000 
  0x0000023f23632b48: 0100 0000 | e947 0000 | 0048 83be | 6802 0000 | 0075 1748 | 89be 6802 | 0000 48c7 | 8670 0200 
  0x0000023f23632b68: 0001 0000 | 00e9 2600 | 0000 e921 

  0x0000023f23632b74: ;   {metadata(method data for {method} {0x0000023f37149278} 'resolveOrFail' '(BLjava/lang/invoke/MemberName;Ljava/lang/Class;ILjava/lang/Class;)Ljava/lang/invoke/MemberName;' in 'java/lang/invoke/MemberName$Factory')}
  0x0000023f23632b74: 0000 0048 | be18 011b | 4c3f 0200 | 0048 83ae | 4802 0000 | 01e9 0500 | 0000 e905 | 0000 0048 
  0x0000023f23632b94: 33c9 eb07 | 48c7 c101 | 0000 0085 

  0x0000023f23632ba0: ;   {metadata(method data for {method} {0x0000023f37149278} 'resolveOrFail' '(BLjava/lang/invoke/MemberName;Ljava/lang/Class;ILjava/lang/Class;)Ljava/lang/invoke/MemberName;' in 'java/lang/invoke/MemberName$Factory')}
  0x0000023f23632ba0: c948 b918 | 011b 4c3f | 0200 0048 | c7c2 9002 | 0000 7507 | 48c7 c280 | 0200 0048 | 8b34 1148 
  0x0000023f23632bc0: 8d76 0148 | 8934 110f | 85d9 0100 | 0048 8b4c | 2460 483b | 0148 8bd1 

  0x0000023f23632bd8: ;   {metadata(method data for {method} {0x0000023f37149278} 'resolveOrFail' '(BLjava/lang/invoke/MemberName;Ljava/lang/Class;ILjava/lang/Class;)Ljava/lang/invoke/MemberName;' in 'java/lang/invoke/MemberName$Factory')}
  0x0000023f23632bd8: 48be 1801 | 1b4c 3f02 | 0000 4883 | 86d8 0200 

  0x0000023f23632be8: ;   {metadata(method data for {method} {0x0000023f374690c8} 'cast' '(Ljava/lang/Object;)Ljava/lang/Object;' in 'java/lang/Class')}
  0x0000023f23632be8: 0001 48ba | 2033 184c | 3f02 0000 | 8bb2 cc00 | 0000 83c6 | 0289 b2cc | 0000 0081 | e6fe ff1f 
  0x0000023f23632c08: 0085 f60f | 84d6 0200 | 0048 85c0 

  0x0000023f23632c14: ;   {metadata(method data for {method} {0x0000023f374690c8} 'cast' '(Ljava/lang/Object;)Ljava/lang/Object;' in 'java/lang/Class')}
  0x0000023f23632c14: 48ba 2033 | 184c 3f02 | 0000 48c7 | c620 0100 | 0075 0748 | c7c6 1001 | 0000 488b | 3c32 488d 
  0x0000023f23632c34: 7f01 4889 | 3c32 0f85 | 0a00 0000 | 4889 4424 | 68e9 8000 | 0000 488b 

  0x0000023f23632c4c: ;   {metadata(method data for {method} {0x0000023f374690c8} 'cast' '(Ljava/lang/Object;)Ljava/lang/Object;' in 'java/lang/Class')}
  0x0000023f23632c4c: d148 be20 | 3318 4c3f | 0200 0048 | 8386 3001 | 0000 0148 | 8bf1 488b | ce48 8bd0 | 4889 4424 
  0x0000023f23632c6c: ;   {runtime_call}
  0x0000023f23632c6c: 6848 b870 | 959c 1ffa | 7f00 00ff 

  0x0000023f23632c78: ;   {other}
  0x0000023f23632c78: d00f 1f84 | 0000 0000 

  0x0000023f23632c80: ;   {metadata(method data for {method} {0x0000023f374690c8} 'cast' '(Ljava/lang/Object;)Ljava/lang/Object;' in 'java/lang/Class')}
  0x0000023f23632c80: 0085 c048 | b820 3318 | 4c3f 0200 | 0048 c7c2 | 6801 0000 | 7507 48c7 | c278 0100 | 0048 8b34 
  0x0000023f23632ca0: 1048 8d76 | 0148 8934 | 100f 851b | 0000 00e9 | 2600 0000 | 4881 c480 | 0000 005d 

  0x0000023f23632cbc: ;   {poll_return}
  0x0000023f23632cbc: 493b a750 | 0400 000f | 873f 0200 | 00c3 488b | 5c24 6848 | 3b03 488b | c3e9 8102 | 0000 488b 
  0x0000023f23632cdc: 5c24 684c | 8b4c 2460 

  0x0000023f23632ce4: ;   {metadata('java/lang/ClassCastException')}
  0x0000023f23632ce4: 48ba b08f | 0637 3f02 | 0000 498b | 87b8 0100 | 0048 8d78 | 2849 3bbf | c801 0000 | 0f87 1d02 
  0x0000023f23632d04: 0000 4989 | bfb8 0100 | 0048 c700 | 0100 0000 | 488b ca49 | ba00 0000 | 373f 0200 | 0049 2bca 
  0x0000023f23632d24: 8948 0848 | 33c9 8948 | 0c48 33c9 | 4889 4810 | 4889 4818 | 4889 4820 

  0x0000023f23632d3c: ;   {metadata(method data for {method} {0x0000023f374690c8} 'cast' '(Ljava/lang/Object;)Ljava/lang/Object;' in 'java/lang/Class')}
  0x0000023f23632d3c: 498b c949 | b820 3318 | 4c3f 0200 | 0049 8380 | 8801 0000 | 014c 8bc3 | 498b d148 | 8944 2470 
  0x0000023f23632d5c: ;   {optimized virtual_call}
  0x0000023f23632d5c: 6666 90e8 

  0x0000023f23632d60: ; ImmutableOopMap {[112]=Oop }
                      ;*invokevirtual cannotCastMsg {reexecute=0 rethrow=0 return_oop=0}
                      ; - java.lang.Class::cast@18
                      ; - java.lang.invoke.MemberName$Factory::resolveOrFail@72
  0x0000023f23632d60: 1cbd 2107 

  0x0000023f23632d64: ;   {other}
  0x0000023f23632d64: 0f1f 8400 | 5406 0002 | 4c8b 4424 

  0x0000023f23632d70: ;   {metadata(method data for {method} {0x0000023f374690c8} 'cast' '(Ljava/lang/Object;)Ljava/lang/Object;' in 'java/lang/Class')}
  0x0000023f23632d70: 7048 ba20 | 3318 4c3f | 0200 0048 | 8382 c001 | 0000 014c | 8bc0 488b | 5424 700f 

  0x0000023f23632d8c: ;   {optimized virtual_call}
  0x0000023f23632d8c: 1f40 00e8 

  0x0000023f23632d90: ; ImmutableOopMap {[112]=Oop }
                      ;*invokespecial <init> {reexecute=0 rethrow=0 return_oop=0}
                      ; - java.lang.Class::cast@21
                      ; - java.lang.invoke.MemberName$Factory::resolveOrFail@72
  0x0000023f23632d90: ecbc 2107 

  0x0000023f23632d94: ;   {other}
  0x0000023f23632d94: 0f1f 8400 | 8406 0003 | 488b 4424 | 70e9 b501 | 0000 488b | d848 85db 

  0x0000023f23632dac: ;   {metadata(method data for {method} {0x0000023f37149278} 'resolveOrFail' '(BLjava/lang/invoke/MemberName;Ljava/lang/Class;ILjava/lang/Class;)Ljava/lang/invoke/MemberName;' in 'java/lang/invoke/MemberName$Factory')}
  0x0000023f23632dac: 7516 48bf | 1801 1b4c | 3f02 0000 | 808f 9902 | 0000 01e9 | cc00 0000 

  0x0000023f23632dc4: ;   {metadata('java/lang/IllegalAccessException')}
  0x0000023f23632dc4: 48b8 3801 | 0538 3f02 | 0000 8b73 | 0849 ba00 | 0000 373f | 0200 0049 | 03f2 483b | c60f 858d 
  0x0000023f23632de4: ;   {metadata(method data for {method} {0x0000023f37149278} 'resolveOrFail' '(BLjava/lang/invoke/MemberName;Ljava/lang/Class;ILjava/lang/Class;)Ljava/lang/invoke/MemberName;' in 'java/lang/invoke/MemberName$Factory')}
  0x0000023f23632de4: 0000 0048 | bf18 011b | 4c3f 0200 | 008b 4308 | 49ba 0000 | 0037 3f02 | 0000 4903 | c248 3b87 
  0x0000023f23632e04: b002 0000 | 750d 4883 | 87b8 0200 | 0001 e979 | 0000 0048 | 3b87 c002 | 0000 750d | 4883 87c8 
  0x0000023f23632e24: 0200 0001 | e963 0000 | 0048 83bf | b002 0000 | 0075 1748 | 8987 b002 | 0000 48c7 | 87b8 0200 
  0x0000023f23632e44: 0001 0000 | 00e9 4200 | 0000 4883 | bfc0 0200 | 0000 7517 | 4889 87c0 | 0200 0048 | c787 c802 
  0x0000023f23632e64: 0000 0100 | 0000 e921 | 0000 00e9 | 1c00 0000 

  0x0000023f23632e74: ;   {metadata(method data for {method} {0x0000023f37149278} 'resolveOrFail' '(BLjava/lang/invoke/MemberName;Ljava/lang/Class;ILjava/lang/Class;)Ljava/lang/invoke/MemberName;' in 'java/lang/invoke/MemberName$Factory')}
  0x0000023f23632e74: 48bf 1801 | 1b4c 3f02 | 0000 4883 | afa0 0200 | 0001 e9a5 | 0000 00e9 | 0000 0000 | 488b c348 
  0x0000023f23632e94: 3b00 e9c0 

  0x0000023f23632e98: ;   {metadata({method} {0x0000023f37149278} 'resolveOrFail' '(BLjava/lang/invoke/MemberName;Ljava/lang/Class;ILjava/lang/Class;)Ljava/lang/invoke/MemberName;' in 'java/lang/invoke/MemberName$Factory')}
  0x0000023f23632e98: 0000 0049 | ba70 9214 | 373f 0200 | 004c 8954 | 2408 48c7 | 0424 ffff 

  0x0000023f23632eb0: ;   {runtime_call counter_overflow Runtime1 stub}
  0x0000023f23632eb0: ffff e849 

  0x0000023f23632eb4: ; ImmutableOopMap {rdx=Oop r9=Oop rdi=Oop rcx=Oop [96]=Oop }
                      ;*synchronization entry
                      ; - java.lang.invoke.MemberName$Factory::resolveOrFail@-1
  0x0000023f23632eb4: 522f 07e9 | cefa ffff 

  0x0000023f23632ebc: ;   {runtime_call throw_null_pointer_exception Runtime1 stub}
  0x0000023f23632ebc: e8bf 1526 

  0x0000023f23632ec0: ; ImmutableOopMap {rax=Oop [96]=Oop }
                      ;*invokevirtual isResolved {reexecute=0 rethrow=0 return_oop=0}
                      ; - java.lang.invoke.MemberName$Factory::resolveOrFail@38
                      ;   {metadata({method} {0x0000023f373ec190} 'isResolved' '()Z' in 'java/lang/invoke/MemberName')}
  0x0000023f23632ec0: 0749 ba88 | c13e 373f | 0200 004c | 8954 2408 | 48c7 0424 | ffff ffff 

  0x0000023f23632ed8: ;   {runtime_call counter_overflow Runtime1 stub}
  0x0000023f23632ed8: e823 522f 

  0x0000023f23632edc: ; ImmutableOopMap {rax=Oop [96]=Oop }
                      ;*synchronization entry
                      ; - java.lang.invoke.MemberName::isResolved@-1
                      ; - java.lang.invoke.MemberName$Factory::resolveOrFail@38
  0x0000023f23632edc: 07e9 21fb 

  0x0000023f23632ee0: ;   {runtime_call throw_null_pointer_exception Runtime1 stub}
  0x0000023f23632ee0: ffff e899 

  0x0000023f23632ee4: ; ImmutableOopMap {rax=Oop rcx=Oop [96]=Oop }
                      ;*invokevirtual cast {reexecute=0 rethrow=0 return_oop=0}
                      ; - java.lang.invoke.MemberName$Factory::resolveOrFail@72
                      ;   {metadata({method} {0x0000023f374690c8} 'cast' '(Ljava/lang/Object;)Ljava/lang/Object;' in 'java/lang/Class')}
  0x0000023f23632ee4: 1526 0749 | bac0 9046 | 373f 0200 | 004c 8954 | 2408 48c7 | 0424 ffff 

  0x0000023f23632efc: ;   {runtime_call counter_overflow Runtime1 stub}
  0x0000023f23632efc: ffff e8fd 

  0x0000023f23632f00: ; ImmutableOopMap {rax=Oop rcx=Oop [96]=Oop }
                      ;*synchronization entry
                      ; - java.lang.Class::cast@-1
                      ; - java.lang.invoke.MemberName$Factory::resolveOrFail@72
  0x0000023f23632f00: 512f 07e9 | 09fd ffff 

  0x0000023f23632f08: ;   {internal_word}
  0x0000023f23632f08: 49ba bc2c | 6323 3f02 | 0000 4d89 | 9768 0400 

  0x0000023f23632f18: ;   {runtime_call SafepointBlob}
  0x0000023f23632f18: 00e9 6225 

  0x0000023f23632f1c: ;   {runtime_call throw_null_pointer_exception Runtime1 stub}
  0x0000023f23632f1c: 2207 e85d 

  0x0000023f23632f20: ; ImmutableOopMap {rbx=Oop }
                      ;*athrow {reexecute=1 rethrow=0 return_oop=0}
                      ; - (reexecute) java.lang.invoke.MemberName$Factory::resolveOrFail@78
  0x0000023f23632f20: 1526 0748 

  0x0000023f23632f24: ;   {runtime_call fast_new_instance Runtime1 stub}
  0x0000023f23632f24: 8bd2 e855 

  0x0000023f23632f28: ; ImmutableOopMap {r9=Oop rbx=Oop [96]=Oop }
                      ;*new {reexecute=0 rethrow=0 return_oop=0}
                      ; - java.lang.Class::cast@12
                      ; - java.lang.invoke.MemberName$Factory::resolveOrFail@72
  0x0000023f23632f28: 0c26 07e9 | 0cfe ffff | 4889 1c24 

  0x0000023f23632f34: ;   {runtime_call throw_class_cast_exception Runtime1 stub}
  0x0000023f23632f34: e8c7 242f 

  0x0000023f23632f38: ; ImmutableOopMap {}
                      ;*checkcast {reexecute=0 rethrow=0 return_oop=0}
                      ; - java.lang.invoke.MemberName$Factory::resolveOrFail@64
                      ;   {runtime_call throw_null_pointer_exception Runtime1 stub}
  0x0000023f23632f38: 07e8 4215 

  0x0000023f23632f3c: ; ImmutableOopMap {rax=Oop }
                      ;*athrow {reexecute=1 rethrow=0 return_oop=0}
                      ; - (reexecute) java.lang.invoke.MemberName$Factory::resolveOrFail@67
  0x0000023f23632f3c: 2607 498b | 8700 0500 | 0049 c787 | 0005 0000 | 0000 0000 | 49c7 8708 | 0500 0000 | 0000 0048 
  0x0000023f23632f5c: 81c4 8000 

  0x0000023f23632f60: ;   {runtime_call unwind_exception Runtime1 stub}
  0x0000023f23632f60: 0000 5de9 | 1824 2607 
[Stub Code]
  0x0000023f23632f68: ;   {no_reloc}
  0x0000023f23632f68: 48bb 0000 | 0000 0000 

  0x0000023f23632f70: ;   {runtime_call nmethod}
  0x0000023f23632f70: 0000 e9fb 

  0x0000023f23632f74: ;   {static_stub}
  0x0000023f23632f74: ffff ff48 | bb00 0000 | 0000 0000 

  0x0000023f23632f80: ;   {runtime_call nmethod}
  0x0000023f23632f80: 00e9 fbff 

  0x0000023f23632f84: ;   {static_stub}
  0x0000023f23632f84: ffff 48bb | 0000 0000 | 0000 0000 

  0x0000023f23632f90: ;   {runtime_call nmethod}
  0x0000023f23632f90: e9fb ffff 

  0x0000023f23632f94: ;   {static_stub}
  0x0000023f23632f94: ff48 bb00 | 0000 0000 

  0x0000023f23632f9c: ;   {runtime_call nmethod}
  0x0000023f23632f9c: 0000 00e9 | fbff ffff 
[Exception Handler]
  0x0000023f23632fa4: ;   {runtime_call handle_exception_from_callee Runtime1 stub}
  0x0000023f23632fa4: e8d7 f625 

  0x0000023f23632fa8: ;   {external_word}
  0x0000023f23632fa8: 0748 b950 | 6322 20fa | 7f00 0048 

  0x0000023f23632fb4: ;   {runtime_call}
  0x0000023f23632fb4: 83e4 f048 | b8c0 c9e4 | 1ffa 7f00 | 00ff d0f4 
[Deopt Handler Code]
  0x0000023f23632fc4: ;   {section_word}
  0x0000023f23632fc4: 49ba c42f | 6323 3f02 | 0000 4152 

  0x0000023f23632fd0: ;   {runtime_call DeoptimizationBlob}
  0x0000023f23632fd0: e94b 1722 | 07f4 f4f4 
[/MachCode]


---------------  P R O C E S S  ---------------

Threads class SMR info:
_java_thread_list=0x0000023f51155190, length=22, elements={
0x0000023f1de80fb0, 0x0000023f365d6030, 0x0000023f365d86b0, 0x0000023f365d8d20,
0x0000023f365e19c0, 0x0000023f365e2030, 0x0000023f365e26a0, 0x0000023f365e3040,
0x0000023f365ebf30, 0x0000023f367484c0, 0x0000023f36874e20, 0x0000023f36869940,
0x0000023f51067b10, 0x0000023f501a90c0, 0x0000023f5009c830, 0x0000023f514a8f60,
0x0000023f516605c0, 0x0000023f512c8110, 0x0000023f51686ec0, 0x0000023f51685b10,
0x0000023f51685480, 0x0000023f51687550
}

Java Threads: ( => current thread )
  0x0000023f1de80fb0 JavaThread "main"                              [_thread_blocked, id=50168, stack(0x000000abb7300000,0x000000abb7400000) (1024K)]
  0x0000023f365d6030 JavaThread "Reference Handler"          daemon [_thread_blocked, id=52524, stack(0x000000abb7b00000,0x000000abb7c00000) (1024K)]
  0x0000023f365d86b0 JavaThread "Finalizer"                  daemon [_thread_blocked, id=46360, stack(0x000000abb7c00000,0x000000abb7d00000) (1024K)]
  0x0000023f365d8d20 JavaThread "Signal Dispatcher"          daemon [_thread_blocked, id=42920, stack(0x000000abb7d00000,0x000000abb7e00000) (1024K)]
  0x0000023f365e19c0 JavaThread "Attach Listener"            daemon [_thread_blocked, id=51932, stack(0x000000abb7e00000,0x000000abb7f00000) (1024K)]
  0x0000023f365e2030 JavaThread "Service Thread"             daemon [_thread_blocked, id=48548, stack(0x000000abb7f00000,0x000000abb8000000) (1024K)]
  0x0000023f365e26a0 JavaThread "Monitor Deflation Thread"   daemon [_thread_blocked, id=52068, stack(0x000000abb8000000,0x000000abb8100000) (1024K)]
  0x0000023f365e3040 JavaThread "C2 CompilerThread0"         daemon [_thread_blocked, id=40812, stack(0x000000abb8100000,0x000000abb8200000) (1024K)]
  0x0000023f365ebf30 JavaThread "C1 CompilerThread0"         daemon [_thread_blocked, id=52840, stack(0x000000abb8200000,0x000000abb8300000) (1024K)]
  0x0000023f367484c0 JavaThread "C1 CompilerThread1"         daemon [_thread_in_vm, id=19644, stack(0x000000abb8300000,0x000000abb8400000) (1024K)]
  0x0000023f36874e20 JavaThread "Common-Cleaner"             daemon [_thread_blocked, id=51832, stack(0x000000abb8400000,0x000000abb8500000) (1024K)]
  0x0000023f36869940 JavaThread "Notification Thread"        daemon [_thread_blocked, id=42168, stack(0x000000abb8500000,0x000000abb8600000) (1024K)]
  0x0000023f51067b10 JavaThread "Daemon health stats"               [_thread_blocked, id=45080, stack(0x000000abb8b00000,0x000000abb8c00000) (1024K)]
  0x0000023f501a90c0 JavaThread "Incoming local TCP Connector on port 59807"        [_thread_in_native, id=42640, stack(0x000000abb8c00000,0x000000abb8d00000) (1024K)]
  0x0000023f5009c830 JavaThread "Daemon periodic checks"            [_thread_blocked, id=49880, stack(0x000000abb8d00000,0x000000abb8e00000) (1024K)]
  0x0000023f514a8f60 JavaThread "Daemon"                            [_thread_blocked, id=51596, stack(0x000000abb8e00000,0x000000abb8f00000) (1024K)]
  0x0000023f516605c0 JavaThread "Handler for socket connection from /127.0.0.1:59807 to /127.0.0.1:53803"        [_thread_in_native, id=48168, stack(0x000000abb8f00000,0x000000abb9000000) (1024K)]
  0x0000023f512c8110 JavaThread "Cancel handler"                    [_thread_blocked, id=3748, stack(0x000000abb9000000,0x000000abb9100000) (1024K)]
=>0x0000023f51686ec0 JavaThread "Daemon worker"                     [_thread_in_vm, id=50712, stack(0x000000abb9100000,0x000000abb9200000) (1024K)]
  0x0000023f51685b10 JavaThread "Asynchronous log dispatcher for DefaultDaemonConnection: socket connection from /127.0.0.1:59807 to /127.0.0.1:53803"        [_thread_blocked, id=30524, stack(0x000000abb9200000,0x000000abb9300000) (1024K)]
  0x0000023f51685480 JavaThread "Stdin handler"                     [_thread_blocked, id=50548, stack(0x000000abb9300000,0x000000abb9400000) (1024K)]
  0x0000023f51687550 JavaThread "Daemon client event forwarder"        [_thread_in_Java, id=50656, stack(0x000000abb9400000,0x000000abb9500000) (1024K)]
Total: 22

Other Threads:
  0x0000023f365bed00 VMThread "VM Thread"                           [id=50688, stack(0x000000abb7a00000,0x000000abb7b00000) (1024K)]
  0x0000023f365b21b0 WatcherThread "VM Periodic Task Thread"        [id=5304, stack(0x000000abb7900000,0x000000abb7a00000) (1024K)]
  0x0000023f201e34f0 WorkerThread "GC Thread#0"                     [id=50576, stack(0x000000abb7400000,0x000000abb7500000) (1024K)]
  0x0000023f365bf0b0 WorkerThread "GC Thread#1"                     [id=9008, stack(0x000000abb8600000,0x000000abb8700000) (1024K)]
  0x0000023f365bff70 WorkerThread "GC Thread#2"                     [id=53160, stack(0x000000abb8700000,0x000000abb8800000) (1024K)]
  0x0000023f365c0320 WorkerThread "GC Thread#3"                     [id=43444, stack(0x000000abb8800000,0x000000abb8900000) (1024K)]
  0x0000023f365bf460 WorkerThread "GC Thread#4"                     [id=53176, stack(0x000000abb8900000,0x000000abb8a00000) (1024K)]
  0x0000023f365bf810 WorkerThread "GC Thread#5"                     [id=24940, stack(0x000000abb8a00000,0x000000abb8b00000) (1024K)]
  0x0000023f201e82f0 ConcurrentGCThread "G1 Main Marker"            [id=17932, stack(0x000000abb7500000,0x000000abb7600000) (1024K)]
  0x0000023f201e9a90 WorkerThread "G1 Conc#0"                       [id=42324, stack(0x000000abb7600000,0x000000abb7700000) (1024K)]
  0x0000023f2026e8e0 ConcurrentGCThread "G1 Refine#0"               [id=20520, stack(0x000000abb7700000,0x000000abb7800000) (1024K)]
  0x0000023f364f26a0 ConcurrentGCThread "G1 Service"                [id=51916, stack(0x000000abb7800000,0x000000abb7900000) (1024K)]
Total: 12

Threads with active compile tasks:
C1 CompilerThread1  9867 2533       3       java.util.stream.PipelineHelper::<init> (5 bytes)
Total: 1

VM state: not at safepoint (normal execution)

VM Mutex/Monitor currently owned by a thread:  ([mutex/lock_event])
[0x00007ffa204dd530] Metaspace_lock - owner thread: 0x0000023f51686ec0

Heap address: 0x00000000e0000000, size: 512 MB, Compressed Oops mode: 32-bit

CDS archive(s) mapped at: [0x0000023f37000000-0x0000023f37ba0000-0x0000023f37ba0000), size 12189696, SharedBaseAddress: 0x0000023f37000000, ArchiveRelocationMode: 1.
Compressed class space mapped at: 0x0000023f38000000-0x0000023f4c000000, reserved size: 335544320
Narrow klass base: 0x0000023f37000000, Narrow klass shift: 0, Narrow klass range: 0x100000000

GC Precious Log:
 CardTable entry size: 512
 Card Set container configuration: InlinePtr #cards 5 size 8 Array Of Cards #cards 12 size 40 Howl #buckets 4 coarsen threshold 1843 Howl Bitmap #cards 512 size 80 coarsen threshold 460 Card regions per heap region 1 cards per card region 2048
 CPUs: 16 total, 16 available
 Memory: 16051M
 Large Page Support: Disabled
 NUMA Support: Disabled
 Compressed Oops: Enabled (32-bit)
 Heap Region Size: 1M
 Heap Min Capacity: 256M
 Heap Initial Capacity: 256M
 Heap Max Capacity: 512M
 Pre-touch: Disabled
 Parallel Workers: 13
 Concurrent Workers: 3
 Concurrent Refinement Workers: 13
 Periodic GC: Disabled

Heap:
 garbage-first heap   total 262144K, used 79435K [0x00000000e0000000, 0x0000000100000000)
  region size 1024K, 67 young (68608K), 2 survivors (2048K)
 Metaspace       used 10890K, committed 11136K, reserved 393216K
  class space    used 1474K, committed 1600K, reserved 327680K

Heap Regions: E=young(eden), S=young(survivor), O=old, HS=humongous(starts), HC=humongous(continues), CS=collection set, F=free, TAMS=top-at-mark-start, PB=parsable bottom
|   0|0x00000000e0000000, 0x00000000e0100000, 0x00000000e0100000|100%|HS|  |TAMS 0x00000000e0000000| PB 0x00000000e0000000| Complete 
|   1|0x00000000e0100000, 0x00000000e0200000, 0x00000000e0200000|100%|HC|  |TAMS 0x00000000e0100000| PB 0x00000000e0100000| Complete 
|   2|0x00000000e0200000, 0x00000000e0300000, 0x00000000e0300000|100%|HC|  |TAMS 0x00000000e0200000| PB 0x00000000e0200000| Complete 
|   3|0x00000000e0300000, 0x00000000e0400000, 0x00000000e0400000|100%|HC|  |TAMS 0x00000000e0300000| PB 0x00000000e0300000| Complete 
|   4|0x00000000e0400000, 0x00000000e0500000, 0x00000000e0500000|100%| O|  |TAMS 0x00000000e0400000| PB 0x00000000e0400000| Untracked 
|   5|0x00000000e0500000, 0x00000000e0600000, 0x00000000e0600000|100%| O|  |TAMS 0x00000000e0500000| PB 0x00000000e0500000| Untracked 
|   6|0x00000000e0600000, 0x00000000e0700000, 0x00000000e0700000|100%| O|  |TAMS 0x00000000e0600000| PB 0x00000000e0600000| Untracked 
|   7|0x00000000e0700000, 0x00000000e0800000, 0x00000000e0800000|100%| O|  |TAMS 0x00000000e0700000| PB 0x00000000e0700000| Untracked 
|   8|0x00000000e0800000, 0x00000000e0900000, 0x00000000e0900000|100%| O|  |TAMS 0x00000000e0800000| PB 0x00000000e0800000| Untracked 
|   9|0x00000000e0900000, 0x00000000e0a00000, 0x00000000e0a00000|100%| O|  |TAMS 0x00000000e0900000| PB 0x00000000e0900000| Untracked 
|  10|0x00000000e0a00000, 0x00000000e0b00000, 0x00000000e0b00000|100%|HS|  |TAMS 0x00000000e0a00000| PB 0x00000000e0a00000| Complete 
|  11|0x00000000e0b00000, 0x00000000e0c00000, 0x00000000e0c00000|100%|HS|  |TAMS 0x00000000e0b00000| PB 0x00000000e0b00000| Complete 
|  12|0x00000000e0c00000, 0x00000000e0c00000, 0x00000000e0d00000|  0%| F|  |TAMS 0x00000000e0c00000| PB 0x00000000e0c00000| Untracked 
|  13|0x00000000e0d00000, 0x00000000e0d00000, 0x00000000e0e00000|  0%| F|  |TAMS 0x00000000e0d00000| PB 0x00000000e0d00000| Untracked 
|  14|0x00000000e0e00000, 0x00000000e0e00000, 0x00000000e0f00000|  0%| F|  |TAMS 0x00000000e0e00000| PB 0x00000000e0e00000| Untracked 
|  15|0x00000000e0f00000, 0x00000000e0f00000, 0x00000000e1000000|  0%| F|  |TAMS 0x00000000e0f00000| PB 0x00000000e0f00000| Untracked 
|  16|0x00000000e1000000, 0x00000000e1000000, 0x00000000e1100000|  0%| F|  |TAMS 0x00000000e1000000| PB 0x00000000e1000000| Untracked 
|  17|0x00000000e1100000, 0x00000000e1100000, 0x00000000e1200000|  0%| F|  |TAMS 0x00000000e1100000| PB 0x00000000e1100000| Untracked 
|  18|0x00000000e1200000, 0x00000000e1200000, 0x00000000e1300000|  0%| F|  |TAMS 0x00000000e1200000| PB 0x00000000e1200000| Untracked 
|  19|0x00000000e1300000, 0x00000000e1300000, 0x00000000e1400000|  0%| F|  |TAMS 0x00000000e1300000| PB 0x00000000e1300000| Untracked 
|  20|0x00000000e1400000, 0x00000000e1400000, 0x00000000e1500000|  0%| F|  |TAMS 0x00000000e1400000| PB 0x00000000e1400000| Untracked 
|  21|0x00000000e1500000, 0x00000000e1500000, 0x00000000e1600000|  0%| F|  |TAMS 0x00000000e1500000| PB 0x00000000e1500000| Untracked 
|  22|0x00000000e1600000, 0x00000000e1600000, 0x00000000e1700000|  0%| F|  |TAMS 0x00000000e1600000| PB 0x00000000e1600000| Untracked 
|  23|0x00000000e1700000, 0x00000000e1700000, 0x00000000e1800000|  0%| F|  |TAMS 0x00000000e1700000| PB 0x00000000e1700000| Untracked 
|  24|0x00000000e1800000, 0x00000000e1800000, 0x00000000e1900000|  0%| F|  |TAMS 0x00000000e1800000| PB 0x00000000e1800000| Untracked 
|  25|0x00000000e1900000, 0x00000000e1900000, 0x00000000e1a00000|  0%| F|  |TAMS 0x00000000e1900000| PB 0x00000000e1900000| Untracked 
|  26|0x00000000e1a00000, 0x00000000e1a00000, 0x00000000e1b00000|  0%| F|  |TAMS 0x00000000e1a00000| PB 0x00000000e1a00000| Untracked 
|  27|0x00000000e1b00000, 0x00000000e1b00000, 0x00000000e1c00000|  0%| F|  |TAMS 0x00000000e1b00000| PB 0x00000000e1b00000| Untracked 
|  28|0x00000000e1c00000, 0x00000000e1c00000, 0x00000000e1d00000|  0%| F|  |TAMS 0x00000000e1c00000| PB 0x00000000e1c00000| Untracked 
|  29|0x00000000e1d00000, 0x00000000e1d00000, 0x00000000e1e00000|  0%| F|  |TAMS 0x00000000e1d00000| PB 0x00000000e1d00000| Untracked 
|  30|0x00000000e1e00000, 0x00000000e1e00000, 0x00000000e1f00000|  0%| F|  |TAMS 0x00000000e1e00000| PB 0x00000000e1e00000| Untracked 
|  31|0x00000000e1f00000, 0x00000000e1f00000, 0x00000000e2000000|  0%| F|  |TAMS 0x00000000e1f00000| PB 0x00000000e1f00000| Untracked 
|  32|0x00000000e2000000, 0x00000000e2000000, 0x00000000e2100000|  0%| F|  |TAMS 0x00000000e2000000| PB 0x00000000e2000000| Untracked 
|  33|0x00000000e2100000, 0x00000000e2100000, 0x00000000e2200000|  0%| F|  |TAMS 0x00000000e2100000| PB 0x00000000e2100000| Untracked 
|  34|0x00000000e2200000, 0x00000000e2200000, 0x00000000e2300000|  0%| F|  |TAMS 0x00000000e2200000| PB 0x00000000e2200000| Untracked 
|  35|0x00000000e2300000, 0x00000000e2300000, 0x00000000e2400000|  0%| F|  |TAMS 0x00000000e2300000| PB 0x00000000e2300000| Untracked 
|  36|0x00000000e2400000, 0x00000000e2400000, 0x00000000e2500000|  0%| F|  |TAMS 0x00000000e2400000| PB 0x00000000e2400000| Untracked 
|  37|0x00000000e2500000, 0x00000000e2500000, 0x00000000e2600000|  0%| F|  |TAMS 0x00000000e2500000| PB 0x00000000e2500000| Untracked 
|  38|0x00000000e2600000, 0x00000000e2600000, 0x00000000e2700000|  0%| F|  |TAMS 0x00000000e2600000| PB 0x00000000e2600000| Untracked 
|  39|0x00000000e2700000, 0x00000000e2700000, 0x00000000e2800000|  0%| F|  |TAMS 0x00000000e2700000| PB 0x00000000e2700000| Untracked 
|  40|0x00000000e2800000, 0x00000000e2800000, 0x00000000e2900000|  0%| F|  |TAMS 0x00000000e2800000| PB 0x00000000e2800000| Untracked 
|  41|0x00000000e2900000, 0x00000000e2900000, 0x00000000e2a00000|  0%| F|  |TAMS 0x00000000e2900000| PB 0x00000000e2900000| Untracked 
|  42|0x00000000e2a00000, 0x00000000e2a00000, 0x00000000e2b00000|  0%| F|  |TAMS 0x00000000e2a00000| PB 0x00000000e2a00000| Untracked 
|  43|0x00000000e2b00000, 0x00000000e2b00000, 0x00000000e2c00000|  0%| F|  |TAMS 0x00000000e2b00000| PB 0x00000000e2b00000| Untracked 
|  44|0x00000000e2c00000, 0x00000000e2c00000, 0x00000000e2d00000|  0%| F|  |TAMS 0x00000000e2c00000| PB 0x00000000e2c00000| Untracked 
|  45|0x00000000e2d00000, 0x00000000e2d00000, 0x00000000e2e00000|  0%| F|  |TAMS 0x00000000e2d00000| PB 0x00000000e2d00000| Untracked 
|  46|0x00000000e2e00000, 0x00000000e2e00000, 0x00000000e2f00000|  0%| F|  |TAMS 0x00000000e2e00000| PB 0x00000000e2e00000| Untracked 
|  47|0x00000000e2f00000, 0x00000000e2f00000, 0x00000000e3000000|  0%| F|  |TAMS 0x00000000e2f00000| PB 0x00000000e2f00000| Untracked 
|  48|0x00000000e3000000, 0x00000000e3000000, 0x00000000e3100000|  0%| F|  |TAMS 0x00000000e3000000| PB 0x00000000e3000000| Untracked 
|  49|0x00000000e3100000, 0x00000000e3100000, 0x00000000e3200000|  0%| F|  |TAMS 0x00000000e3100000| PB 0x00000000e3100000| Untracked 
|  50|0x00000000e3200000, 0x00000000e3200000, 0x00000000e3300000|  0%| F|  |TAMS 0x00000000e3200000| PB 0x00000000e3200000| Untracked 
|  51|0x00000000e3300000, 0x00000000e3300000, 0x00000000e3400000|  0%| F|  |TAMS 0x00000000e3300000| PB 0x00000000e3300000| Untracked 
|  52|0x00000000e3400000, 0x00000000e3400000, 0x00000000e3500000|  0%| F|  |TAMS 0x00000000e3400000| PB 0x00000000e3400000| Untracked 
|  53|0x00000000e3500000, 0x00000000e3500000, 0x00000000e3600000|  0%| F|  |TAMS 0x00000000e3500000| PB 0x00000000e3500000| Untracked 
|  54|0x00000000e3600000, 0x00000000e3600000, 0x00000000e3700000|  0%| F|  |TAMS 0x00000000e3600000| PB 0x00000000e3600000| Untracked 
|  55|0x00000000e3700000, 0x00000000e3700000, 0x00000000e3800000|  0%| F|  |TAMS 0x00000000e3700000| PB 0x00000000e3700000| Untracked 
|  56|0x00000000e3800000, 0x00000000e3800000, 0x00000000e3900000|  0%| F|  |TAMS 0x00000000e3800000| PB 0x00000000e3800000| Untracked 
|  57|0x00000000e3900000, 0x00000000e3900000, 0x00000000e3a00000|  0%| F|  |TAMS 0x00000000e3900000| PB 0x00000000e3900000| Untracked 
|  58|0x00000000e3a00000, 0x00000000e3a00000, 0x00000000e3b00000|  0%| F|  |TAMS 0x00000000e3a00000| PB 0x00000000e3a00000| Untracked 
|  59|0x00000000e3b00000, 0x00000000e3b00000, 0x00000000e3c00000|  0%| F|  |TAMS 0x00000000e3b00000| PB 0x00000000e3b00000| Untracked 
|  60|0x00000000e3c00000, 0x00000000e3c00000, 0x00000000e3d00000|  0%| F|  |TAMS 0x00000000e3c00000| PB 0x00000000e3c00000| Untracked 
|  61|0x00000000e3d00000, 0x00000000e3d00000, 0x00000000e3e00000|  0%| F|  |TAMS 0x00000000e3d00000| PB 0x00000000e3d00000| Untracked 
|  62|0x00000000e3e00000, 0x00000000e3e00000, 0x00000000e3f00000|  0%| F|  |TAMS 0x00000000e3e00000| PB 0x00000000e3e00000| Untracked 
|  63|0x00000000e3f00000, 0x00000000e3f00000, 0x00000000e4000000|  0%| F|  |TAMS 0x00000000e3f00000| PB 0x00000000e3f00000| Untracked 
|  64|0x00000000e4000000, 0x00000000e4000000, 0x00000000e4100000|  0%| F|  |TAMS 0x00000000e4000000| PB 0x00000000e4000000| Untracked 
|  65|0x00000000e4100000, 0x00000000e4100000, 0x00000000e4200000|  0%| F|  |TAMS 0x00000000e4100000| PB 0x00000000e4100000| Untracked 
|  66|0x00000000e4200000, 0x00000000e4200000, 0x00000000e4300000|  0%| F|  |TAMS 0x00000000e4200000| PB 0x00000000e4200000| Untracked 
|  67|0x00000000e4300000, 0x00000000e4300000, 0x00000000e4400000|  0%| F|  |TAMS 0x00000000e4300000| PB 0x00000000e4300000| Untracked 
|  68|0x00000000e4400000, 0x00000000e4400000, 0x00000000e4500000|  0%| F|  |TAMS 0x00000000e4400000| PB 0x00000000e4400000| Untracked 
|  69|0x00000000e4500000, 0x00000000e4500000, 0x00000000e4600000|  0%| F|  |TAMS 0x00000000e4500000| PB 0x00000000e4500000| Untracked 
|  70|0x00000000e4600000, 0x00000000e4600000, 0x00000000e4700000|  0%| F|  |TAMS 0x00000000e4600000| PB 0x00000000e4600000| Untracked 
|  71|0x00000000e4700000, 0x00000000e4700000, 0x00000000e4800000|  0%| F|  |TAMS 0x00000000e4700000| PB 0x00000000e4700000| Untracked 
|  72|0x00000000e4800000, 0x00000000e4800000, 0x00000000e4900000|  0%| F|  |TAMS 0x00000000e4800000| PB 0x00000000e4800000| Untracked 
|  73|0x00000000e4900000, 0x00000000e4900000, 0x00000000e4a00000|  0%| F|  |TAMS 0x00000000e4900000| PB 0x00000000e4900000| Untracked 
|  74|0x00000000e4a00000, 0x00000000e4a00000, 0x00000000e4b00000|  0%| F|  |TAMS 0x00000000e4a00000| PB 0x00000000e4a00000| Untracked 
|  75|0x00000000e4b00000, 0x00000000e4b00000, 0x00000000e4c00000|  0%| F|  |TAMS 0x00000000e4b00000| PB 0x00000000e4b00000| Untracked 
|  76|0x00000000e4c00000, 0x00000000e4c00000, 0x00000000e4d00000|  0%| F|  |TAMS 0x00000000e4c00000| PB 0x00000000e4c00000| Untracked 
|  77|0x00000000e4d00000, 0x00000000e4d00000, 0x00000000e4e00000|  0%| F|  |TAMS 0x00000000e4d00000| PB 0x00000000e4d00000| Untracked 
|  78|0x00000000e4e00000, 0x00000000e4e00000, 0x00000000e4f00000|  0%| F|  |TAMS 0x00000000e4e00000| PB 0x00000000e4e00000| Untracked 
|  79|0x00000000e4f00000, 0x00000000e4f00000, 0x00000000e5000000|  0%| F|  |TAMS 0x00000000e4f00000| PB 0x00000000e4f00000| Untracked 
|  80|0x00000000e5000000, 0x00000000e5000000, 0x00000000e5100000|  0%| F|  |TAMS 0x00000000e5000000| PB 0x00000000e5000000| Untracked 
|  81|0x00000000e5100000, 0x00000000e5100000, 0x00000000e5200000|  0%| F|  |TAMS 0x00000000e5100000| PB 0x00000000e5100000| Untracked 
|  82|0x00000000e5200000, 0x00000000e5200000, 0x00000000e5300000|  0%| F|  |TAMS 0x00000000e5200000| PB 0x00000000e5200000| Untracked 
|  83|0x00000000e5300000, 0x00000000e5300000, 0x00000000e5400000|  0%| F|  |TAMS 0x00000000e5300000| PB 0x00000000e5300000| Untracked 
|  84|0x00000000e5400000, 0x00000000e5400000, 0x00000000e5500000|  0%| F|  |TAMS 0x00000000e5400000| PB 0x00000000e5400000| Untracked 
|  85|0x00000000e5500000, 0x00000000e5500000, 0x00000000e5600000|  0%| F|  |TAMS 0x00000000e5500000| PB 0x00000000e5500000| Untracked 
|  86|0x00000000e5600000, 0x00000000e5600000, 0x00000000e5700000|  0%| F|  |TAMS 0x00000000e5600000| PB 0x00000000e5600000| Untracked 
|  87|0x00000000e5700000, 0x00000000e5700000, 0x00000000e5800000|  0%| F|  |TAMS 0x00000000e5700000| PB 0x00000000e5700000| Untracked 
|  88|0x00000000e5800000, 0x00000000e5800000, 0x00000000e5900000|  0%| F|  |TAMS 0x00000000e5800000| PB 0x00000000e5800000| Untracked 
|  89|0x00000000e5900000, 0x00000000e5900000, 0x00000000e5a00000|  0%| F|  |TAMS 0x00000000e5900000| PB 0x00000000e5900000| Untracked 
|  90|0x00000000e5a00000, 0x00000000e5a00000, 0x00000000e5b00000|  0%| F|  |TAMS 0x00000000e5a00000| PB 0x00000000e5a00000| Untracked 
|  91|0x00000000e5b00000, 0x00000000e5b00000, 0x00000000e5c00000|  0%| F|  |TAMS 0x00000000e5b00000| PB 0x00000000e5b00000| Untracked 
|  92|0x00000000e5c00000, 0x00000000e5c00000, 0x00000000e5d00000|  0%| F|  |TAMS 0x00000000e5c00000| PB 0x00000000e5c00000| Untracked 
|  93|0x00000000e5d00000, 0x00000000e5d00000, 0x00000000e5e00000|  0%| F|  |TAMS 0x00000000e5d00000| PB 0x00000000e5d00000| Untracked 
|  94|0x00000000e5e00000, 0x00000000e5e00000, 0x00000000e5f00000|  0%| F|  |TAMS 0x00000000e5e00000| PB 0x00000000e5e00000| Untracked 
|  95|0x00000000e5f00000, 0x00000000e5f00000, 0x00000000e6000000|  0%| F|  |TAMS 0x00000000e5f00000| PB 0x00000000e5f00000| Untracked 
|  96|0x00000000e6000000, 0x00000000e6000000, 0x00000000e6100000|  0%| F|  |TAMS 0x00000000e6000000| PB 0x00000000e6000000| Untracked 
|  97|0x00000000e6100000, 0x00000000e6100000, 0x00000000e6200000|  0%| F|  |TAMS 0x00000000e6100000| PB 0x00000000e6100000| Untracked 
|  98|0x00000000e6200000, 0x00000000e6200000, 0x00000000e6300000|  0%| F|  |TAMS 0x00000000e6200000| PB 0x00000000e6200000| Untracked 
|  99|0x00000000e6300000, 0x00000000e6300000, 0x00000000e6400000|  0%| F|  |TAMS 0x00000000e6300000| PB 0x00000000e6300000| Untracked 
| 100|0x00000000e6400000, 0x00000000e6400000, 0x00000000e6500000|  0%| F|  |TAMS 0x00000000e6400000| PB 0x00000000e6400000| Untracked 
| 101|0x00000000e6500000, 0x00000000e6500000, 0x00000000e6600000|  0%| F|  |TAMS 0x00000000e6500000| PB 0x00000000e6500000| Untracked 
| 102|0x00000000e6600000, 0x00000000e6600000, 0x00000000e6700000|  0%| F|  |TAMS 0x00000000e6600000| PB 0x00000000e6600000| Untracked 
| 103|0x00000000e6700000, 0x00000000e6700000, 0x00000000e6800000|  0%| F|  |TAMS 0x00000000e6700000| PB 0x00000000e6700000| Untracked 
| 104|0x00000000e6800000, 0x00000000e6800000, 0x00000000e6900000|  0%| F|  |TAMS 0x00000000e6800000| PB 0x00000000e6800000| Untracked 
| 105|0x00000000e6900000, 0x00000000e6900000, 0x00000000e6a00000|  0%| F|  |TAMS 0x00000000e6900000| PB 0x00000000e6900000| Untracked 
| 106|0x00000000e6a00000, 0x00000000e6a00000, 0x00000000e6b00000|  0%| F|  |TAMS 0x00000000e6a00000| PB 0x00000000e6a00000| Untracked 
| 107|0x00000000e6b00000, 0x00000000e6b00000, 0x00000000e6c00000|  0%| F|  |TAMS 0x00000000e6b00000| PB 0x00000000e6b00000| Untracked 
| 108|0x00000000e6c00000, 0x00000000e6c00000, 0x00000000e6d00000|  0%| F|  |TAMS 0x00000000e6c00000| PB 0x00000000e6c00000| Untracked 
| 109|0x00000000e6d00000, 0x00000000e6d00000, 0x00000000e6e00000|  0%| F|  |TAMS 0x00000000e6d00000| PB 0x00000000e6d00000| Untracked 
| 110|0x00000000e6e00000, 0x00000000e6e00000, 0x00000000e6f00000|  0%| F|  |TAMS 0x00000000e6e00000| PB 0x00000000e6e00000| Untracked 
| 111|0x00000000e6f00000, 0x00000000e6f00000, 0x00000000e7000000|  0%| F|  |TAMS 0x00000000e6f00000| PB 0x00000000e6f00000| Untracked 
| 112|0x00000000e7000000, 0x00000000e7000000, 0x00000000e7100000|  0%| F|  |TAMS 0x00000000e7000000| PB 0x00000000e7000000| Untracked 
| 113|0x00000000e7100000, 0x00000000e7100000, 0x00000000e7200000|  0%| F|  |TAMS 0x00000000e7100000| PB 0x00000000e7100000| Untracked 
| 114|0x00000000e7200000, 0x00000000e7200000, 0x00000000e7300000|  0%| F|  |TAMS 0x00000000e7200000| PB 0x00000000e7200000| Untracked 
| 115|0x00000000e7300000, 0x00000000e7300000, 0x00000000e7400000|  0%| F|  |TAMS 0x00000000e7300000| PB 0x00000000e7300000| Untracked 
| 116|0x00000000e7400000, 0x00000000e7400000, 0x00000000e7500000|  0%| F|  |TAMS 0x00000000e7400000| PB 0x00000000e7400000| Untracked 
| 117|0x00000000e7500000, 0x00000000e7500000, 0x00000000e7600000|  0%| F|  |TAMS 0x00000000e7500000| PB 0x00000000e7500000| Untracked 
| 118|0x00000000e7600000, 0x00000000e7600000, 0x00000000e7700000|  0%| F|  |TAMS 0x00000000e7600000| PB 0x00000000e7600000| Untracked 
| 119|0x00000000e7700000, 0x00000000e7700000, 0x00000000e7800000|  0%| F|  |TAMS 0x00000000e7700000| PB 0x00000000e7700000| Untracked 
| 120|0x00000000e7800000, 0x00000000e7800000, 0x00000000e7900000|  0%| F|  |TAMS 0x00000000e7800000| PB 0x00000000e7800000| Untracked 
| 121|0x00000000e7900000, 0x00000000e7900000, 0x00000000e7a00000|  0%| F|  |TAMS 0x00000000e7900000| PB 0x00000000e7900000| Untracked 
| 122|0x00000000e7a00000, 0x00000000e7a00000, 0x00000000e7b00000|  0%| F|  |TAMS 0x00000000e7a00000| PB 0x00000000e7a00000| Untracked 
| 123|0x00000000e7b00000, 0x00000000e7b00000, 0x00000000e7c00000|  0%| F|  |TAMS 0x00000000e7b00000| PB 0x00000000e7b00000| Untracked 
| 124|0x00000000e7c00000, 0x00000000e7c00000, 0x00000000e7d00000|  0%| F|  |TAMS 0x00000000e7c00000| PB 0x00000000e7c00000| Untracked 
| 125|0x00000000e7d00000, 0x00000000e7d00000, 0x00000000e7e00000|  0%| F|  |TAMS 0x00000000e7d00000| PB 0x00000000e7d00000| Untracked 
| 126|0x00000000e7e00000, 0x00000000e7e00000, 0x00000000e7f00000|  0%| F|  |TAMS 0x00000000e7e00000| PB 0x00000000e7e00000| Untracked 
| 127|0x00000000e7f00000, 0x00000000e7f00000, 0x00000000e8000000|  0%| F|  |TAMS 0x00000000e7f00000| PB 0x00000000e7f00000| Untracked 
| 128|0x00000000e8000000, 0x00000000e8000000, 0x00000000e8100000|  0%| F|  |TAMS 0x00000000e8000000| PB 0x00000000e8000000| Untracked 
| 129|0x00000000e8100000, 0x00000000e8100000, 0x00000000e8200000|  0%| F|  |TAMS 0x00000000e8100000| PB 0x00000000e8100000| Untracked 
| 130|0x00000000e8200000, 0x00000000e8200000, 0x00000000e8300000|  0%| F|  |TAMS 0x00000000e8200000| PB 0x00000000e8200000| Untracked 
| 131|0x00000000e8300000, 0x00000000e8300000, 0x00000000e8400000|  0%| F|  |TAMS 0x00000000e8300000| PB 0x00000000e8300000| Untracked 
| 132|0x00000000e8400000, 0x00000000e8400000, 0x00000000e8500000|  0%| F|  |TAMS 0x00000000e8400000| PB 0x00000000e8400000| Untracked 
| 133|0x00000000e8500000, 0x00000000e8500000, 0x00000000e8600000|  0%| F|  |TAMS 0x00000000e8500000| PB 0x00000000e8500000| Untracked 
| 134|0x00000000e8600000, 0x00000000e8600000, 0x00000000e8700000|  0%| F|  |TAMS 0x00000000e8600000| PB 0x00000000e8600000| Untracked 
| 135|0x00000000e8700000, 0x00000000e8700000, 0x00000000e8800000|  0%| F|  |TAMS 0x00000000e8700000| PB 0x00000000e8700000| Untracked 
| 136|0x00000000e8800000, 0x00000000e8800000, 0x00000000e8900000|  0%| F|  |TAMS 0x00000000e8800000| PB 0x00000000e8800000| Untracked 
| 137|0x00000000e8900000, 0x00000000e8900000, 0x00000000e8a00000|  0%| F|  |TAMS 0x00000000e8900000| PB 0x00000000e8900000| Untracked 
| 138|0x00000000e8a00000, 0x00000000e8a00000, 0x00000000e8b00000|  0%| F|  |TAMS 0x00000000e8a00000| PB 0x00000000e8a00000| Untracked 
| 139|0x00000000e8b00000, 0x00000000e8b00000, 0x00000000e8c00000|  0%| F|  |TAMS 0x00000000e8b00000| PB 0x00000000e8b00000| Untracked 
| 140|0x00000000e8c00000, 0x00000000e8c00000, 0x00000000e8d00000|  0%| F|  |TAMS 0x00000000e8c00000| PB 0x00000000e8c00000| Untracked 
| 141|0x00000000e8d00000, 0x00000000e8d00000, 0x00000000e8e00000|  0%| F|  |TAMS 0x00000000e8d00000| PB 0x00000000e8d00000| Untracked 
| 142|0x00000000e8e00000, 0x00000000e8e00000, 0x00000000e8f00000|  0%| F|  |TAMS 0x00000000e8e00000| PB 0x00000000e8e00000| Untracked 
| 143|0x00000000e8f00000, 0x00000000e8f00000, 0x00000000e9000000|  0%| F|  |TAMS 0x00000000e8f00000| PB 0x00000000e8f00000| Untracked 
| 144|0x00000000e9000000, 0x00000000e9000000, 0x00000000e9100000|  0%| F|  |TAMS 0x00000000e9000000| PB 0x00000000e9000000| Untracked 
| 145|0x00000000e9100000, 0x00000000e9100000, 0x00000000e9200000|  0%| F|  |TAMS 0x00000000e9100000| PB 0x00000000e9100000| Untracked 
| 146|0x00000000e9200000, 0x00000000e9200000, 0x00000000e9300000|  0%| F|  |TAMS 0x00000000e9200000| PB 0x00000000e9200000| Untracked 
| 147|0x00000000e9300000, 0x00000000e9300000, 0x00000000e9400000|  0%| F|  |TAMS 0x00000000e9300000| PB 0x00000000e9300000| Untracked 
| 148|0x00000000e9400000, 0x00000000e9400000, 0x00000000e9500000|  0%| F|  |TAMS 0x00000000e9400000| PB 0x00000000e9400000| Untracked 
| 149|0x00000000e9500000, 0x00000000e9500000, 0x00000000e9600000|  0%| F|  |TAMS 0x00000000e9500000| PB 0x00000000e9500000| Untracked 
| 150|0x00000000e9600000, 0x00000000e9600000, 0x00000000e9700000|  0%| F|  |TAMS 0x00000000e9600000| PB 0x00000000e9600000| Untracked 
| 151|0x00000000e9700000, 0x00000000e9700000, 0x00000000e9800000|  0%| F|  |TAMS 0x00000000e9700000| PB 0x00000000e9700000| Untracked 
| 152|0x00000000e9800000, 0x00000000e9800000, 0x00000000e9900000|  0%| F|  |TAMS 0x00000000e9800000| PB 0x00000000e9800000| Untracked 
| 153|0x00000000e9900000, 0x00000000e9900000, 0x00000000e9a00000|  0%| F|  |TAMS 0x00000000e9900000| PB 0x00000000e9900000| Untracked 
| 154|0x00000000e9a00000, 0x00000000e9a00000, 0x00000000e9b00000|  0%| F|  |TAMS 0x00000000e9a00000| PB 0x00000000e9a00000| Untracked 
| 155|0x00000000e9b00000, 0x00000000e9b00000, 0x00000000e9c00000|  0%| F|  |TAMS 0x00000000e9b00000| PB 0x00000000e9b00000| Untracked 
| 156|0x00000000e9c00000, 0x00000000e9c00000, 0x00000000e9d00000|  0%| F|  |TAMS 0x00000000e9c00000| PB 0x00000000e9c00000| Untracked 
| 157|0x00000000e9d00000, 0x00000000e9d00000, 0x00000000e9e00000|  0%| F|  |TAMS 0x00000000e9d00000| PB 0x00000000e9d00000| Untracked 
| 158|0x00000000e9e00000, 0x00000000e9e00000, 0x00000000e9f00000|  0%| F|  |TAMS 0x00000000e9e00000| PB 0x00000000e9e00000| Untracked 
| 159|0x00000000e9f00000, 0x00000000e9f00000, 0x00000000ea000000|  0%| F|  |TAMS 0x00000000e9f00000| PB 0x00000000e9f00000| Untracked 
| 160|0x00000000ea000000, 0x00000000ea000000, 0x00000000ea100000|  0%| F|  |TAMS 0x00000000ea000000| PB 0x00000000ea000000| Untracked 
| 161|0x00000000ea100000, 0x00000000ea100000, 0x00000000ea200000|  0%| F|  |TAMS 0x00000000ea100000| PB 0x00000000ea100000| Untracked 
| 162|0x00000000ea200000, 0x00000000ea200000, 0x00000000ea300000|  0%| F|  |TAMS 0x00000000ea200000| PB 0x00000000ea200000| Untracked 
| 163|0x00000000ea300000, 0x00000000ea300000, 0x00000000ea400000|  0%| F|  |TAMS 0x00000000ea300000| PB 0x00000000ea300000| Untracked 
| 164|0x00000000ea400000, 0x00000000ea400000, 0x00000000ea500000|  0%| F|  |TAMS 0x00000000ea400000| PB 0x00000000ea400000| Untracked 
| 165|0x00000000ea500000, 0x00000000ea500000, 0x00000000ea600000|  0%| F|  |TAMS 0x00000000ea500000| PB 0x00000000ea500000| Untracked 
| 166|0x00000000ea600000, 0x00000000ea600000, 0x00000000ea700000|  0%| F|  |TAMS 0x00000000ea600000| PB 0x00000000ea600000| Untracked 
| 167|0x00000000ea700000, 0x00000000ea700000, 0x00000000ea800000|  0%| F|  |TAMS 0x00000000ea700000| PB 0x00000000ea700000| Untracked 
| 168|0x00000000ea800000, 0x00000000ea800000, 0x00000000ea900000|  0%| F|  |TAMS 0x00000000ea800000| PB 0x00000000ea800000| Untracked 
| 169|0x00000000ea900000, 0x00000000ea900000, 0x00000000eaa00000|  0%| F|  |TAMS 0x00000000ea900000| PB 0x00000000ea900000| Untracked 
| 170|0x00000000eaa00000, 0x00000000eaa00000, 0x00000000eab00000|  0%| F|  |TAMS 0x00000000eaa00000| PB 0x00000000eaa00000| Untracked 
| 171|0x00000000eab00000, 0x00000000eab00000, 0x00000000eac00000|  0%| F|  |TAMS 0x00000000eab00000| PB 0x00000000eab00000| Untracked 
| 172|0x00000000eac00000, 0x00000000eac00000, 0x00000000ead00000|  0%| F|  |TAMS 0x00000000eac00000| PB 0x00000000eac00000| Untracked 
| 173|0x00000000ead00000, 0x00000000ead00000, 0x00000000eae00000|  0%| F|  |TAMS 0x00000000ead00000| PB 0x00000000ead00000| Untracked 
| 174|0x00000000eae00000, 0x00000000eae00000, 0x00000000eaf00000|  0%| F|  |TAMS 0x00000000eae00000| PB 0x00000000eae00000| Untracked 
| 175|0x00000000eaf00000, 0x00000000eaf00000, 0x00000000eb000000|  0%| F|  |TAMS 0x00000000eaf00000| PB 0x00000000eaf00000| Untracked 
| 176|0x00000000eb000000, 0x00000000eb000000, 0x00000000eb100000|  0%| F|  |TAMS 0x00000000eb000000| PB 0x00000000eb000000| Untracked 
| 177|0x00000000eb100000, 0x00000000eb100000, 0x00000000eb200000|  0%| F|  |TAMS 0x00000000eb100000| PB 0x00000000eb100000| Untracked 
| 178|0x00000000eb200000, 0x00000000eb200000, 0x00000000eb300000|  0%| F|  |TAMS 0x00000000eb200000| PB 0x00000000eb200000| Untracked 
| 179|0x00000000eb300000, 0x00000000eb300000, 0x00000000eb400000|  0%| F|  |TAMS 0x00000000eb300000| PB 0x00000000eb300000| Untracked 
| 180|0x00000000eb400000, 0x00000000eb400000, 0x00000000eb500000|  0%| F|  |TAMS 0x00000000eb400000| PB 0x00000000eb400000| Untracked 
| 181|0x00000000eb500000, 0x00000000eb500000, 0x00000000eb600000|  0%| F|  |TAMS 0x00000000eb500000| PB 0x00000000eb500000| Untracked 
| 182|0x00000000eb600000, 0x00000000eb600000, 0x00000000eb700000|  0%| F|  |TAMS 0x00000000eb600000| PB 0x00000000eb600000| Untracked 
| 183|0x00000000eb700000, 0x00000000eb700000, 0x00000000eb800000|  0%| F|  |TAMS 0x00000000eb700000| PB 0x00000000eb700000| Untracked 
| 184|0x00000000eb800000, 0x00000000eb800000, 0x00000000eb900000|  0%| F|  |TAMS 0x00000000eb800000| PB 0x00000000eb800000| Untracked 
| 185|0x00000000eb900000, 0x00000000eb900000, 0x00000000eba00000|  0%| F|  |TAMS 0x00000000eb900000| PB 0x00000000eb900000| Untracked 
| 186|0x00000000eba00000, 0x00000000eba00000, 0x00000000ebb00000|  0%| F|  |TAMS 0x00000000eba00000| PB 0x00000000eba00000| Untracked 
| 187|0x00000000ebb00000, 0x00000000ebb00000, 0x00000000ebc00000|  0%| F|  |TAMS 0x00000000ebb00000| PB 0x00000000ebb00000| Untracked 
| 188|0x00000000ebc00000, 0x00000000ebc00000, 0x00000000ebd00000|  0%| F|  |TAMS 0x00000000ebc00000| PB 0x00000000ebc00000| Untracked 
| 189|0x00000000ebd00000, 0x00000000ebd80000, 0x00000000ebe00000| 50%| E|  |TAMS 0x00000000ebd00000| PB 0x00000000ebd00000| Complete 
| 190|0x00000000ebe00000, 0x00000000ebf00000, 0x00000000ebf00000|100%| E|CS|TAMS 0x00000000ebe00000| PB 0x00000000ebe00000| Complete 
| 191|0x00000000ebf00000, 0x00000000ec000000, 0x00000000ec000000|100%| E|CS|TAMS 0x00000000ebf00000| PB 0x00000000ebf00000| Complete 
| 192|0x00000000ec000000, 0x00000000ec100000, 0x00000000ec100000|100%| E|CS|TAMS 0x00000000ec000000| PB 0x00000000ec000000| Complete 
| 193|0x00000000ec100000, 0x00000000ec200000, 0x00000000ec200000|100%| E|CS|TAMS 0x00000000ec100000| PB 0x00000000ec100000| Complete 
| 194|0x00000000ec200000, 0x00000000ec300000, 0x00000000ec300000|100%| E|CS|TAMS 0x00000000ec200000| PB 0x00000000ec200000| Complete 
| 195|0x00000000ec300000, 0x00000000ec400000, 0x00000000ec400000|100%| E|CS|TAMS 0x00000000ec300000| PB 0x00000000ec300000| Complete 
| 196|0x00000000ec400000, 0x00000000ec500000, 0x00000000ec500000|100%| E|CS|TAMS 0x00000000ec400000| PB 0x00000000ec400000| Complete 
| 197|0x00000000ec500000, 0x00000000ec600000, 0x00000000ec600000|100%| E|CS|TAMS 0x00000000ec500000| PB 0x00000000ec500000| Complete 
| 198|0x00000000ec600000, 0x00000000ec700000, 0x00000000ec700000|100%| E|CS|TAMS 0x00000000ec600000| PB 0x00000000ec600000| Complete 
| 199|0x00000000ec700000, 0x00000000ec800000, 0x00000000ec800000|100%| E|CS|TAMS 0x00000000ec700000| PB 0x00000000ec700000| Complete 
| 200|0x00000000ec800000, 0x00000000ec900000, 0x00000000ec900000|100%| E|CS|TAMS 0x00000000ec800000| PB 0x00000000ec800000| Complete 
| 201|0x00000000ec900000, 0x00000000eca00000, 0x00000000eca00000|100%| E|CS|TAMS 0x00000000ec900000| PB 0x00000000ec900000| Complete 
| 202|0x00000000eca00000, 0x00000000ecb00000, 0x00000000ecb00000|100%| E|CS|TAMS 0x00000000eca00000| PB 0x00000000eca00000| Complete 
| 203|0x00000000ecb00000, 0x00000000ecc00000, 0x00000000ecc00000|100%| E|CS|TAMS 0x00000000ecb00000| PB 0x00000000ecb00000| Complete 
| 204|0x00000000ecc00000, 0x00000000ecd00000, 0x00000000ecd00000|100%| E|CS|TAMS 0x00000000ecc00000| PB 0x00000000ecc00000| Complete 
| 205|0x00000000ecd00000, 0x00000000ece00000, 0x00000000ece00000|100%| E|CS|TAMS 0x00000000ecd00000| PB 0x00000000ecd00000| Complete 
| 206|0x00000000ece00000, 0x00000000ecf00000, 0x00000000ecf00000|100%| E|CS|TAMS 0x00000000ece00000| PB 0x00000000ece00000| Complete 
| 207|0x00000000ecf00000, 0x00000000ed000000, 0x00000000ed000000|100%| E|CS|TAMS 0x00000000ecf00000| PB 0x00000000ecf00000| Complete 
| 208|0x00000000ed000000, 0x00000000ed100000, 0x00000000ed100000|100%| E|CS|TAMS 0x00000000ed000000| PB 0x00000000ed000000| Complete 
| 209|0x00000000ed100000, 0x00000000ed200000, 0x00000000ed200000|100%| E|CS|TAMS 0x00000000ed100000| PB 0x00000000ed100000| Complete 
| 210|0x00000000ed200000, 0x00000000ed300000, 0x00000000ed300000|100%| E|CS|TAMS 0x00000000ed200000| PB 0x00000000ed200000| Complete 
| 211|0x00000000ed300000, 0x00000000ed400000, 0x00000000ed400000|100%| E|CS|TAMS 0x00000000ed300000| PB 0x00000000ed300000| Complete 
| 212|0x00000000ed400000, 0x00000000ed500000, 0x00000000ed500000|100%| E|CS|TAMS 0x00000000ed400000| PB 0x00000000ed400000| Complete 
| 213|0x00000000ed500000, 0x00000000ed600000, 0x00000000ed600000|100%| E|CS|TAMS 0x00000000ed500000| PB 0x00000000ed500000| Complete 
| 214|0x00000000ed600000, 0x00000000ed700000, 0x00000000ed700000|100%| E|CS|TAMS 0x00000000ed600000| PB 0x00000000ed600000| Complete 
| 215|0x00000000ed700000, 0x00000000ed800000, 0x00000000ed800000|100%| E|CS|TAMS 0x00000000ed700000| PB 0x00000000ed700000| Complete 
| 216|0x00000000ed800000, 0x00000000ed900000, 0x00000000ed900000|100%| E|CS|TAMS 0x00000000ed800000| PB 0x00000000ed800000| Complete 
| 217|0x00000000ed900000, 0x00000000eda00000, 0x00000000eda00000|100%| E|CS|TAMS 0x00000000ed900000| PB 0x00000000ed900000| Complete 
| 218|0x00000000eda00000, 0x00000000edb00000, 0x00000000edb00000|100%| E|CS|TAMS 0x00000000eda00000| PB 0x00000000eda00000| Complete 
| 219|0x00000000edb00000, 0x00000000edc00000, 0x00000000edc00000|100%| E|CS|TAMS 0x00000000edb00000| PB 0x00000000edb00000| Complete 
| 220|0x00000000edc00000, 0x00000000edd00000, 0x00000000edd00000|100%| E|CS|TAMS 0x00000000edc00000| PB 0x00000000edc00000| Complete 
| 221|0x00000000edd00000, 0x00000000ede00000, 0x00000000ede00000|100%| E|CS|TAMS 0x00000000edd00000| PB 0x00000000edd00000| Complete 
| 222|0x00000000ede00000, 0x00000000ede92d10, 0x00000000edf00000| 57%| S|CS|TAMS 0x00000000ede00000| PB 0x00000000ede00000| Complete 
| 223|0x00000000edf00000, 0x00000000ee000000, 0x00000000ee000000|100%| S|CS|TAMS 0x00000000edf00000| PB 0x00000000edf00000| Complete 
| 224|0x00000000ee000000, 0x00000000ee100000, 0x00000000ee100000|100%| E|CS|TAMS 0x00000000ee000000| PB 0x00000000ee000000| Complete 
| 225|0x00000000ee100000, 0x00000000ee200000, 0x00000000ee200000|100%| E|CS|TAMS 0x00000000ee100000| PB 0x00000000ee100000| Complete 
| 226|0x00000000ee200000, 0x00000000ee300000, 0x00000000ee300000|100%| E|CS|TAMS 0x00000000ee200000| PB 0x00000000ee200000| Complete 
| 227|0x00000000ee300000, 0x00000000ee400000, 0x00000000ee400000|100%| E|CS|TAMS 0x00000000ee300000| PB 0x00000000ee300000| Complete 
| 228|0x00000000ee400000, 0x00000000ee500000, 0x00000000ee500000|100%| E|CS|TAMS 0x00000000ee400000| PB 0x00000000ee400000| Complete 
| 229|0x00000000ee500000, 0x00000000ee600000, 0x00000000ee600000|100%| E|CS|TAMS 0x00000000ee500000| PB 0x00000000ee500000| Complete 
| 230|0x00000000ee600000, 0x00000000ee700000, 0x00000000ee700000|100%| E|CS|TAMS 0x00000000ee600000| PB 0x00000000ee600000| Complete 
| 231|0x00000000ee700000, 0x00000000ee800000, 0x00000000ee800000|100%| E|CS|TAMS 0x00000000ee700000| PB 0x00000000ee700000| Complete 
| 232|0x00000000ee800000, 0x00000000ee900000, 0x00000000ee900000|100%| E|CS|TAMS 0x00000000ee800000| PB 0x00000000ee800000| Complete 
| 233|0x00000000ee900000, 0x00000000eea00000, 0x00000000eea00000|100%| E|CS|TAMS 0x00000000ee900000| PB 0x00000000ee900000| Complete 
| 234|0x00000000eea00000, 0x00000000eeb00000, 0x00000000eeb00000|100%| E|CS|TAMS 0x00000000eea00000| PB 0x00000000eea00000| Complete 
| 235|0x00000000eeb00000, 0x00000000eec00000, 0x00000000eec00000|100%| E|CS|TAMS 0x00000000eeb00000| PB 0x00000000eeb00000| Complete 
| 236|0x00000000eec00000, 0x00000000eed00000, 0x00000000eed00000|100%| E|CS|TAMS 0x00000000eec00000| PB 0x00000000eec00000| Complete 
| 237|0x00000000eed00000, 0x00000000eee00000, 0x00000000eee00000|100%| E|CS|TAMS 0x00000000eed00000| PB 0x00000000eed00000| Complete 
| 238|0x00000000eee00000, 0x00000000eef00000, 0x00000000eef00000|100%| E|CS|TAMS 0x00000000eee00000| PB 0x00000000eee00000| Complete 
| 239|0x00000000eef00000, 0x00000000ef000000, 0x00000000ef000000|100%| E|CS|TAMS 0x00000000eef00000| PB 0x00000000eef00000| Complete 
| 240|0x00000000ef000000, 0x00000000ef100000, 0x00000000ef100000|100%| E|CS|TAMS 0x00000000ef000000| PB 0x00000000ef000000| Complete 
| 241|0x00000000ef100000, 0x00000000ef200000, 0x00000000ef200000|100%| E|CS|TAMS 0x00000000ef100000| PB 0x00000000ef100000| Complete 
| 242|0x00000000ef200000, 0x00000000ef300000, 0x00000000ef300000|100%| E|CS|TAMS 0x00000000ef200000| PB 0x00000000ef200000| Complete 
| 243|0x00000000ef300000, 0x00000000ef400000, 0x00000000ef400000|100%| E|CS|TAMS 0x00000000ef300000| PB 0x00000000ef300000| Complete 
| 244|0x00000000ef400000, 0x00000000ef500000, 0x00000000ef500000|100%| E|CS|TAMS 0x00000000ef400000| PB 0x00000000ef400000| Complete 
| 245|0x00000000ef500000, 0x00000000ef600000, 0x00000000ef600000|100%| E|CS|TAMS 0x00000000ef500000| PB 0x00000000ef500000| Complete 
| 246|0x00000000ef600000, 0x00000000ef700000, 0x00000000ef700000|100%| E|CS|TAMS 0x00000000ef600000| PB 0x00000000ef600000| Complete 
| 247|0x00000000ef700000, 0x00000000ef800000, 0x00000000ef800000|100%| E|CS|TAMS 0x00000000ef700000| PB 0x00000000ef700000| Complete 
| 248|0x00000000ef800000, 0x00000000ef900000, 0x00000000ef900000|100%| E|CS|TAMS 0x00000000ef800000| PB 0x00000000ef800000| Complete 
| 249|0x00000000ef900000, 0x00000000efa00000, 0x00000000efa00000|100%| E|CS|TAMS 0x00000000ef900000| PB 0x00000000ef900000| Complete 
| 250|0x00000000efa00000, 0x00000000efb00000, 0x00000000efb00000|100%| E|CS|TAMS 0x00000000efa00000| PB 0x00000000efa00000| Complete 
| 251|0x00000000efb00000, 0x00000000efc00000, 0x00000000efc00000|100%| E|CS|TAMS 0x00000000efb00000| PB 0x00000000efb00000| Complete 
| 252|0x00000000efc00000, 0x00000000efd00000, 0x00000000efd00000|100%| E|CS|TAMS 0x00000000efc00000| PB 0x00000000efc00000| Complete 
| 253|0x00000000efd00000, 0x00000000efe00000, 0x00000000efe00000|100%| E|CS|TAMS 0x00000000efd00000| PB 0x00000000efd00000| Complete 
| 254|0x00000000efe00000, 0x00000000eff00000, 0x00000000eff00000|100%| E|CS|TAMS 0x00000000efe00000| PB 0x00000000efe00000| Complete 
| 255|0x00000000eff00000, 0x00000000f0000000, 0x00000000f0000000|100%| E|CS|TAMS 0x00000000eff00000| PB 0x00000000eff00000| Complete 

Card table byte_map: [0x0000023f32d30000,0x0000023f32e30000] _byte_map_base: 0x0000023f32630000

Marking Bits: (CMBitMap*) 0x0000023f201e3a10
 Bits: [0x0000023f32e30000, 0x0000023f33630000)

Polling page: 0x0000023f1e030000

Metaspace:

Usage:
  Non-class:      9.20 MB used.
      Class:      1.44 MB used.
       Both:     10.64 MB used.

Virtual space:
  Non-class space:       64.00 MB reserved,       9.31 MB ( 15%) committed,  1 nodes.
      Class space:      320.00 MB reserved,       1.56 MB ( <1%) committed,  1 nodes.
             Both:      384.00 MB reserved,      10.88 MB (  3%) committed. 

Chunk freelists:
   Non-Class:  6.19 MB
       Class:  14.41 MB
        Both:  20.59 MB

MaxMetaspaceSize: 384.00 MB
CompressedClassSpaceSize: 320.00 MB
Initial GC threshold: 21.00 MB
Current GC threshold: 21.00 MB
CDS: on
 - commit_granule_bytes: 65536.
 - commit_granule_words: 8192.
 - virtual_space_node_default_size: 8388608.
 - enlarge_chunks_in_place: 1.
 - use_allocation_guard: 0.


Internal statistics:

num_allocs_failed_limit: 0.
num_arena_births: 304.
num_arena_deaths: 0.
num_vsnodes_births: 2.
num_vsnodes_deaths: 0.
num_space_committed: 174.
num_space_uncommitted: 0.
num_chunks_returned_to_freelist: 0.
num_chunks_taken_from_freelist: 621.
num_chunk_merges: 0.
num_chunk_splits: 393.
num_chunks_enlarged: 279.
num_inconsistent_stats: 0.

CodeHeap 'non-profiled nmethods': size=119168Kb used=1121Kb max_used=1121Kb free=118046Kb
 bounds [0x0000023f2af50000, 0x0000023f2b1c0000, 0x0000023f323b0000]
CodeHeap 'profiled nmethods': size=119104Kb used=5053Kb max_used=5053Kb free=114050Kb
 bounds [0x0000023f233b0000, 0x0000023f238a0000, 0x0000023f2a800000]
CodeHeap 'non-nmethods': size=7488Kb used=1932Kb max_used=2426Kb free=5555Kb
 bounds [0x0000023f2a800000, 0x0000023f2aa70000, 0x0000023f2af50000]
CodeCache: size=245760Kb, used=8106Kb, max_used=8600Kb, free=237651Kb
 total_blobs=3066, nmethods=2531, adapters=438, full_count=0
Compilation: enabled, stopped_count=0, restarted_count=0

Compilation events (20 events):
Event: 9.463 Thread 0x0000023f365e3040 2523       4       jdk.internal.util.ReferencedKeyMap::removeStaleReferences (30 bytes)
Event: 9.464 Thread 0x0000023f367484c0 2524       3       java.util.HashMap::putMapEntries (170 bytes)
Event: 9.464 Thread 0x0000023f365ebf30 2525       3       sun.reflect.annotation.AnnotationParser$1::run (40 bytes)
Event: 9.464 Thread 0x0000023f365ebf30 nmethod 2525 0x0000023f23896b90 code [0x0000023f23896da0, 0x0000023f23897460]
Event: 9.465 Thread 0x0000023f367484c0 nmethod 2524 0x0000023f23897690 code [0x0000023f23897980, 0x0000023f23898808]
Event: 9.465 Thread 0x0000023f367484c0 2526       3       org.gradle.internal.service.ServiceScopeValidator::whenRegistered (11 bytes)
Event: 9.465 Thread 0x0000023f365ebf30 2527       3       org.gradle.internal.service.DefaultServiceRegistry$RegistrationWrapper::getDeclaredType (8 bytes)
Event: 9.465 Thread 0x0000023f365ebf30 nmethod 2527 0x0000023f23898c90 code [0x0000023f23898e20, 0x0000023f23898f38]
Event: 9.465 Thread 0x0000023f365ebf30 2528       3       org.gradle.internal.service.ServiceScopeValidator::validateScope (95 bytes)
Event: 9.465 Thread 0x0000023f367484c0 nmethod 2526 0x0000023f23899010 code [0x0000023f238991c0, 0x0000023f238993b8]
Event: 9.465 Thread 0x0000023f367484c0 2529       3       org.gradle.internal.service.ServiceScopeValidatorWorkarounds::shouldSuppressValidation (13 bytes)
Event: 9.466 Thread 0x0000023f367484c0 nmethod 2529 0x0000023f23899510 code [0x0000023f238996e0, 0x0000023f23899a70]
Event: 9.466 Thread 0x0000023f367484c0 2530       3       java.lang.invoke.DelegatingMethodHandle::makeReinvokerForm (10 bytes)
Event: 9.466 Thread 0x0000023f367484c0 nmethod 2530 0x0000023f23899c10 code [0x0000023f23899dc0, 0x0000023f23899ee8]
Event: 9.466 Thread 0x0000023f367484c0 2531       3       java.lang.invoke.DelegatingMethodHandle::makeReinvokerForm (326 bytes)
Event: 9.467 Thread 0x0000023f365ebf30 nmethod 2528 0x0000023f23899f90 code [0x0000023f2389a360, 0x0000023f2389bb38]
Event: 9.467 Thread 0x0000023f365ebf30 2532       3       java.lang.invoke.DelegatingMethodHandle::whichKind (44 bytes)
Event: 9.467 Thread 0x0000023f365ebf30 nmethod 2532 0x0000023f2389c310 code [0x0000023f2389c4c0, 0x0000023f2389c698]
Event: 9.467 Thread 0x0000023f367484c0 nmethod 2531 0x0000023f2389c710 code [0x0000023f2389cae0, 0x0000023f2389e900]
Event: 9.468 Thread 0x0000023f365e3040 nmethod 2523 0x0000023f2b067b10 code [0x0000023f2b067d00, 0x0000023f2b0683a0]

GC Heap History (4 events):
Event: 1.713 GC heap before
{Heap before GC invocations=0 (full 0):
 garbage-first heap   total 262144K, used 26624K [0x00000000e0000000, 0x0000000100000000)
  region size 1024K, 23 young (23552K), 0 survivors (0K)
 Metaspace       used 1132K, committed 1280K, reserved 393216K
  class space    used 80K, committed 128K, reserved 327680K
}
Event: 1.735 GC heap after
{Heap after GC invocations=1 (full 0):
 garbage-first heap   total 262144K, used 10378K [0x00000000e0000000, 0x0000000100000000)
  region size 1024K, 3 young (3072K), 3 survivors (3072K)
 Metaspace       used 1132K, committed 1280K, reserved 393216K
  class space    used 80K, committed 128K, reserved 327680K
}
Event: 3.773 GC heap before
{Heap before GC invocations=1 (full 0):
 garbage-first heap   total 262144K, used 39050K [0x00000000e0000000, 0x0000000100000000)
  region size 1024K, 32 young (32768K), 3 survivors (3072K)
 Metaspace       used 4358K, committed 4544K, reserved 393216K
  class space    used 544K, committed 640K, reserved 327680K
}
Event: 3.777 GC heap after
{Heap after GC invocations=2 (full 0):
 garbage-first heap   total 262144K, used 11851K [0x00000000e0000000, 0x0000000100000000)
  region size 1024K, 2 young (2048K), 2 survivors (2048K)
 Metaspace       used 4358K, committed 4544K, reserved 393216K
  class space    used 544K, committed 640K, reserved 327680K
}

Dll operation events (20 events):
Event: 0.220 Attempting to load shared library C:\Users\admoi\.antigravity-ide\extensions\redhat.java-1.56.0-win32-x64\jre\21.0.12.1-win32-x86_64\bin\nio.dll
Event: 0.220 Loaded shared library C:\Users\admoi\.antigravity-ide\extensions\redhat.java-1.56.0-win32-x64\jre\21.0.12.1-win32-x86_64\bin\nio.dll
Event: 0.224 Attempting to load shared library C:\Users\admoi\.antigravity-ide\extensions\redhat.java-1.56.0-win32-x64\jre\21.0.12.1-win32-x86_64\bin\zip.dll
Event: 0.224 Loaded shared library C:\Users\admoi\.antigravity-ide\extensions\redhat.java-1.56.0-win32-x64\jre\21.0.12.1-win32-x86_64\bin\zip.dll
Event: 1.297 Attempting to load shared library C:\Users\admoi\.antigravity-ide\extensions\redhat.java-1.56.0-win32-x64\jre\21.0.12.1-win32-x86_64\bin\jimage.dll
Event: 1.297 Loaded shared library C:\Users\admoi\.antigravity-ide\extensions\redhat.java-1.56.0-win32-x64\jre\21.0.12.1-win32-x86_64\bin\jimage.dll
Event: 1.753 Attempting to load shared library C:\Users\admoi\.antigravity-ide\extensions\redhat.java-1.56.0-win32-x64\jre\21.0.12.1-win32-x86_64\bin\verify.dll
Event: 1.753 Loaded shared library C:\Users\admoi\.antigravity-ide\extensions\redhat.java-1.56.0-win32-x64\jre\21.0.12.1-win32-x86_64\bin\verify.dll
Event: 2.176 Attempting to load shared library C:\Users\admoi\.gradle\native\c067742578af261105cb4f569cf0c3c89f3d7b1fecec35dd04571415982c5e48\windows-amd64\native-platform.dll
Event: 2.178 Loaded shared library C:\Users\admoi\.gradle\native\c067742578af261105cb4f569cf0c3c89f3d7b1fecec35dd04571415982c5e48\windows-amd64\native-platform.dll
Event: 2.186 Attempting to load shared library C:\Users\admoi\.gradle\native\100fb08df4bc3b14c8652ba06237920a3bd2aa13389f12d3474272988ae205f9\windows-amd64\native-platform-file-events.dll
Event: 2.275 Loaded shared library C:\Users\admoi\.gradle\native\100fb08df4bc3b14c8652ba06237920a3bd2aa13389f12d3474272988ae205f9\windows-amd64\native-platform-file-events.dll
Event: 7.558 Attempting to load shared library C:\Users\admoi\.antigravity-ide\extensions\redhat.java-1.56.0-win32-x64\jre\21.0.12.1-win32-x86_64\bin\management.dll
Event: 7.560 Loaded shared library C:\Users\admoi\.antigravity-ide\extensions\redhat.java-1.56.0-win32-x64\jre\21.0.12.1-win32-x86_64\bin\management.dll
Event: 7.567 Attempting to load shared library C:\Users\admoi\.antigravity-ide\extensions\redhat.java-1.56.0-win32-x64\jre\21.0.12.1-win32-x86_64\bin\management_ext.dll
Event: 7.571 Loaded shared library C:\Users\admoi\.antigravity-ide\extensions\redhat.java-1.56.0-win32-x64\jre\21.0.12.1-win32-x86_64\bin\management_ext.dll
Event: 8.301 Attempting to load shared library C:\Users\admoi\.antigravity-ide\extensions\redhat.java-1.56.0-win32-x64\jre\21.0.12.1-win32-x86_64\bin\extnet.dll
Event: 8.304 Loaded shared library C:\Users\admoi\.antigravity-ide\extensions\redhat.java-1.56.0-win32-x64\jre\21.0.12.1-win32-x86_64\bin\extnet.dll
Event: 8.962 Attempting to load shared library C:\Users\admoi\.antigravity-ide\extensions\redhat.java-1.56.0-win32-x64\jre\21.0.12.1-win32-x86_64\bin\sunmscapi.dll
Event: 8.986 Loaded shared library C:\Users\admoi\.antigravity-ide\extensions\redhat.java-1.56.0-win32-x64\jre\21.0.12.1-win32-x86_64\bin\sunmscapi.dll

Deoptimization events (20 events):
Event: 9.124 Thread 0x0000023f516605c0 Uncommon trap: trap_request=0xffffffde fr.pc=0x0000023f2b017ce4 relative=0x0000000000000304
Event: 9.124 Thread 0x0000023f516605c0 Uncommon trap: reason=class_check action=maybe_recompile pc=0x0000023f2b017ce4 method=java.util.regex.Pattern$BmpCharPropertyGreedy.match(Ljava/util/regex/Matcher;ILjava/lang/CharSequence;)Z @ 26 c2
Event: 9.124 Thread 0x0000023f516605c0 DEOPT PACKING pc=0x0000023f2b017ce4 sp=0x000000abb8ffdd70
Event: 9.124 Thread 0x0000023f516605c0 DEOPT UNPACKING pc=0x0000023f2a854422 sp=0x000000abb8ffdd28 mode 2
Event: 9.124 Thread 0x0000023f516605c0 Uncommon trap: trap_request=0xffffffde fr.pc=0x0000023f2b017ce4 relative=0x0000000000000304
Event: 9.124 Thread 0x0000023f516605c0 Uncommon trap: reason=class_check action=maybe_recompile pc=0x0000023f2b017ce4 method=java.util.regex.Pattern$BmpCharPropertyGreedy.match(Ljava/util/regex/Matcher;ILjava/lang/CharSequence;)Z @ 26 c2
Event: 9.124 Thread 0x0000023f516605c0 DEOPT PACKING pc=0x0000023f2b017ce4 sp=0x000000abb8ffda60
Event: 9.124 Thread 0x0000023f516605c0 DEOPT UNPACKING pc=0x0000023f2a854422 sp=0x000000abb8ffd9f8 mode 2
Event: 9.222 Thread 0x0000023f51686ec0 Uncommon trap: trap_request=0xffffff6e fr.pc=0x0000023f2b0088ac relative=0x00000000000003ec
Event: 9.222 Thread 0x0000023f51686ec0 Uncommon trap: reason=loop_limit_check action=maybe_recompile pc=0x0000023f2b0088ac method=java.lang.StringLatin1.indexOf([BI[BII)I @ 37 c2
Event: 9.222 Thread 0x0000023f51686ec0 DEOPT PACKING pc=0x0000023f2b0088ac sp=0x000000abb91feb30
Event: 9.222 Thread 0x0000023f51686ec0 DEOPT UNPACKING pc=0x0000023f2a854422 sp=0x000000abb91feab8 mode 2
Event: 9.235 Thread 0x0000023f51686ec0 Uncommon trap: trap_request=0xffffffc6 fr.pc=0x0000023f2b05c234 relative=0x0000000000000474
Event: 9.235 Thread 0x0000023f51686ec0 Uncommon trap: reason=bimorphic_or_optimized_type_check action=maybe_recompile pc=0x0000023f2b05c234 method=java.util.HashMap.putVal(ILjava/lang/Object;Ljava/lang/Object;ZZ)Ljava/lang/Object; @ 253 c2
Event: 9.235 Thread 0x0000023f51686ec0 DEOPT PACKING pc=0x0000023f2b05c234 sp=0x000000abb91fe8a0
Event: 9.235 Thread 0x0000023f51686ec0 DEOPT UNPACKING pc=0x0000023f2a854422 sp=0x000000abb91fe830 mode 2
Event: 9.238 Thread 0x0000023f51686ec0 Uncommon trap: trap_request=0xffffffc6 fr.pc=0x0000023f2b05c234 relative=0x0000000000000474
Event: 9.238 Thread 0x0000023f51686ec0 Uncommon trap: reason=bimorphic_or_optimized_type_check action=maybe_recompile pc=0x0000023f2b05c234 method=java.util.HashMap.putVal(ILjava/lang/Object;Ljava/lang/Object;ZZ)Ljava/lang/Object; @ 253 c2
Event: 9.238 Thread 0x0000023f51686ec0 DEOPT PACKING pc=0x0000023f2b05c234 sp=0x000000abb91fe990
Event: 9.238 Thread 0x0000023f51686ec0 DEOPT UNPACKING pc=0x0000023f2a854422 sp=0x000000abb91fe920 mode 2

Classes loaded (20 events):
Event: 9.214 Loading class java/util/Collections$UnmodifiableMap$UnmodifiableEntrySet
Event: 9.218 Loading class java/util/Collections$UnmodifiableMap$UnmodifiableEntrySet done
Event: 9.218 Loading class java/util/Collections$UnmodifiableMap$UnmodifiableEntrySet$1
Event: 9.221 Loading class java/util/Collections$UnmodifiableMap$UnmodifiableEntrySet$1 done
Event: 9.221 Loading class java/util/Collections$UnmodifiableMap$UnmodifiableEntrySet$UnmodifiableEntry
Event: 9.221 Loading class java/util/Collections$UnmodifiableMap$UnmodifiableEntrySet$UnmodifiableEntry done
Event: 9.236 Loading class java/lang/invoke/DirectMethodHandle$StaticAccessor
Event: 9.237 Loading class java/lang/invoke/DirectMethodHandle$StaticAccessor done
Event: 9.249 Loading class java/util/concurrent/CountDownLatch
Event: 9.250 Loading class java/util/concurrent/CountDownLatch done
Event: 9.250 Loading class java/util/concurrent/CountDownLatch$Sync
Event: 9.250 Loading class java/util/concurrent/CountDownLatch$Sync done
Event: 9.254 Loading class java/math/MathContext
Event: 9.277 Loading class java/math/MathContext done
Event: 9.277 Loading class java/math/BigDecimal
Event: 9.279 Loading class jdk/internal/event/ThreadSleepEvent
Event: 9.279 Loading class jdk/internal/event/ThreadSleepEvent done
Event: 9.279 Loading class java/math/BigDecimal done
Event: 9.329 Loading class sun/reflect/generics/tree/VoidDescriptor
Event: 9.329 Loading class sun/reflect/generics/tree/VoidDescriptor done

Classes unloaded (0 events):
No events

Classes redefined (0 events):
No events

Internal exceptions (20 events):
Event: 3.287 Thread 0x0000023f1de80fb0 Exception <a 'java/lang/NoSuchMethodError'{0x00000000ef1662f0}: 'void java.lang.invoke.DirectMethodHandle$Holder.invokeInterface(java.lang.Object, java.lang.Object, java.lang.Object)'> (0x00000000ef1662f0) 
thrown [s\src\hotspot\share\interpreter\linkResolver.cpp, line 773]
Event: 6.385 Thread 0x0000023f1de80fb0 Exception <a 'java/lang/NoSuchMethodError'{0x00000000edccd410}: 'void java.lang.invoke.DirectMethodHandle$Holder.invokeVirtual(java.lang.Object, java.lang.Object, java.lang.Object, java.lang.Object)'> (0x00000000edccd410) 
thrown [s\src\hotspot\share\interpreter\linkResolver.cpp, line 773]
Event: 6.386 Thread 0x0000023f1de80fb0 Exception <a 'java/lang/NoSuchMethodError'{0x00000000edcd1180}: 'void java.lang.invoke.DirectMethodHandle$Holder.invokeSpecial(java.lang.Object, java.lang.Object, java.lang.Object, java.lang.Object, java.lang.Object)'> (0x00000000edcd1180) 
thrown [s\src\hotspot\share\interpreter\linkResolver.cpp, line 773]
Event: 7.033 Thread 0x0000023f1de80fb0 Exception <a 'java/lang/NoSuchMethodError'{0x00000000ed434428}: 'int java.lang.invoke.DelegatingMethodHandle$Holder.reinvoke_L(java.lang.Object)'> (0x00000000ed434428) 
thrown [s\src\hotspot\share\interpreter\linkResolver.cpp, line 773]
Event: 7.472 Thread 0x0000023f1de80fb0 Exception <a 'java/lang/NoSuchMethodError'{0x00000000ed2d6580}: 'java.lang.Object java.lang.invoke.DirectMethodHandle$Holder.invokeVirtual(java.lang.Object, java.lang.Object, java.lang.Object, java.lang.Object, java.lang.Object, java.lang.Object)'> (0x00000000ed2d6580) 
thrown [s\src\hotspot\share\interpreter\linkResolver.cpp, line 773]
Event: 7.618 Thread 0x0000023f1de80fb0 Exception <a 'java/lang/NoSuchMethodError'{0x00000000ed02ec48}: 'java.lang.Object java.lang.invoke.DirectMethodHandle$Holder.invokeInterface(java.lang.Object, java.lang.Object)'> (0x00000000ed02ec48) 
thrown [s\src\hotspot\share\interpreter\linkResolver.cpp, line 773]
Event: 7.635 Thread 0x0000023f1de80fb0 Exception <a 'java/lang/NoSuchMethodError'{0x00000000ed073430}: 'java.lang.Object java.lang.invoke.DirectMethodHandle$Holder.invokeVirtual(java.lang.Object, java.lang.Object, java.lang.Object, java.lang.Object, java.lang.Object)'> (0x00000000ed073430) 
thrown [s\src\hotspot\share\interpreter\linkResolver.cpp, line 773]
Event: 7.638 Thread 0x0000023f1de80fb0 Exception <a 'java/lang/NoSuchMethodError'{0x00000000ed086860}: 'java.lang.Object java.lang.invoke.Invokers$Holder.invokeExact_MT(java.lang.Object, java.lang.Object, java.lang.Object, java.lang.Object, java.lang.Object, java.lang.Object)'> (0x00000000ed086860) 
thrown [s\src\hotspot\share\interpreter\linkResolver.cpp, line 773]
Event: 7.711 Thread 0x0000023f1de80fb0 Exception <a 'java/lang/NoSuchMethodError'{0x00000000ecf95550}: 'java.lang.Object java.lang.invoke.DelegatingMethodHandle$Holder.reinvoke_L(java.lang.Object, java.lang.Object, java.lang.Object, java.lang.Object, java.lang.Object, java.lang.Object, java.lang.Object, java.lang.Object, java.lang.Object, java.lang.Object, java.lang.Object, java.lang.Object, java.lang.Object, java.lang.Object)'> (0x00000000ecf95550) 
thrown [s\src\hotspot\share\interpreter\linkResolver.cpp, line 773]
Event: 7.720 Thread 0x0000023f1de80fb0 Exception <a 'java/lang/NoSuchMethodError'{0x00000000ecfe21b0}: 'java.lang.Object java.lang.invoke.DirectMethodHandle$Holder.invokeStatic(java.lang.Object, java.lang.Object, java.lang.Object, java.lang.Object, java.lang.Object, java.lang.Object, java.lang.Object, java.lang.Object, java.lang.Object, java.lang.Object, java.lang.Object, java.lang.Object, java.lang.Object)'> (0x00000000ecfe21b0) 
thrown [s\src\hotspot\share\interpreter\linkResolver.cpp, line 773]
Event: 7.739 Thread 0x0000023f1de80fb0 Exception <a 'java/lang/NoSuchMethodError'{0x00000000ece01b90}: 'java.lang.Object java.lang.invoke.DirectMethodHandle$Holder.invokeStatic(java.lang.Object, java.lang.Object, java.lang.Object, java.lang.Object, java.lang.Object, java.lang.Object, java.lang.Object, java.lang.Object, java.lang.Object, java.lang.Object, java.lang.Object, java.lang.Object, java.lang.Object, java.lang.Object)'> (0x00000000ece01b90) 
thrown [s\src\hotspot\share\interpreter\linkResolver.cpp, line 773]
Event: 7.758 Thread 0x0000023f1de80fb0 Exception <a 'java/lang/NoSuchMethodError'{0x00000000ece22160}: 'java.lang.Object java.lang.invoke.DirectMethodHandle$Holder.invokeStatic(java.lang.Object, java.lang.Object, java.lang.Object, java.lang.Object, java.lang.Object, java.lang.Object, java.lang.Object, java.lang.Object, java.lang.Object, java.lang.Object, java.lang.Object, java.lang.Object, java.lang.Object, java.lang.Object, java.lang.Object)'> (0x00000000ece22160) 
thrown [s\src\hotspot\share\interpreter\linkResolver.cpp, line 773]
Event: 7.762 Thread 0x0000023f1de80fb0 Exception <a 'java/lang/NoSuchMethodError'{0x00000000ece44d30}: 'java.lang.Object java.lang.invoke.DirectMethodHandle$Holder.invokeStatic(java.lang.Object, java.lang.Object, java.lang.Object, java.lang.Object, java.lang.Object, java.lang.Object, java.lang.Object, java.lang.Object, java.lang.Object, java.lang.Object, java.lang.Object, java.lang.Object, java.lang.Object, java.lang.Object, java.lang.Object, java.lang.Object)'> (0x00000000ece44d30) 
thrown [s\src\hotspot\share\interpreter\linkResolver.cpp, lin
Event: 7.960 Thread 0x0000023f1de80fb0 Exception <a 'java/lang/NoSuchMethodError'{0x00000000ecc88a68}: 'java.lang.Object java.lang.invoke.DirectMethodHandle$Holder.invokeVirtual(java.lang.Object, java.lang.Object, java.lang.Object, java.lang.Object, java.lang.Object, java.lang.Object, java.lang.Object)'> (0x00000000ecc88a68) 
thrown [s\src\hotspot\share\interpreter\linkResolver.cpp, line 773]
Event: 7.991 Thread 0x0000023f1de80fb0 Exception <a 'java/lang/NoSuchMethodError'{0x00000000ecb16600}: 'java.lang.Object java.lang.invoke.DirectMethodHandle$Holder.invokeVirtual(java.lang.Object, java.lang.Object, java.lang.Object, java.lang.Object, java.lang.Object, java.lang.Object, java.lang.Object, java.lang.Object, java.lang.Object)'> (0x00000000ecb16600) 
thrown [s\src\hotspot\share\interpreter\linkResolver.cpp, line 773]
Event: 8.195 Thread 0x0000023f1de80fb0 Exception <a 'java/lang/NoSuchMethodError'{0x00000000ecaa99f0}: 'java.lang.Object java.lang.invoke.DirectMethodHandle$Holder.invokeStaticInit(java.lang.Object, int, int, int, int)'> (0x00000000ecaa99f0) 
thrown [s\src\hotspot\share\interpreter\linkResolver.cpp, line 773]
Event: 8.265 Thread 0x0000023f1de80fb0 Exception <a 'java/lang/NoSuchMethodError'{0x00000000ecae9a08}: 'java.lang.Object java.lang.invoke.DirectMethodHandle$Holder.invokeStaticInit(java.lang.Object, java.lang.Object, int, int, int, int)'> (0x00000000ecae9a08) 
thrown [s\src\hotspot\share\interpreter\linkResolver.cpp, line 773]
Event: 8.846 Thread 0x0000023f1de80fb0 Exception <a 'java/io/IOException'{0x00000000ec67b670}> (0x00000000ec67b670) 
thrown [s\src\hotspot\share\prims\jni.cpp, line 520]
Event: 8.857 Thread 0x0000023f1de80fb0 Implicit null exception at 0x0000023f2afa0b20 to 0x0000023f2afa10c4
Event: 9.200 Thread 0x0000023f514a8f60 Exception <a 'java/lang/NoSuchMethodError'{0x00000000ec3f3b48}: 'void java.lang.invoke.DirectMethodHandle$Holder.invokeSpecial(java.lang.Object, java.lang.Object, java.lang.Object)'> (0x00000000ec3f3b48) 
thrown [s\src\hotspot\share\interpreter\linkResolver.cpp, line 773]

ZGC Phase Switch (0 events):
No events

VM Operations (20 events):
Event: 7.672 Executing non-safepoint VM operation: HandshakeAllThreads (Deoptimize)
Event: 7.672 Executing non-safepoint VM operation: HandshakeAllThreads (Deoptimize) done
Event: 7.673 Executing non-safepoint VM operation: HandshakeAllThreads (Deoptimize)
Event: 7.673 Executing non-safepoint VM operation: HandshakeAllThreads (Deoptimize) done
Event: 7.861 Executing non-safepoint VM operation: HandshakeAllThreads (Deoptimize)
Event: 7.861 Executing non-safepoint VM operation: HandshakeAllThreads (Deoptimize) done
Event: 7.861 Executing safepoint VM operation: Cleanup
Event: 7.861 Executing safepoint VM operation: Cleanup done
Event: 7.957 Executing non-safepoint VM operation: HandshakeAllThreads (Deoptimize)
Event: 7.957 Executing non-safepoint VM operation: HandshakeAllThreads (Deoptimize) done
Event: 8.109 Executing non-safepoint VM operation: HandshakeAllThreads (Deoptimize)
Event: 8.109 Executing non-safepoint VM operation: HandshakeAllThreads (Deoptimize) done
Event: 8.259 Executing non-safepoint VM operation: HandshakeAllThreads (Deoptimize)
Event: 8.259 Executing non-safepoint VM operation: HandshakeAllThreads (Deoptimize) done
Event: 8.768 Executing non-safepoint VM operation: HandshakeAllThreads (Deoptimize)
Event: 8.768 Executing non-safepoint VM operation: HandshakeAllThreads (Deoptimize) done
Event: 9.001 Executing non-safepoint VM operation: HandshakeAllThreads (Deoptimize)
Event: 9.001 Executing non-safepoint VM operation: HandshakeAllThreads (Deoptimize) done
Event: 9.001 Executing safepoint VM operation: Cleanup
Event: 9.001 Executing safepoint VM operation: Cleanup done

Memory protections (0 events):
No events

Nmethod flushes (0 events):
No events

Events (20 events):
Event: 0.091 Thread 0x0000023f1de80fb0 Thread added: 0x0000023f365e26a0
Event: 0.091 Thread 0x0000023f1de80fb0 Thread added: 0x0000023f365e3040
Event: 0.092 Thread 0x0000023f1de80fb0 Thread added: 0x0000023f365ebf30
Event: 0.171 Thread 0x0000023f365ebf30 Thread added: 0x0000023f367484c0
Event: 0.212 Thread 0x0000023f1de80fb0 Thread added: 0x0000023f36874e20
Event: 0.261 Thread 0x0000023f1de80fb0 Thread added: 0x0000023f36869940
Event: 1.299 Thread 0x0000023f367484c0 Thread added: 0x0000023f3693d890
Event: 1.603 Thread 0x0000023f3693d890 Thread exited: 0x0000023f3693d890
Event: 1.825 Thread 0x0000023f365ebf30 Thread added: 0x0000023f50914230
Event: 5.737 Thread 0x0000023f50914230 Thread exited: 0x0000023f50914230
Event: 7.676 Thread 0x0000023f1de80fb0 Thread added: 0x0000023f51067b10
Event: 8.560 Thread 0x0000023f1de80fb0 Thread added: 0x0000023f501a90c0
Event: 8.877 Thread 0x0000023f1de80fb0 Thread added: 0x0000023f5009c830
Event: 9.075 Thread 0x0000023f501a90c0 Thread added: 0x0000023f514a8f60
Event: 9.087 Thread 0x0000023f514a8f60 Thread added: 0x0000023f516605c0
Event: 9.178 Thread 0x0000023f514a8f60 Thread added: 0x0000023f512c8110
Event: 9.203 Thread 0x0000023f514a8f60 Thread added: 0x0000023f51686ec0
Event: 9.253 Thread 0x0000023f51686ec0 Thread added: 0x0000023f51685b10
Event: 9.284 Thread 0x0000023f51686ec0 Thread added: 0x0000023f51685480
Event: 9.289 Thread 0x0000023f51686ec0 Thread added: 0x0000023f51687550


Dynamic libraries:
0x00007ff7d5350000 - 0x00007ff7d535e000 	C:\Users\admoi\.antigravity-ide\extensions\redhat.java-1.56.0-win32-x64\jre\21.0.12.1-win32-x86_64\bin\java.exe
0x00007ffae79a0000 - 0x00007ffae7c07000 	C:\WINDOWS\SYSTEM32\ntdll.dll
0x00007ffae6e40000 - 0x00007ffae6f0b000 	C:\WINDOWS\System32\KERNEL32.DLL
0x00007ffae4fb0000 - 0x00007ffae53b2000 	C:\WINDOWS\System32\KERNELBASE.dll
0x00007ffae4d90000 - 0x00007ffae4edc000 	C:\WINDOWS\System32\ucrtbase.dll
0x00007ffa6eb40000 - 0x00007ffa6eb5e000 	C:\Users\admoi\.antigravity-ide\extensions\redhat.java-1.56.0-win32-x64\jre\21.0.12.1-win32-x86_64\bin\VCRUNTIME140.dll
0x00007ffa6eb60000 - 0x00007ffa6eb78000 	C:\Users\admoi\.antigravity-ide\extensions\redhat.java-1.56.0-win32-x64\jre\21.0.12.1-win32-x86_64\bin\jli.dll
0x00007ffae61a0000 - 0x00007ffae636f000 	C:\WINDOWS\System32\USER32.dll
0x00007ffae4f80000 - 0x00007ffae4fa7000 	C:\WINDOWS\System32\win32u.dll
0x00007ffaca080000 - 0x00007ffaca310000 	C:\WINDOWS\WinSxS\amd64_microsoft.windows.common-controls_6595b64144ccf1df_6.0.26100.9278_none_3e0d1ba8e3303201\COMCTL32.dll
0x00007ffae60c0000 - 0x00007ffae60eb000 	C:\WINDOWS\System32\GDI32.dll
0x00007ffae60f0000 - 0x00007ffae6199000 	C:\WINDOWS\System32\msvcrt.dll
0x00007ffae4ba0000 - 0x00007ffae4cc9000 	C:\WINDOWS\System32\gdi32full.dll
0x00007ffae5480000 - 0x00007ffae5523000 	C:\WINDOWS\System32\msvcp_win.dll
0x00007ffae7430000 - 0x00007ffae7461000 	C:\WINDOWS\System32\IMM32.DLL
0x00007ffad89f0000 - 0x00007ffad89fc000 	C:\Users\admoi\.antigravity-ide\extensions\redhat.java-1.56.0-win32-x64\jre\21.0.12.1-win32-x86_64\bin\vcruntime140_1.dll
0x00007ffaac250000 - 0x00007ffaac2dd000 	C:\Users\admoi\.antigravity-ide\extensions\redhat.java-1.56.0-win32-x64\jre\21.0.12.1-win32-x86_64\bin\msvcp140.dll
0x00007ffa1f820000 - 0x00007ffa205c2000 	C:\Users\admoi\.antigravity-ide\extensions\redhat.java-1.56.0-win32-x64\jre\21.0.12.1-win32-x86_64\bin\server\jvm.dll
0x00007ffae67f0000 - 0x00007ffae68ac000 	C:\WINDOWS\System32\ADVAPI32.dll
0x00007ffae7620000 - 0x00007ffae76c9000 	C:\WINDOWS\System32\sechost.dll
0x00007ffae76f0000 - 0x00007ffae7808000 	C:\WINDOWS\System32\RPCRT4.dll
0x00007ffae6020000 - 0x00007ffae60a0000 	C:\WINDOWS\System32\WS2_32.dll
0x00007ffae4a00000 - 0x00007ffae4a5e000 	C:\WINDOWS\SYSTEM32\POWRPROF.dll
0x00007ffad9e30000 - 0x00007ffad9e3b000 	C:\WINDOWS\SYSTEM32\VERSION.dll
0x00007ffad7280000 - 0x00007ffad72b6000 	C:\WINDOWS\SYSTEM32\WINMM.dll
0x00007ffae49e0000 - 0x00007ffae49f5000 	C:\WINDOWS\SYSTEM32\UMPDC.dll
0x00007ffae3850000 - 0x00007ffae386b000 	C:\WINDOWS\SYSTEM32\kernel.appcore.dll
0x00007ffac1b80000 - 0x00007ffac1b8a000 	C:\Users\admoi\.antigravity-ide\extensions\redhat.java-1.56.0-win32-x64\jre\21.0.12.1-win32-x86_64\bin\jimage.dll
0x00007ffae21b0000 - 0x00007ffae23fc000 	C:\WINDOWS\SYSTEM32\DBGHELP.DLL
0x00007ffae68c0000 - 0x00007ffae6c45000 	C:\WINDOWS\System32\combase.dll
0x00007ffae6530000 - 0x00007ffae6609000 	C:\WINDOWS\System32\OLEAUT32.dll
0x00007ffac94e0000 - 0x00007ffac951b000 	C:\WINDOWS\SYSTEM32\dbgcore.DLL
0x00007ffae4cd0000 - 0x00007ffae4d7c000 	C:\WINDOWS\System32\bcryptPrimitives.dll
0x00007ffa10690000 - 0x00007ffa1069f000 	C:\Users\admoi\.antigravity-ide\extensions\redhat.java-1.56.0-win32-x64\jre\21.0.12.1-win32-x86_64\bin\instrument.dll
0x00007ffa6f3f0000 - 0x00007ffa6f410000 	C:\Users\admoi\.antigravity-ide\extensions\redhat.java-1.56.0-win32-x64\jre\21.0.12.1-win32-x86_64\bin\java.dll
0x00007ffae56c0000 - 0x00007ffae5e58000 	C:\WINDOWS\System32\SHELL32.dll
0x00007ffae25c0000 - 0x00007ffae2e6e000 	C:\WINDOWS\SYSTEM32\windows.storage.dll
0x00007ffae6430000 - 0x00007ffae652b000 	C:\WINDOWS\System32\SHCORE.dll
0x00007ffae78f0000 - 0x00007ffae7956000 	C:\WINDOWS\System32\shlwapi.dll
0x00007ffae4ac0000 - 0x00007ffae4ae9000 	C:\WINDOWS\SYSTEM32\profapi.dll
0x00007ffaac230000 - 0x00007ffaac248000 	C:\Users\admoi\.antigravity-ide\extensions\redhat.java-1.56.0-win32-x64\jre\21.0.12.1-win32-x86_64\bin\zip.dll
0x00007ffac1ac0000 - 0x00007ffac1ad0000 	C:\Users\admoi\.antigravity-ide\extensions\redhat.java-1.56.0-win32-x64\jre\21.0.12.1-win32-x86_64\bin\net.dll
0x00007ffadbdb0000 - 0x00007ffadbeda000 	C:\WINDOWS\SYSTEM32\WINHTTP.dll
0x00007ffae3e30000 - 0x00007ffae3e9c000 	C:\WINDOWS\system32\mswsock.dll
0x00007ffa6f480000 - 0x00007ffa6f496000 	C:\Users\admoi\.antigravity-ide\extensions\redhat.java-1.56.0-win32-x64\jre\21.0.12.1-win32-x86_64\bin\nio.dll
0x00007ffab7f10000 - 0x00007ffab7f20000 	C:\Users\admoi\.antigravity-ide\extensions\redhat.java-1.56.0-win32-x64\jre\21.0.12.1-win32-x86_64\bin\verify.dll
0x00007ffa010d0000 - 0x00007ffa010f7000 	C:\Users\admoi\.gradle\native\c067742578af261105cb4f569cf0c3c89f3d7b1fecec35dd04571415982c5e48\windows-amd64\native-platform.dll
0x00007ffa00f40000 - 0x00007ffa01084000 	C:\Users\admoi\.gradle\native\100fb08df4bc3b14c8652ba06237920a3bd2aa13389f12d3474272988ae205f9\windows-amd64\native-platform-file-events.dll
0x00007ffab5a10000 - 0x00007ffab5a1a000 	C:\Users\admoi\.antigravity-ide\extensions\redhat.java-1.56.0-win32-x64\jre\21.0.12.1-win32-x86_64\bin\management.dll
0x00007ffaac220000 - 0x00007ffaac22c000 	C:\Users\admoi\.antigravity-ide\extensions\redhat.java-1.56.0-win32-x64\jre\21.0.12.1-win32-x86_64\bin\management_ext.dll
0x00007ffae60b0000 - 0x00007ffae60b8000 	C:\WINDOWS\System32\PSAPI.DLL
0x00007ffae4120000 - 0x00007ffae413b000 	C:\WINDOWS\SYSTEM32\CRYPTSP.dll
0x00007ffae37b0000 - 0x00007ffae37e9000 	C:\WINDOWS\system32\rsaenh.dll
0x00007ffae3ee0000 - 0x00007ffae3f14000 	C:\WINDOWS\SYSTEM32\USERENV.dll
0x00007ffae4a90000 - 0x00007ffae4aba000 	C:\WINDOWS\SYSTEM32\bcrypt.dll
0x00007ffae4140000 - 0x00007ffae414c000 	C:\WINDOWS\SYSTEM32\CRYPTBASE.dll
0x00007ffae31f0000 - 0x00007ffae3223000 	C:\WINDOWS\SYSTEM32\IPHLPAPI.DLL
0x00007ffae7610000 - 0x00007ffae761a000 	C:\WINDOWS\System32\NSI.dll
0x00007ffaa8730000 - 0x00007ffaa8739000 	C:\Users\admoi\.antigravity-ide\extensions\redhat.java-1.56.0-win32-x64\jre\21.0.12.1-win32-x86_64\bin\extnet.dll
0x00007ffa149c0000 - 0x00007ffa149ce000 	C:\Users\admoi\.antigravity-ide\extensions\redhat.java-1.56.0-win32-x64\jre\21.0.12.1-win32-x86_64\bin\sunmscapi.dll
0x00007ffae5530000 - 0x00007ffae56ae000 	C:\WINDOWS\System32\CRYPT32.dll
0x00007ffae4360000 - 0x00007ffae4390000 	C:\WINDOWS\SYSTEM32\ncrypt.dll
0x00007ffae4310000 - 0x00007ffae434f000 	C:\WINDOWS\SYSTEM32\NTASN1.dll
0x00007ffabcac0000 - 0x00007ffabcac8000 	C:\WINDOWS\system32\wshunix.dll

JVMTI agents:
C:\Users\admoi\.gradle\wrapper\dists\gradle-8.9-bin\90cnw93cvbtalezasaz0blq0a\gradle-8.9\lib\agents\gradle-instrumentation-agent-8.9.jar path:C:\Users\admoi\.antigravity-ide\extensions\redhat.java-1.56.0-win32-x64\jre\21.0.12.1-win32-x86_64\bin\instrument.dll, loaded, initialized, instrumentlib options:none

dbghelp: loaded successfully - version: 4.0.5 - missing functions: none
symbol engine: initialized successfully - sym options: 0x614 - pdb path: .;C:\Users\admoi\.antigravity-ide\extensions\redhat.java-1.56.0-win32-x64\jre\21.0.12.1-win32-x86_64\bin;C:\WINDOWS\SYSTEM32;C:\WINDOWS\WinSxS\amd64_microsoft.windows.common-controls_6595b64144ccf1df_6.0.26100.9278_none_3e0d1ba8e3303201;C:\Users\admoi\.antigravity-ide\extensions\redhat.java-1.56.0-win32-x64\jre\21.0.12.1-win32-x86_64\bin\server;C:\Users\admoi\.gradle\native\c067742578af261105cb4f569cf0c3c89f3d7b1fecec35dd04571415982c5e48\windows-amd64;C:\Users\admoi\.gradle\native\100fb08df4bc3b14c8652ba06237920a3bd2aa13389f12d3474272988ae205f9\windows-amd64

VM Arguments:
jvm_args: --add-opens=java.base/java.util=ALL-UNNAMED --add-opens=java.base/java.lang=ALL-UNNAMED --add-opens=java.base/java.lang.invoke=ALL-UNNAMED --add-opens=java.prefs/java.util.prefs=ALL-UNNAMED --add-exports=jdk.compiler/com.sun.tools.javac.api=ALL-UNNAMED --add-exports=jdk.compiler/com.sun.tools.javac.util=ALL-UNNAMED --add-opens=java.base/java.nio.charset=ALL-UNNAMED --add-opens=java.base/java.net=ALL-UNNAMED --add-opens=java.base/java.util.concurrent.atomic=ALL-UNNAMED -XX:MaxMetaspaceSize=384m -XX:+HeapDumpOnOutOfMemoryError -Xms256m -Xmx512m -Dfile.encoding=utf8 -Duser.country=US -Duser.language=en -Duser.variant -javaagent:C:\Users\admoi\.gradle\wrapper\dists\gradle-8.9-bin\90cnw93cvbtalezasaz0blq0a\gradle-8.9\lib\agents\gradle-instrumentation-agent-8.9.jar 
java_command: org.gradle.launcher.daemon.bootstrap.GradleDaemon 8.9
java_class_path (initial): C:\Users\admoi\.gradle\wrapper\dists\gradle-8.9-bin\90cnw93cvbtalezasaz0blq0a\gradle-8.9\lib\gradle-daemon-main-8.9.jar
Launcher Type: SUN_STANDARD

[Global flags]
     intx CICompilerCount                          = 12                                        {product} {ergonomic}
   size_t CompressedClassSpaceSize                 = 335544320                                 {product} {ergonomic}
     uint ConcGCThreads                            = 3                                         {product} {ergonomic}
     uint G1ConcRefinementThreads                  = 13                                        {product} {ergonomic}
   size_t G1HeapRegionSize                         = 1048576                                   {product} {ergonomic}
    uintx GCDrainStackTargetSize                   = 64                                        {product} {ergonomic}
     bool HeapDumpOnOutOfMemoryError               = true                                   {manageable} {command line}
   size_t InitialHeapSize                          = 268435456                                 {product} {command line}
   size_t MarkStackSize                            = 4194304                                   {product} {ergonomic}
   size_t MaxHeapSize                              = 536870912                                 {product} {command line}
   size_t MaxMetaspaceSize                         = 402653184                                 {product} {command line}
   size_t MaxNewSize                               = 321912832                                 {product} {ergonomic}
   size_t MinHeapDeltaBytes                        = 1048576                                   {product} {ergonomic}
   size_t MinHeapSize                              = 268435456                                 {product} {command line}
    uintx NonNMethodCodeHeapSize                   = 7602480                                {pd product} {ergonomic}
    uintx NonProfiledCodeHeapSize                  = 122027880                              {pd product} {ergonomic}
    uintx ProfiledCodeHeapSize                     = 122027880                              {pd product} {ergonomic}
    uintx ReservedCodeCacheSize                    = 251658240                              {pd product} {ergonomic}
     bool SegmentedCodeCache                       = true                                      {product} {ergonomic}
   size_t SoftMaxHeapSize                          = 536870912                              {manageable} {ergonomic}
     bool UseCompressedOops                        = true                           {product lp64_product} {ergonomic}
     bool UseG1GC                                  = true                                      {product} {ergonomic}
     bool UseLargePagesIndividualAllocation        = false                                  {pd product} {ergonomic}

Logging:
Log output configuration:
 #0: stdout all=warning uptime,level,tags foldmultilines=false
 #1: stderr all=off uptime,level,tags foldmultilines=false

Release file:
JAVA_VERSION="21.0.12.1" 
MODULES="java.base java.compiler java.datatransfer java.xml java.prefs java.desktop java.instrument java.logging java.management java.security.sasl java.naming java.rmi java.management.rmi java.net.http java.scripting java.security.jgss java.transaction.xa java.sql java.sql.rowset java.xml.crypto java.se java.smartcardio jdk.accessibility jdk.internal.jvmstat jdk.attach jdk.charsets jdk.internal.opt jdk.zipfs jdk.compiler jdk.crypto.ec jdk.crypto.cryptoki jdk.crypto.mscapi jdk.dynalink jdk.internal.ed jdk.editpad jdk.hotspot.agent jdk.httpserver jdk.internal.le jdk.internal.vm.ci jdk.internal.vm.compiler jdk.internal.vm.compiler.management jdk.jartool jdk.javadoc jdk.jcmd jdk.management jdk.management.agent jdk.jconsole jdk.jdeps jdk.jdwp.agent jdk.jdi jdk.jfr jdk.jshell jdk.jsobject jdk.jstatd jdk.localedata jdk.management.jfr jdk.naming.dns jdk.naming.rmi jdk.net jdk.nio.mapmode jdk.random jdk.sctp jdk.security.auth jdk.security.jgss jdk.unsupported jdk.unsupported.desktop jdk.xml.dom" 

Environment Variables:
PATH=C:\Users\admoi\AppData\Local\cloud-code\installer\google-cloud-sdk\bin;C:\Python314\Scripts\;C:\Python314\;C:\Program Files\Common Files\Oracle\Java\javapath;C:\WINDOWS\system32;C:\WINDOWS;C:\WINDOWS\System32\Wbem;C:\WINDOWS\System32\WindowsPowerShell\v1.0\;C:\WINDOWS\System32\OpenSSH\;C:\Program Files\Microsoft SQL Server\150\Tools\Binn\;C:\Program Files\Microsoft SQL Server\Client SDK\ODBC\170\Tools\Binn\;C:\Program Files\dotnet\;C:\Program Files (x86)\Windows Kits\10\Windows Performance Toolkit\;C:\Program Files (x86)\Microsoft SQL Server\160\Tools\Binn\;C:\Program Files\Microsoft SQL Server\160\Tools\Binn\;C:\Program Files\Microsoft SQL Server\160\DTS\Binn\;C:\Program Files\Docker\Docker\resources\bin;C:\Program Files\nodejs\;C:\ProgramData\chocolatey\bin;C:\xampp\php;C:\composer;C:\Program Files\Git\cmd;C:\Program Files\GitHub CLI\;C:\Python314\Scripts\;C:\Python314\;C:\Program Files\Common Files\Oracle\Java\javapath;C:\WINDOWS\system32;C:\WINDOWS;C:\WINDOWS\System32\Wbem;C:\WINDOWS\System32\WindowsPowerShell\v1.0\;C:\WINDOWS\System32\OpenSSH\;C:\Program Files\Microsoft SQL Server\150\Tools\Binn\;C:\Program Files\Microsoft SQL Server\Client SDK\ODBC\170\Tools\Binn\;C:\Program Files\dotnet\;C:\Program Files (x86)\Windows Kits\10\Windows Performance Toolkit\;C:\Program Files (x86)\Microsoft SQL Server\160\Tools\Binn\;C:\Program Files\Microsoft SQL Server\160\Tools\Binn\;C:\Program Files\Microsoft SQL Server\160\DTS\Binn\;C:\Program Files\Arduino PLC IDE Tools\;C:\Program Files\Docker\Docker\resources\bin;C:\Program Files\nodejs\;C:\ProgramData\chocolatey\bin;C:\xampp\php;C:\composer;C:\Program Files\Git\cmd;C:\Program Files\GitHub CLI\;c:\Users\admoi\AppData\Roaming\Code\User\globalStorage\github.copilot-chat\debugCommand;c:\Users\admoi\AppData\Roaming\Code\User\globalStorage\github.copilot-chat\copilotCli;D:\Microsoft VS Code;C:\Python314\Scripts\;C:\Python314\;C:\Program Files\Common Files\Oracle\Java\javapath;C:\WINDOWS\system32;C:\WINDOWS;C:\WINDOWS\System32\Wbem;C:\WINDOWS\System32\WindowsPowerShell\v1.0\;C:\WINDOWS\System32\OpenSSH\;C:\Program Files\Microsoft SQL Server\150\Tools\Binn\;C:\Program Files\Microsoft SQL Server\Client SDK\ODBC\170\Tools\Binn\;C:\Program Files\dotnet\;C:\Program Files (x86)\Windows Kits\10\Windows Performance Toolkit\;C:\Program Files (x86)\Microsoft SQL Server\160\Tools\Binn\;C:\Program Files\Microsoft SQL Server\160\Tools\Binn\;C:\Program Files\Microsoft SQL Server\160\DTS\Binn\;C:\Program Files\Arduino PLC IDE Tools\;C:\Program Files\Docker\Docker\resources\bin;C:\Program Files\nodejs\;C:\ProgramData\chocolatey\bin;C:\xampp\php;C:\composer;C:\Program Files\Git\cmd;C:\Users\admoi\AppData\Local\Microsoft\WindowsApps;;D:\IntelliJ IDEA 2025.1.1.1\bin;;D:\Microsoft VS Code\bin;C:\Users\admoi\.dotnet\tools;C:\Users\admoi\AppData\Local\Programs\mongosh\;D:\Antigravity\bin;C:\Users\admoi\AppData\Roaming\npm;C:\Users\admoi\AppData\Roaming\Composer\vendor\bin;C:\Users\admoi\.local\bin;C:\flutter\flutter\bin;C:\flutter\flutter\bin;;C:\flutter\flutter\bin;C:\Program Files (x86)\NVIDIA Corporation\PhysX\Common;C:\Program Files\NVIDIA Corporation\NVIDIA App\NvDLISR;C:\Program Files (x86)\Microsoft SQL Server\160\DTS\Binn\;D:\bin;C:\Program Files (x86)\cloudflared\;C:\Program Files\Microsoft SQL Server\170\Tools\Binn\;C:\Users\admoi\.local\bin;C:\Python314\Scripts\;C:\Python314\;C:\Program Files\Common Files\Oracle\Java\javapath;C:\WINDOWS\system32;C:\WINDOWS;C:\WINDOWS\System32\Wbem;C:\WINDOWS\System32\WindowsPowerShell\v1.0\;C:\WINDOWS\System32\OpenSSH\;C:\Program Files\Microsoft SQL Server\150\Tools\Binn\;C:\Program Files\Microsoft SQL Server\Client SDK\ODBC\170\Tools\Binn\;C:\Program Files\dotnet\;C:\Program Files (x86)\Windows Kits\10\Windows Performance Toolkit\;C:\Program Files (x86)\Microsoft SQL Server\160\Tools\Binn\;C:\Program Files\Microsoft SQL Server\160\Tools\Binn\;C:\Program Files\Microsoft SQL Server\160\DTS\Binn\;C:\Program Files\Docker\Docker\resources\bin;C:\Program Files\nodejs\;C:\ProgramData\chocolatey\bin;C:\xampp\php;C:\composer;C:\Program Files\Git\cmd;C:\Program Files\GitHub CLI\;C:\Python314\Scripts\;C:\Python314\;C:\Program Files\Common Files\Oracle\Java\javapath;C:\WINDOWS\system32;C:\WINDOWS;C:\WINDOWS\System32\Wbem;C:\WINDOWS\System32\WindowsPowerShell\v1.0\;C:\WINDOWS\System32\OpenSSH\;C:\Program Files\Microsoft SQL;C:\Users\admoi\AppData\Local\Programs\Antigravity IDE\bin;C:\Users\admoi\.dotnet\tools;E:\Microsoft VS Code\bin;C:\Users\admoi\AppData\Local\Microsoft\WinGet\Links;
USERNAME=admoi
OS=Windows_NT
PROCESSOR_IDENTIFIER=Intel64 Family 6 Model 154 Stepping 3, GenuineIntel
TMP=C:\Users\admoi\AppData\Local\Temp
TEMP=C:\Users\admoi\AppData\Local\Temp




Periodic native trim disabled

---------------  S Y S T E M  ---------------

OS:
 Windows 11 , 64 bit Build 26100 (10.0.26100.9444)
OS uptime: 0 days 0:16 hours
Hyper-V role detected

CPU: total 16 (initial active 16) (8 cores per cpu, 2 threads per core) family 6 model 154 stepping 3 microcode 0x435, cx8, cmov, fxsr, ht, mmx, 3dnowpref, sse, sse2, sse3, ssse3, sse4.1, sse4.2, popcnt, lzcnt, tsc, tscinvbit, avx, avx2, aes, erms, clmul, bmi1, bmi2, adx, sha, fma, vzeroupper, clflush, clflushopt, clwb, hv, serialize, rdtscp, rdpid, fsrm, f16c, cet_ibt, cet_ss
Processor Information for processor 0
  Max Mhz: 2500, Current Mhz: 2500, Mhz Limit: 2500
Processor Information for processor 1
  Max Mhz: 2500, Current Mhz: 2500, Mhz Limit: 2500
Processor Information for processor 2
  Max Mhz: 2500, Current Mhz: 2500, Mhz Limit: 2500
Processor Information for processor 3
  Max Mhz: 2500, Current Mhz: 2500, Mhz Limit: 2500
Processor Information for processor 4
  Max Mhz: 2500, Current Mhz: 2500, Mhz Limit: 2500
Processor Information for processor 5
  Max Mhz: 2500, Current Mhz: 2500, Mhz Limit: 2500
Processor Information for processor 6
  Max Mhz: 2500, Current Mhz: 2500, Mhz Limit: 2500
Processor Information for processor 7
  Max Mhz: 2500, Current Mhz: 2500, Mhz Limit: 2500
Processor Information for processor 8
  Max Mhz: 2500, Current Mhz: 1800, Mhz Limit: 1800
Processor Information for processor 9
  Max Mhz: 2500, Current Mhz: 1800, Mhz Limit: 1800
Processor Information for processor 10
  Max Mhz: 2500, Current Mhz: 1500, Mhz Limit: 1800
Processor Information for processor 11
  Max Mhz: 2500, Current Mhz: 1800, Mhz Limit: 1800
Processor Information for processor 12
  Max Mhz: 2500, Current Mhz: 1500, Mhz Limit: 1800
Processor Information for processor 13
  Max Mhz: 2500, Current Mhz: 1800, Mhz Limit: 1800
Processor Information for processor 14
  Max Mhz: 2500, Current Mhz: 1800, Mhz Limit: 1800
Processor Information for processor 15
  Max Mhz: 2500, Current Mhz: 1800, Mhz Limit: 1800

Memory: 4k page, system-wide physical 16051M (70M free)
TotalPageFile size 57195M (AvailPageFile size 2M)
current process WorkingSet (physical memory assigned to process): 141M, peak: 143M
current process commit charge ("private bytes"): 388M, peak: 388M

vm_info: OpenJDK 64-Bit Server VM (21.0.12.1+1-LTS) for windows-amd64 JRE (21.0.12.1+1-LTS), built on 2026-08-18T00:00:00Z by "admin" with MS VC++ 17.12 (VS2022)

END.
