#
# There is insufficient memory for the Java Runtime Environment to continue.
# Native memory allocation (malloc) failed to allocate 1746256 bytes. Error detail: Chunk::new
# Possible reasons:
#   The system is out of physical RAM or swap space
#   This process is running with CompressedOops enabled, and the Java Heap may be blocking the growth of the native heap
# Possible solutions:
#   Reduce memory load on the system
#   Increase physical memory or swap space
#   Check if swap backing store is full
#   Decrease Java heap size (-Xmx/-Xms)
#   Decrease number of Java threads
#   Decrease Java thread stack sizes (-Xss)
#   Set larger code cache with -XX:ReservedCodeCacheSize=
#   JVM is running with Unscaled Compressed Oops mode in which the Java heap is
#     placed in the first 4GB address space. The Java Heap base address is the
#     maximum limit for the native heap growth. Please use -XX:HeapBaseMinAddress
#     to set the Java Heap base and to place the Java Heap above 4GB virtual address.
# This output file may be truncated or incomplete.
#
#  Out of Memory Error (arena.cpp:168), pid=9992, tid=15184
#
# JRE version: OpenJDK Runtime Environment Temurin-21.0.12.1+1 (21.0.12.1+1) (build 21.0.12.1+1-LTS)
# Java VM: OpenJDK 64-Bit Server VM Temurin-21.0.12.1+1 (21.0.12.1+1-LTS, mixed mode, sharing, tiered, compressed oops, compressed class ptrs, parallel gc, windows-amd64)
# No core dump will be written. Minidumps are not enabled by default on client versions of Windows
#

---------------  S U M M A R Y ------------

Command Line: --add-modules=ALL-SYSTEM --add-opens=java.base/java.util=ALL-UNNAMED --add-opens=java.base/java.lang=ALL-UNNAMED --add-opens=java.base/sun.nio.fs=ALL-UNNAMED -Declipse.application=org.eclipse.jdt.ls.core.id1 -Dosgi.bundles.defaultStartLevel=4 -Declipse.product=org.eclipse.jdt.ls.core.product -Djava.import.generatesMetadataFilesAtProjectRoot=false -Dm2e.project.cache.size=50 -DDetectVMInstallationsJob.disabled=true -Dfile.encoding=utf8 -XX:+UseParallelGC -XX:GCTimeRatio=4 -XX:AdaptiveSizePolicyWeight=90 -Dsun.zip.disableMemoryMapping=true -Xmx2G -Xms100m -Xlog:disable -javaagent:c:\Users\admoi\.antigravity-ide\extensions\redhat.java-1.56.0-win32-x64\lombok\lombok-1.18.39-4050.jar -XX:+HeapDumpOnOutOfMemoryError -XX:HeapDumpPath=c:\Users\admoi\AppData\Roaming\Antigravity IDE\User\workspaceStorage\623676c495f6796973e32ae85f3dc6aa\redhat.java -Daether.dependencyCollector.impl=bf c:\Users\admoi\.antigravity-ide\extensions\redhat.java-1.56.0-win32-x64\server\plugins\org.eclipse.equinox.launcher_1.8.0.v20260804-1928.jar -configuration c:\Users\admoi\AppData\Roaming\Antigravity IDE\User\globalStorage\redhat.java\1.56.0\config_win -data c:\Users\admoi\AppData\Roaming\Antigravity IDE\User\workspaceStorage\623676c495f6796973e32ae85f3dc6aa\redhat.java\jdt_ws --stdio

Host: 12th Gen Intel(R) Core(TM) i5-12500H, 16 cores, 15G,  Windows 11 , 64 bit Build 26100 (10.0.26100.9168)
Time: Sat Sep  5 16:36:50 2026 SE Asia Standard Time elapsed time: 1560.336510 seconds (0d 0h 26m 0s)

---------------  T H R E A D  ---------------

Current thread (0x0000025d92e2c4a0):  JavaThread "C2 CompilerThread0" daemon [_thread_in_native, id=15184, stack(0x000000ad15700000,0x000000ad15800000) (1024K)]


Current CompileTask:
C2:1560336 20432       4       org.eclipse.core.internal.jobs.JobManager::startJob (89 bytes)

Stack: [0x000000ad15700000,0x000000ad15800000]
Native frames: (J=compiled Java code, j=interpreted, Vv=VM code, C=native code)
V  [jvm.dll+0x6d83e9]
V  [jvm.dll+0x8b5736]
V  [jvm.dll+0x8b7cee]
V  [jvm.dll+0x8b83d3]
V  [jvm.dll+0x284596]
V  [jvm.dll+0xc685d]
V  [jvm.dll+0xc6da1]
V  [jvm.dll+0x3bf151]
V  [jvm.dll+0x38b6d2]
V  [jvm.dll+0x38ab1a]
V  [jvm.dll+0x24c700]
V  [jvm.dll+0x24bce0]
V  [jvm.dll+0x1cb4ae]
V  [jvm.dll+0x25baad]
V  [jvm.dll+0x25a03a]
V  [jvm.dll+0x3f8aae]
V  [jvm.dll+0x8600cd]
V  [jvm.dll+0x6d6c1d]
C  [ucrtbase.dll+0x2cd30]
C  [KERNEL32.DLL+0x2ccb7]
C  [ntdll.dll+0xaad6c]


---------------  P R O C E S S  ---------------

Threads class SMR info:
_java_thread_list=0x0000025df68900e0, length=374, elements={
0x0000025d92d76820, 0x0000025d92e17370, 0x0000025dab4ce130, 0x0000025d92e211d0,
0x0000025d92e22320, 0x0000025d92e1a6f0, 0x0000025d92e1b300, 0x0000025d92e2c4a0,
0x0000025deda38cf0, 0x0000025dedcb6cc0, 0x0000025def31f560, 0x0000025df42d1820,
0x0000025df417ffd0, 0x0000025def8a2480, 0x0000025def89ca40, 0x0000025df4280aa0,
0x0000025df49c6260, 0x0000025df49efc60, 0x0000025df5730bb0, 0x0000025df572f170,
0x0000025df5730520, 0x0000025df572f800, 0x0000025df572eae0, 0x0000025df572e450,
0x0000025df7019a30, 0x0000025df7018680, 0x0000025df701a0c0, 0x0000025df701c190,
0x0000025df701e260, 0x0000025df701d540, 0x0000025df556abc0, 0x0000025df5567dd0,
0x0000025df556a530, 0x0000025df556b250, 0x0000025df5569810, 0x0000025df556b8e0,
0x0000025df5568460, 0x0000025df556bf70, 0x0000025df5569180, 0x0000025df5568af0,
0x0000025df556d320, 0x0000025df556cc90, 0x0000025df556d9b0, 0x0000025df556e040,
0x0000025df556e6d0, 0x0000025df556ed60, 0x0000025df556f3f0, 0x0000025df41230b0,
0x0000025df4122390, 0x0000025df4120fe0, 0x0000025df4123740, 0x0000025df4123dd0,
0x0000025df4120950, 0x0000025df4124af0, 0x0000025df4124460, 0x0000025df4125180,
0x0000025df4125810, 0x0000025df4122a20, 0x0000025df4126bc0, 0x0000025df4127250,
0x0000025df4127f70, 0x0000025df4126530, 0x0000025df556c600, 0x0000025df41278e0,
0x0000025df44a87f0, 0x0000025df44a8e80, 0x0000025df44a7ad0, 0x0000025df44a8160,
0x0000025df44aa8c0, 0x0000025df44a9510, 0x0000025df44abc70, 0x0000025df44ac990,
0x0000025df44ab5e0, 0x0000025df44ad020, 0x0000025df44aaf50, 0x0000025df44a9ba0,
0x0000025df44ad6b0, 0x0000025df44aa230, 0x0000025df44ac300, 0x0000025dedc3cbb0,
0x0000025def9659e0, 0x0000025df6fb3cc0, 0x0000025df6fb2910, 0x0000025df6fb01b0,
0x0000025df6fb0ed0, 0x0000025df6fb1560, 0x0000025df6fb1bf0, 0x0000025df6fb2280,
0x0000025df6faf490, 0x0000025df6fb3630, 0x0000025df6fafb20, 0x0000025df6fb0840,
0x0000025df6fb4350, 0x0000025df6fb5700, 0x0000025df6fb49e0, 0x0000025df6fb5d90,
0x0000025df6fb2fa0, 0x0000025df6fb6ab0, 0x0000025df6fb5070, 0x0000025df8be8a50,
0x0000025df8be83c0, 0x0000025df8be62f0, 0x0000025df8be76a0, 0x0000025df8be6980,
0x0000025df8be7d30, 0x0000025df8be55d0, 0x0000025df8be5c60, 0x0000025df8bea490,
0x0000025df8bebed0, 0x0000025df8beab20, 0x0000025df8be90e0, 0x0000025df8becbf0,
0x0000025df8bec560, 0x0000025df8beb1b0, 0x0000025dedc39dc0, 0x0000025dedc37660,
0x0000025dedc3aae0, 0x0000025dedc3b170, 0x0000025dedc37cf0, 0x0000025dedc38a10,
0x0000025dedc3be90, 0x0000025dedc3a450, 0x0000025dedc390a0, 0x0000025dedc38380,
0x0000025dedc39730, 0x0000025dedc3d240, 0x0000025dedc3df60, 0x0000025dedc3e5f0,
0x0000025def968140, 0x0000025def965350, 0x0000025def966070, 0x0000025def968e60,
0x0000025def9694f0, 0x0000025def966d90, 0x0000025def967420, 0x0000025def966700,
0x0000025def964cc0, 0x0000025def9687d0, 0x0000025def96af30, 0x0000025def967ab0,
0x0000025def96a8a0, 0x0000025df44add40, 0x0000025df44aea60, 0x0000025df44ae3d0,
0x0000025df8be9e00, 0x0000025df8beb840, 0x0000025dedc3ec80, 0x0000025dedc3d8d0,
0x0000025def969b80, 0x0000025def96a210, 0x0000025df44af0f0, 0x0000025df5569ea0,
0x0000025df8be9770, 0x0000025df85bc9e0, 0x0000025df85bafa0, 0x0000025df85bd700,
0x0000025df85bc350, 0x0000025df85bbcc0, 0x0000025df85ba910, 0x0000025df85bd070,
0x0000025df85bdd90, 0x0000025df85bb630, 0x0000025df85bf7d0, 0x0000025df85bf140,
0x0000025df85c04f0, 0x0000025df85be420, 0x0000025df85bfe60, 0x0000025df85c0b80,
0x0000025dedc3b800, 0x0000025df85c1210, 0x0000025df85c18a0, 0x0000025df6fb6420,
0x0000025df6fe8210, 0x0000025df6fe7b80, 0x0000025df6fe88a0, 0x0000025df6fe95c0,
0x0000025df6fea2e0, 0x0000025df6fea970, 0x0000025df6fe74f0, 0x0000025df6feb000,
0x0000025df6fec3b0, 0x0000025df6feb690, 0x0000025df6feca40, 0x0000025df6fe8f30,
0x0000025df6febd20, 0x0000025df6fe9c50, 0x0000025df6fef1a0, 0x0000025df6fee480,
0x0000025df6feddf0, 0x0000025df6fef830, 0x0000025df6fefec0, 0x0000025df6feeb10,
0x0000025df6fed0d0, 0x0000025df6ff0be0, 0x0000025df6fed760, 0x0000025df6ff1270,
0x0000025df6ff4060, 0x0000025df6ff1900, 0x0000025df6ff1f90, 0x0000025df6ff2cb0,
0x0000025df6ff39d0, 0x0000025df6ff2620, 0x0000025df6ff46f0, 0x0000025df6ff6130,
0x0000025df6ff3340, 0x0000025df85beab0, 0x0000025df82e7a90, 0x0000025df82e94d0,
0x0000025df82e7400, 0x0000025df82e8e40, 0x0000025df82e6050, 0x0000025df82e9b60,
0x0000025df82e6d70, 0x0000025df82e66e0, 0x0000025df82eaf10, 0x0000025df82ea1f0,
0x0000025df82ea880, 0x0000025df82eb5a0, 0x0000025df82e87b0, 0x0000025df82ec2c0,
0x0000025df6ff5410, 0x0000025df82ec950, 0x0000025df82ed670, 0x0000025df82e8120,
0x0000025df6ff67c0, 0x0000025df6bf7740, 0x0000025df6bf4fe0, 0x0000025df6bf8460,
0x0000025df6bf7dd0, 0x0000025df6bf5670, 0x0000025df6bf9180, 0x0000025df6bf5d00,
0x0000025df6bf9810, 0x0000025df6bf70b0, 0x0000025df6bf9ea0, 0x0000025df6bf8af0,
0x0000025df6bf6390, 0x0000025df6bfd9b0, 0x0000025df6bfa530, 0x0000025df6bfcc90,
0x0000025df6bfe040, 0x0000025df6bf6a20, 0x0000025df6bfd320, 0x0000025df6bfb250,
0x0000025df6bfabc0, 0x0000025df6bfb8e0, 0x0000025df6bff3f0, 0x0000025df6bfed60,
0x0000025df6bffa80, 0x0000025df6bfc600, 0x0000025df6c014c0, 0x0000025df6c01b50,
0x0000025df6c03590, 0x0000025df6bfe6d0, 0x0000025df6c02870, 0x0000025df6c02f00,
0x0000025df6bfbf70, 0x0000025df6c007a0, 0x0000025df6c021e0, 0x0000025df6c00110,
0x0000025df82ebc30, 0x0000025df6c00e30, 0x0000025df8bc17c0, 0x0000025df8bc0410,
0x0000025df8bc1130, 0x0000025df8bbf060, 0x0000025df8bc3200, 0x0000025df8bc6d10,
0x0000025df8bbf6f0, 0x0000025df8bc7a30, 0x0000025df8bc5960, 0x0000025df8bc5ff0,
0x0000025df8bc52d0, 0x0000025df8bcb540, 0x0000025df8bc8750, 0x0000025df8bc3890,
0x0000025df8bcbbd0, 0x0000025df8bcc260, 0x0000025df8bc9470, 0x0000025df8bca190,
0x0000025df8bc45b0, 0x0000025df8bcdca0, 0x0000025df6c03c20, 0x0000025df701b470,
0x0000025df57318d0, 0x0000025def55f8b0, 0x0000025def562010, 0x0000025def55f220,
0x0000025def563a50, 0x0000025def5605d0, 0x0000025def5626a0, 0x0000025def562d30,
0x0000025def561980, 0x0000025def547580, 0x0000025def548930, 0x0000025def545b40,
0x0000025def548fc0, 0x0000025def5461d0, 0x0000025def5482a0, 0x0000025def549ce0,
0x0000025def54a370, 0x0000025def546ef0, 0x0000025def54bdb0, 0x0000025def54e510,
0x0000025def550c70, 0x0000025def5526b0, 0x0000025def54f230, 0x0000025def552d40,
0x0000025def54f8c0, 0x0000025def554780, 0x0000025def553a60, 0x0000025def5540f0,
0x0000025def551300, 0x0000025def544e20, 0x0000025def5505e0, 0x0000025def554e10,
0x0000025def5561c0, 0x0000025def55a360, 0x0000025def557c00, 0x0000025def559640,
0x0000025df8bc3f20, 0x0000025def5454b0, 0x0000025def54ff50, 0x0000025def54c440,
0x0000025def5554a0, 0x0000025def55a9f0, 0x0000025def54aa00, 0x0000025def547c10,
0x0000025def5533d0, 0x0000025def555b30, 0x0000025def55bda0, 0x0000025def55d7e0,
0x0000025def54de80, 0x0000025df8bcc8f0, 0x0000025df8bccf80, 0x0000025df8bbfd80,
0x0000025df8bc80c0, 0x0000025df8bc2b70, 0x0000025df8bca820, 0x0000025def54d160,
0x0000025def54b090, 0x0000025def551990, 0x0000025def557570, 0x0000025def5633c0,
0x0000025def55ff40, 0x0000025def549650, 0x0000025def558920, 0x0000025def55b080,
0x0000025def54d7f0, 0x0000025def556ee0, 0x0000025def55c430, 0x0000025def54b720,
0x0000025def55de70, 0x0000025def55e500, 0x0000025def558290, 0x0000025def558fb0,
0x0000025df8bc73a0, 0x0000025df8bc4c40, 0x0000025df8bce330, 0x0000025df8bc0aa0,
0x0000025df8bc9b00, 0x0000025df8bc6680, 0x0000025def96b5c0, 0x0000025def96bc50,
0x0000025def96c2e0, 0x0000025def560c60, 0x0000025dfffa57c0, 0x0000025dfffa36f0,
0x0000025dfffa3060, 0x0000025dfffa92d0, 0x0000025dfffa9ff0, 0x0000025dfffa5130,
0x0000025dfffa4410, 0x0000025dfffa3d80
}

Java Threads: ( => current thread )
  0x0000025d92d76820 JavaThread "main"                              [_thread_blocked, id=7076, stack(0x000000ad14d00000,0x000000ad14e00000) (1024K)]
  0x0000025d92e17370 JavaThread "Reference Handler"          daemon [_thread_blocked, id=20068, stack(0x000000ad15100000,0x000000ad15200000) (1024K)]
  0x0000025dab4ce130 JavaThread "Finalizer"                  daemon [_thread_blocked, id=9860, stack(0x000000ad15200000,0x000000ad15300000) (1024K)]
  0x0000025d92e211d0 JavaThread "Signal Dispatcher"          daemon [_thread_blocked, id=14996, stack(0x000000ad15300000,0x000000ad15400000) (1024K)]
  0x0000025d92e22320 JavaThread "Attach Listener"            daemon [_thread_blocked, id=26384, stack(0x000000ad15400000,0x000000ad15500000) (1024K)]
  0x0000025d92e1a6f0 JavaThread "Service Thread"             daemon [_thread_blocked, id=13164, stack(0x000000ad15500000,0x000000ad15600000) (1024K)]
  0x0000025d92e1b300 JavaThread "Monitor Deflation Thread"   daemon [_thread_blocked, id=20116, stack(0x000000ad15600000,0x000000ad15700000) (1024K)]
=>0x0000025d92e2c4a0 JavaThread "C2 CompilerThread0"         daemon [_thread_in_native, id=15184, stack(0x000000ad15700000,0x000000ad15800000) (1024K)]
  0x0000025deda38cf0 JavaThread "C1 CompilerThread0"         daemon [_thread_blocked, id=7436, stack(0x000000ad15800000,0x000000ad15900000) (1024K)]
  0x0000025dedcb6cc0 JavaThread "Common-Cleaner"             daemon [_thread_blocked, id=5748, stack(0x000000ad15c00000,0x000000ad15d00000) (1024K)]
  0x0000025def31f560 JavaThread "Notification Thread"        daemon [_thread_blocked, id=20128, stack(0x000000ad15d00000,0x000000ad15e00000) (1024K)]
  0x0000025df42d1820 JavaThread "Active Thread: Equinox Container: cc1c0fc3-0e59-4434-a96e-bfe47e18de25"        [_thread_blocked, id=10028, stack(0x000000ad16500000,0x000000ad16600000) (1024K)]
  0x0000025df417ffd0 JavaThread "Refresh Thread: Equinox Container: cc1c0fc3-0e59-4434-a96e-bfe47e18de25" daemon [_thread_blocked, id=6920, stack(0x000000ad16700000,0x000000ad16800000) (1024K)]
  0x0000025def8a2480 JavaThread "Framework Event Dispatcher: Equinox Container: cc1c0fc3-0e59-4434-a96e-bfe47e18de25" daemon [_thread_blocked, id=5796, stack(0x000000ad16800000,0x000000ad16900000) (1024K)]
  0x0000025def89ca40 JavaThread "Start Level: Equinox Container: cc1c0fc3-0e59-4434-a96e-bfe47e18de25" daemon [_thread_blocked, id=22636, stack(0x000000ad16900000,0x000000ad16a00000) (1024K)]
  0x0000025df4280aa0 JavaThread "Bundle File Closer"         daemon [_thread_blocked, id=7340, stack(0x000000ad16d00000,0x000000ad16e00000) (1024K)]
  0x0000025df49c6260 JavaThread "SCR Component Actor"        daemon [_thread_blocked, id=13948, stack(0x000000ad15a00000,0x000000ad15b00000) (1024K)]
  0x0000025df49efc60 JavaThread "Worker-JM"                         [_thread_blocked, id=2604, stack(0x000000ad16e00000,0x000000ad16f00000) (1024K)]
  0x0000025df5730bb0 JavaThread "JNA Cleaner"                daemon [_thread_blocked, id=3220, stack(0x000000ad17100000,0x000000ad17200000) (1024K)]
  0x0000025df572f170 JavaThread "Worker-0: Initialize workspace"        [_thread_blocked, id=11936, stack(0x000000ad17200000,0x000000ad17300000) (1024K)]
  0x0000025df5730520 JavaThread "Worker-1: Initialize workspace"        [_thread_blocked, id=12376, stack(0x000000ad17300000,0x000000ad17400000) (1024K)]
  0x0000025df572f800 JavaThread "Worker-2: Initialize workspace"        [_thread_blocked, id=15336, stack(0x000000ad17500000,0x000000ad17600000) (1024K)]
  0x0000025df572eae0 JavaThread "Java indexing"              daemon [_thread_blocked, id=24292, stack(0x000000ad17700000,0x000000ad17800000) (1024K)]
  0x0000025df572e450 JavaThread "Worker-3: Initialize workspace"        [_thread_blocked, id=10132, stack(0x000000ad17a00000,0x000000ad17b00000) (1024K)]
  0x0000025df7019a30 JavaThread "Worker-4: Initialize workspace"        [_thread_blocked, id=22944, stack(0x000000ad17b00000,0x000000ad17c00000) (1024K)]
  0x0000025df7018680 JavaThread "pool-2-thread-1"                   [_thread_blocked, id=21748, stack(0x000000ad17c00000,0x000000ad17d00000) (1024K)]
  0x0000025df701a0c0 JavaThread "WorkspaceEventsHandler"            [_thread_blocked, id=26584, stack(0x000000ad17e00000,0x000000ad17f00000) (1024K)]
  0x0000025df701c190 JavaThread "pool-1-thread-1"                   [_thread_blocked, id=6796, stack(0x000000ad17f00000,0x000000ad18000000) (1024K)]
  0x0000025df701e260 JavaThread "Worker-5: Initialize workspace"        [_thread_blocked, id=20052, stack(0x000000ad17000000,0x000000ad17100000) (1024K)]
  0x0000025df701d540 JavaThread "Worker-6: Initialize workspace"        [_thread_blocked, id=11572, stack(0x000000ad14a00000,0x000000ad14b00000) (1024K)]
  0x0000025df556abc0 JavaThread "Connection worker"                 [_thread_in_native, id=6808, stack(0x000000ad15900000,0x000000ad15a00000) (1024K)]
  0x0000025df5567dd0 JavaThread "PatternSearchJob-worker-1"  daemon [_thread_blocked, id=20392, stack(0x000000ad17400000,0x000000ad17500000) (1024K)]
  0x0000025df556a530 JavaThread "PatternSearchJob-worker-2"  daemon [_thread_blocked, id=23464, stack(0x000000ad17600000,0x000000ad17700000) (1024K)]
  0x0000025df556b250 JavaThread "PatternSearchJob-worker-3"  daemon [_thread_blocked, id=19976, stack(0x000000ad17800000,0x000000ad17900000) (1024K)]
  0x0000025df5569810 JavaThread "PatternSearchJob-worker-4"  daemon [_thread_blocked, id=17112, stack(0x000000ad17900000,0x000000ad17a00000) (1024K)]
  0x0000025df556b8e0 JavaThread "PatternSearchJob-worker-5"  daemon [_thread_blocked, id=3800, stack(0x000000ad18000000,0x000000ad18100000) (1024K)]
  0x0000025df5568460 JavaThread "PatternSearchJob-worker-6"  daemon [_thread_blocked, id=24232, stack(0x000000ad18100000,0x000000ad18200000) (1024K)]
  0x0000025df556bf70 JavaThread "PatternSearchJob-worker-7"  daemon [_thread_blocked, id=22188, stack(0x000000ad18200000,0x000000ad18300000) (1024K)]
  0x0000025df5569180 JavaThread "PatternSearchJob-worker-8"  daemon [_thread_blocked, id=6104, stack(0x000000ad18300000,0x000000ad18400000) (1024K)]
  0x0000025df5568af0 JavaThread "PatternSearchJob-worker-9"  daemon [_thread_blocked, id=18272, stack(0x000000ad18400000,0x000000ad18500000) (1024K)]
  0x0000025df556d320 JavaThread "PatternSearchJob-worker-10" daemon [_thread_blocked, id=5488, stack(0x000000ad18500000,0x000000ad18600000) (1024K)]
  0x0000025df556cc90 JavaThread "PatternSearchJob-worker-11" daemon [_thread_blocked, id=22812, stack(0x000000ad18600000,0x000000ad18700000) (1024K)]
  0x0000025df556d9b0 JavaThread "PatternSearchJob-worker-12" daemon [_thread_blocked, id=19688, stack(0x000000ad18700000,0x000000ad18800000) (1024K)]
  0x0000025df556e040 JavaThread "PatternSearchJob-worker-13" daemon [_thread_blocked, id=17416, stack(0x000000ad18800000,0x000000ad18900000) (1024K)]
  0x0000025df556e6d0 JavaThread "PatternSearchJob-worker-14" daemon [_thread_blocked, id=5184, stack(0x000000ad18900000,0x000000ad18a00000) (1024K)]
  0x0000025df556ed60 JavaThread "PatternSearchJob-worker-15" daemon [_thread_blocked, id=10444, stack(0x000000ad18a00000,0x000000ad18b00000) (1024K)]
  0x0000025df556f3f0 JavaThread "Connection worker"                 [_thread_in_native, id=26012, stack(0x000000ad14c00000,0x000000ad14d00000) (1024K)]
  0x0000025df41230b0 JavaThread "Connection worker"                 [_thread_in_native, id=14696, stack(0x000000ad18b00000,0x000000ad18c00000) (1024K)]
  0x0000025df4122390 JavaThread "Connection worker"                 [_thread_in_native, id=26580, stack(0x000000ad16f00000,0x000000ad17000000) (1024K)]
  0x0000025df4120fe0 JavaThread "Worker-7: Initialize workspace"        [_thread_blocked, id=19732, stack(0x000000ad18d00000,0x000000ad18e00000) (1024K)]
  0x0000025df4123740 JavaThread "Connection worker"                 [_thread_in_native, id=5772, stack(0x000000ad18e00000,0x000000ad18f00000) (1024K)]
  0x0000025df4123dd0 JavaThread "Worker-8: Initialize workspace"        [_thread_blocked, id=11452, stack(0x000000ad18f00000,0x000000ad19000000) (1024K)]
  0x0000025df4120950 JavaThread "Worker-9: Initialize workspace"        [_thread_blocked, id=25740, stack(0x000000ad14b00000,0x000000ad14c00000) (1024K)]
  0x0000025df4124af0 JavaThread "Connection worker"                 [_thread_in_native, id=7524, stack(0x000000ad19200000,0x000000ad19300000) (1024K)]
  0x0000025df4124460 JavaThread "Worker-10: Initialize workspace"        [_thread_blocked, id=7196, stack(0x000000ad19000000,0x000000ad19100000) (1024K)]
  0x0000025df4125180 JavaThread "Connection worker"                 [_thread_in_native, id=15840, stack(0x000000ad19400000,0x000000ad19500000) (1024K)]
  0x0000025df4125810 JavaThread "Worker-11: Initialize workspace"        [_thread_blocked, id=23720, stack(0x000000ad19500000,0x000000ad19600000) (1024K)]
  0x0000025df4122a20 JavaThread "Connection worker"                 [_thread_in_native, id=8196, stack(0x000000ad19100000,0x000000ad19200000) (1024K)]
  0x0000025df4126bc0 JavaThread "Connection worker"                 [_thread_in_native, id=2716, stack(0x000000ad19300000,0x000000ad19400000) (1024K)]
  0x0000025df4127250 JavaThread "Worker-12: Initialize workspace"        [_thread_blocked, id=25888, stack(0x000000ad19600000,0x000000ad19700000) (1024K)]
  0x0000025df4127f70 JavaThread "Connection worker"                 [_thread_in_native, id=17500, stack(0x000000ad19700000,0x000000ad19800000) (1024K)]
  0x0000025df4126530 JavaThread "Worker-13: Initialize workspace"        [_thread_blocked, id=10204, stack(0x000000ad19800000,0x000000ad19900000) (1024K)]
  0x0000025df556c600 JavaThread "Worker-14: Initialize workspace"        [_thread_blocked, id=15844, stack(0x000000ad19900000,0x000000ad19a00000) (1024K)]
  0x0000025df41278e0 JavaThread "Connection worker"                 [_thread_in_native, id=504, stack(0x000000ad19a00000,0x000000ad19b00000) (1024K)]
  0x0000025df44a87f0 JavaThread "Worker-15: Initialize workspace"        [_thread_blocked, id=9272, stack(0x000000ad19b00000,0x000000ad19c00000) (1024K)]
  0x0000025df44a8e80 JavaThread "Connection worker"                 [_thread_in_native, id=15120, stack(0x000000ad19c00000,0x000000ad19d00000) (1024K)]
  0x0000025df44a7ad0 JavaThread "Worker-16: Initialize workspace"        [_thread_blocked, id=11156, stack(0x000000ad1a100000,0x000000ad1a200000) (1024K)]
  0x0000025df44a8160 JavaThread "pool-4-thread-1"                   [_thread_blocked, id=21332, stack(0x000000ad1a200000,0x000000ad1a300000) (1024K)]
  0x0000025df44aa8c0 JavaThread "pool-15-thread-1"                  [_thread_blocked, id=14236, stack(0x000000ad1a300000,0x000000ad1a400000) (1024K)]
  0x0000025df44a9510 JavaThread "pool-5-thread-1"                   [_thread_blocked, id=13112, stack(0x000000ad1a400000,0x000000ad1a500000) (1024K)]
  0x0000025df44abc70 JavaThread "pool-6-thread-1"                   [_thread_blocked, id=5424, stack(0x000000ad1a500000,0x000000ad1a600000) (1024K)]
  0x0000025df44ac990 JavaThread "pool-7-thread-1"                   [_thread_blocked, id=11256, stack(0x000000ad1a600000,0x000000ad1a700000) (1024K)]
  0x0000025df44ab5e0 JavaThread "pool-9-thread-1"                   [_thread_blocked, id=16788, stack(0x000000ad1a700000,0x000000ad1a800000) (1024K)]
  0x0000025df44ad020 JavaThread "pool-10-thread-1"                  [_thread_blocked, id=22628, stack(0x000000ad1a800000,0x000000ad1a900000) (1024K)]
  0x0000025df44aaf50 JavaThread "pool-11-thread-1"                  [_thread_blocked, id=22992, stack(0x000000ad1a900000,0x000000ad1aa00000) (1024K)]
  0x0000025df44a9ba0 JavaThread "pool-12-thread-1"                  [_thread_blocked, id=15136, stack(0x000000ad1aa00000,0x000000ad1ab00000) (1024K)]
  0x0000025df44ad6b0 JavaThread "pool-13-thread-1"                  [_thread_blocked, id=10068, stack(0x000000ad1ab00000,0x000000ad1ac00000) (1024K)]
  0x0000025df44aa230 JavaThread "pool-14-thread-1"                  [_thread_blocked, id=13048, stack(0x000000ad1ac00000,0x000000ad1ad00000) (1024K)]
  0x0000025df44ac300 JavaThread "pool-8-thread-1"                   [_thread_blocked, id=20492, stack(0x000000ad1ad00000,0x000000ad1ae00000) (1024K)]
  0x0000025dedc3cbb0 JavaThread "Connection worker"                 [_thread_in_native, id=14232, stack(0x000000ad1c100000,0x000000ad1c200000) (1024K)]
  0x0000025def9659e0 JavaThread "pool-16-thread-1"                  [_thread_blocked, id=436, stack(0x000000ad1ce00000,0x000000ad1cf00000) (1024K)]
  0x0000025df6fb3cc0 JavaThread "Worker-17: Initialize workspace"        [_thread_blocked, id=28440, stack(0x000000ad18c00000,0x000000ad18d00000) (1024K)]
  0x0000025df6fb2910 JavaThread "Connection worker"                 [_thread_in_native, id=28968, stack(0x000000ad1ba00000,0x000000ad1bb00000) (1024K)]
  0x0000025df6fb01b0 JavaThread "pool-17-thread-1"                  [_thread_blocked, id=28980, stack(0x000000ad1d700000,0x000000ad1d800000) (1024K)]
  0x0000025df6fb0ed0 JavaThread "Connection worker"                 [_thread_in_native, id=24336, stack(0x000000ad1af00000,0x000000ad1b000000) (1024K)]
  0x0000025df6fb1560 JavaThread "pool-18-thread-1"                  [_thread_blocked, id=2412, stack(0x000000ad1b000000,0x000000ad1b100000) (1024K)]
  0x0000025df6fb1bf0 JavaThread "Worker-18: Initialize workspace"        [_thread_blocked, id=28956, stack(0x000000ad19f00000,0x000000ad1a000000) (1024K)]
  0x0000025df6fb2280 JavaThread "Connection worker"                 [_thread_in_native, id=19184, stack(0x000000ad1b100000,0x000000ad1b200000) (1024K)]
  0x0000025df6faf490 JavaThread "pool-19-thread-1"                  [_thread_blocked, id=27468, stack(0x000000ad1b200000,0x000000ad1b300000) (1024K)]
  0x0000025df6fb3630 JavaThread "Worker-19: Initialize workspace"        [_thread_blocked, id=23076, stack(0x000000ad1b500000,0x000000ad1b600000) (1024K)]
  0x0000025df6fafb20 JavaThread "Connection worker"                 [_thread_in_native, id=12380, stack(0x000000ad1b300000,0x000000ad1b400000) (1024K)]
  0x0000025df6fb0840 JavaThread "pool-20-thread-1"                  [_thread_blocked, id=13052, stack(0x000000ad1b400000,0x000000ad1b500000) (1024K)]
  0x0000025df6fb4350 JavaThread "Worker-20: Initialize workspace"        [_thread_blocked, id=23352, stack(0x000000ad1b700000,0x000000ad1b800000) (1024K)]
  0x0000025df6fb5700 JavaThread "Worker-21: Initialize workspace"        [_thread_blocked, id=19836, stack(0x000000ad1b600000,0x000000ad1b700000) (1024K)]
  0x0000025df6fb49e0 JavaThread "Connection worker"                 [_thread_in_native, id=29428, stack(0x000000ad1b800000,0x000000ad1b900000) (1024K)]
  0x0000025df6fb5d90 JavaThread "pool-21-thread-1"                  [_thread_blocked, id=29052, stack(0x000000ad1b900000,0x000000ad1ba00000) (1024K)]
  0x0000025df6fb2fa0 JavaThread "Worker-22: Initialize workspace"        [_thread_blocked, id=30400, stack(0x000000ad19d00000,0x000000ad19e00000) (1024K)]
  0x0000025df6fb6ab0 JavaThread "Connection worker"                 [_thread_in_native, id=30384, stack(0x000000ad1ae00000,0x000000ad1af00000) (1024K)]
  0x0000025df6fb5070 JavaThread "pool-22-thread-1"                  [_thread_blocked, id=30392, stack(0x000000ad1bc00000,0x000000ad1bd00000) (1024K)]
  0x0000025df8be8a50 JavaThread "Connection worker"                 [_thread_in_native, id=30836, stack(0x000000ad1bb00000,0x000000ad1bc00000) (1024K)]
  0x0000025df8be83c0 JavaThread "pool-23-thread-1"                  [_thread_blocked, id=30840, stack(0x000000ad1bd00000,0x000000ad1be00000) (1024K)]
  0x0000025df8be62f0 JavaThread "Worker-23: Initialize workspace"        [_thread_blocked, id=31224, stack(0x000000ad1bf00000,0x000000ad1c000000) (1024K)]
  0x0000025df8be76a0 JavaThread "Worker-24: Initialize workspace"        [_thread_blocked, id=31676, stack(0x000000ad19e00000,0x000000ad19f00000) (1024K)]
  0x0000025df8be6980 JavaThread "Connection worker"                 [_thread_in_native, id=31688, stack(0x000000ad1c000000,0x000000ad1c100000) (1024K)]
  0x0000025df8be7d30 JavaThread "pool-24-thread-1"                  [_thread_blocked, id=31692, stack(0x000000ad1c200000,0x000000ad1c300000) (1024K)]
  0x0000025df8be55d0 JavaThread "Worker-25: Initialize workspace"        [_thread_blocked, id=26812, stack(0x000000ad1be00000,0x000000ad1bf00000) (1024K)]
  0x0000025df8be5c60 JavaThread "Connection worker"                 [_thread_in_native, id=30992, stack(0x000000ad1c400000,0x000000ad1c500000) (1024K)]
  0x0000025df8bea490 JavaThread "pool-25-thread-1"                  [_thread_blocked, id=31500, stack(0x000000ad1c500000,0x000000ad1c600000) (1024K)]
  0x0000025df8bebed0 JavaThread "Worker-26: Initialize workspace"        [_thread_blocked, id=18184, stack(0x000000ad1c600000,0x000000ad1c700000) (1024K)]
  0x0000025df8beab20 JavaThread "Connection worker"                 [_thread_in_native, id=30892, stack(0x000000ad1c700000,0x000000ad1c800000) (1024K)]
  0x0000025df8be90e0 JavaThread "pool-26-thread-1"                  [_thread_blocked, id=31632, stack(0x000000ad1c800000,0x000000ad1c900000) (1024K)]
  0x0000025df8becbf0 JavaThread "Worker-27: Initialize workspace"        [_thread_blocked, id=32184, stack(0x000000ad1c900000,0x000000ad1ca00000) (1024K)]
  0x0000025df8bec560 JavaThread "Connection worker"                 [_thread_in_native, id=32700, stack(0x000000ad1ca00000,0x000000ad1cb00000) (1024K)]
  0x0000025df8beb1b0 JavaThread "pool-27-thread-1"                  [_thread_blocked, id=32704, stack(0x000000ad1cb00000,0x000000ad1cc00000) (1024K)]
  0x0000025dedc39dc0 JavaThread "Connection worker"                 [_thread_in_native, id=29680, stack(0x000000ad1cc00000,0x000000ad1cd00000) (1024K)]
  0x0000025dedc37660 JavaThread "pool-28-thread-1"                  [_thread_blocked, id=7072, stack(0x000000ad1cd00000,0x000000ad1ce00000) (1024K)]
  0x0000025dedc3aae0 JavaThread "Worker-28: Initialize workspace"        [_thread_blocked, id=1316, stack(0x000000ad1d000000,0x000000ad1d100000) (1024K)]
  0x0000025dedc3b170 JavaThread "Worker-29: Initialize workspace"        [_thread_blocked, id=32920, stack(0x000000ad1c300000,0x000000ad1c400000) (1024K)]
  0x0000025dedc37cf0 JavaThread "Connection worker"                 [_thread_in_native, id=32928, stack(0x000000ad1d100000,0x000000ad1d200000) (1024K)]
  0x0000025dedc38a10 JavaThread "pool-29-thread-1"                  [_thread_blocked, id=32932, stack(0x000000ad1d200000,0x000000ad1d300000) (1024K)]
  0x0000025dedc3be90 JavaThread "Worker-30: Initialize workspace"        [_thread_blocked, id=33292, stack(0x000000ad1d400000,0x000000ad1d500000) (1024K)]
  0x0000025dedc3a450 JavaThread "Connection worker"                 [_thread_in_native, id=33508, stack(0x000000ad1d300000,0x000000ad1d400000) (1024K)]
  0x0000025dedc390a0 JavaThread "pool-30-thread-1"                  [_thread_blocked, id=33512, stack(0x000000ad1d800000,0x000000ad1d900000) (1024K)]
  0x0000025dedc38380 JavaThread "Worker-31: Initialize workspace"        [_thread_blocked, id=30660, stack(0x000000ad1cf00000,0x000000ad1d000000) (1024K)]
  0x0000025dedc39730 JavaThread "Connection worker"                 [_thread_in_native, id=33536, stack(0x000000ad1da00000,0x000000ad1db00000) (1024K)]
  0x0000025dedc3d240 JavaThread "pool-31-thread-1"                  [_thread_blocked, id=33528, stack(0x000000ad1db00000,0x000000ad1dc00000) (1024K)]
  0x0000025dedc3df60 JavaThread "Connection worker"                 [_thread_in_native, id=34100, stack(0x000000ad1dc00000,0x000000ad1dd00000) (1024K)]
  0x0000025dedc3e5f0 JavaThread "pool-32-thread-1"                  [_thread_blocked, id=34104, stack(0x000000ad1dd00000,0x000000ad1de00000) (1024K)]
  0x0000025def968140 JavaThread "Worker-32: Initialize workspace"        [_thread_blocked, id=34488, stack(0x000000ad1df00000,0x000000ad1e000000) (1024K)]
  0x0000025def965350 JavaThread "Worker-33: Initialize workspace"        [_thread_blocked, id=34636, stack(0x000000ad1de00000,0x000000ad1df00000) (1024K)]
  0x0000025def966070 JavaThread "Connection worker"                 [_thread_in_native, id=26948, stack(0x000000ad1e000000,0x000000ad1e100000) (1024K)]
  0x0000025def968e60 JavaThread "pool-33-thread-1"                  [_thread_blocked, id=31416, stack(0x000000ad1e100000,0x000000ad1e200000) (1024K)]
  0x0000025def9694f0 JavaThread "Worker-34: Initialize workspace"        [_thread_blocked, id=33824, stack(0x000000ad1e200000,0x000000ad1e300000) (1024K)]
  0x0000025def966d90 JavaThread "Connection worker"                 [_thread_in_native, id=10144, stack(0x000000ad1e300000,0x000000ad1e400000) (1024K)]
  0x0000025def967420 JavaThread "pool-34-thread-1"                  [_thread_blocked, id=21012, stack(0x000000ad1e400000,0x000000ad1e500000) (1024K)]
  0x0000025def966700 JavaThread "Connection worker"                 [_thread_in_native, id=35356, stack(0x000000ad1e500000,0x000000ad1e600000) (1024K)]
  0x0000025def964cc0 JavaThread "pool-35-thread-1"                  [_thread_blocked, id=35364, stack(0x000000ad1e600000,0x000000ad1e700000) (1024K)]
  0x0000025def9687d0 JavaThread "Worker-35: Initialize workspace"        [_thread_blocked, id=35676, stack(0x000000ad1e800000,0x000000ad1e900000) (1024K)]
  0x0000025def96af30 JavaThread "Worker-36: Initialize workspace"        [_thread_blocked, id=26404, stack(0x000000ad1e700000,0x000000ad1e800000) (1024K)]
  0x0000025def967ab0 JavaThread "Connection worker"                 [_thread_in_native, id=35168, stack(0x000000ad1e900000,0x000000ad1ea00000) (1024K)]
  0x0000025def96a8a0 JavaThread "pool-36-thread-1"                  [_thread_blocked, id=35172, stack(0x000000ad1ea00000,0x000000ad1eb00000) (1024K)]
  0x0000025df44add40 JavaThread "Worker-37: Initialize workspace"        [_thread_blocked, id=35228, stack(0x000000ad1ec00000,0x000000ad1ed00000) (1024K)]
  0x0000025df44aea60 JavaThread "Connection worker"                 [_thread_in_native, id=30304, stack(0x000000ad1ed00000,0x000000ad1ee00000) (1024K)]
  0x0000025df44ae3d0 JavaThread "pool-37-thread-1"                  [_thread_blocked, id=5016, stack(0x000000ad1ee00000,0x000000ad1ef00000) (1024K)]
  0x0000025df8be9e00 JavaThread "Connection worker"                 [_thread_in_native, id=36292, stack(0x000000ad1eb00000,0x000000ad1ec00000) (1024K)]
  0x0000025df8beb840 JavaThread "pool-38-thread-1"                  [_thread_blocked, id=36296, stack(0x000000ad1ef00000,0x000000ad1f000000) (1024K)]
  0x0000025dedc3ec80 JavaThread "Worker-38: Initialize workspace"        [_thread_blocked, id=36636, stack(0x000000ad1f100000,0x000000ad1f200000) (1024K)]
  0x0000025dedc3d8d0 JavaThread "Worker-39: Initialize workspace"        [_thread_blocked, id=36816, stack(0x000000ad1f000000,0x000000ad1f100000) (1024K)]
  0x0000025def969b80 JavaThread "Connection worker"                 [_thread_in_native, id=33216, stack(0x000000ad1f400000,0x000000ad1f500000) (1024K)]
  0x0000025def96a210 JavaThread "pool-39-thread-1"                  [_thread_blocked, id=35844, stack(0x000000ad1f500000,0x000000ad1f600000) (1024K)]
  0x0000025df44af0f0 JavaThread "Worker-40: Initialize workspace"        [_thread_blocked, id=36060, stack(0x000000ad1f700000,0x000000ad1f800000) (1024K)]
  0x0000025df5569ea0 JavaThread "Connection worker"                 [_thread_in_native, id=34060, stack(0x000000ad1f200000,0x000000ad1f300000) (1024K)]
  0x0000025df8be9770 JavaThread "pool-40-thread-1"                  [_thread_blocked, id=32312, stack(0x000000ad1f300000,0x000000ad1f400000) (1024K)]
  0x0000025df85bc9e0 JavaThread "Worker-41: Initialize workspace"        [_thread_blocked, id=37176, stack(0x000000ad1f800000,0x000000ad1f900000) (1024K)]
  0x0000025df85bafa0 JavaThread "Connection worker"                 [_thread_in_native, id=37480, stack(0x000000ad1f600000,0x000000ad1f700000) (1024K)]
  0x0000025df85bd700 JavaThread "pool-41-thread-1"                  [_thread_blocked, id=37484, stack(0x000000ad1f900000,0x000000ad1fa00000) (1024K)]
  0x0000025df85bc350 JavaThread "Worker-42: Initialize workspace"        [_thread_blocked, id=37848, stack(0x000000ad1fb00000,0x000000ad1fc00000) (1024K)]
  0x0000025df85bbcc0 JavaThread "Connection worker"                 [_thread_in_native, id=31636, stack(0x000000ad1fa00000,0x000000ad1fb00000) (1024K)]
  0x0000025df85ba910 JavaThread "pool-42-thread-1"                  [_thread_blocked, id=32604, stack(0x000000ad1fc00000,0x000000ad1fd00000) (1024K)]
  0x0000025df85bd070 JavaThread "Connection worker"                 [_thread_in_native, id=26144, stack(0x000000ad1fd00000,0x000000ad1fe00000) (1024K)]
  0x0000025df85bdd90 JavaThread "pool-43-thread-1"                  [_thread_blocked, id=30960, stack(0x000000ad1fe00000,0x000000ad1ff00000) (1024K)]
  0x0000025df85bb630 JavaThread "Worker-43: Initialize workspace"        [_thread_blocked, id=37500, stack(0x000000ad20000000,0x000000ad20100000) (1024K)]
  0x0000025df85bf7d0 JavaThread "Worker-44: Initialize workspace"        [_thread_blocked, id=17172, stack(0x000000ad1d900000,0x000000ad1da00000) (1024K)]
  0x0000025df85bf140 JavaThread "Connection worker"                 [_thread_in_native, id=32956, stack(0x000000ad20100000,0x000000ad20200000) (1024K)]
  0x0000025df85c04f0 JavaThread "pool-44-thread-1"                  [_thread_blocked, id=36996, stack(0x000000ad20200000,0x000000ad20300000) (1024K)]
  0x0000025df85be420 JavaThread "Worker-45: Initialize workspace"        [_thread_blocked, id=13444, stack(0x000000ad20400000,0x000000ad20500000) (1024K)]
  0x0000025df85bfe60 JavaThread "Connection worker"                 [_thread_in_native, id=31312, stack(0x000000ad20300000,0x000000ad20400000) (1024K)]
  0x0000025df85c0b80 JavaThread "pool-45-thread-1"                  [_thread_blocked, id=31308, stack(0x000000ad20500000,0x000000ad20600000) (1024K)]
  0x0000025dedc3b800 JavaThread "Worker-46: Initialize workspace"        [_thread_blocked, id=38232, stack(0x000000ad20600000,0x000000ad20700000) (1024K)]
  0x0000025df85c1210 JavaThread "Connection worker"                 [_thread_in_native, id=38360, stack(0x000000ad20700000,0x000000ad20800000) (1024K)]
  0x0000025df85c18a0 JavaThread "pool-46-thread-1"                  [_thread_blocked, id=38364, stack(0x000000ad20800000,0x000000ad20900000) (1024K)]
  0x0000025df6fb6420 JavaThread "Worker-47: Initialize workspace"        [_thread_blocked, id=37952, stack(0x000000ad20900000,0x000000ad20a00000) (1024K)]
  0x0000025df6fe8210 JavaThread "Connection worker"                 [_thread_in_native, id=36444, stack(0x000000ad20f00000,0x000000ad21000000) (1024K)]
  0x0000025df6fe7b80 JavaThread "pool-47-thread-1"                  [_thread_blocked, id=38252, stack(0x000000ad21000000,0x000000ad21100000) (1024K)]
  0x0000025df6fe88a0 JavaThread "Connection worker"                 [_thread_in_native, id=516, stack(0x000000ad21100000,0x000000ad21200000) (1024K)]
  0x0000025df6fe95c0 JavaThread "pool-48-thread-1"                  [_thread_blocked, id=32352, stack(0x000000ad21200000,0x000000ad21300000) (1024K)]
  0x0000025df6fea2e0 JavaThread "Connection worker"                 [_thread_in_native, id=34748, stack(0x000000ad21500000,0x000000ad21600000) (1024K)]
  0x0000025df6fea970 JavaThread "pool-49-thread-1"                  [_thread_blocked, id=31776, stack(0x000000ad21600000,0x000000ad21700000) (1024K)]
  0x0000025df6fe74f0 JavaThread "Worker-50: Initialize workspace"        [_thread_blocked, id=39036, stack(0x000000ad21700000,0x000000ad21800000) (1024K)]
  0x0000025df6feb000 JavaThread "Connection worker"                 [_thread_in_native, id=39300, stack(0x000000ad21400000,0x000000ad21500000) (1024K)]
  0x0000025df6fec3b0 JavaThread "pool-50-thread-1"                  [_thread_blocked, id=39308, stack(0x000000ad21800000,0x000000ad21900000) (1024K)]
  0x0000025df6feb690 JavaThread "Connection worker"                 [_thread_in_native, id=32328, stack(0x000000ad21900000,0x000000ad21a00000) (1024K)]
  0x0000025df6feca40 JavaThread "pool-51-thread-1"                  [_thread_blocked, id=38852, stack(0x000000ad21a00000,0x000000ad21b00000) (1024K)]
  0x0000025df6fe8f30 JavaThread "Worker-62: Initialize workspace"        [_thread_blocked, id=39232, stack(0x000000ad21300000,0x000000ad21400000) (1024K)]
  0x0000025df6febd20 JavaThread "Worker-67: Initialize workspace"        [_thread_blocked, id=39676, stack(0x000000ad20e00000,0x000000ad20f00000) (1024K)]
  0x0000025df6fe9c50 JavaThread "Connection worker"                 [_thread_in_native, id=37584, stack(0x000000ad21c00000,0x000000ad21d00000) (1024K)]
  0x0000025df6fef1a0 JavaThread "pool-52-thread-1"                  [_thread_blocked, id=39724, stack(0x000000ad21d00000,0x000000ad21e00000) (1024K)]
  0x0000025df6fee480 JavaThread "Connection worker"                 [_thread_in_native, id=40248, stack(0x000000ad21f00000,0x000000ad22000000) (1024K)]
  0x0000025df6feddf0 JavaThread "pool-53-thread-1"                  [_thread_blocked, id=40260, stack(0x000000ad22100000,0x000000ad22200000) (1024K)]
  0x0000025df6fef830 JavaThread "Worker-90: Initialize workspace"        [_thread_blocked, id=35092, stack(0x000000ad21e00000,0x000000ad21f00000) (1024K)]
  0x0000025df6fefec0 JavaThread "Worker-95: Initialize workspace"        [_thread_blocked, id=19844, stack(0x000000ad21b00000,0x000000ad21c00000) (1024K)]
  0x0000025df6feeb10 JavaThread "Connection worker"                 [_thread_in_native, id=39288, stack(0x000000ad22200000,0x000000ad22300000) (1024K)]
  0x0000025df6fed0d0 JavaThread "pool-54-thread-1"                  [_thread_blocked, id=39092, stack(0x000000ad22300000,0x000000ad22400000) (1024K)]
  0x0000025df6ff0be0 JavaThread "Worker-108: Initialize workspace"        [_thread_blocked, id=39960, stack(0x000000ad1ff00000,0x000000ad20000000) (1024K)]
  0x0000025df6fed760 JavaThread "Connection worker"                 [_thread_in_native, id=40388, stack(0x000000ad20b00000,0x000000ad20c00000) (1024K)]
  0x0000025df6ff1270 JavaThread "pool-55-thread-1"                  [_thread_blocked, id=34292, stack(0x000000ad20c00000,0x000000ad20d00000) (1024K)]
  0x0000025df6ff4060 JavaThread "Connection worker"                 [_thread_in_native, id=40384, stack(0x000000ad22000000,0x000000ad22100000) (1024K)]
  0x0000025df6ff1900 JavaThread "pool-56-thread-1"                  [_thread_blocked, id=32500, stack(0x000000ad22400000,0x000000ad22500000) (1024K)]
  0x0000025df6ff1f90 JavaThread "Worker-128: Initialize workspace"        [_thread_blocked, id=41600, stack(0x000000ad20d00000,0x000000ad20e00000) (1024K)]
  0x0000025df6ff2cb0 JavaThread "Connection worker"                 [_thread_in_native, id=41740, stack(0x000000ad22600000,0x000000ad22700000) (1024K)]
  0x0000025df6ff39d0 JavaThread "pool-57-thread-1"                  [_thread_blocked, id=41752, stack(0x000000ad22700000,0x000000ad22800000) (1024K)]
  0x0000025df6ff2620 JavaThread "Worker-144: Initialize workspace"        [_thread_blocked, id=41812, stack(0x000000ad20a00000,0x000000ad20b00000) (1024K)]
  0x0000025df6ff46f0 JavaThread "Worker-157: Initialize workspace"        [_thread_blocked, id=41868, stack(0x000000ad22500000,0x000000ad22600000) (1024K)]
  0x0000025df6ff6130 JavaThread "Connection worker"                 [_thread_in_native, id=40868, stack(0x000000ad22c00000,0x000000ad22d00000) (1024K)]
  0x0000025df6ff3340 JavaThread "pool-59-thread-1"                  [_thread_blocked, id=41836, stack(0x000000ad22d00000,0x000000ad22e00000) (1024K)]
  0x0000025df85beab0 JavaThread "Worker-171: Initialize workspace"        [_thread_blocked, id=19540, stack(0x000000ad22b00000,0x000000ad22c00000) (1024K)]
  0x0000025df82e7a90 JavaThread "Connection worker"                 [_thread_in_native, id=42332, stack(0x000000ad22f00000,0x000000ad23000000) (1024K)]
  0x0000025df82e94d0 JavaThread "pool-60-thread-1"                  [_thread_blocked, id=39160, stack(0x000000ad23000000,0x000000ad23100000) (1024K)]
  0x0000025df82e7400 JavaThread "Worker-186: Initialize workspace"        [_thread_blocked, id=39236, stack(0x000000ad22e00000,0x000000ad22f00000) (1024K)]
  0x0000025df82e8e40 JavaThread "Connection worker"                 [_thread_in_native, id=42828, stack(0x000000ad23200000,0x000000ad23300000) (1024K)]
  0x0000025df82e6050 JavaThread "pool-61-thread-1"                  [_thread_blocked, id=40340, stack(0x000000ad23300000,0x000000ad23400000) (1024K)]
  0x0000025df82e9b60 JavaThread "Worker-199: Initialize workspace"        [_thread_blocked, id=43948, stack(0x000000ad23100000,0x000000ad23200000) (1024K)]
  0x0000025df82e6d70 JavaThread "Worker-206: Initialize workspace"        [_thread_blocked, id=41860, stack(0x000000ad22800000,0x000000ad22900000) (1024K)]
  0x0000025df82e66e0 JavaThread "Connection worker"                 [_thread_in_native, id=43056, stack(0x000000ad23500000,0x000000ad23600000) (1024K)]
  0x0000025df82eaf10 JavaThread "pool-62-thread-1"                  [_thread_blocked, id=43104, stack(0x000000ad23600000,0x000000ad23700000) (1024K)]
  0x0000025df82ea1f0 JavaThread "Connection worker"                 [_thread_in_native, id=42940, stack(0x000000ad23800000,0x000000ad23900000) (1024K)]
  0x0000025df82ea880 JavaThread "pool-63-thread-1"                  [_thread_blocked, id=43904, stack(0x000000ad23900000,0x000000ad23a00000) (1024K)]
  0x0000025df82eb5a0 JavaThread "Worker-227: Initialize workspace"        [_thread_blocked, id=42952, stack(0x000000ad23400000,0x000000ad23500000) (1024K)]
  0x0000025df82e87b0 JavaThread "Connection worker"                 [_thread_in_native, id=43460, stack(0x000000ad23b00000,0x000000ad23c00000) (1024K)]
  0x0000025df82ec2c0 JavaThread "pool-64-thread-1"                  [_thread_blocked, id=43452, stack(0x000000ad23c00000,0x000000ad23d00000) (1024K)]
  0x0000025df6ff5410 JavaThread "Worker-240: Initialize workspace"        [_thread_blocked, id=43692, stack(0x000000ad23a00000,0x000000ad23b00000) (1024K)]
  0x0000025df82ec950 JavaThread "Connection worker"                 [_thread_in_native, id=41976, stack(0x000000ad23f00000,0x000000ad24000000) (1024K)]
  0x0000025df82ed670 JavaThread "pool-65-thread-1"                  [_thread_blocked, id=32360, stack(0x000000ad24000000,0x000000ad24100000) (1024K)]
  0x0000025df82e8120 JavaThread "Worker-256: Initialize workspace"        [_thread_blocked, id=44860, stack(0x000000ad23700000,0x000000ad23800000) (1024K)]
  0x0000025df6ff67c0 JavaThread "Connection worker"                 [_thread_in_native, id=40940, stack(0x000000ad24200000,0x000000ad24300000) (1024K)]
  0x0000025df6bf7740 JavaThread "pool-66-thread-1"                  [_thread_blocked, id=43716, stack(0x000000ad24300000,0x000000ad24400000) (1024K)]
  0x0000025df6bf4fe0 JavaThread "Worker-268: Initialize workspace"        [_thread_blocked, id=44544, stack(0x000000ad23d00000,0x000000ad23e00000) (1024K)]
  0x0000025df6bf8460 JavaThread "Worker-275: Initialize workspace"        [_thread_blocked, id=44204, stack(0x000000ad23e00000,0x000000ad23f00000) (1024K)]
  0x0000025df6bf7dd0 JavaThread "Connection worker"                 [_thread_in_native, id=45024, stack(0x000000ad24400000,0x000000ad24500000) (1024K)]
  0x0000025df6bf5670 JavaThread "pool-67-thread-1"                  [_thread_blocked, id=44884, stack(0x000000ad24600000,0x000000ad24700000) (1024K)]
  0x0000025df6bf9180 JavaThread "Connection worker"                 [_thread_in_native, id=8680, stack(0x000000ad24700000,0x000000ad24800000) (1024K)]
  0x0000025df6bf5d00 JavaThread "pool-68-thread-1"                  [_thread_blocked, id=2220, stack(0x000000ad24800000,0x000000ad24900000) (1024K)]
  0x0000025df6bf9810 JavaThread "Worker-298: Initialize workspace"        [_thread_blocked, id=45900, stack(0x000000ad24100000,0x000000ad24200000) (1024K)]
  0x0000025df6bf70b0 JavaThread "Connection worker"                 [_thread_in_native, id=45960, stack(0x000000ad24c00000,0x000000ad24d00000) (1024K)]
  0x0000025df6bf9ea0 JavaThread "pool-69-thread-1"                  [_thread_blocked, id=45964, stack(0x000000ad24d00000,0x000000ad24e00000) (1024K)]
  0x0000025df6bf8af0 JavaThread "Worker-313: Initialize workspace"        [_thread_blocked, id=46024, stack(0x000000ad24500000,0x000000ad24600000) (1024K)]
  0x0000025df6bf6390 JavaThread "Worker-318: Initialize workspace"        [_thread_blocked, id=45440, stack(0x000000ad24900000,0x000000ad24a00000) (1024K)]
  0x0000025df6bfd9b0 JavaThread "Connection worker"                 [_thread_in_native, id=45548, stack(0x000000ad24f00000,0x000000ad25000000) (1024K)]
  0x0000025df6bfa530 JavaThread "pool-70-thread-1"                  [_thread_blocked, id=45204, stack(0x000000ad25000000,0x000000ad25100000) (1024K)]
  0x0000025df6bfcc90 JavaThread "Connection worker"                 [_thread_in_native, id=43684, stack(0x000000ad25200000,0x000000ad25300000) (1024K)]
  0x0000025df6bfe040 JavaThread "pool-71-thread-1"                  [_thread_blocked, id=44088, stack(0x000000ad25300000,0x000000ad25400000) (1024K)]
  0x0000025df6bf6a20 JavaThread "Worker-342: Initialize workspace"        [_thread_blocked, id=46472, stack(0x000000ad24e00000,0x000000ad24f00000) (1024K)]
  0x0000025df6bfd320 JavaThread "Connection worker"                 [_thread_in_native, id=46816, stack(0x000000ad25500000,0x000000ad25600000) (1024K)]
  0x0000025df6bfb250 JavaThread "pool-72-thread-1"                  [_thread_blocked, id=46800, stack(0x000000ad25600000,0x000000ad25700000) (1024K)]
  0x0000025df6bfabc0 JavaThread "Worker-354: Initialize workspace"        [_thread_blocked, id=46664, stack(0x000000ad25400000,0x000000ad25500000) (1024K)]
  0x0000025df6bfb8e0 JavaThread "Connection worker"                 [_thread_in_native, id=18212, stack(0x000000ad25800000,0x000000ad25900000) (1024K)]
  0x0000025df6bff3f0 JavaThread "pool-73-thread-1"                  [_thread_blocked, id=42548, stack(0x000000ad25900000,0x000000ad25a00000) (1024K)]
  0x0000025df6bfed60 JavaThread "Worker-371: Initialize workspace"        [_thread_blocked, id=47424, stack(0x000000ad25700000,0x000000ad25800000) (1024K)]
  0x0000025df6bffa80 JavaThread "Connection worker"                 [_thread_in_native, id=47556, stack(0x000000ad25b00000,0x000000ad25c00000) (1024K)]
  0x0000025df6bfc600 JavaThread "pool-74-thread-1"                  [_thread_blocked, id=47564, stack(0x000000ad25c00000,0x000000ad25d00000) (1024K)]
  0x0000025df6c014c0 JavaThread "Worker-383: Initialize workspace"        [_thread_blocked, id=44756, stack(0x000000ad25100000,0x000000ad25200000) (1024K)]
  0x0000025df6c01b50 JavaThread "Connection worker"                 [_thread_in_native, id=48036, stack(0x000000ad25e00000,0x000000ad25f00000) (1024K)]
  0x0000025df6c03590 JavaThread "pool-75-thread-1"                  [_thread_blocked, id=41636, stack(0x000000ad25f00000,0x000000ad26000000) (1024K)]
  0x0000025df6bfe6d0 JavaThread "Worker-398: Initialize workspace"        [_thread_blocked, id=47140, stack(0x000000ad25a00000,0x000000ad25b00000) (1024K)]
  0x0000025df6c02870 JavaThread "Connection worker"                 [_thread_in_native, id=44848, stack(0x000000ad26100000,0x000000ad26200000) (1024K)]
  0x0000025df6c02f00 JavaThread "pool-76-thread-1"                  [_thread_blocked, id=45956, stack(0x000000ad26200000,0x000000ad26300000) (1024K)]
  0x0000025df6bfbf70 JavaThread "Worker-411: Initialize workspace"        [_thread_blocked, id=46104, stack(0x000000ad25d00000,0x000000ad25e00000) (1024K)]
  0x0000025df6c007a0 JavaThread "Connection worker"                 [_thread_in_native, id=41924, stack(0x000000ad26400000,0x000000ad26500000) (1024K)]
  0x0000025df6c021e0 JavaThread "pool-77-thread-1"                  [_thread_blocked, id=42348, stack(0x000000ad26500000,0x000000ad26600000) (1024K)]
  0x0000025df6c00110 JavaThread "Worker-425: Initialize workspace"        [_thread_blocked, id=48640, stack(0x000000ad26000000,0x000000ad26100000) (1024K)]
  0x0000025df82ebc30 JavaThread "Worker-437: Initialize workspace"        [_thread_blocked, id=48472, stack(0x000000ad26600000,0x000000ad26700000) (1024K)]
  0x0000025df6c00e30 JavaThread "Connection worker"                 [_thread_in_native, id=36188, stack(0x000000ad26a00000,0x000000ad26b00000) (1024K)]
  0x0000025df8bc17c0 JavaThread "pool-79-thread-1"                  [_thread_blocked, id=46772, stack(0x000000ad26c00000,0x000000ad26d00000) (1024K)]
  0x0000025df8bc0410 JavaThread "Connection worker"                 [_thread_in_native, id=48416, stack(0x000000ad26d00000,0x000000ad26e00000) (1024K)]
  0x0000025df8bc1130 JavaThread "pool-80-thread-1"                  [_thread_blocked, id=43572, stack(0x000000ad26e00000,0x000000ad26f00000) (1024K)]
  0x0000025df8bbf060 JavaThread "Worker-478: Initialize workspace"        [_thread_blocked, id=49856, stack(0x000000ad26b00000,0x000000ad26c00000) (1024K)]
  0x0000025df8bc3200 JavaThread "Connection worker"                 [_thread_in_native, id=49580, stack(0x000000ad27600000,0x000000ad27700000) (1024K)]
  0x0000025df8bc6d10 JavaThread "pool-83-thread-1"                  [_thread_blocked, id=49832, stack(0x000000ad27700000,0x000000ad27800000) (1024K)]
  0x0000025df8bbf6f0 JavaThread "Worker-509: Initialize workspace"        [_thread_blocked, id=50088, stack(0x000000ad26f00000,0x000000ad27000000) (1024K)]
  0x0000025df8bc7a30 JavaThread "Worker-520: Initialize workspace"        [_thread_blocked, id=49792, stack(0x000000ad27800000,0x000000ad27900000) (1024K)]
  0x0000025df8bc5960 JavaThread "Connection worker"                 [_thread_in_native, id=49696, stack(0x000000ad27c00000,0x000000ad27d00000) (1024K)]
  0x0000025df8bc5ff0 JavaThread "pool-85-thread-1"                  [_thread_blocked, id=49384, stack(0x000000ad27d00000,0x000000ad27e00000) (1024K)]
  0x0000025df8bc52d0 JavaThread "Worker-538: Initialize workspace"        [_thread_blocked, id=50748, stack(0x000000ad27500000,0x000000ad27600000) (1024K)]
  0x0000025df8bcb540 JavaThread "Connection worker"                 [_thread_in_native, id=50888, stack(0x000000ad27f00000,0x000000ad28000000) (1024K)]
  0x0000025df8bc8750 JavaThread "pool-86-thread-1"                  [_thread_blocked, id=50896, stack(0x000000ad28000000,0x000000ad28100000) (1024K)]
  0x0000025df8bc3890 JavaThread "Worker-550: Initialize workspace"        [_thread_blocked, id=48816, stack(0x000000ad27b00000,0x000000ad27c00000) (1024K)]
  0x0000025df8bcbbd0 JavaThread "Connection worker"                 [_thread_in_native, id=50624, stack(0x000000ad28200000,0x000000ad28300000) (1024K)]
  0x0000025df8bcc260 JavaThread "pool-87-thread-1"                  [_thread_blocked, id=39952, stack(0x000000ad28300000,0x000000ad28400000) (1024K)]
  0x0000025df8bc9470 JavaThread "Connection worker"                 [_thread_in_native, id=50376, stack(0x000000ad28500000,0x000000ad28600000) (1024K)]
  0x0000025df8bca190 JavaThread "pool-88-thread-1"                  [_thread_blocked, id=50920, stack(0x000000ad28600000,0x000000ad28700000) (1024K)]
  0x0000025df8bc45b0 JavaThread "Worker-592: Initialize workspace"        [_thread_blocked, id=49440, stack(0x000000ad27e00000,0x000000ad27f00000) (1024K)]
  0x0000025df8bcdca0 JavaThread "Worker-606: Initialize workspace"        [_thread_blocked, id=48448, stack(0x000000ad28a00000,0x000000ad28b00000) (1024K)]
  0x0000025df6c03c20 JavaThread "Worker-619: Initialize workspace"        [_thread_blocked, id=51912, stack(0x000000ad28700000,0x000000ad28800000) (1024K)]
  0x0000025df701b470 JavaThread "Connection worker"                 [_thread_in_native, id=52016, stack(0x000000ad29100000,0x000000ad29200000) (1024K)]
  0x0000025df57318d0 JavaThread "pool-92-thread-1"                  [_thread_blocked, id=52060, stack(0x000000ad29200000,0x000000ad29300000) (1024K)]
  0x0000025def55f8b0 JavaThread "Worker-646: Initialize workspace"        [_thread_blocked, id=51564, stack(0x000000ad29300000,0x000000ad29400000) (1024K)]
  0x0000025def562010 JavaThread "Worker-661: Initialize workspace"        [_thread_blocked, id=35224, stack(0x000000ad29000000,0x000000ad29100000) (1024K)]
  0x0000025def55f220 JavaThread "Connection worker"                 [_thread_in_native, id=45852, stack(0x000000ad29a00000,0x000000ad29b00000) (1024K)]
  0x0000025def563a50 JavaThread "pool-95-thread-1"                  [_thread_blocked, id=48208, stack(0x000000ad29b00000,0x000000ad29c00000) (1024K)]
  0x0000025def5605d0 JavaThread "Worker-676: Initialize workspace"        [_thread_blocked, id=52440, stack(0x000000ad29600000,0x000000ad29700000) (1024K)]
  0x0000025def5626a0 JavaThread "Connection worker"                 [_thread_in_native, id=52592, stack(0x000000ad29d00000,0x000000ad29e00000) (1024K)]
  0x0000025def562d30 JavaThread "pool-96-thread-1"                  [_thread_blocked, id=52604, stack(0x000000ad29e00000,0x000000ad29f00000) (1024K)]
  0x0000025def561980 JavaThread "Worker-693: Initialize workspace"        [_thread_blocked, id=52484, stack(0x000000ad29900000,0x000000ad29a00000) (1024K)]
  0x0000025def547580 JavaThread "Worker-706: Initialize workspace"        [_thread_blocked, id=52648, stack(0x000000ad29c00000,0x000000ad29d00000) (1024K)]
  0x0000025def548930 JavaThread "Connection worker"                 [_thread_in_native, id=53096, stack(0x000000ad2a300000,0x000000ad2a400000) (1024K)]
  0x0000025def545b40 JavaThread "pool-98-thread-1"                  [_thread_blocked, id=53056, stack(0x000000ad2a400000,0x000000ad2a500000) (1024K)]
  0x0000025def548fc0 JavaThread "Worker-719: Initialize workspace"        [_thread_blocked, id=52292, stack(0x000000ad29f00000,0x000000ad2a000000) (1024K)]
  0x0000025def5461d0 JavaThread "Connection worker"                 [_thread_in_native, id=53164, stack(0x000000ad2a600000,0x000000ad2a700000) (1024K)]
  0x0000025def5482a0 JavaThread "pool-99-thread-1"                  [_thread_blocked, id=20540, stack(0x000000ad2a700000,0x000000ad2a800000) (1024K)]
  0x0000025def549ce0 JavaThread "Worker-731: Initialize workspace"        [_thread_blocked, id=53864, stack(0x000000ad2a500000,0x000000ad2a600000) (1024K)]
  0x0000025def54a370 JavaThread "Connection worker"                 [_thread_in_native, id=53552, stack(0x000000ad2ac00000,0x000000ad2ad00000) (1024K)]
  0x0000025def546ef0 JavaThread "pool-100-thread-1"                 [_thread_blocked, id=53560, stack(0x000000ad2ad00000,0x000000ad2ae00000) (1024K)]
  0x0000025def54bdb0 JavaThread "Worker-772: Initialize workspace"        [_thread_blocked, id=46132, stack(0x000000ad2a900000,0x000000ad2aa00000) (1024K)]
  0x0000025def54e510 JavaThread "Worker-787: Initialize workspace"        [_thread_blocked, id=45708, stack(0x000000ad2af00000,0x000000ad2b000000) (1024K)]
  0x0000025def550c70 JavaThread "Connection worker"                 [_thread_in_native, id=53416, stack(0x000000ad2b700000,0x000000ad2b800000) (1024K)]
  0x0000025def5526b0 JavaThread "pool-105-thread-1"                 [_thread_blocked, id=53492, stack(0x000000ad2b900000,0x000000ad2ba00000) (1024K)]
  0x0000025def54f230 JavaThread "Worker-816: Initialize workspace"        [_thread_blocked, id=54336, stack(0x000000ad2b100000,0x000000ad2b200000) (1024K)]
  0x0000025def552d40 JavaThread "Worker-829: Initialize workspace"        [_thread_blocked, id=53924, stack(0x000000ad2ba00000,0x000000ad2bb00000) (1024K)]
  0x0000025def54f8c0 JavaThread "Connection worker"                 [_thread_in_native, id=33108, stack(0x000000ad2be00000,0x000000ad2bf00000) (1024K)]
  0x0000025def554780 JavaThread "pool-107-thread-1"                 [_thread_blocked, id=53848, stack(0x000000ad2bf00000,0x000000ad2c000000) (1024K)]
  0x0000025def553a60 JavaThread "Worker-846: Initialize workspace"        [_thread_blocked, id=56196, stack(0x000000ad2b800000,0x000000ad2b900000) (1024K)]
  0x0000025def5540f0 JavaThread "Connection worker"                 [_thread_in_native, id=54372, stack(0x000000ad2c100000,0x000000ad2c200000) (1024K)]
  0x0000025def551300 JavaThread "pool-108-thread-1"                 [_thread_blocked, id=56268, stack(0x000000ad2c200000,0x000000ad2c300000) (1024K)]
  0x0000025def544e20 JavaThread "Connection worker"                 [_thread_in_native, id=52432, stack(0x000000ad2a000000,0x000000ad2a100000) (1024K)]
  0x0000025def5505e0 JavaThread "Worker-858: Initialize workspace"        [_thread_blocked, id=56160, stack(0x000000ad2c000000,0x000000ad2c100000) (1024K)]
  0x0000025def554e10 JavaThread "Worker-873: Initialize workspace"        [_thread_blocked, id=53068, stack(0x000000ad2bd00000,0x000000ad2be00000) (1024K)]
  0x0000025def5561c0 JavaThread "Connection worker"                 [_thread_in_native, id=32688, stack(0x000000ad2c400000,0x000000ad2c500000) (1024K)]
  0x0000025def55a360 JavaThread "pool-110-thread-1"                 [_thread_blocked, id=19420, stack(0x000000ad2c700000,0x000000ad2c800000) (1024K)]
  0x0000025def557c00 JavaThread "pool-111-thread-1"                 [_thread_blocked, id=16596, stack(0x000000ad2cb00000,0x000000ad2cc00000) (1024K)]
  0x0000025def559640 JavaThread "Worker-887: Initialize workspace"        [_thread_blocked, id=22004, stack(0x000000ad2cc00000,0x000000ad2cd00000) (1024K)]
  0x0000025df8bc3f20 JavaThread "Connection worker"                 [_thread_in_native, id=18764, stack(0x000000ad27900000,0x000000ad27a00000) (1024K)]
  0x0000025def5454b0 JavaThread "Connection worker"                 [_thread_in_native, id=9576, stack(0x000000ad26300000,0x000000ad26400000) (1024K)]
  0x0000025def54ff50 JavaThread "pool-128-thread-1"                 [_thread_blocked, id=55872, stack(0x000000ad26900000,0x000000ad26a00000) (1024K)]
  0x0000025def54c440 JavaThread "Connection worker"                 [_thread_in_native, id=23348, stack(0x000000ad27000000,0x000000ad27100000) (1024K)]
  0x0000025def5554a0 JavaThread "Connection worker"                 [_thread_in_native, id=43436, stack(0x000000ad26800000,0x000000ad26900000) (1024K)]
  0x0000025def55a9f0 JavaThread "pool-130-thread-1"                 [_thread_blocked, id=27592, stack(0x000000ad27200000,0x000000ad27300000) (1024K)]
  0x0000025def54aa00 JavaThread "Worker-955: Initialize workspace"        [_thread_blocked, id=18264, stack(0x000000ad1d500000,0x000000ad1d600000) (1024K)]
  0x0000025def547c10 JavaThread "Worker-970: Initialize workspace"        [_thread_blocked, id=22232, stack(0x000000ad2b600000,0x000000ad2b700000) (1024K)]
  0x0000025def5533d0 JavaThread "Connection worker"                 [_thread_in_native, id=23816, stack(0x000000ad1d600000,0x000000ad1d700000) (1024K)]
  0x0000025def555b30 JavaThread "Exec process Thread 52"            [_thread_blocked, id=49072, stack(0x000000ad2b000000,0x000000ad2b100000) (1024K)]
  0x0000025def55bda0 JavaThread "Exec process Thread 53"            [_thread_blocked, id=47392, stack(0x000000ad2b300000,0x000000ad2b400000) (1024K)]
  0x0000025def55d7e0 JavaThread "Exec process Thread 54"            [_thread_blocked, id=49304, stack(0x000000ad2bb00000,0x000000ad2bc00000) (1024K)]
  0x0000025def54de80 JavaThread "Worker-982: Initialize workspace"        [_thread_blocked, id=48736, stack(0x000000ad26700000,0x000000ad26800000) (1024K)]
  0x0000025df8bcc8f0 JavaThread "Connection worker"                 [_thread_in_native, id=54968, stack(0x000000ad28e00000,0x000000ad28f00000) (1024K)]
  0x0000025df8bccf80 JavaThread "pool-153-thread-1"                 [_thread_blocked, id=6016, stack(0x000000ad28f00000,0x000000ad29000000) (1024K)]
  0x0000025df8bbfd80 JavaThread "Connection worker"                 [_thread_in_native, id=24428, stack(0x000000ad28100000,0x000000ad28200000) (1024K)]
  0x0000025df8bc80c0 JavaThread "pool-155-thread-1"                 [_thread_blocked, id=34756, stack(0x000000ad28400000,0x000000ad28500000) (1024K)]
  0x0000025df8bc2b70 JavaThread "Connection worker"                 [_thread_in_native, id=26244, stack(0x000000ad27400000,0x000000ad27500000) (1024K)]
  0x0000025df8bca820 JavaThread "pool-156-thread-1"                 [_thread_blocked, id=7648, stack(0x000000ad28900000,0x000000ad28a00000) (1024K)]
  0x0000025def54d160 JavaThread "Connection worker"                 [_thread_in_native, id=23500, stack(0x000000ad2aa00000,0x000000ad2ab00000) (1024K)]
  0x0000025def54b090 JavaThread "pool-157-thread-1"                 [_thread_blocked, id=49700, stack(0x000000ad2ab00000,0x000000ad2ac00000) (1024K)]
  0x0000025def551990 JavaThread "Connection worker"                 [_thread_in_native, id=38972, stack(0x000000ad22900000,0x000000ad22a00000) (1024K)]
  0x0000025def557570 JavaThread "pool-158-thread-1"                 [_thread_blocked, id=50820, stack(0x000000ad22a00000,0x000000ad22b00000) (1024K)]
  0x0000025def5633c0 JavaThread "Connection worker"                 [_thread_in_native, id=30476, stack(0x000000ad28c00000,0x000000ad28d00000) (1024K)]
  0x0000025def55ff40 JavaThread "pool-160-thread-1"                 [_thread_blocked, id=52324, stack(0x000000ad29400000,0x000000ad29500000) (1024K)]
  0x0000025def549650 JavaThread "Worker-1000: Initialize workspace"        [_thread_blocked, id=50056, stack(0x000000ad28b00000,0x000000ad28c00000) (1024K)]
  0x0000025def558920 JavaThread "Connection worker"                 [_thread_in_native, id=9952, stack(0x000000ad28800000,0x000000ad28900000) (1024K)]
  0x0000025def55b080 JavaThread "pool-164-thread-1"                 [_thread_blocked, id=47260, stack(0x000000ad29700000,0x000000ad29800000) (1024K)]
  0x0000025def54d7f0 JavaThread "Worker-1017: Initialize workspace"        [_thread_blocked, id=48572, stack(0x000000ad27100000,0x000000ad27200000) (1024K)]
  0x0000025def556ee0 JavaThread "Connection worker"                 [_thread_in_native, id=19776, stack(0x000000ad29500000,0x000000ad29600000) (1024K)]
  0x0000025def55c430 JavaThread "pool-165-thread-1"                 [_thread_blocked, id=52032, stack(0x000000ad29800000,0x000000ad29900000) (1024K)]
  0x0000025def54b720 JavaThread "Worker-1027: Initialize workspace"        [_thread_blocked, id=51712, stack(0x000000ad27300000,0x000000ad27400000) (1024K)]
  0x0000025def55de70 JavaThread "Connection worker"                 [_thread_in_native, id=46656, stack(0x000000ad2a100000,0x000000ad2a200000) (1024K)]
  0x0000025def55e500 JavaThread "pool-166-thread-1"                 [_thread_blocked, id=56256, stack(0x000000ad2a200000,0x000000ad2a300000) (1024K)]
  0x0000025def558290 JavaThread "Connection worker"                 [_thread_in_native, id=32172, stack(0x000000ad2a800000,0x000000ad2a900000) (1024K)]
  0x0000025def558fb0 JavaThread "pool-167-thread-1"                 [_thread_blocked, id=54312, stack(0x000000ad2ae00000,0x000000ad2af00000) (1024K)]
  0x0000025df8bc73a0 JavaThread "Exec process Thread 55"            [_thread_blocked, id=42284, stack(0x000000ad2c500000,0x000000ad2c600000) (1024K)]
  0x0000025df8bc4c40 JavaThread "Exec process Thread 56"            [_thread_blocked, id=46468, stack(0x000000ad2c800000,0x000000ad2c900000) (1024K)]
  0x0000025df8bce330 JavaThread "Exec process Thread 57"            [_thread_blocked, id=51532, stack(0x000000ad2c900000,0x000000ad2ca00000) (1024K)]
  0x0000025df8bc0aa0 JavaThread "Exec process Thread 58"            [_thread_blocked, id=55388, stack(0x000000ad2d600000,0x000000ad2d700000) (1024K)]
  0x0000025df8bc9b00 JavaThread "Exec process Thread 59"            [_thread_blocked, id=1100, stack(0x000000ad2d700000,0x000000ad2d800000) (1024K)]
  0x0000025df8bc6680 JavaThread "Exec process Thread 60"            [_thread_blocked, id=34704, stack(0x000000ad2d800000,0x000000ad2d900000) (1024K)]
  0x0000025def96b5c0 JavaThread "Exec process Thread 61"            [_thread_blocked, id=23960, stack(0x000000ad2d900000,0x000000ad2da00000) (1024K)]
  0x0000025def96bc50 JavaThread "Exec process Thread 62"            [_thread_blocked, id=54364, stack(0x000000ad2da00000,0x000000ad2db00000) (1024K)]
  0x0000025def96c2e0 JavaThread "Exec process Thread 63"            [_thread_blocked, id=55244, stack(0x000000ad2db00000,0x000000ad2dc00000) (1024K)]
  0x0000025def560c60 JavaThread "Worker-1125: Initialize workspace"        [_thread_blocked, id=25328, stack(0x000000ad2c600000,0x000000ad2c700000) (1024K)]
  0x0000025dfffa57c0 JavaThread "Worker-1174: Initialize workspace"        [_thread_blocked, id=33956, stack(0x000000ad28d00000,0x000000ad28e00000) (1024K)]
  0x0000025dfffa36f0 JavaThread "Worker-1187: Initialize workspace"        [_thread_in_native, id=2748, stack(0x000000ad2d300000,0x000000ad2d400000) (1024K)]
  0x0000025dfffa3060 JavaThread "Connection worker"                 [_thread_in_native, id=45316, stack(0x000000ad2b200000,0x000000ad2b300000) (1024K)]
  0x0000025dfffa92d0 JavaThread "Connection worker"                 [_thread_blocked, id=12544, stack(0x000000ad2ce00000,0x000000ad2cf00000) (1024K)]
  0x0000025dfffa9ff0 JavaThread "pool-201-thread-1"                 [_thread_blocked, id=41504, stack(0x000000ad2cf00000,0x000000ad2d000000) (1024K)]
  0x0000025dfffa5130 JavaThread "Exec process"                      [_thread_in_native, id=50228, stack(0x000000ad2bc00000,0x000000ad2bd00000) (1024K)]
  0x0000025dfffa4410 JavaThread "Exec process Thread 2"             [_thread_blocked, id=45252, stack(0x000000ad2d000000,0x000000ad2d100000) (1024K)]
  0x0000025dfffa3d80 JavaThread "Worker-1201: Initialize workspace"        [_thread_blocked, id=55276, stack(0x000000ad27a00000,0x000000ad27b00000) (1024K)]
Total: 374

Other Threads:
  0x0000025dab4b3c30 VMThread "VM Thread"                           [id=7776, stack(0x000000ad15000000,0x000000ad15100000) (1024K)]
  0x0000025dab3acbe0 WatcherThread "VM Periodic Task Thread"        [id=9336, stack(0x000000ad14f00000,0x000000ad15000000) (1024K)]
  0x0000025d92d93e60 WorkerThread "GC Thread#0"                     [id=2068, stack(0x000000ad14e00000,0x000000ad14f00000) (1024K)]
  0x0000025df418ab60 WorkerThread "GC Thread#1"                     [id=23620, stack(0x000000ad15f00000,0x000000ad16000000) (1024K)]
  0x0000025df4020ab0 WorkerThread "GC Thread#2"                     [id=18060, stack(0x000000ad16000000,0x000000ad16100000) (1024K)]
  0x0000025df4020e60 WorkerThread "GC Thread#3"                     [id=17188, stack(0x000000ad16100000,0x000000ad16200000) (1024K)]
  0x0000025df4021210 WorkerThread "GC Thread#4"                     [id=26188, stack(0x000000ad16200000,0x000000ad16300000) (1024K)]
  0x0000025defae7120 WorkerThread "GC Thread#5"                     [id=19816, stack(0x000000ad16300000,0x000000ad16400000) (1024K)]
  0x0000025defae74d0 WorkerThread "GC Thread#6"                     [id=11476, stack(0x000000ad16400000,0x000000ad16500000) (1024K)]
  0x0000025def8ea1e0 WorkerThread "GC Thread#7"                     [id=23396, stack(0x000000ad16600000,0x000000ad16700000) (1024K)]
  0x0000025df435ff50 WorkerThread "GC Thread#8"                     [id=24500, stack(0x000000ad16a00000,0x000000ad16b00000) (1024K)]
  0x0000025df42462f0 WorkerThread "GC Thread#9"                     [id=9156, stack(0x000000ad16b00000,0x000000ad16c00000) (1024K)]
  0x0000025df4685890 WorkerThread "GC Thread#10"                    [id=10072, stack(0x000000ad16c00000,0x000000ad16d00000) (1024K)]
  0x0000025df44ebd80 WorkerThread "GC Thread#11"                    [id=8760, stack(0x000000ad15b00000,0x000000ad15c00000) (1024K)]
  0x0000025df4921110 WorkerThread "GC Thread#12"                    [id=26192, stack(0x000000ad15e00000,0x000000ad15f00000) (1024K)]
Total: 15

Threads with active compile tasks:
C2 CompilerThread0  1560392 20432       4       org.eclipse.core.internal.jobs.JobManager::startJob (89 bytes)
Total: 1

VM state: not at safepoint (normal execution)

VM Mutex/Monitor currently owned by a thread: None

Heap address: 0x0000000080000000, size: 2048 MB, Compressed Oops mode: 32-bit

CDS archive(s) mapped at: [0x0000025dac000000-0x0000025dacba0000-0x0000025dacba0000), size 12189696, SharedBaseAddress: 0x0000025dac000000, ArchiveRelocationMode: 1.
Compressed class space mapped at: 0x0000025dad000000-0x0000025ded000000, reserved size: 1073741824
Narrow klass base: 0x0000025dac000000, Narrow klass shift: 0, Narrow klass range: 0x100000000

GC Precious Log:
 CardTable entry size: 512
 CPUs: 16 total, 16 available
 Memory: 16051M
 Large Page Support: Disabled
 NUMA Support: Disabled
 Compressed Oops: Enabled (32-bit)
 Alignments: Space 512K, Generation 512K, Heap 2M
 Heap Min Capacity: 100M
 Heap Initial Capacity: 100M
 Heap Max Capacity: 2G
 Pre-touch: Disabled
 Parallel Workers: 13

Heap:
 PSYoungGen      total 6656K, used 4246K [0x00000000d5580000, 0x00000000d5e00000, 0x0000000100000000)
  eden space 6144K, 60% used [0x00000000d5580000,0x00000000d5925f98,0x00000000d5b80000)
  from space 512K, 99% used [0x00000000d5d80000,0x00000000d5dffa50,0x00000000d5e00000)
  to   space 1024K, 0% used [0x00000000d5c00000,0x00000000d5c00000,0x00000000d5d00000)
 ParOldGen       total 197632K, used 197571K [0x0000000080000000, 0x000000008c100000, 0x00000000d5580000)
  object space 197632K, 99% used [0x0000000080000000,0x000000008c0f0ca0,0x000000008c100000)
 Metaspace       used 84582K, committed 86720K, reserved 1179648K
  class space    used 10002K, committed 10944K, reserved 1048576K

Card table byte_map: [0x0000025da6810000,0x0000025da6c20000] _byte_map_base: 0x0000025da6410000

Marking Bits: (ParMarkBitMap*) 0x00007ffe5f8544a0
 Begin Bits: [0x0000025da6ed0000, 0x0000025da8ed0000)
 End Bits:   [0x0000025da8ed0000, 0x0000025daaed0000)

Polling page: 0x0000025d927e0000

Metaspace:

Usage:
  Non-class:     72.83 MB used.
      Class:      9.77 MB used.
       Both:     82.60 MB used.

Virtual space:
  Non-class space:      128.00 MB reserved,      74.00 MB ( 58%) committed,  2 nodes.
      Class space:        1.00 GB reserved,      10.69 MB (  1%) committed,  1 nodes.
             Both:        1.12 GB reserved,      84.69 MB (  7%) committed. 

Chunk freelists:
   Non-Class:  5.59 MB
       Class:  5.32 MB
        Both:  10.92 MB

MaxMetaspaceSize: unlimited
CompressedClassSpaceSize: 1.00 GB
Initial GC threshold: 21.00 MB
Current GC threshold: 139.31 MB
CDS: on
 - commit_granule_bytes: 65536.
 - commit_granule_words: 8192.
 - virtual_space_node_default_size: 8388608.
 - enlarge_chunks_in_place: 1.
 - use_allocation_guard: 0.


Internal statistics:

num_allocs_failed_limit: 6.
num_arena_births: 3774.
num_arena_deaths: 1232.
num_vsnodes_births: 3.
num_vsnodes_deaths: 0.
num_space_committed: 1355.
num_space_uncommitted: 0.
num_chunks_returned_to_freelist: 1725.
num_chunks_taken_from_freelist: 8354.
num_chunk_merges: 791.
num_chunk_splits: 4893.
num_chunks_enlarged: 2557.
num_inconsistent_stats: 0.

CodeHeap 'non-profiled nmethods': size=119168Kb used=15417Kb max_used=17527Kb free=103751Kb
 bounds [0x0000025d9f1d0000, 0x0000025da02f0000, 0x0000025da6630000]
CodeHeap 'profiled nmethods': size=119104Kb used=30325Kb max_used=39548Kb free=88778Kb
 bounds [0x0000025d97630000, 0x0000025d99cd0000, 0x0000025d9ea80000]
CodeHeap 'non-nmethods': size=7488Kb used=1454Kb max_used=3165Kb free=6033Kb
 bounds [0x0000025d9ea80000, 0x0000025d9eda0000, 0x0000025d9f1d0000]
CodeCache: size=245760Kb, used=47196Kb, max_used=60240Kb, free=198562Kb
 total_blobs=16052, nmethods=15288, adapters=669, full_count=0
Compilation: enabled, stopped_count=0, restarted_count=0

Compilation events (20 events):
Event: 1556.721 Thread 0x0000025d92e2c4a0 nmethod 20422 0x0000025d9f43c690 code [0x0000025d9f43c840, 0x0000025d9f43ca00]
Event: 1557.028 Thread 0x0000025deda38cf0 20424       3       com.sun.org.apache.xerces.internal.impl.XMLEntityScanner::<init> (101 bytes)
Event: 1557.028 Thread 0x0000025d92e2c4a0 20423       4       java.nio.MappedByteBuffer::limit (6 bytes)
Event: 1557.071 Thread 0x0000025deda38cf0 nmethod 20424 0x0000025d9974d390 code [0x0000025d9974d560, 0x0000025d9974da30]
Event: 1557.104 Thread 0x0000025d92e2c4a0 nmethod 20423 0x0000025d9f43c290 code [0x0000025d9f43c420, 0x0000025d9f43c540]
Event: 1557.648 Thread 0x0000025deda38cf0 20426       3       java.util.concurrent.locks.ReentrantReadWriteLock$WriteLock::unlock (10 bytes)
Event: 1557.651 Thread 0x0000025deda38cf0 nmethod 20426 0x0000025d997ebb10 code [0x0000025d997ebce0, 0x0000025d997ebfb8]
Event: 1557.651 Thread 0x0000025deda38cf0 20427       3       java.util.concurrent.locks.ReentrantReadWriteLock$Sync::tryRelease (51 bytes)
Event: 1557.652 Thread 0x0000025deda38cf0 nmethod 20427 0x0000025d997eb390 code [0x0000025d997eb560, 0x0000025d997eb990]
Event: 1558.886 Thread 0x0000025deda38cf0 20429   !   3       org.gradle.launcher.daemon.client.DaemonClient::monitorBuild (243 bytes)
Event: 1558.893 Thread 0x0000025deda38cf0 nmethod 20429 0x0000025d985e5b10 code [0x0000025d985e5f40, 0x0000025d985e82d0]
Event: 1558.893 Thread 0x0000025deda38cf0 20428       1       org.gradle.launcher.daemon.protocol.BuildStarted::getDiagnostics (5 bytes)
Event: 1558.893 Thread 0x0000025deda38cf0 nmethod 20428 0x0000025d9f43bf90 code [0x0000025d9f43c120, 0x0000025d9f43c1e8]
Event: 1558.972 Thread 0x0000025d92e2c4a0 20430   !   4       org.eclipse.core.internal.jobs.JobManager::sleepHint (67 bytes)
Event: 1558.977 Thread 0x0000025deda38cf0 20431       3       com.google.gson.internal.GsonTypes::requiresOwnerType (37 bytes)
Event: 1558.978 Thread 0x0000025deda38cf0 nmethod 20431 0x0000025d98c46290 code [0x0000025d98c46460, 0x0000025d98c46920]
Event: 1558.983 Thread 0x0000025d92e2c4a0 nmethod 20430 0x0000025d9f751810 code [0x0000025d9f7519c0, 0x0000025d9f751f70]
Event: 1558.994 Thread 0x0000025d92e2c4a0 20432       4       org.eclipse.core.internal.jobs.JobManager::startJob (89 bytes)
Event: 1558.998 Thread 0x0000025deda38cf0 20434       3       jdk.internal.loader.URLClassPath$1::<init> (30 bytes)
Event: 1558.999 Thread 0x0000025deda38cf0 nmethod 20434 0x0000025d99657290 code [0x0000025d99657440, 0x0000025d996575f8]

GC Heap History (20 events):
Event: 1558.128 GC heap before
{Heap before GC invocations=15281 (full 6):
 PSYoungGen      total 6656K, used 6560K [0x00000000d5580000, 0x00000000d5d00000, 0x0000000100000000)
  eden space 6144K, 100% used [0x00000000d5580000,0x00000000d5b80000,0x00000000d5b80000)
  from space 512K, 81% used [0x00000000d5c80000,0x00000000d5ce8000,0x00000000d5d00000)
  to   space 512K, 0% used [0x00000000d5c00000,0x00000000d5c00000,0x00000000d5c80000)
 ParOldGen       total 193024K, used 192783K [0x0000000080000000, 0x000000008bc80000, 0x00000000d5580000)
  object space 193024K, 99% used [0x0000000080000000,0x000000008bc43da0,0x000000008bc80000)
 Metaspace       used 84567K, committed 86656K, reserved 1179648K
  class space    used 10000K, committed 10944K, reserved 1048576K
}
Event: 1558.130 GC heap after
{Heap after GC invocations=15281 (full 6):
 PSYoungGen      total 6656K, used 256K [0x00000000d5580000, 0x00000000d5d00000, 0x0000000100000000)
  eden space 6144K, 0% used [0x00000000d5580000,0x00000000d5580000,0x00000000d5b80000)
  from space 512K, 50% used [0x00000000d5c00000,0x00000000d5c40000,0x00000000d5c80000)
  to   space 512K, 0% used [0x00000000d5c80000,0x00000000d5c80000,0x00000000d5d00000)
 ParOldGen       total 193024K, used 192903K [0x0000000080000000, 0x000000008bc80000, 0x00000000d5580000)
  object space 193024K, 99% used [0x0000000080000000,0x000000008bc61da0,0x000000008bc80000)
 Metaspace       used 84567K, committed 86656K, reserved 1179648K
  class space    used 10000K, committed 10944K, reserved 1048576K
}
Event: 1558.266 GC heap before
{Heap before GC invocations=15282 (full 6):
 PSYoungGen      total 6656K, used 6400K [0x00000000d5580000, 0x00000000d5d00000, 0x0000000100000000)
  eden space 6144K, 100% used [0x00000000d5580000,0x00000000d5b80000,0x00000000d5b80000)
  from space 512K, 50% used [0x00000000d5c00000,0x00000000d5c40000,0x00000000d5c80000)
  to   space 512K, 0% used [0x00000000d5c80000,0x00000000d5c80000,0x00000000d5d00000)
 ParOldGen       total 193024K, used 192903K [0x0000000080000000, 0x000000008bc80000, 0x00000000d5580000)
  object space 193024K, 99% used [0x0000000080000000,0x000000008bc61da0,0x000000008bc80000)
 Metaspace       used 84567K, committed 86656K, reserved 1179648K
  class space    used 10000K, committed 10944K, reserved 1048576K
}
Event: 1558.267 GC heap after
{Heap after GC invocations=15282 (full 6):
 PSYoungGen      total 6656K, used 416K [0x00000000d5580000, 0x00000000d5d00000, 0x0000000100000000)
  eden space 6144K, 0% used [0x00000000d5580000,0x00000000d5580000,0x00000000d5b80000)
  from space 512K, 81% used [0x00000000d5c80000,0x00000000d5ce8000,0x00000000d5d00000)
  to   space 512K, 0% used [0x00000000d5c00000,0x00000000d5c00000,0x00000000d5c80000)
 ParOldGen       total 193024K, used 193019K [0x0000000080000000, 0x000000008bc80000, 0x00000000d5580000)
  object space 193024K, 99% used [0x0000000080000000,0x000000008bc7edd0,0x000000008bc80000)
 Metaspace       used 84567K, committed 86656K, reserved 1179648K
  class space    used 10000K, committed 10944K, reserved 1048576K
}
Event: 1558.492 GC heap before
{Heap before GC invocations=15283 (full 6):
 PSYoungGen      total 6656K, used 6560K [0x00000000d5580000, 0x00000000d5d00000, 0x0000000100000000)
  eden space 6144K, 100% used [0x00000000d5580000,0x00000000d5b80000,0x00000000d5b80000)
  from space 512K, 81% used [0x00000000d5c80000,0x00000000d5ce8000,0x00000000d5d00000)
  to   space 512K, 0% used [0x00000000d5c00000,0x00000000d5c00000,0x00000000d5c80000)
 ParOldGen       total 193024K, used 193019K [0x0000000080000000, 0x000000008bc80000, 0x00000000d5580000)
  object space 193024K, 99% used [0x0000000080000000,0x000000008bc7edd0,0x000000008bc80000)
 Metaspace       used 84567K, committed 86656K, reserved 1179648K
  class space    used 10000K, committed 10944K, reserved 1048576K
}
Event: 1558.494 GC heap after
{Heap after GC invocations=15283 (full 6):
 PSYoungGen      total 6656K, used 352K [0x00000000d5580000, 0x00000000d5d00000, 0x0000000100000000)
  eden space 6144K, 0% used [0x00000000d5580000,0x00000000d5580000,0x00000000d5b80000)
  from space 512K, 68% used [0x00000000d5c00000,0x00000000d5c58000,0x00000000d5c80000)
  to   space 512K, 0% used [0x00000000d5c80000,0x00000000d5c80000,0x00000000d5d00000)
 ParOldGen       total 193536K, used 193115K [0x0000000080000000, 0x000000008bd00000, 0x00000000d5580000)
  object space 193536K, 99% used [0x0000000080000000,0x000000008bc96dd0,0x000000008bd00000)
 Metaspace       used 84567K, committed 86656K, reserved 1179648K
  class space    used 10000K, committed 10944K, reserved 1048576K
}
Event: 1558.624 GC heap before
{Heap before GC invocations=15284 (full 6):
 PSYoungGen      total 6656K, used 6496K [0x00000000d5580000, 0x00000000d5d00000, 0x0000000100000000)
  eden space 6144K, 100% used [0x00000000d5580000,0x00000000d5b80000,0x00000000d5b80000)
  from space 512K, 68% used [0x00000000d5c00000,0x00000000d5c58000,0x00000000d5c80000)
  to   space 512K, 0% used [0x00000000d5c80000,0x00000000d5c80000,0x00000000d5d00000)
 ParOldGen       total 193536K, used 193115K [0x0000000080000000, 0x000000008bd00000, 0x00000000d5580000)
  object space 193536K, 99% used [0x0000000080000000,0x000000008bc96dd0,0x000000008bd00000)
 Metaspace       used 84567K, committed 86656K, reserved 1179648K
  class space    used 10000K, committed 10944K, reserved 1048576K
}
Event: 1558.625 GC heap after
{Heap after GC invocations=15284 (full 6):
 PSYoungGen      total 6656K, used 384K [0x00000000d5580000, 0x00000000d5d00000, 0x0000000100000000)
  eden space 6144K, 0% used [0x00000000d5580000,0x00000000d5580000,0x00000000d5b80000)
  from space 512K, 75% used [0x00000000d5c80000,0x00000000d5ce0000,0x00000000d5d00000)
  to   space 512K, 0% used [0x00000000d5c00000,0x00000000d5c00000,0x00000000d5c80000)
 ParOldGen       total 193536K, used 193115K [0x0000000080000000, 0x000000008bd00000, 0x00000000d5580000)
  object space 193536K, 99% used [0x0000000080000000,0x000000008bc96dd0,0x000000008bd00000)
 Metaspace       used 84567K, committed 86656K, reserved 1179648K
  class space    used 10000K, committed 10944K, reserved 1048576K
}
Event: 1558.776 GC heap before
{Heap before GC invocations=15285 (full 6):
 PSYoungGen      total 6656K, used 6528K [0x00000000d5580000, 0x00000000d5d00000, 0x0000000100000000)
  eden space 6144K, 100% used [0x00000000d5580000,0x00000000d5b80000,0x00000000d5b80000)
  from space 512K, 75% used [0x00000000d5c80000,0x00000000d5ce0000,0x00000000d5d00000)
  to   space 512K, 0% used [0x00000000d5c00000,0x00000000d5c00000,0x00000000d5c80000)
 ParOldGen       total 193536K, used 193115K [0x0000000080000000, 0x000000008bd00000, 0x00000000d5580000)
  object space 193536K, 99% used [0x0000000080000000,0x000000008bc96dd0,0x000000008bd00000)
 Metaspace       used 84577K, committed 86720K, reserved 1179648K
  class space    used 10002K, committed 10944K, reserved 1048576K
}
Event: 1558.778 GC heap after
{Heap after GC invocations=15285 (full 6):
 PSYoungGen      total 6656K, used 416K [0x00000000d5580000, 0x00000000d5d00000, 0x0000000100000000)
  eden space 6144K, 0% used [0x00000000d5580000,0x00000000d5580000,0x00000000d5b80000)
  from space 512K, 81% used [0x00000000d5c00000,0x00000000d5c68000,0x00000000d5c80000)
  to   space 512K, 0% used [0x00000000d5c80000,0x00000000d5c80000,0x00000000d5d00000)
 ParOldGen       total 193536K, used 193123K [0x0000000080000000, 0x000000008bd00000, 0x00000000d5580000)
  object space 193536K, 99% used [0x0000000080000000,0x000000008bc98dd0,0x000000008bd00000)
 Metaspace       used 84577K, committed 86720K, reserved 1179648K
  class space    used 10002K, committed 10944K, reserved 1048576K
}
Event: 1558.933 GC heap before
{Heap before GC invocations=15286 (full 6):
 PSYoungGen      total 6656K, used 6560K [0x00000000d5580000, 0x00000000d5d00000, 0x0000000100000000)
  eden space 6144K, 100% used [0x00000000d5580000,0x00000000d5b80000,0x00000000d5b80000)
  from space 512K, 81% used [0x00000000d5c00000,0x00000000d5c68000,0x00000000d5c80000)
  to   space 512K, 0% used [0x00000000d5c80000,0x00000000d5c80000,0x00000000d5d00000)
 ParOldGen       total 193536K, used 193123K [0x0000000080000000, 0x000000008bd00000, 0x00000000d5580000)
  object space 193536K, 99% used [0x0000000080000000,0x000000008bc98dd0,0x000000008bd00000)
 Metaspace       used 84581K, committed 86720K, reserved 1179648K
  class space    used 10002K, committed 10944K, reserved 1048576K
}
Event: 1558.934 GC heap after
{Heap after GC invocations=15286 (full 6):
 PSYoungGen      total 6656K, used 384K [0x00000000d5580000, 0x00000000d5d00000, 0x0000000100000000)
  eden space 6144K, 0% used [0x00000000d5580000,0x00000000d5580000,0x00000000d5b80000)
  from space 512K, 75% used [0x00000000d5c80000,0x00000000d5ce0000,0x00000000d5d00000)
  to   space 512K, 0% used [0x00000000d5c00000,0x00000000d5c00000,0x00000000d5c80000)
 ParOldGen       total 193536K, used 193215K [0x0000000080000000, 0x000000008bd00000, 0x00000000d5580000)
  object space 193536K, 99% used [0x0000000080000000,0x000000008bcafde0,0x000000008bd00000)
 Metaspace       used 84581K, committed 86720K, reserved 1179648K
  class space    used 10002K, committed 10944K, reserved 1048576K
}
Event: 1559.005 GC heap before
{Heap before GC invocations=15287 (full 6):
 PSYoungGen      total 6656K, used 6527K [0x00000000d5580000, 0x00000000d5d00000, 0x0000000100000000)
  eden space 6144K, 99% used [0x00000000d5580000,0x00000000d5b7ffb8,0x00000000d5b80000)
  from space 512K, 75% used [0x00000000d5c80000,0x00000000d5ce0000,0x00000000d5d00000)
  to   space 512K, 0% used [0x00000000d5c00000,0x00000000d5c00000,0x00000000d5c80000)
 ParOldGen       total 193536K, used 193215K [0x0000000080000000, 0x000000008bd00000, 0x00000000d5580000)
  object space 193536K, 99% used [0x0000000080000000,0x000000008bcafde0,0x000000008bd00000)
 Metaspace       used 84582K, committed 86720K, reserved 1179648K
  class space    used 10002K, committed 10944K, reserved 1048576K
}
Event: 1559.007 GC heap after
{Heap after GC invocations=15287 (full 6):
 PSYoungGen      total 6656K, used 512K [0x00000000d5580000, 0x00000000d6180000, 0x0000000100000000)
  eden space 6144K, 0% used [0x00000000d5580000,0x00000000d5580000,0x00000000d5b80000)
  from space 512K, 100% used [0x00000000d5c00000,0x00000000d5c80000,0x00000000d5c80000)
  to   space 3072K, 0% used [0x00000000d5e80000,0x00000000d5e80000,0x00000000d6180000)
 ParOldGen       total 195072K, used 195011K [0x0000000080000000, 0x000000008be80000, 0x00000000d5580000)
  object space 195072K, 99% used [0x0000000080000000,0x000000008be70c50,0x000000008be80000)
 Metaspace       used 84582K, committed 86720K, reserved 1179648K
  class space    used 10002K, committed 10944K, reserved 1048576K
}
Event: 1559.059 GC heap before
{Heap before GC invocations=15288 (full 6):
 PSYoungGen      total 6656K, used 6540K [0x00000000d5580000, 0x00000000d6180000, 0x0000000100000000)
  eden space 6144K, 98% used [0x00000000d5580000,0x00000000d5b631b8,0x00000000d5b80000)
  from space 512K, 100% used [0x00000000d5c00000,0x00000000d5c80000,0x00000000d5c80000)
  to   space 3072K, 0% used [0x00000000d5e80000,0x00000000d5e80000,0x00000000d6180000)
 ParOldGen       total 195072K, used 195011K [0x0000000080000000, 0x000000008be80000, 0x00000000d5580000)
  object space 195072K, 99% used [0x0000000080000000,0x000000008be70c50,0x000000008be80000)
 Metaspace       used 84582K, committed 86720K, reserved 1179648K
  class space    used 10002K, committed 10944K, reserved 1048576K
}
Event: 1559.061 GC heap after
{Heap after GC invocations=15288 (full 6):
 PSYoungGen      total 8704K, used 2144K [0x00000000d5580000, 0x00000000d6100000, 0x0000000100000000)
  eden space 6144K, 0% used [0x00000000d5580000,0x00000000d5580000,0x00000000d5b80000)
  from space 2560K, 83% used [0x00000000d5e80000,0x00000000d6098020,0x00000000d6100000)
  to   space 2560K, 0% used [0x00000000d5c00000,0x00000000d5c00000,0x00000000d5e80000)
 ParOldGen       total 195584K, used 195491K [0x0000000080000000, 0x000000008bf00000, 0x00000000d5580000)
  object space 195584K, 99% used [0x0000000080000000,0x000000008bee8c70,0x000000008bf00000)
 Metaspace       used 84582K, committed 86720K, reserved 1179648K
  class space    used 10002K, committed 10944K, reserved 1048576K
}
Event: 1559.165 GC heap before
{Heap before GC invocations=15289 (full 6):
 PSYoungGen      total 8704K, used 8182K [0x00000000d5580000, 0x00000000d6100000, 0x0000000100000000)
  eden space 6144K, 98% used [0x00000000d5580000,0x00000000d5b659d0,0x00000000d5b80000)
  from space 2560K, 83% used [0x00000000d5e80000,0x00000000d6098020,0x00000000d6100000)
  to   space 2560K, 0% used [0x00000000d5c00000,0x00000000d5c00000,0x00000000d5e80000)
 ParOldGen       total 195584K, used 195491K [0x0000000080000000, 0x000000008bf00000, 0x00000000d5580000)
  object space 195584K, 99% used [0x0000000080000000,0x000000008bee8c70,0x000000008bf00000)
 Metaspace       used 84582K, committed 86720K, reserved 1179648K
  class space    used 10002K, committed 10944K, reserved 1048576K
}
Event: 1559.167 GC heap after
{Heap after GC invocations=15289 (full 6):
 PSYoungGen      total 6656K, used 384K [0x00000000d5580000, 0x00000000d5f00000, 0x0000000100000000)
  eden space 6144K, 0% used [0x00000000d5580000,0x00000000d5580000,0x00000000d5b80000)
  from space 512K, 75% used [0x00000000d5c00000,0x00000000d5c60000,0x00000000d5c80000)
  to   space 1536K, 0% used [0x00000000d5d80000,0x00000000d5d80000,0x00000000d5f00000)
 ParOldGen       total 197632K, used 197491K [0x0000000080000000, 0x000000008c100000, 0x00000000d5580000)
  object space 197632K, 99% used [0x0000000080000000,0x000000008c0dcc90,0x000000008c100000)
 Metaspace       used 84582K, committed 86720K, reserved 1179648K
  class space    used 10002K, committed 10944K, reserved 1048576K
}
Event: 1559.294 GC heap before
{Heap before GC invocations=15290 (full 6):
 PSYoungGen      total 6656K, used 6528K [0x00000000d5580000, 0x00000000d5f00000, 0x0000000100000000)
  eden space 6144K, 100% used [0x00000000d5580000,0x00000000d5b80000,0x00000000d5b80000)
  from space 512K, 75% used [0x00000000d5c00000,0x00000000d5c60000,0x00000000d5c80000)
  to   space 1536K, 0% used [0x00000000d5d80000,0x00000000d5d80000,0x00000000d5f00000)
 ParOldGen       total 197632K, used 197491K [0x0000000080000000, 0x000000008c100000, 0x00000000d5580000)
  object space 197632K, 99% used [0x0000000080000000,0x000000008c0dcc90,0x000000008c100000)
 Metaspace       used 84582K, committed 86720K, reserved 1179648K
  class space    used 10002K, committed 10944K, reserved 1048576K
}
Event: 1559.295 GC heap after
{Heap after GC invocations=15290 (full 6):
 PSYoungGen      total 6656K, used 510K [0x00000000d5580000, 0x00000000d5e00000, 0x0000000100000000)
  eden space 6144K, 0% used [0x00000000d5580000,0x00000000d5580000,0x00000000d5b80000)
  from space 512K, 99% used [0x00000000d5d80000,0x00000000d5dffa50,0x00000000d5e00000)
  to   space 1024K, 0% used [0x00000000d5c00000,0x00000000d5c00000,0x00000000d5d00000)
 ParOldGen       total 197632K, used 197571K [0x0000000080000000, 0x000000008c100000, 0x00000000d5580000)
  object space 197632K, 99% used [0x0000000080000000,0x000000008c0f0ca0,0x000000008c100000)
 Metaspace       used 84582K, committed 86720K, reserved 1179648K
  class space    used 10002K, committed 10944K, reserved 1048576K
}

Dll operation events (20 events):
Event: 0.124 Attempting to load shared library C:\Users\admoi\.antigravity-ide\extensions\redhat.java-1.56.0-win32-x64\jre\21.0.12.1-win32-x86_64\bin\jimage.dll
Event: 0.124 Loaded shared library C:\Users\admoi\.antigravity-ide\extensions\redhat.java-1.56.0-win32-x64\jre\21.0.12.1-win32-x86_64\bin\jimage.dll
Event: 0.210 Attempting to load shared library c:\Users\admoi\.antigravity-ide\extensions\redhat.java-1.56.0-win32-x64\jre\21.0.12.1-win32-x86_64\bin\verify.dll
Event: 0.210 Loaded shared library c:\Users\admoi\.antigravity-ide\extensions\redhat.java-1.56.0-win32-x64\jre\21.0.12.1-win32-x86_64\bin\verify.dll
Event: 1.142 Attempting to load shared library C:\Users\admoi\AppData\Roaming\Antigravity IDE\User\globalStorage\redhat.java\1.56.0\config_win\org.eclipse.equinox.launcher\org.eclipse.equinox.launcher.win32.win32.x86_64_1.3.100.v20260804-1928\eclipse_11924.dll
Event: 1.144 Loaded shared library C:\Users\admoi\AppData\Roaming\Antigravity IDE\User\globalStorage\redhat.java\1.56.0\config_win\org.eclipse.equinox.launcher\org.eclipse.equinox.launcher.win32.win32.x86_64_1.3.100.v20260804-1928\eclipse_11924.dll
Event: 5.161 Attempting to load shared library C:\Users\admoi\AppData\Local\Temp\jna-92668932\jna3696117643669454375.dll
Event: 5.255 Loaded shared library C:\Users\admoi\AppData\Local\Temp\jna-92668932\jna3696117643669454375.dll
Event: 9.787 Attempting to load shared library C:\Users\admoi\.antigravity-ide\extensions\redhat.java-1.56.0-win32-x64\jre\21.0.12.1-win32-x86_64\bin\sunmscapi.dll
Event: 9.791 Loaded shared library C:\Users\admoi\.antigravity-ide\extensions\redhat.java-1.56.0-win32-x64\jre\21.0.12.1-win32-x86_64\bin\sunmscapi.dll
Event: 9.883 Attempting to load shared library C:\Users\admoi\.antigravity-ide\extensions\redhat.java-1.56.0-win32-x64\jre\21.0.12.1-win32-x86_64\bin\extnet.dll
Event: 9.884 Loaded shared library C:\Users\admoi\.antigravity-ide\extensions\redhat.java-1.56.0-win32-x64\jre\21.0.12.1-win32-x86_64\bin\extnet.dll
Event: 295.404 Attempting to load shared library C:\Users\admoi\.gradle\native\1def1411415f61bf3af743bc5b6707747c0891f09f0c88961ee8f79bc544acac\windows-amd64\native-platform.dll
Event: 295.406 Loaded shared library C:\Users\admoi\.gradle\native\1def1411415f61bf3af743bc5b6707747c0891f09f0c88961ee8f79bc544acac\windows-amd64\native-platform.dll
Event: 297.541 Attempting to load shared library C:\Users\admoi\.antigravity-ide\extensions\redhat.java-1.56.0-win32-x64\jre\21.0.12.1-win32-x86_64\bin\management.dll
Event: 297.541 Loaded shared library C:\Users\admoi\.antigravity-ide\extensions\redhat.java-1.56.0-win32-x64\jre\21.0.12.1-win32-x86_64\bin\management.dll
Event: 297.547 Attempting to load shared library C:\Users\admoi\.antigravity-ide\extensions\redhat.java-1.56.0-win32-x64\jre\21.0.12.1-win32-x86_64\bin\management_ext.dll
Event: 297.548 Loaded shared library C:\Users\admoi\.antigravity-ide\extensions\redhat.java-1.56.0-win32-x64\jre\21.0.12.1-win32-x86_64\bin\management_ext.dll
Event: 1267.794 Attempting to load shared library C:\Users\admoi\.gradle\native\c067742578af261105cb4f569cf0c3c89f3d7b1fecec35dd04571415982c5e48\windows-amd64\native-platform.dll
Event: 1267.804 Loaded shared library C:\Users\admoi\.gradle\native\c067742578af261105cb4f569cf0c3c89f3d7b1fecec35dd04571415982c5e48\windows-amd64\native-platform.dll

Deoptimization events (20 events):
Event: 1524.521 Thread 0x0000025def555b30 DEOPT UNPACKING pc=0x0000025d9ead3aa2 sp=0x000000ad2b0ff0c0 mode 2
Event: 1524.521 Thread 0x0000025df8bc73a0 DEOPT UNPACKING pc=0x0000025d9ead3aa2 sp=0x000000ad2c5fed10 mode 2
Event: 1530.538 Thread 0x0000025def54cad0 Uncommon trap: trap_request=0xffffff54 fr.pc=0x0000025d9ff638dc relative=0x000000000000233c
Event: 1530.538 Thread 0x0000025def54cad0 Uncommon trap: reason=speculate_null_assert action=make_not_entrant pc=0x0000025d9ff638dc method=java.util.zip.ZipFile$Source.get(Ljava/io/File;ZLjava/util/zip/ZipCoder;)Ljava/util/zip/ZipFile$Source; @ 138 c2
Event: 1530.538 Thread 0x0000025def54cad0 DEOPT PACKING pc=0x0000025d9ff638dc sp=0x000000ad1a0fe020
Event: 1530.538 Thread 0x0000025def54cad0 DEOPT UNPACKING pc=0x0000025d9ead3aa2 sp=0x000000ad1a0fe010 mode 2
Event: 1530.807 Thread 0x0000025df8bc24e0 Uncommon trap: trap_request=0xffffff6e fr.pc=0x0000025d9f267c88 relative=0x0000000000002008
Event: 1530.807 Thread 0x0000025df8bc24e0 Uncommon trap: reason=loop_limit_check action=maybe_recompile pc=0x0000025d9f267c88 method=org.eclipse.core.internal.preferences.ImmutableMap$ArrayMap.put(Ljava/lang/String;Ljava/lang/String;)Lorg/eclipse/core/internal/preferences/ImmutableMap; @ 70 c2
Event: 1530.807 Thread 0x0000025df8bc24e0 DEOPT PACKING pc=0x0000025d9f267c88 sp=0x000000ad2c6fee50
Event: 1530.807 Thread 0x0000025df8bc24e0 DEOPT UNPACKING pc=0x0000025d9ead3aa2 sp=0x000000ad2c6fedb0 mode 2
Event: 1535.810 Thread 0x0000025df4121670 DEOPT PACKING pc=0x0000025d996041e9 sp=0x000000ad1a0fe440
Event: 1535.811 Thread 0x0000025df4121670 DEOPT UNPACKING pc=0x0000025d9ead4242 sp=0x000000ad1a0fd928 mode 0
Event: 1539.720 Thread 0x0000025df701f610 Uncommon trap: trap_request=0xffffffde fr.pc=0x0000025da02d3694 relative=0x0000000000000ff4
Event: 1539.720 Thread 0x0000025df701f610 Uncommon trap: reason=class_check action=maybe_recompile pc=0x0000025da02d3694 method=org.eclipse.core.internal.jobs.JobManager.lambda$8(Lorg/eclipse/core/internal/jobs/InternalJob;JLorg/eclipse/core/internal/jobs/InternalJob;)Ljava/lang/Boolean; @ 37 c2
Event: 1539.720 Thread 0x0000025df701f610 DEOPT PACKING pc=0x0000025da02d3694 sp=0x000000ad2d0ff570
Event: 1539.720 Thread 0x0000025df701f610 DEOPT UNPACKING pc=0x0000025d9ead3aa2 sp=0x000000ad2d0ff270 mode 2
Event: 1554.713 Thread 0x0000025df8be7d30 DEOPT PACKING pc=0x0000025d997584ef sp=0x000000ad1c2ff3f0
Event: 1554.739 Thread 0x0000025df8be7d30 DEOPT UNPACKING pc=0x0000025d9ead4242 sp=0x000000ad1c2fe928 mode 0
Event: 1555.854 Thread 0x0000025dfffa64e0 DEOPT PACKING pc=0x0000025d99a6f27e sp=0x000000ad27afe1f0
Event: 1555.854 Thread 0x0000025dfffa64e0 DEOPT UNPACKING pc=0x0000025d9ead4242 sp=0x000000ad27afd740 mode 0

Classes loaded (20 events):
Event: 1246.107 Loading class sun/security/ssl/PreSharedKeyExtension$CHPreSharedKeySpec
Event: 1246.155 Loading class sun/security/ssl/PreSharedKeyExtension$CHPreSharedKeySpec done
Event: 1246.155 Loading class sun/security/ssl/PreSharedKeyExtension$PartialClientHelloMessage
Event: 1246.168 Loading class sun/security/ssl/PreSharedKeyExtension$PartialClientHelloMessage done
Event: 1246.168 Loading class sun/security/ssl/SSLEngineOutputRecord
Event: 1246.229 Loading class sun/security/ssl/SSLEngineOutputRecord done
Event: 1246.267 Loading class sun/security/ssl/SSLEngineOutputRecord$HandshakeFragment
Event: 1246.287 Loading class sun/security/ssl/SSLEngineOutputRecord$HandshakeFragment done
Event: 1246.295 Loading class sun/security/ssl/SSLEngineOutputRecord$HandshakeMemo
Event: 1246.297 Loading class sun/security/ssl/SSLEngineOutputRecord$RecordMemo
Event: 1246.297 Loading class sun/security/ssl/SSLEngineOutputRecord$RecordMemo done
Event: 1246.297 Loading class sun/security/ssl/SSLEngineOutputRecord$HandshakeMemo done
Event: 1246.924 Loading class sun/security/ssl/PreSharedKeyExtension$SHPreSharedKeySpec
Event: 1246.926 Loading class sun/security/ssl/PreSharedKeyExtension$SHPreSharedKeySpec done
Event: 1273.212 Loading class java/nio/file/AtomicMoveNotSupportedException
Event: 1273.213 Loading class java/nio/file/AtomicMoveNotSupportedException done
Event: 1307.538 Loading class java/lang/UnsupportedClassVersionError
Event: 1307.538 Loading class java/lang/UnsupportedClassVersionError done
Event: 1558.667 Loading class java/util/ArrayDeque$DeqSpliterator
Event: 1558.677 Loading class java/util/ArrayDeque$DeqSpliterator done

Classes unloaded (20 events):
Event: 990.292 Thread 0x0000025dab4b3c30 Unloading class 0x0000025dad875c00 'java/lang/invoke/LambdaForm$MH+0x0000025dad875c00'
Event: 990.292 Thread 0x0000025dab4b3c30 Unloading class 0x0000025dad875000 'java/lang/invoke/LambdaForm$MH+0x0000025dad875000'
Event: 990.292 Thread 0x0000025dab4b3c30 Unloading class 0x0000025dad875400 'java/lang/invoke/LambdaForm$MH+0x0000025dad875400'
Event: 990.292 Thread 0x0000025dab4b3c30 Unloading class 0x0000025dad874800 'java/lang/invoke/LambdaForm$MH+0x0000025dad874800'
Event: 990.292 Thread 0x0000025dab4b3c30 Unloading class 0x0000025dad874c00 'java/lang/invoke/LambdaForm$MH+0x0000025dad874c00'
Event: 990.292 Thread 0x0000025dab4b3c30 Unloading class 0x0000025dad874400 'java/lang/invoke/LambdaForm$MH+0x0000025dad874400'
Event: 990.292 Thread 0x0000025dab4b3c30 Unloading class 0x0000025dad874000 'java/lang/invoke/LambdaForm$MH+0x0000025dad874000'
Event: 990.292 Thread 0x0000025dab4b3c30 Unloading class 0x0000025dad873c00 'java/lang/invoke/LambdaForm$MH+0x0000025dad873c00'
Event: 990.292 Thread 0x0000025dab4b3c30 Unloading class 0x0000025dad873800 'java/lang/invoke/LambdaForm$MH+0x0000025dad873800'
Event: 990.292 Thread 0x0000025dab4b3c30 Unloading class 0x0000025dad873000 'java/lang/invoke/LambdaForm$MH+0x0000025dad873000'
Event: 990.292 Thread 0x0000025dab4b3c30 Unloading class 0x0000025dad872c00 'java/lang/invoke/LambdaForm$MH+0x0000025dad872c00'
Event: 990.292 Thread 0x0000025dab4b3c30 Unloading class 0x0000025dad872800 'java/lang/invoke/LambdaForm$MH+0x0000025dad872800'
Event: 990.292 Thread 0x0000025dab4b3c30 Unloading class 0x0000025dad872400 'java/lang/invoke/LambdaForm$MH+0x0000025dad872400'
Event: 990.292 Thread 0x0000025dab4b3c30 Unloading class 0x0000025dad871c00 'java/lang/invoke/LambdaForm$MH+0x0000025dad871c00'
Event: 990.293 Thread 0x0000025dab4b3c30 Unloading class 0x0000025dad871800 'java/lang/invoke/LambdaForm$MH+0x0000025dad871800'
Event: 990.293 Thread 0x0000025dab4b3c30 Unloading class 0x0000025dad872000 'java/lang/invoke/LambdaForm$MH+0x0000025dad872000'
Event: 990.293 Thread 0x0000025dab4b3c30 Unloading class 0x0000025dad871400 'java/lang/invoke/LambdaForm$MH+0x0000025dad871400'
Event: 990.293 Thread 0x0000025dab4b3c30 Unloading class 0x0000025dad870c00 'java/lang/invoke/LambdaForm$MH+0x0000025dad870c00'
Event: 990.293 Thread 0x0000025dab4b3c30 Unloading class 0x0000025dad871000 'java/lang/invoke/LambdaForm$MH+0x0000025dad871000'
Event: 990.294 Thread 0x0000025dab4b3c30 Unloading class 0x0000025dad6ec800 'java/lang/invoke/LambdaForm$DMH+0x0000025dad6ec800'

Classes redefined (0 events):
No events

Internal exceptions (20 events):
Event: 1559.002 Thread 0x0000025df556e6d0 Exception <a 'java/io/FileNotFoundException'{0x00000000d59b6878}> (0x00000000d59b6878) 
thrown [s\src\hotspot\share\prims\jni.cpp, line 520]
Event: 1559.002 Thread 0x0000025df5568af0 Exception <a 'java/io/FileNotFoundException'{0x00000000d59bac10}> (0x00000000d59bac10) 
thrown [s\src\hotspot\share\prims\jni.cpp, line 520]
Event: 1559.001 Thread 0x0000025df556d320 Exception <a 'java/io/FileNotFoundException'{0x00000000d58b7568}> (0x00000000d58b7568) 
thrown [s\src\hotspot\share\prims\jni.cpp, line 520]
Event: 1559.002 Thread 0x0000025df556e040 Exception <a 'java/io/FileNotFoundException'{0x00000000d59b8078}> (0x00000000d59b8078) 
thrown [s\src\hotspot\share\prims\jni.cpp, line 520]
Event: 1559.001 Thread 0x0000025df5569180 Exception <a 'java/io/FileNotFoundException'{0x00000000d58d9510}> (0x00000000d58d9510) 
thrown [s\src\hotspot\share\prims\jni.cpp, line 520]
Event: 1559.002 Thread 0x0000025df5569810 Exception <a 'java/io/FileNotFoundException'{0x00000000d59c0740}> (0x00000000d59c0740) 
thrown [s\src\hotspot\share\prims\jni.cpp, line 520]
Event: 1559.002 Thread 0x0000025df556e6d0 Exception <a 'java/io/FileNotFoundException'{0x00000000d59cff38}> (0x00000000d59cff38) 
thrown [s\src\hotspot\share\prims\jni.cpp, line 520]
Event: 1559.002 Thread 0x0000025df5568af0 Exception <a 'java/io/FileNotFoundException'{0x00000000d59d3168}> (0x00000000d59d3168) 
thrown [s\src\hotspot\share\prims\jni.cpp, line 520]
Event: 1559.002 Thread 0x0000025df5569810 Exception <a 'java/io/FileNotFoundException'{0x00000000d59d8058}> (0x00000000d59d8058) 
thrown [s\src\hotspot\share\prims\jni.cpp, line 520]
Event: 1559.002 Thread 0x0000025df556ed60 Exception <a 'java/io/FileNotFoundException'{0x00000000d59b6ed8}> (0x00000000d59b6ed8) 
thrown [s\src\hotspot\share\prims\jni.cpp, line 520]
Event: 1559.002 Thread 0x0000025df5569180 Exception <a 'java/io/FileNotFoundException'{0x00000000d59da678}> (0x00000000d59da678) 
thrown [s\src\hotspot\share\prims\jni.cpp, line 520]
Event: 1559.001 Thread 0x0000025df556cc90 Exception <a 'java/io/FileNotFoundException'{0x00000000d58d81a8}> (0x00000000d58d81a8) 
thrown [s\src\hotspot\share\prims\jni.cpp, line 520]
Event: 1559.003 Thread 0x0000025dfffa36f0 Exception <a 'sun/nio/fs/WindowsException'{0x00000000d58c45e0}> (0x00000000d58c45e0) 
thrown [s\src\hotspot\share\prims\jni.cpp, line 520]
Event: 1559.003 Thread 0x0000025dfffa36f0 Exception <a 'sun/nio/fs/WindowsException'{0x00000000d5a87f70}> (0x00000000d5a87f70) 
thrown [s\src\hotspot\share\prims\jni.cpp, line 520]
Event: 1559.007 Thread 0x0000025dfffa36f0 Exception <a 'sun/nio/fs/WindowsException'{0x00000000d558f460}> (0x00000000d558f460) 
thrown [s\src\hotspot\share\prims\jni.cpp, line 520]
Event: 1559.007 Thread 0x0000025dfffa36f0 Exception <a 'sun/nio/fs/WindowsException'{0x00000000d558f8e8}> (0x00000000d558f8e8) 
thrown [s\src\hotspot\share\prims\jni.cpp, line 520]
Event: 1559.010 Thread 0x0000025dfffa36f0 Exception <a 'sun/nio/fs/WindowsException'{0x00000000d5590b40}> (0x00000000d5590b40) 
thrown [s\src\hotspot\share\prims\jni.cpp, line 520]
Event: 1559.010 Thread 0x0000025dfffa36f0 Exception <a 'sun/nio/fs/WindowsException'{0x00000000d5590fc8}> (0x00000000d5590fc8) 
thrown [s\src\hotspot\share\prims\jni.cpp, line 520]
Event: 1559.023 Thread 0x0000025dfffa36f0 Exception <a 'sun/nio/fs/WindowsException'{0x00000000d58f4248}> (0x00000000d58f4248) 
thrown [s\src\hotspot\share\prims\jni.cpp, line 520]
Event: 1559.023 Thread 0x0000025dfffa36f0 Exception <a 'sun/nio/fs/WindowsException'{0x00000000d58f46d0}> (0x00000000d58f46d0) 
thrown [s\src\hotspot\share\prims\jni.cpp, line 520]

ZGC Phase Switch (0 events):
No events

VM Operations (20 events):
Event: 1558.127 Executing safepoint VM operation: ParallelGCFailedAllocation (Allocation Failure)
Event: 1558.130 Executing safepoint VM operation: ParallelGCFailedAllocation (Allocation Failure) done
Event: 1558.266 Executing safepoint VM operation: ParallelGCFailedAllocation (Allocation Failure)
Event: 1558.267 Executing safepoint VM operation: ParallelGCFailedAllocation (Allocation Failure) done
Event: 1558.492 Executing safepoint VM operation: ParallelGCFailedAllocation (Allocation Failure)
Event: 1558.494 Executing safepoint VM operation: ParallelGCFailedAllocation (Allocation Failure) done
Event: 1558.624 Executing safepoint VM operation: ParallelGCFailedAllocation (Allocation Failure)
Event: 1558.625 Executing safepoint VM operation: ParallelGCFailedAllocation (Allocation Failure) done
Event: 1558.774 Executing safepoint VM operation: ParallelGCFailedAllocation (Allocation Failure)
Event: 1558.778 Executing safepoint VM operation: ParallelGCFailedAllocation (Allocation Failure) done
Event: 1558.933 Executing safepoint VM operation: ParallelGCFailedAllocation (Allocation Failure)
Event: 1558.934 Executing safepoint VM operation: ParallelGCFailedAllocation (Allocation Failure) done
Event: 1559.004 Executing safepoint VM operation: ParallelGCFailedAllocation (Allocation Failure)
Event: 1559.007 Executing safepoint VM operation: ParallelGCFailedAllocation (Allocation Failure) done
Event: 1559.059 Executing safepoint VM operation: ParallelGCFailedAllocation (Allocation Failure)
Event: 1559.061 Executing safepoint VM operation: ParallelGCFailedAllocation (Allocation Failure) done
Event: 1559.165 Executing safepoint VM operation: ParallelGCFailedAllocation (Allocation Failure)
Event: 1559.167 Executing safepoint VM operation: ParallelGCFailedAllocation (Allocation Failure) done
Event: 1559.294 Executing safepoint VM operation: ParallelGCFailedAllocation (Allocation Failure)
Event: 1559.295 Executing safepoint VM operation: ParallelGCFailedAllocation (Allocation Failure) done

Memory protections (0 events):
No events

Nmethod flushes (20 events):
Event: 1529.993 Thread 0x0000025dab4b3c30 flushing  nmethod 0x0000025d9969a390
Event: 1529.993 Thread 0x0000025dab4b3c30 flushing  nmethod 0x0000025d9969ba90
Event: 1529.993 Thread 0x0000025dab4b3c30 flushing  nmethod 0x0000025d996a5510
Event: 1529.993 Thread 0x0000025dab4b3c30 flushing  nmethod 0x0000025d996e5290
Event: 1529.993 Thread 0x0000025dab4b3c30 flushing  nmethod 0x0000025d996e5610
Event: 1529.993 Thread 0x0000025dab4b3c30 flushing  nmethod 0x0000025d996f6810
Event: 1529.993 Thread 0x0000025dab4b3c30 flushing  nmethod 0x0000025d996f7890
Event: 1529.993 Thread 0x0000025dab4b3c30 flushing  nmethod 0x0000025d9971d890
Event: 1529.993 Thread 0x0000025dab4b3c30 flushing  nmethod 0x0000025d9971ef90
Event: 1529.993 Thread 0x0000025dab4b3c30 flushing  nmethod 0x0000025d9972d210
Event: 1529.994 Thread 0x0000025dab4b3c30 flushing  nmethod 0x0000025d9972dd10
Event: 1529.995 Thread 0x0000025dab4b3c30 flushing  nmethod 0x0000025d9974e790
Event: 1529.995 Thread 0x0000025dab4b3c30 flushing  nmethod 0x0000025d99821e10
Event: 1529.995 Thread 0x0000025dab4b3c30 flushing  nmethod 0x0000025d9987dc90
Event: 1529.995 Thread 0x0000025dab4b3c30 flushing  nmethod 0x0000025d998bbf10
Event: 1529.996 Thread 0x0000025dab4b3c30 flushing  nmethod 0x0000025d998c0b10
Event: 1529.996 Thread 0x0000025dab4b3c30 flushing  nmethod 0x0000025d998d7b10
Event: 1529.996 Thread 0x0000025dab4b3c30 flushing  nmethod 0x0000025d999e7390
Event: 1529.996 Thread 0x0000025dab4b3c30 flushing  nmethod 0x0000025d99b1f710
Event: 1529.996 Thread 0x0000025dab4b3c30 flushing  nmethod 0x0000025d99b7fa90

Events (20 events):
Event: 1558.708 Thread 0x0000025dfffa7200 Thread exited: 0x0000025dfffa7200
Event: 1558.725 Thread 0x0000025df8bc1e50 Thread exited: 0x0000025df8bc1e50
Event: 1558.754 Thread 0x0000025dfffa64e0 Thread added: 0x0000025dfffa5e50
Event: 1558.754 Thread 0x0000025dfffa64e0 Thread exited: 0x0000025dfffa64e0
Event: 1558.754 Thread 0x0000025dfffa5e50 Thread exited: 0x0000025dfffa5e50
Event: 1558.952 Thread 0x0000025dfffa3d80 Thread exited: 0x0000025dfffa3d80
Event: 1558.964 Thread 0x0000025dfffa6b70 Thread added: 0x0000025dfffa5e50
Event: 1558.964 Thread 0x0000025dfffa6b70 Thread exited: 0x0000025dfffa6b70
Event: 1558.964 Thread 0x0000025dfffa5e50 Thread exited: 0x0000025dfffa5e50
Event: 1558.970 Thread 0x0000025dfffa36f0 Thread added: 0x0000025dfffa5e50
Event: 1558.970 Thread 0x0000025dfffa5e50 Thread added: 0x0000025dfffa3d80
Event: 1558.970 Thread 0x0000025dfffa3d80 Thread added: 0x0000025dfffa64e0
Event: 1558.971 Thread 0x0000025dfffa64e0 Thread exited: 0x0000025dfffa64e0
Event: 1558.972 Thread 0x0000025dfffa5e50 Thread exited: 0x0000025dfffa5e50
Event: 1558.993 Thread 0x0000025dfffa36f0 Thread added: 0x0000025dfffa64e0
Event: 1558.994 Thread 0x0000025dfffa64e0 Thread added: 0x0000025dfffa5e50
Event: 1558.995 Thread 0x0000025dfffa5e50 Thread exited: 0x0000025dfffa5e50
Event: 1559.012 Thread 0x0000025dfffa64e0 Thread exited: 0x0000025dfffa64e0
Event: 1559.075 Thread 0x0000025df701c190 Thread added: 0x0000025dfffa6b70
Event: 1559.075 Thread 0x0000025dfffa6b70 Thread exited: 0x0000025dfffa6b70


Dynamic libraries:
0x00007ff70d610000 - 0x00007ff70d61e000 	c:\Users\admoi\.antigravity-ide\extensions\redhat.java-1.56.0-win32-x64\jre\21.0.12.1-win32-x86_64\bin\java.exe
0x00007fff32da0000 - 0x00007fff33006000 	C:\WINDOWS\SYSTEM32\ntdll.dll
0x00007fff30ad0000 - 0x00007fff30b99000 	C:\WINDOWS\System32\KERNEL32.DLL
0x00007fff30440000 - 0x00007fff3083f000 	C:\WINDOWS\System32\KERNELBASE.dll
0x00007fff302e0000 - 0x00007fff3042c000 	C:\WINDOWS\System32\ucrtbase.dll
0x00007ffeb4980000 - 0x00007ffeb4998000 	c:\Users\admoi\.antigravity-ide\extensions\redhat.java-1.56.0-win32-x64\jre\21.0.12.1-win32-x86_64\bin\jli.dll
0x00007ffeb4420000 - 0x00007ffeb443e000 	c:\Users\admoi\.antigravity-ide\extensions\redhat.java-1.56.0-win32-x64\jre\21.0.12.1-win32-x86_64\bin\VCRUNTIME140.dll
0x00007fff32ad0000 - 0x00007fff32c96000 	C:\WINDOWS\System32\USER32.dll
0x00007fff2ffb0000 - 0x00007fff2ffd7000 	C:\WINDOWS\System32\win32u.dll
0x00007fff12db0000 - 0x00007fff13041000 	C:\WINDOWS\WinSxS\amd64_microsoft.windows.common-controls_6595b64144ccf1df_6.0.26100.8972_none_3e0da176e32f9d4b\COMCTL32.dll
0x00007fff32000000 - 0x00007fff3202b000 	C:\WINDOWS\System32\GDI32.dll
0x00007fff31bb0000 - 0x00007fff31c59000 	C:\WINDOWS\System32\msvcrt.dll
0x00007fff309a0000 - 0x00007fff30ac9000 	C:\WINDOWS\System32\gdi32full.dll
0x00007fff30230000 - 0x00007fff302d3000 	C:\WINDOWS\System32\msvcp_win.dll
0x00007fff32180000 - 0x00007fff321b2000 	C:\WINDOWS\System32\IMM32.DLL
0x00007fff11640000 - 0x00007fff1164c000 	c:\Users\admoi\.antigravity-ide\extensions\redhat.java-1.56.0-win32-x64\jre\21.0.12.1-win32-x86_64\bin\vcruntime140_1.dll
0x00007ffe5f940000 - 0x00007ffe5f9cd000 	c:\Users\admoi\.antigravity-ide\extensions\redhat.java-1.56.0-win32-x64\jre\21.0.12.1-win32-x86_64\bin\msvcp140.dll
0x00007ffe5eb90000 - 0x00007ffe5f932000 	c:\Users\admoi\.antigravity-ide\extensions\redhat.java-1.56.0-win32-x64\jre\21.0.12.1-win32-x86_64\bin\server\jvm.dll
0x00007fff31dd0000 - 0x00007fff31e8c000 	C:\WINDOWS\System32\ADVAPI32.dll
0x00007fff320d0000 - 0x00007fff3217a000 	C:\WINDOWS\System32\sechost.dll
0x00007fff31a90000 - 0x00007fff31ba8000 	C:\WINDOWS\System32\RPCRT4.dll
0x00007fff31a00000 - 0x00007fff31a82000 	C:\WINDOWS\System32\WS2_32.dll
0x00007fff2fe10000 - 0x00007fff2fe6e000 	C:\WINDOWS\SYSTEM32\POWRPROF.dll
0x00007fff218b0000 - 0x00007fff218e6000 	C:\WINDOWS\SYSTEM32\WINMM.dll
0x00007fff25d60000 - 0x00007fff25d6b000 	C:\WINDOWS\SYSTEM32\VERSION.dll
0x00007fff2fdf0000 - 0x00007fff2fe05000 	C:\WINDOWS\SYSTEM32\UMPDC.dll
0x00007fff2eca0000 - 0x00007fff2ecbb000 	C:\WINDOWS\SYSTEM32\kernel.appcore.dll
0x00007fff0edf0000 - 0x00007fff0edfa000 	c:\Users\admoi\.antigravity-ide\extensions\redhat.java-1.56.0-win32-x64\jre\21.0.12.1-win32-x86_64\bin\jimage.dll
0x00007fff2d430000 - 0x00007fff2d672000 	C:\WINDOWS\SYSTEM32\DBGHELP.DLL
0x00007fff32250000 - 0x00007fff325d5000 	C:\WINDOWS\System32\combase.dll
0x00007fff31ea0000 - 0x00007fff31f79000 	C:\WINDOWS\System32\OLEAUT32.dll
0x00007fff11ce0000 - 0x00007fff11d1b000 	C:\WINDOWS\SYSTEM32\dbgcore.DLL
0x00007fff2ffe0000 - 0x00007fff3008c000 	C:\WINDOWS\System32\bcryptPrimitives.dll
0x00007fff0df00000 - 0x00007fff0df0f000 	c:\Users\admoi\.antigravity-ide\extensions\redhat.java-1.56.0-win32-x64\jre\21.0.12.1-win32-x86_64\bin\instrument.dll
0x00007ffeb1e50000 - 0x00007ffeb1e70000 	c:\Users\admoi\.antigravity-ide\extensions\redhat.java-1.56.0-win32-x64\jre\21.0.12.1-win32-x86_64\bin\java.dll
0x00007fff30ba0000 - 0x00007fff31328000 	C:\WINDOWS\System32\SHELL32.dll
0x00007fff2da30000 - 0x00007fff2e2cb000 	C:\WINDOWS\SYSTEM32\windows.storage.dll
0x00007fff313c0000 - 0x00007fff314b9000 	C:\WINDOWS\System32\SHCORE.dll
0x00007fff321d0000 - 0x00007fff32236000 	C:\WINDOWS\System32\shlwapi.dll
0x00007fff2fed0000 - 0x00007fff2fef9000 	C:\WINDOWS\SYSTEM32\profapi.dll
0x00007ffea79d0000 - 0x00007ffea79e8000 	c:\Users\admoi\.antigravity-ide\extensions\redhat.java-1.56.0-win32-x64\jre\21.0.12.1-win32-x86_64\bin\zip.dll
0x00007fff04b20000 - 0x00007fff04b30000 	C:\Users\admoi\.antigravity-ide\extensions\redhat.java-1.56.0-win32-x64\jre\21.0.12.1-win32-x86_64\bin\net.dll
0x00007fff27410000 - 0x00007fff27538000 	C:\WINDOWS\SYSTEM32\WINHTTP.dll
0x00007fff2f250000 - 0x00007fff2f2bc000 	C:\WINDOWS\system32\mswsock.dll
0x00007ffe85d40000 - 0x00007ffe85d56000 	C:\Users\admoi\.antigravity-ide\extensions\redhat.java-1.56.0-win32-x64\jre\21.0.12.1-win32-x86_64\bin\nio.dll
0x00007fff00830000 - 0x00007fff00840000 	c:\Users\admoi\.antigravity-ide\extensions\redhat.java-1.56.0-win32-x64\jre\21.0.12.1-win32-x86_64\bin\verify.dll
0x00007ffee5360000 - 0x00007ffee53a5000 	C:\Users\admoi\AppData\Roaming\Antigravity IDE\User\globalStorage\redhat.java\1.56.0\config_win\org.eclipse.equinox.launcher\org.eclipse.equinox.launcher.win32.win32.x86_64_1.3.100.v20260804-1928\eclipse_11924.dll
0x00007fff31860000 - 0x00007fff319f9000 	C:\WINDOWS\System32\ole32.dll
0x00007fff2f540000 - 0x00007fff2f55b000 	C:\WINDOWS\SYSTEM32\CRYPTSP.dll
0x00007fff2ec00000 - 0x00007fff2ec39000 	C:\WINDOWS\system32\rsaenh.dll
0x00007fff2f300000 - 0x00007fff2f332000 	C:\WINDOWS\SYSTEM32\USERENV.dll
0x00007fff2fea0000 - 0x00007fff2feca000 	C:\WINDOWS\SYSTEM32\bcrypt.dll
0x00007fff2f560000 - 0x00007fff2f56c000 	C:\WINDOWS\SYSTEM32\CRYPTBASE.dll
0x00007fff2e670000 - 0x00007fff2e6a3000 	C:\WINDOWS\SYSTEM32\IPHLPAPI.DLL
0x00007fff321c0000 - 0x00007fff321ca000 	C:\WINDOWS\System32\NSI.dll
0x00007ffed40f0000 - 0x00007ffed4139000 	C:\Users\admoi\AppData\Local\Temp\jna-92668932\jna3696117643669454375.dll
0x00007fff32240000 - 0x00007fff32248000 	C:\WINDOWS\System32\PSAPI.DLL
0x00007fff27940000 - 0x00007fff2795d000 	C:\WINDOWS\SYSTEM32\dhcpcsvc6.DLL
0x00007fff278f0000 - 0x00007fff27915000 	C:\WINDOWS\SYSTEM32\dhcpcsvc.DLL
0x00007fff2c980000 - 0x00007fff2c98e000 	C:\Users\admoi\.antigravity-ide\extensions\redhat.java-1.56.0-win32-x64\jre\21.0.12.1-win32-x86_64\bin\sunmscapi.dll
0x00007fff300a0000 - 0x00007fff3021e000 	C:\WINDOWS\System32\CRYPT32.dll
0x00007fff2f780000 - 0x00007fff2f7b0000 	C:\WINDOWS\SYSTEM32\ncrypt.dll
0x00007fff2f730000 - 0x00007fff2f76f000 	C:\WINDOWS\SYSTEM32\NTASN1.dll
0x00007fff2e710000 - 0x00007fff2e868000 	C:\WINDOWS\SYSTEM32\DNSAPI.dll
0x00007fff2efe0000 - 0x00007fff2efed000 	C:\WINDOWS\SYSTEM32\DSPARSE.dll
0x00007fff266e0000 - 0x00007fff266eb000 	C:\Windows\System32\rasadhlp.dll
0x00007fff27bf0000 - 0x00007fff27c76000 	C:\WINDOWS\System32\fwpuclnt.dll
0x00007fff11530000 - 0x00007fff11539000 	C:\Users\admoi\.antigravity-ide\extensions\redhat.java-1.56.0-win32-x64\jre\21.0.12.1-win32-x86_64\bin\extnet.dll
0x00007ffed9aa0000 - 0x00007ffed9ac7000 	C:\Users\admoi\.gradle\native\1def1411415f61bf3af743bc5b6707747c0891f09f0c88961ee8f79bc544acac\windows-amd64\native-platform.dll
0x00007ffeffc80000 - 0x00007ffeffc8a000 	C:\Users\admoi\.antigravity-ide\extensions\redhat.java-1.56.0-win32-x64\jre\21.0.12.1-win32-x86_64\bin\management.dll
0x00007ffeff7c0000 - 0x00007ffeff7cc000 	C:\Users\admoi\.antigravity-ide\extensions\redhat.java-1.56.0-win32-x64\jre\21.0.12.1-win32-x86_64\bin\management_ext.dll
0x00007fff23670000 - 0x00007fff23678000 	C:\WINDOWS\system32\wshunix.dll
0x00007fff2c8d0000 - 0x00007fff2c8f7000 	C:\Users\admoi\.gradle\native\c067742578af261105cb4f569cf0c3c89f3d7b1fecec35dd04571415982c5e48\windows-amd64\native-platform.dll

JVMTI agents:
c:\Users\admoi\.antigravity-ide\extensions\redhat.java-1.56.0-win32-x64\lombok\lombok-1.18.39-4050.jar path:c:\Users\admoi\.antigravity-ide\extensions\redhat.java-1.56.0-win32-x64\jre\21.0.12.1-win32-x86_64\bin\instrument.dll, loaded, initialized, instrumentlib options:none

dbghelp: loaded successfully - version: 4.0.5 - missing functions: none
symbol engine: initialized successfully - sym options: 0x614 - pdb path: .;c:\Users\admoi\.antigravity-ide\extensions\redhat.java-1.56.0-win32-x64\jre\21.0.12.1-win32-x86_64\bin;C:\WINDOWS\SYSTEM32;C:\WINDOWS\WinSxS\amd64_microsoft.windows.common-controls_6595b64144ccf1df_6.0.26100.8972_none_3e0da176e32f9d4b;c:\Users\admoi\.antigravity-ide\extensions\redhat.java-1.56.0-win32-x64\jre\21.0.12.1-win32-x86_64\bin\server;C:\Users\admoi\AppData\Roaming\Antigravity IDE\User\globalStorage\redhat.java\1.56.0\config_win\org.eclipse.equinox.launcher\org.eclipse.equinox.launcher.win32.win32.x86_64_1.3.100.v20260804-1928;C:\Users\admoi\AppData\Local\Temp\jna-92668932;C:\Users\admoi\.gradle\native\1def1411415f61bf3af743bc5b6707747c0891f09f0c88961ee8f79bc544acac\windows-amd64;C:\Users\admoi\.gradle\native\c067742578af261105cb4f569cf0c3c89f3d7b1fecec35dd04571415982c5e48\windows-amd64

VM Arguments:
jvm_args: --add-modules=ALL-SYSTEM --add-opens=java.base/java.util=ALL-UNNAMED --add-opens=java.base/java.lang=ALL-UNNAMED --add-opens=java.base/sun.nio.fs=ALL-UNNAMED -Declipse.application=org.eclipse.jdt.ls.core.id1 -Dosgi.bundles.defaultStartLevel=4 -Declipse.product=org.eclipse.jdt.ls.core.product -Djava.import.generatesMetadataFilesAtProjectRoot=false -Dm2e.project.cache.size=50 -DDetectVMInstallationsJob.disabled=true -Dfile.encoding=utf8 -XX:+UseParallelGC -XX:GCTimeRatio=4 -XX:AdaptiveSizePolicyWeight=90 -Dsun.zip.disableMemoryMapping=true -Xmx2G -Xms100m -Xlog:disable -javaagent:c:\Users\admoi\.antigravity-ide\extensions\redhat.java-1.56.0-win32-x64\lombok\lombok-1.18.39-4050.jar -XX:+HeapDumpOnOutOfMemoryError -XX:HeapDumpPath=c:\Users\admoi\AppData\Roaming\Antigravity IDE\User\workspaceStorage\623676c495f6796973e32ae85f3dc6aa\redhat.java -Daether.dependencyCollector.impl=bf 
java_command: c:\Users\admoi\.antigravity-ide\extensions\redhat.java-1.56.0-win32-x64\server\plugins\org.eclipse.equinox.launcher_1.8.0.v20260804-1928.jar -configuration c:\Users\admoi\AppData\Roaming\Antigravity IDE\User\globalStorage\redhat.java\1.56.0\config_win -data c:\Users\admoi\AppData\Roaming\Antigravity IDE\User\workspaceStorage\623676c495f6796973e32ae85f3dc6aa\redhat.java\jdt_ws --stdio
java_class_path (initial): c:\Users\admoi\.antigravity-ide\extensions\redhat.java-1.56.0-win32-x64\server\plugins\org.eclipse.equinox.launcher_1.8.0.v20260804-1928.jar
Launcher Type: SUN_STANDARD

[Global flags]
    uintx AdaptiveSizePolicyWeight                 = 90                                        {product} {command line}
     intx CICompilerCount                          = 12                                        {product} {ergonomic}
    uintx GCTimeRatio                              = 4                                         {product} {command line}
     bool HeapDumpOnOutOfMemoryError               = true                                   {manageable} {command line}
    ccstr HeapDumpPath                             = c:\Users\admoi\AppData\Roaming\Antigravity IDE\User\workspaceStorage\623676c495f6796973e32ae85f3dc6aa\redhat.java         {manageable} {command line}
   size_t InitialHeapSize                          = 104857600                                 {product} {command line}
   size_t MaxHeapSize                              = 2147483648                                {product} {command line}
   size_t MaxNewSize                               = 715653120                                 {product} {ergonomic}
   size_t MinHeapDeltaBytes                        = 524288                                    {product} {ergonomic}
   size_t MinHeapSize                              = 104857600                                 {product} {command line}
   size_t NewSize                                  = 34603008                                  {product} {ergonomic}
    uintx NonNMethodCodeHeapSize                   = 7602480                                {pd product} {ergonomic}
    uintx NonProfiledCodeHeapSize                  = 122027880                              {pd product} {ergonomic}
   size_t OldSize                                  = 70254592                                  {product} {ergonomic}
    uintx ProfiledCodeHeapSize                     = 122027880                              {pd product} {ergonomic}
    uintx ReservedCodeCacheSize                    = 251658240                              {pd product} {ergonomic}
     bool SegmentedCodeCache                       = true                                      {product} {ergonomic}
   size_t SoftMaxHeapSize                          = 2147483648                             {manageable} {ergonomic}
     bool UseCompressedOops                        = true                           {product lp64_product} {ergonomic}
     bool UseLargePagesIndividualAllocation        = false                                  {pd product} {ergonomic}
     bool UseParallelGC                            = true                                      {product} {command line}

Logging:
Log output configuration:
 #0: stdout all=off uptime,level,tags foldmultilines=false
 #1: stderr all=off uptime,level,tags foldmultilines=false

Release file:
JAVA_VERSION="21.0.12.1" 
MODULES="java.base java.compiler java.datatransfer java.xml java.prefs java.desktop java.instrument java.logging java.management java.security.sasl java.naming java.rmi java.management.rmi java.net.http java.scripting java.security.jgss java.transaction.xa java.sql java.sql.rowset java.xml.crypto java.se java.smartcardio jdk.accessibility jdk.internal.jvmstat jdk.attach jdk.charsets jdk.internal.opt jdk.zipfs jdk.compiler jdk.crypto.ec jdk.crypto.cryptoki jdk.crypto.mscapi jdk.dynalink jdk.internal.ed jdk.editpad jdk.hotspot.agent jdk.httpserver jdk.internal.le jdk.internal.vm.ci jdk.internal.vm.compiler jdk.internal.vm.compiler.management jdk.jartool jdk.javadoc jdk.jcmd jdk.management jdk.management.agent jdk.jconsole jdk.jdeps jdk.jdwp.agent jdk.jdi jdk.jfr jdk.jshell jdk.jsobject jdk.jstatd jdk.localedata jdk.management.jfr jdk.naming.dns jdk.naming.rmi jdk.net jdk.nio.mapmode jdk.random jdk.sctp jdk.security.auth jdk.security.jgss jdk.unsupported jdk.unsupported.desktop jdk.xml.dom" 

Environment Variables:
PATH=C:\Users\admoi\AppData\Local\cloud-code\installer\google-cloud-sdk\bin;C:\Python314\Scripts\;C:\Python314\;C:\Program Files\Common Files\Oracle\Java\javapath;C:\WINDOWS\system32;C:\WINDOWS;C:\WINDOWS\System32\Wbem;C:\WINDOWS\System32\WindowsPowerShell\v1.0\;C:\WINDOWS\System32\OpenSSH\;C:\Program Files\Microsoft SQL Server\150\Tools\Binn\;C:\Program Files\Microsoft SQL Server\Client SDK\ODBC\170\Tools\Binn\;C:\Program Files\dotnet\;C:\Program Files (x86)\Windows Kits\10\Windows Performance Toolkit\;C:\Program Files (x86)\Microsoft SQL Server\160\Tools\Binn\;C:\Program Files\Microsoft SQL Server\160\Tools\Binn\;C:\Program Files\Microsoft SQL Server\160\DTS\Binn\;C:\Program Files\Docker\Docker\resources\bin;C:\Program Files\nodejs\;C:\ProgramData\chocolatey\bin;C:\xampp\php;C:\composer;C:\Program Files\Git\cmd;C:\Program Files\GitHub CLI\;C:\Python314\Scripts\;C:\Python314\;C:\Program Files\Common Files\Oracle\Java\javapath;C:\WINDOWS\system32;C:\WINDOWS;C:\WINDOWS\System32\Wbem;C:\WINDOWS\System32\WindowsPowerShell\v1.0\;C:\WINDOWS\System32\OpenSSH\;C:\Program Files\Microsoft SQL Server\150\Tools\Binn\;C:\Program Files\Microsoft SQL Server\Client SDK\ODBC\170\Tools\Binn\;C:\Program Files\dotnet\;C:\Program Files (x86)\Windows Kits\10\Windows Performance Toolkit\;C:\Program Files (x86)\Microsoft SQL Server\160\Tools\Binn\;C:\Program Files\Microsoft SQL Server\160\Tools\Binn\;C:\Program Files\Microsoft SQL Server\160\DTS\Binn\;C:\Program Files\Arduino PLC IDE Tools\;C:\Program Files\Docker\Docker\resources\bin;C:\Program Files\nodejs\;C:\ProgramData\chocolatey\bin;C:\xampp\php;C:\composer;C:\Program Files\Git\cmd;C:\Program Files\GitHub CLI\;c:\Users\admoi\AppData\Roaming\Code\User\globalStorage\github.copilot-chat\debugCommand;c:\Users\admoi\AppData\Roaming\Code\User\globalStorage\github.copilot-chat\copilotCli;D:\Microsoft VS Code;C:\Python314\Scripts\;C:\Python314\;C:\Program Files\Common Files\Oracle\Java\javapath;C:\WINDOWS\system32;C:\WINDOWS;C:\WINDOWS\System32\Wbem;C:\WINDOWS\System32\WindowsPowerShell\v1.0\;C:\WINDOWS\System32\OpenSSH\;C:\Program Files\Microsoft SQL Server\150\Tools\Binn\;C:\Program Files\Microsoft SQL Server\Client SDK\ODBC\170\Tools\Binn\;C:\Program Files\dotnet\;C:\Program Files (x86)\Windows Kits\10\Windows Performance Toolkit\;C:\Program Files (x86)\Microsoft SQL Server\160\Tools\Binn\;C:\Program Files\Microsoft SQL Server\160\Tools\Binn\;C:\Program Files\Microsoft SQL Server\160\DTS\Binn\;C:\Program Files\Arduino PLC IDE Tools\;C:\Program Files\Docker\Docker\resources\bin;C:\Program Files\nodejs\;C:\ProgramData\chocolatey\bin;C:\xampp\php;C:\composer;C:\Program Files\Git\cmd;C:\Users\admoi\AppData\Local\Microsoft\WindowsApps;;D:\IntelliJ IDEA 2025.1.1.1\bin;;D:\Microsoft VS Code\bin;C:\Users\admoi\.dotnet\tools;C:\Users\admoi\AppData\Local\Programs\mongosh\;D:\Antigravity\bin;C:\Users\admoi\AppData\Roaming\npm;C:\Users\admoi\AppData\Roaming\Composer\vendor\bin;C:\Users\admoi\.local\bin;C:\flutter\flutter\bin;C:\flutter\flutter\bin;;C:\flutter\flutter\bin;C:\Program Files (x86)\NVIDIA Corporation\PhysX\Common;C:\Program Files\NVIDIA Corporation\NVIDIA App\NvDLISR;C:\Program Files (x86)\Microsoft SQL Server\160\DTS\Binn\;D:\bin;C:\Program Files (x86)\cloudflared\;C:\Program Files\Microsoft SQL Server\170\Tools\Binn\
USERNAME=admoi
OS=Windows_NT
PROCESSOR_IDENTIFIER=Intel64 Family 6 Model 154 Stepping 3, GenuineIntel
TMP=C:\Users\admoi\AppData\Local\Temp
TEMP=C:\Users\admoi\AppData\Local\Temp




Periodic native trim disabled

---------------  S Y S T E M  ---------------

OS:
 Windows 11 , 64 bit Build 26100 (10.0.26100.9168)
OS uptime: 0 days 3:55 hours
Hyper-V role detected

CPU: total 16 (initial active 16) (8 cores per cpu, 2 threads per core) family 6 model 154 stepping 3 microcode 0x435, cx8, cmov, fxsr, ht, mmx, 3dnowpref, sse, sse2, sse3, ssse3, sse4.1, sse4.2, popcnt, lzcnt, tsc, tscinvbit, avx, avx2, aes, erms, clmul, bmi1, bmi2, adx, sha, fma, vzeroupper, clflush, clflushopt, clwb, hv, serialize, rdtscp, rdpid, fsrm, f16c, cet_ibt, cet_ss
Processor Information for processor 0
  Max Mhz: 2500, Current Mhz: 2500, Mhz Limit: 2500
Processor Information for processor 1
  Max Mhz: 2500, Current Mhz: 2500, Mhz Limit: 2500
Processor Information for processor 2
  Max Mhz: 2500, Current Mhz: 2500, Mhz Limit: 2500
Processor Information for processor 3
  Max Mhz: 2500, Current Mhz: 2500, Mhz Limit: 2500
Processor Information for processor 4
  Max Mhz: 2500, Current Mhz: 2500, Mhz Limit: 2500
Processor Information for processor 5
  Max Mhz: 2500, Current Mhz: 2500, Mhz Limit: 2500
Processor Information for processor 6
  Max Mhz: 2500, Current Mhz: 2500, Mhz Limit: 2500
Processor Information for processor 7
  Max Mhz: 2500, Current Mhz: 2500, Mhz Limit: 2500
Processor Information for processor 8
  Max Mhz: 2500, Current Mhz: 1800, Mhz Limit: 1800
Processor Information for processor 9
  Max Mhz: 2500, Current Mhz: 1800, Mhz Limit: 1800
Processor Information for processor 10
  Max Mhz: 2500, Current Mhz: 1800, Mhz Limit: 1800
Processor Information for processor 11
  Max Mhz: 2500, Current Mhz: 1800, Mhz Limit: 1800
Processor Information for processor 12
  Max Mhz: 2500, Current Mhz: 1800, Mhz Limit: 1800
Processor Information for processor 13
  Max Mhz: 2500, Current Mhz: 1500, Mhz Limit: 1800
Processor Information for processor 14
  Max Mhz: 2500, Current Mhz: 1800, Mhz Limit: 1800
Processor Information for processor 15
  Max Mhz: 2500, Current Mhz: 1800, Mhz Limit: 1800

Memory: 4k page, system-wide physical 16051M (1025M free)
TotalPageFile size 57324M (AvailPageFile size 10M)
current process WorkingSet (physical memory assigned to process): 220M, peak: 1078M
current process commit charge ("private bytes"): 629M, peak: 1787M

vm_info: OpenJDK 64-Bit Server VM (21.0.12.1+1-LTS) for windows-amd64 JRE (21.0.12.1+1-LTS), built on 2026-08-18T00:00:00Z by "admin" with MS VC++ 17.12 (VS2022)

END.
