#
# There is insufficient memory for the Java Runtime Environment to continue.
# Native memory allocation (mmap) failed to map 65536 bytes. Error detail: Failed to commit metaspace.
# Possible reasons:
#   The system is out of physical RAM or swap space
#   This process is running with CompressedOops enabled, and the Java Heap may be blocking the growth of the native heap
# Possible solutions:
#   Reduce memory load on the system
#   Increase physical memory or swap space
#   Check if swap backing store is full
#   Decrease Java heap size (-Xmx/-Xms)
#   Decrease number of Java threads
#   Decrease Java thread stack sizes (-Xss)
#   Set larger code cache with -XX:ReservedCodeCacheSize=
#   JVM is running with Unscaled Compressed Oops mode in which the Java heap is
#     placed in the first 4GB address space. The Java Heap base address is the
#     maximum limit for the native heap growth. Please use -XX:HeapBaseMinAddress
#     to set the Java Heap base and to place the Java Heap above 4GB virtual address.
# This output file may be truncated or incomplete.
#
#  Out of Memory Error (virtualSpaceNode.cpp:113), pid=53704, tid=31216
#
# JRE version: OpenJDK Runtime Environment Temurin-21.0.12.1+1 (21.0.12.1+1) (build 21.0.12.1+1-LTS)
# Java VM: OpenJDK 64-Bit Server VM Temurin-21.0.12.1+1 (21.0.12.1+1-LTS, mixed mode, sharing, tiered, compressed oops, compressed class ptrs, g1 gc, windows-amd64)
# No core dump will be written. Minidumps are not enabled by default on client versions of Windows
#

---------------  S U M M A R Y ------------

Command Line: --add-opens=java.base/java.util=ALL-UNNAMED --add-opens=java.base/java.lang=ALL-UNNAMED --add-opens=java.base/java.lang.invoke=ALL-UNNAMED --add-opens=java.prefs/java.util.prefs=ALL-UNNAMED --add-exports=jdk.compiler/com.sun.tools.javac.api=ALL-UNNAMED --add-exports=jdk.compiler/com.sun.tools.javac.util=ALL-UNNAMED --add-opens=java.base/java.nio.charset=ALL-UNNAMED --add-opens=java.base/java.net=ALL-UNNAMED --add-opens=java.base/java.util.concurrent.atomic=ALL-UNNAMED -XX:MaxMetaspaceSize=384m -XX:+HeapDumpOnOutOfMemoryError -Xms256m -Xmx512m -Dfile.encoding=utf8 -Duser.country=US -Duser.language=en -Duser.variant -javaagent:C:\Users\admoi\.gradle\wrapper\dists\gradle-8.9-bin\90cnw93cvbtalezasaz0blq0a\gradle-8.9\lib\agents\gradle-instrumentation-agent-8.9.jar org.gradle.launcher.daemon.bootstrap.GradleDaemon 8.9

Host: 12th Gen Intel(R) Core(TM) i5-12500H, 16 cores, 15G,  Windows 11 , 64 bit Build 26100 (10.0.26100.9168)
Time: Tue Sep  8 21:04:51 2026 SE Asia Standard Time elapsed time: 29.227190 seconds (0d 0h 0m 29s)

---------------  T H R E A D  ---------------

Current thread (0x00000167c225e150):  JavaThread "Daemon worker"        [_thread_in_vm, id=31216, stack(0x00000049fac00000,0x00000049fad00000) (1024K)]

Stack: [0x00000049fac00000,0x00000049fad00000]
Native frames: (J=compiled Java code, j=interpreted, Vv=VM code, C=native code)
V  [jvm.dll+0x6d83e9]
V  [jvm.dll+0x8b5736]
V  [jvm.dll+0x8b7cee]
V  [jvm.dll+0x8b83d3]
V  [jvm.dll+0x284596]
V  [jvm.dll+0x8b147e]
V  [jvm.dll+0x679ad4]
V  [jvm.dll+0x1e849b]
V  [jvm.dll+0x1e825e]
V  [jvm.dll+0x67c3d2]
V  [jvm.dll+0x67c202]
V  [jvm.dll+0x67a4ae]
V  [jvm.dll+0x26e440]
V  [jvm.dll+0x684715]
V  [jvm.dll+0x21973e]
V  [jvm.dll+0x219be5]
V  [jvm.dll+0x21a5d8]
V  [jvm.dll+0x20f80e]
V  [jvm.dll+0x5b6a7f]
V  [jvm.dll+0x82f606]
V  [jvm.dll+0x4792f8]
V  [jvm.dll+0x47f128]
C  [java.dll+0x17ec]

Java frames: (J=compiled Java code, j=interpreted, Vv=VM code)
J 845  java.lang.ClassLoader.defineClass1(Ljava/lang/ClassLoader;Ljava/lang/String;[BIILjava/security/ProtectionDomain;Ljava/lang/String;)Ljava/lang/Class; java.base@21.0.12.1 (0 bytes) @ 0x00000167b6b42211 [0x00000167b6b42140+0x00000000000000d1]
J 1084 c1 java.lang.ClassLoader.defineClass(Ljava/lang/String;[BIILjava/security/ProtectionDomain;)Ljava/lang/Class; java.base@21.0.12.1 (43 bytes) @ 0x00000167af1232f4 [0x00000167af122fa0+0x0000000000000354]
J 1097 c1 java.security.SecureClassLoader.defineClass(Ljava/lang/String;[BIILjava/security/CodeSource;)Ljava/lang/Class; java.base@21.0.12.1 (16 bytes) @ 0x00000167af12951c [0x00000167af129440+0x00000000000000dc]
J 3970 c2 java.net.URLClassLoader.findClass(Ljava/lang/String;)Ljava/lang/Class; java.base@21.0.12.1 (47 bytes) @ 0x00000167b6d40684 [0x00000167b6d3e460+0x0000000000002224]
J 4689 c1 java.lang.ClassLoader.loadClass(Ljava/lang/String;Z)Ljava/lang/Class; java.base@21.0.12.1 (121 bytes) @ 0x00000167aef65d8c [0x00000167aef65b60+0x000000000000022c]
J 4923 c2 java.lang.ClassLoader.loadClass(Ljava/lang/String;)Ljava/lang/Class; java.base@21.0.12.1 (7 bytes) @ 0x00000167b6b6c2ec [0x00000167b6b6c2a0+0x000000000000004c]
v  ~StubRoutines::call_stub 0x00000167b63a100d
J 845  java.lang.ClassLoader.defineClass1(Ljava/lang/ClassLoader;Ljava/lang/String;[BIILjava/security/ProtectionDomain;Ljava/lang/String;)Ljava/lang/Class; java.base@21.0.12.1 (0 bytes) @ 0x00000167b6b42211 [0x00000167b6b42140+0x00000000000000d1]
J 1084 c1 java.lang.ClassLoader.defineClass(Ljava/lang/String;[BIILjava/security/ProtectionDomain;)Ljava/lang/Class; java.base@21.0.12.1 (43 bytes) @ 0x00000167af1232f4 [0x00000167af122fa0+0x0000000000000354]
J 1097 c1 java.security.SecureClassLoader.defineClass(Ljava/lang/String;[BIILjava/security/CodeSource;)Ljava/lang/Class; java.base@21.0.12.1 (16 bytes) @ 0x00000167af12951c [0x00000167af129440+0x00000000000000dc]
J 3970 c2 java.net.URLClassLoader.findClass(Ljava/lang/String;)Ljava/lang/Class; java.base@21.0.12.1 (47 bytes) @ 0x00000167b6d40684 [0x00000167b6d3e460+0x0000000000002224]
J 4689 c1 java.lang.ClassLoader.loadClass(Ljava/lang/String;Z)Ljava/lang/Class; java.base@21.0.12.1 (121 bytes) @ 0x00000167aef65d8c [0x00000167aef65b60+0x000000000000022c]
J 4689 c1 java.lang.ClassLoader.loadClass(Ljava/lang/String;Z)Ljava/lang/Class; java.base@21.0.12.1 (121 bytes) @ 0x00000167aef65ccc [0x00000167aef65b60+0x000000000000016c]
J 4923 c2 java.lang.ClassLoader.loadClass(Ljava/lang/String;)Ljava/lang/Class; java.base@21.0.12.1 (7 bytes) @ 0x00000167b6b6c2ec [0x00000167b6b6c2a0+0x000000000000004c]
v  ~StubRoutines::call_stub 0x00000167b63a100d
j  org.gradle.kotlin.dsl.tooling.builders.KotlinBuildScriptTemplateModelBuilder.<clinit>()V+26
v  ~StubRoutines::call_stub 0x00000167b63a100d
j  org.gradle.kotlin.dsl.tooling.builders.internal.KotlinScriptingModelBuildersRegistrationAction.execute(Lorg/gradle/api/internal/project/ProjectInternal;)V+117
j  org.gradle.kotlin.dsl.tooling.builders.internal.KotlinScriptingModelBuildersRegistrationAction.execute(Ljava/lang/Object;)V+5
j  org.gradle.configuration.project.PluginsProjectConfigureActions.execute(Lorg/gradle/api/internal/project/ProjectInternal;)V+31
j  org.gradle.configuration.project.PluginsProjectConfigureActions.execute(Ljava/lang/Object;)V+5
j  org.gradle.configuration.project.ConfigureActionsProjectEvaluator.evaluate(Lorg/gradle/api/internal/project/ProjectInternal;Lorg/gradle/api/internal/project/ProjectStateInternal;)V+33
j  org.gradle.configuration.project.LifecycleProjectEvaluator$EvaluateProject.lambda$run$0(Lorg/gradle/internal/operations/BuildOperationContext;Lorg/gradle/api/internal/project/ProjectInternal;)V+67
j  org.gradle.configuration.project.LifecycleProjectEvaluator$EvaluateProject$$Lambda+0x00000167c4644000.accept(Ljava/lang/Object;)V+12
j  org.gradle.api.internal.project.DefaultProjectStateRegistry$ProjectStateImpl.lambda$applyToMutableState$1(Ljava/util/function/Consumer;Lorg/gradle/api/internal/project/ProjectInternal;)Ljava/lang/Object;+2
j  org.gradle.api.internal.project.DefaultProjectStateRegistry$ProjectStateImpl$$Lambda+0x00000167c4637b48.apply(Ljava/lang/Object;)Ljava/lang/Object;+8
j  org.gradle.api.internal.project.DefaultProjectStateRegistry$ProjectStateImpl.lambda$fromMutableState$2(Ljava/util/function/Function;)Ljava/lang/Object;+5
j  org.gradle.api.internal.project.DefaultProjectStateRegistry$ProjectStateImpl$$Lambda+0x00000167c4637d90.create()Ljava/lang/Object;+8
j  org.gradle.internal.work.DefaultWorkerLeaseService.withReplacedLocks(Ljava/util/Collection;Lorg/gradle/internal/resources/ResourceLock;Lorg/gradle/internal/Factory;)Ljava/lang/Object;+40
j  org.gradle.api.internal.project.DefaultProjectStateRegistry$ProjectStateImpl.fromMutableState(Ljava/util/function/Function;)Ljava/lang/Object;+132
j  org.gradle.api.internal.project.DefaultProjectStateRegistry$ProjectStateImpl.applyToMutableState(Ljava/util/function/Consumer;)V+7
j  org.gradle.configuration.project.LifecycleProjectEvaluator$EvaluateProject.run(Lorg/gradle/internal/operations/BuildOperationContext;)V+16
j  org.gradle.internal.operations.DefaultBuildOperationRunner$1.execute(Lorg/gradle/internal/operations/RunnableBuildOperation;Lorg/gradle/internal/operations/BuildOperationContext;)V+2
j  org.gradle.internal.operations.DefaultBuildOperationRunner$1.execute(Lorg/gradle/internal/operations/BuildOperation;Lorg/gradle/internal/operations/BuildOperationContext;)V+6
j  org.gradle.internal.operations.DefaultBuildOperationRunner$2.execute(Lorg/gradle/internal/operations/BuildOperationDescriptor;Lorg/gradle/internal/operations/BuildOperationState;Lorg/gradle/internal/operations/BuildOperationState;Lorg/gradle/internal/operations/DefaultBuildOperationRunner$ReadableBuildOperationContext;Lorg/gradle/internal/operations/DefaultBuildOperationRunner$BuildOperationExecutionListener;)Lorg/gradle/internal/operations/BuildOperation;+22
j  org.gradle.internal.operations.DefaultBuildOperationRunner$2.execute(Lorg/gradle/internal/operations/BuildOperationDescriptor;Lorg/gradle/internal/operations/BuildOperationState;Lorg/gradle/internal/operations/BuildOperationState;Lorg/gradle/internal/operations/DefaultBuildOperationRunner$ReadableBuildOperationContext;Lorg/gradle/internal/operations/DefaultBuildOperationRunner$BuildOperationExecutionListener;)Ljava/lang/Object;+8
j  org.gradle.internal.operations.DefaultBuildOperationRunner.execute(Lorg/gradle/internal/operations/BuildOperationDescriptor$Builder;Lorg/gradle/internal/operations/BuildOperationState;Lorg/gradle/internal/operations/DefaultBuildOperationRunner$BuildOperationExecution;)Ljava/lang/Object;+141
j  org.gradle.internal.operations.DefaultBuildOperationRunner.execute(Lorg/gradle/internal/operations/BuildOperation;Lorg/gradle/internal/operations/BuildOperationWorker;Lorg/gradle/internal/operations/BuildOperationState;)V+18
j  org.gradle.internal.operations.DefaultBuildOperationRunner.run(Lorg/gradle/internal/operations/RunnableBuildOperation;)V+9
j  org.gradle.configuration.project.LifecycleProjectEvaluator.evaluate(Lorg/gradle/api/internal/project/ProjectInternal;Lorg/gradle/api/internal/project/ProjectStateInternal;)V+42
j  org.gradle.api.internal.project.DefaultProject.evaluate()Lorg/gradle/api/internal/project/DefaultProject;+9
j  org.gradle.api.internal.project.DefaultProject.evaluate()Lorg/gradle/api/Project;+1
j  org.gradle.api.internal.project.ProjectLifecycleController.lambda$ensureSelfConfigured$2()V+4
j  org.gradle.api.internal.project.ProjectLifecycleController$$Lambda+0x00000167c463e640.run()V+4
j  org.gradle.internal.model.StateTransitionController.lambda$doTransition$14(Ljava/lang/Runnable;)Lorg/gradle/internal/build/ExecutionResult;+1
j  org.gradle.internal.model.StateTransitionController$$Lambda+0x00000167c43a9c78.get()Ljava/lang/Object;+4
j  org.gradle.internal.model.StateTransitionController.doTransition(Lorg/gradle/internal/model/StateTransitionController$State;Lorg/gradle/internal/model/StateTransitionController$State;Ljava/util/function/Supplier;)Lorg/gradle/internal/build/ExecutionResult;+24
j  org.gradle.internal.model.StateTransitionController.doTransition(Lorg/gradle/internal/model/StateTransitionController$State;Lorg/gradle/internal/model/StateTransitionController$State;Ljava/lang/Runnable;)V+9
j  org.gradle.internal.model.StateTransitionController.lambda$maybeTransitionIfNotCurrentlyTransitioning$10(Lorg/gradle/internal/model/StateTransitionController$State;Lorg/gradle/internal/model/StateTransitionController$State;Ljava/lang/Runnable;)V+16
j  org.gradle.internal.model.StateTransitionController$$Lambda+0x00000167c463e868.run()V+16
j  org.gradle.internal.work.DefaultSynchronizer.withLock(Ljava/lang/Runnable;)V+6
j  org.gradle.internal.model.StateTransitionController.maybeTransitionIfNotCurrentlyTransitioning(Lorg/gradle/internal/model/StateTransitionController$State;Lorg/gradle/internal/model/StateTransitionController$State;Ljava/lang/Runnable;)V+13
j  org.gradle.api.internal.project.ProjectLifecycleController.ensureSelfConfigured()V+16
j  org.gradle.api.internal.project.DefaultProjectStateRegistry$ProjectStateImpl.ensureConfigured()V+19
j  org.gradle.execution.TaskPathProjectEvaluator.configure(Lorg/gradle/api/internal/project/ProjectInternal;)V+6
j  org.gradle.execution.TaskPathProjectEvaluator.configureHierarchy(Lorg/gradle/api/internal/project/ProjectInternal;)V+2
j  org.gradle.configuration.DefaultProjectsPreparer.prepareProjects(Lorg/gradle/api/internal/GradleInternal;)V+29
j  org.gradle.configuration.BuildTreePreparingProjectsPreparer.prepareProjects(Lorg/gradle/api/internal/GradleInternal;)V+114
j  org.gradle.configuration.BuildOperationFiringProjectsPreparer$ConfigureBuild.run(Lorg/gradle/internal/operations/BuildOperationContext;)V+11
j  org.gradle.internal.operations.DefaultBuildOperationRunner$1.execute(Lorg/gradle/internal/operations/RunnableBuildOperation;Lorg/gradle/internal/operations/BuildOperationContext;)V+2
j  org.gradle.internal.operations.DefaultBuildOperationRunner$1.execute(Lorg/gradle/internal/operations/BuildOperation;Lorg/gradle/internal/operations/BuildOperationContext;)V+6
j  org.gradle.internal.operations.DefaultBuildOperationRunner$2.execute(Lorg/gradle/internal/operations/BuildOperationDescriptor;Lorg/gradle/internal/operations/BuildOperationState;Lorg/gradle/internal/operations/BuildOperationState;Lorg/gradle/internal/operations/DefaultBuildOperationRunner$ReadableBuildOperationContext;Lorg/gradle/internal/operations/DefaultBuildOperationRunner$BuildOperationExecutionListener;)Lorg/gradle/internal/operations/BuildOperation;+22
j  org.gradle.internal.operations.DefaultBuildOperationRunner$2.execute(Lorg/gradle/internal/operations/BuildOperationDescriptor;Lorg/gradle/internal/operations/BuildOperationState;Lorg/gradle/internal/operations/BuildOperationState;Lorg/gradle/internal/operations/DefaultBuildOperationRunner$ReadableBuildOperationContext;Lorg/gradle/internal/operations/DefaultBuildOperationRunner$BuildOperationExecutionListener;)Ljava/lang/Object;+8
j  org.gradle.internal.operations.DefaultBuildOperationRunner.execute(Lorg/gradle/internal/operations/BuildOperationDescriptor$Builder;Lorg/gradle/internal/operations/BuildOperationState;Lorg/gradle/internal/operations/DefaultBuildOperationRunner$BuildOperationExecution;)Ljava/lang/Object;+141
j  org.gradle.internal.operations.DefaultBuildOperationRunner.execute(Lorg/gradle/internal/operations/BuildOperation;Lorg/gradle/internal/operations/BuildOperationWorker;Lorg/gradle/internal/operations/BuildOperationState;)V+18
j  org.gradle.internal.operations.DefaultBuildOperationRunner.run(Lorg/gradle/internal/operations/RunnableBuildOperation;)V+9
j  org.gradle.configuration.BuildOperationFiringProjectsPreparer.prepareProjects(Lorg/gradle/api/internal/GradleInternal;)V+13
j  org.gradle.initialization.VintageBuildModelController.lambda$prepareProjects$2()V+8
j  org.gradle.initialization.VintageBuildModelController$$Lambda+0x00000167c460aa50.run()V+4
j  org.gradle.internal.model.StateTransitionController.lambda$doTransition$14(Ljava/lang/Runnable;)Lorg/gradle/internal/build/ExecutionResult;+1
j  org.gradle.internal.model.StateTransitionController$$Lambda+0x00000167c43a9c78.get()Ljava/lang/Object;+4
j  org.gradle.internal.model.StateTransitionController.doTransition(Lorg/gradle/internal/model/StateTransitionController$State;Lorg/gradle/internal/model/StateTransitionController$State;Ljava/util/function/Supplier;)Lorg/gradle/internal/build/ExecutionResult;+24
j  org.gradle.internal.model.StateTransitionController.doTransition(Lorg/gradle/internal/model/StateTransitionController$State;Lorg/gradle/internal/model/StateTransitionController$State;Ljava/lang/Runnable;)V+9
j  org.gradle.internal.model.StateTransitionController.lambda$transitionIfNotPreviously$11(Lorg/gradle/internal/model/StateTransitionController$State;Lorg/gradle/internal/model/StateTransitionController$State;Ljava/lang/Runnable;)V+16
j  org.gradle.internal.model.StateTransitionController$$Lambda+0x00000167c43b4228.run()V+16
j  org.gradle.internal.work.DefaultSynchronizer.withLock(Ljava/lang/Runnable;)V+6
j  org.gradle.internal.model.StateTransitionController.transitionIfNotPreviously(Lorg/gradle/internal/model/StateTransitionController$State;Lorg/gradle/internal/model/StateTransitionController$State;Ljava/lang/Runnable;)V+13
j  org.gradle.initialization.VintageBuildModelController.prepareProjects()V+16
j  org.gradle.initialization.VintageBuildModelController.prepareToScheduleTasks()V+5
j  org.gradle.internal.build.DefaultBuildLifecycleController.lambda$prepareToScheduleTasks$6()V+9
j  org.gradle.internal.build.DefaultBuildLifecycleController$$Lambda+0x00000167c43a9828.run()V+4
j  org.gradle.internal.model.StateTransitionController.lambda$doTransition$14(Ljava/lang/Runnable;)Lorg/gradle/internal/build/ExecutionResult;+1
j  org.gradle.internal.model.StateTransitionController$$Lambda+0x00000167c43a9c78.get()Ljava/lang/Object;+4
j  org.gradle.internal.model.StateTransitionController.doTransition(Lorg/gradle/internal/model/StateTransitionController$State;Lorg/gradle/internal/model/StateTransitionController$State;Ljava/util/function/Supplier;)Lorg/gradle/internal/build/ExecutionResult;+24
j  org.gradle.internal.model.StateTransitionController.doTransition(Lorg/gradle/internal/model/StateTransitionController$State;Lorg/gradle/internal/model/StateTransitionController$State;Ljava/lang/Runnable;)V+9
j  org.gradle.internal.model.StateTransitionController.lambda$maybeTransition$9(Lorg/gradle/internal/model/StateTransitionController$State;Lorg/gradle/internal/model/StateTransitionController$State;Ljava/lang/Runnable;)V+16
j  org.gradle.internal.model.StateTransitionController$$Lambda+0x00000167c43a9a50.run()V+16
j  org.gradle.internal.work.DefaultSynchronizer.withLock(Ljava/lang/Runnable;)V+6
j  org.gradle.internal.model.StateTransitionController.maybeTransition(Lorg/gradle/internal/model/StateTransitionController$State;Lorg/gradle/internal/model/StateTransitionController$State;Ljava/lang/Runnable;)V+13
j  org.gradle.internal.build.DefaultBuildLifecycleController.prepareToScheduleTasks()V+16
j  org.gradle.internal.buildtree.DefaultBuildTreeWorkPreparer.scheduleRequestedTasks(Lorg/gradle/internal/buildtree/BuildTreeWorkGraph;Lorg/gradle/execution/EntryTaskSelector;)Lorg/gradle/internal/buildtree/BuildTreeWorkGraph$FinalizedGraph;+4
j  org.gradle.internal.cc.impl.VintageBuildTreeWorkController$scheduleAndRunRequestedTasks$1.apply(Lorg/gradle/internal/buildtree/BuildTreeWorkGraph;)Lorg/gradle/internal/build/ExecutionResult;+18
j  org.gradle.internal.cc.impl.VintageBuildTreeWorkController$scheduleAndRunRequestedTasks$1.apply(Ljava/lang/Object;)Ljava/lang/Object;+5
j  org.gradle.composite.internal.DefaultIncludedBuildTaskGraph.withNewWorkGraph(Ljava/util/function/Function;)Ljava/lang/Object;+30
j  org.gradle.internal.cc.impl.VintageBuildTreeWorkController.scheduleAndRunRequestedTasks(Lorg/gradle/execution/EntryTaskSelector;)Lorg/gradle/internal/build/ExecutionResult;+16
j  org.gradle.internal.buildtree.DefaultBuildTreeLifecycleController.lambda$scheduleAndRunTasks$1(Lorg/gradle/execution/EntryTaskSelector;)Lorg/gradle/internal/build/ExecutionResult;+5
j  org.gradle.internal.buildtree.DefaultBuildTreeLifecycleController$$Lambda+0x00000167c43ab890.get()Ljava/lang/Object;+8
j  org.gradle.internal.buildtree.DefaultBuildTreeLifecycleController.lambda$runBuild$4(Ljava/util/function/Supplier;)Ljava/lang/Object;+1
j  org.gradle.internal.buildtree.DefaultBuildTreeLifecycleController$$Lambda+0x00000167c43abab8.get()Ljava/lang/Object;+8
j  org.gradle.internal.model.StateTransitionController.lambda$transition$6(Ljava/util/function/Supplier;)Lorg/gradle/internal/build/ExecutionResult;+1
j  org.gradle.internal.model.StateTransitionController$$Lambda+0x00000167c43a9000.get()Ljava/lang/Object;+4
j  org.gradle.internal.model.StateTransitionController.doTransition(Lorg/gradle/internal/model/StateTransitionController$State;Lorg/gradle/internal/model/StateTransitionController$State;Ljava/util/function/Supplier;)Lorg/gradle/internal/build/ExecutionResult;+24
j  org.gradle.internal.model.StateTransitionController.lambda$transition$7(Lorg/gradle/internal/model/StateTransitionController$State;Lorg/gradle/internal/model/StateTransitionController$State;Ljava/util/function/Supplier;)Ljava/lang/Object;+9
j  org.gradle.internal.model.StateTransitionController$$Lambda+0x00000167c43abce0.create()Ljava/lang/Object;+16
j  org.gradle.internal.work.DefaultSynchronizer.withLock(Lorg/gradle/internal/Factory;)Ljava/lang/Object;+6
j  org.gradle.internal.model.StateTransitionController.transition(Lorg/gradle/internal/model/StateTransitionController$State;Lorg/gradle/internal/model/StateTransitionController$State;Ljava/util/function/Supplier;)Ljava/lang/Object;+13
j  org.gradle.internal.buildtree.DefaultBuildTreeLifecycleController.runBuild(Ljava/util/function/Supplier;)Ljava/lang/Object;+17
j  org.gradle.internal.buildtree.DefaultBuildTreeLifecycleController.scheduleAndRunTasks(Lorg/gradle/execution/EntryTaskSelector;)V+8
j  org.gradle.internal.buildtree.DefaultBuildTreeLifecycleController.scheduleAndRunTasks()V+2
j  org.gradle.tooling.internal.provider.runner.BuildModelActionRunner.run(Lorg/gradle/internal/invocation/BuildAction;Lorg/gradle/internal/buildtree/BuildTreeLifecycleController;)Lorg/gradle/internal/buildtree/BuildActionRunner$Result;+65
j  org.gradle.launcher.exec.ChainingBuildActionRunner.run(Lorg/gradle/internal/invocation/BuildAction;Lorg/gradle/internal/buildtree/BuildTreeLifecycleController;)Lorg/gradle/internal/buildtree/BuildActionRunner$Result;+34
j  org.gradle.internal.buildtree.ProblemReportingBuildActionRunner.run(Lorg/gradle/internal/invocation/BuildAction;Lorg/gradle/internal/buildtree/BuildTreeLifecycleController;)Lorg/gradle/internal/buildtree/BuildActionRunner$Result;+12
j  org.gradle.launcher.exec.BuildOutcomeReportingBuildActionRunner.run(Lorg/gradle/internal/invocation/BuildAction;Lorg/gradle/internal/buildtree/BuildTreeLifecycleController;)Lorg/gradle/internal/buildtree/BuildActionRunner$Result;+69
j  org.gradle.tooling.internal.provider.FileSystemWatchingBuildActionRunner.run(Lorg/gradle/internal/invocation/BuildAction;Lorg/gradle/internal/buildtree/BuildTreeLifecycleController;)Lorg/gradle/internal/buildtree/BuildActionRunner$Result;+335
j  org.gradle.launcher.exec.BuildCompletionNotifyingBuildActionRunner.run(Lorg/gradle/internal/invocation/BuildAction;Lorg/gradle/internal/buildtree/BuildTreeLifecycleController;)Lorg/gradle/internal/buildtree/BuildActionRunner$Result;+6
j  org.gradle.launcher.exec.RootBuildLifecycleBuildActionExecutor.lambda$execute$0(Lorg/gradle/internal/invocation/BuildAction;Lorg/gradle/internal/buildtree/BuildTreeLifecycleController;)Lorg/gradle/internal/buildtree/BuildActionRunner$Result;+6
j  org.gradle.launcher.exec.RootBuildLifecycleBuildActionExecutor$$Lambda+0x00000167c4397c48.apply(Ljava/lang/Object;)Ljava/lang/Object;+12
j  org.gradle.composite.internal.DefaultRootBuildState.run(Ljava/util/function/Function;)Ljava/lang/Object;+87
j  org.gradle.launcher.exec.RootBuildLifecycleBuildActionExecutor.execute(Lorg/gradle/internal/invocation/BuildAction;Lorg/gradle/internal/buildtree/BuildTreeContext;)Lorg/gradle/internal/buildtree/BuildActionRunner$Result;+28
j  org.gradle.internal.buildtree.InitDeprecationLoggingActionExecutor.execute(Lorg/gradle/internal/invocation/BuildAction;Lorg/gradle/internal/buildtree/BuildTreeContext;)Lorg/gradle/internal/buildtree/BuildActionRunner$Result;+83
j  org.gradle.internal.buildtree.InitProblems.execute(Lorg/gradle/internal/invocation/BuildAction;Lorg/gradle/internal/buildtree/BuildTreeContext;)Lorg/gradle/internal/buildtree/BuildActionRunner$Result;+13
j  org.gradle.internal.buildtree.DefaultBuildTreeContext.execute(Lorg/gradle/internal/invocation/BuildAction;)Lorg/gradle/internal/buildtree/BuildActionRunner$Result;+64
j  org.gradle.launcher.exec.BuildTreeLifecycleBuildActionExecutor.lambda$execute$0(Lorg/gradle/internal/invocation/BuildAction;Lorg/gradle/internal/buildtree/BuildTreeContext;)Lorg/gradle/internal/buildtree/BuildActionRunner$Result;+2
j  org.gradle.launcher.exec.BuildTreeLifecycleBuildActionExecutor$$Lambda+0x00000167c42a1738.apply(Ljava/lang/Object;)Ljava/lang/Object;+8
j  org.gradle.internal.buildtree.BuildTreeState.run(Ljava/util/function/Function;)Ljava/lang/Object;+45
j  org.gradle.launcher.exec.BuildTreeLifecycleBuildActionExecutor.execute(Lorg/gradle/internal/invocation/BuildAction;Lorg/gradle/internal/session/BuildSessionContext;)Lorg/gradle/internal/buildtree/BuildActionRunner$Result;+74
j  org.gradle.launcher.exec.RunAsBuildOperationBuildActionExecutor$3.call(Lorg/gradle/internal/operations/BuildOperationContext;)Lorg/gradle/internal/buildtree/BuildActionRunner$Result;+25
j  org.gradle.launcher.exec.RunAsBuildOperationBuildActionExecutor$3.call(Lorg/gradle/internal/operations/BuildOperationContext;)Ljava/lang/Object;+2
j  org.gradle.internal.operations.DefaultBuildOperationRunner$CallableBuildOperationWorker.execute(Lorg/gradle/internal/operations/CallableBuildOperation;Lorg/gradle/internal/operations/BuildOperationContext;)V+3
j  org.gradle.internal.operations.DefaultBuildOperationRunner$CallableBuildOperationWorker.execute(Lorg/gradle/internal/operations/BuildOperation;Lorg/gradle/internal/operations/BuildOperationContext;)V+6
j  org.gradle.internal.operations.DefaultBuildOperationRunner$2.execute(Lorg/gradle/internal/operations/BuildOperationDescriptor;Lorg/gradle/internal/operations/BuildOperationState;Lorg/gradle/internal/operations/BuildOperationState;Lorg/gradle/internal/operations/DefaultBuildOperationRunner$ReadableBuildOperationContext;Lorg/gradle/internal/operations/DefaultBuildOperationRunner$BuildOperationExecutionListener;)Lorg/gradle/internal/operations/BuildOperation;+22
j  org.gradle.internal.operations.DefaultBuildOperationRunner$2.execute(Lorg/gradle/internal/operations/BuildOperationDescriptor;Lorg/gradle/internal/operations/BuildOperationState;Lorg/gradle/internal/operations/BuildOperationState;Lorg/gradle/internal/operations/DefaultBuildOperationRunner$ReadableBuildOperationContext;Lorg/gradle/internal/operations/DefaultBuildOperationRunner$BuildOperationExecutionListener;)Ljava/lang/Object;+8
j  org.gradle.internal.operations.DefaultBuildOperationRunner.execute(Lorg/gradle/internal/operations/BuildOperationDescriptor$Builder;Lorg/gradle/internal/operations/BuildOperationState;Lorg/gradle/internal/operations/DefaultBuildOperationRunner$BuildOperationExecution;)Ljava/lang/Object;+141
j  org.gradle.internal.operations.DefaultBuildOperationRunner.execute(Lorg/gradle/internal/operations/BuildOperation;Lorg/gradle/internal/operations/BuildOperationWorker;Lorg/gradle/internal/operations/BuildOperationState;)V+18
j  org.gradle.internal.operations.DefaultBuildOperationRunner.call(Lorg/gradle/internal/operations/CallableBuildOperation;)Ljava/lang/Object;+16
j  org.gradle.launcher.exec.RunAsBuildOperationBuildActionExecutor.execute(Lorg/gradle/internal/invocation/BuildAction;Lorg/gradle/internal/session/BuildSessionContext;)Lorg/gradle/internal/buildtree/BuildActionRunner$Result;+23
j  org.gradle.launcher.exec.RunAsWorkerThreadBuildActionExecutor.lambda$execute$0(Lorg/gradle/internal/invocation/BuildAction;Lorg/gradle/internal/session/BuildSessionContext;)Lorg/gradle/internal/buildtree/BuildActionRunner$Result;+6
j  org.gradle.launcher.exec.RunAsWorkerThreadBuildActionExecutor$$Lambda+0x00000167c426f740.create()Ljava/lang/Object;+12
j  org.gradle.internal.work.DefaultWorkerLeaseService.withLocks(Ljava/util/Collection;Lorg/gradle/internal/Factory;)Ljava/lang/Object;+28
j  org.gradle.internal.work.DefaultWorkerLeaseService.runAsWorkerThread(Lorg/gradle/internal/Factory;)Ljava/lang/Object;+33
j  org.gradle.launcher.exec.RunAsWorkerThreadBuildActionExecutor.execute(Lorg/gradle/internal/invocation/BuildAction;Lorg/gradle/internal/session/BuildSessionContext;)Lorg/gradle/internal/buildtree/BuildActionRunner$Result;+12
j  org.gradle.tooling.internal.provider.continuous.ContinuousBuildActionExecutor.execute(Lorg/gradle/internal/invocation/BuildAction;Lorg/gradle/internal/session/BuildSessionContext;)Lorg/gradle/internal/buildtree/BuildActionRunner$Result;+58
j  org.gradle.tooling.internal.provider.SubscribableBuildActionExecutor.execute(Lorg/gradle/internal/invocation/BuildAction;Lorg/gradle/internal/session/BuildSessionContext;)Lorg/gradle/internal/buildtree/BuildActionRunner$Result;+30
j  org.gradle.internal.session.DefaultBuildSessionContext.execute(Lorg/gradle/internal/invocation/BuildAction;)Lorg/gradle/internal/buildtree/BuildActionRunner$Result;+64
j  org.gradle.internal.buildprocess.execution.BuildSessionLifecycleBuildActionExecutor$ActionImpl.apply(Lorg/gradle/internal/session/BuildSessionContext;)Lorg/gradle/launcher/exec/BuildActionResult;+6
j  org.gradle.internal.buildprocess.execution.BuildSessionLifecycleBuildActionExecutor$ActionImpl.apply(Ljava/lang/Object;)Ljava/lang/Object;+5
j  org.gradle.internal.session.BuildSessionState.run(Ljava/util/function/Function;)Ljava/lang/Object;+5
j  org.gradle.internal.buildprocess.execution.BuildSessionLifecycleBuildActionExecutor.execute(Lorg/gradle/internal/invocation/BuildAction;Lorg/gradle/launcher/exec/BuildActionParameters;Lorg/gradle/initialization/BuildRequestContext;)Lorg/gradle/launcher/exec/BuildActionResult;+95
j  org.gradle.internal.buildprocess.execution.BuildSessionLifecycleBuildActionExecutor.execute(Lorg/gradle/internal/invocation/BuildAction;Ljava/lang/Object;Ljava/lang/Object;)Lorg/gradle/launcher/exec/BuildActionResult;+10
j  org.gradle.internal.buildprocess.execution.StartParamsValidatingActionExecutor.execute(Lorg/gradle/internal/invocation/BuildAction;Lorg/gradle/launcher/exec/BuildActionParameters;Lorg/gradle/initialization/BuildRequestContext;)Lorg/gradle/launcher/exec/BuildActionResult;+203
j  org.gradle.internal.buildprocess.execution.StartParamsValidatingActionExecutor.execute(Lorg/gradle/internal/invocation/BuildAction;Ljava/lang/Object;Ljava/lang/Object;)Lorg/gradle/launcher/exec/BuildActionResult;+10
j  org.gradle.internal.buildprocess.execution.SessionFailureReportingActionExecutor.execute(Lorg/gradle/internal/invocation/BuildAction;Lorg/gradle/launcher/exec/BuildActionParameters;Lorg/gradle/initialization/BuildRequestContext;)Lorg/gradle/launcher/exec/BuildActionResult;+7
j  org.gradle.internal.buildprocess.execution.SessionFailureReportingActionExecutor.execute(Lorg/gradle/internal/invocation/BuildAction;Ljava/lang/Object;Ljava/lang/Object;)Lorg/gradle/launcher/exec/BuildActionResult;+10
j  org.gradle.internal.buildprocess.execution.SetupLoggingActionExecutor.execute(Lorg/gradle/internal/invocation/BuildAction;Lorg/gradle/launcher/exec/BuildActionParameters;Lorg/gradle/initialization/BuildRequestContext;)Lorg/gradle/launcher/exec/BuildActionResult;+50
j  org.gradle.internal.buildprocess.execution.SetupLoggingActionExecutor.execute(Lorg/gradle/internal/invocation/BuildAction;Ljava/lang/Object;Ljava/lang/Object;)Lorg/gradle/launcher/exec/BuildActionResult;+10
j  org.gradle.launcher.daemon.server.exec.ExecuteBuild.doBuild(Lorg/gradle/launcher/daemon/server/api/DaemonCommandExecution;Lorg/gradle/launcher/daemon/protocol/Build;)V+147
j  org.gradle.launcher.daemon.server.exec.BuildCommandOnly.execute(Lorg/gradle/launcher/daemon/server/api/DaemonCommandExecution;)V+49
j  org.gradle.launcher.daemon.server.api.DaemonCommandExecution.proceed()Z+23
j  org.gradle.launcher.daemon.server.exec.WatchForDisconnection.execute(Lorg/gradle/launcher/daemon/server/api/DaemonCommandExecution;)V+19
j  org.gradle.launcher.daemon.server.api.DaemonCommandExecution.proceed()Z+23
j  org.gradle.launcher.daemon.server.exec.ResetDeprecationLogger.execute(Lorg/gradle/launcher/daemon/server/api/DaemonCommandExecution;)V+7
j  org.gradle.launcher.daemon.server.api.DaemonCommandExecution.proceed()Z+23
j  org.gradle.launcher.daemon.server.exec.RequestStopIfSingleUsedDaemon.execute(Lorg/gradle/launcher/daemon/server/api/DaemonCommandExecution;)V+33
j  org.gradle.launcher.daemon.server.api.DaemonCommandExecution.proceed()Z+23
j  org.gradle.launcher.daemon.server.exec.ForwardClientInput.lambda$execute$0(Lorg/gradle/launcher/daemon/server/api/DaemonCommandExecution;Lorg/gradle/internal/daemon/clientinput/StdinHandler;)Ljava/lang/Object;+11
j  org.gradle.launcher.daemon.server.exec.ForwardClientInput$$Lambda+0x00000167c4189f30.apply(Ljava/lang/Object;)Ljava/lang/Object;+8
j  org.gradle.internal.daemon.clientinput.ClientInputForwarder.forwardInput(Ljava/util/function/Function;)Ljava/lang/Object;+46
j  org.gradle.launcher.daemon.server.exec.ForwardClientInput.execute(Lorg/gradle/launcher/daemon/server/api/DaemonCommandExecution;)V+10
j  org.gradle.launcher.daemon.server.api.DaemonCommandExecution.proceed()Z+23
j  org.gradle.launcher.daemon.server.exec.LogAndCheckHealth.execute(Lorg/gradle/launcher/daemon/server/api/DaemonCommandExecution;)V+51
j  org.gradle.launcher.daemon.server.api.DaemonCommandExecution.proceed()Z+23
j  org.gradle.launcher.daemon.server.exec.LogToClient.doBuild(Lorg/gradle/launcher/daemon/server/api/DaemonCommandExecution;Lorg/gradle/launcher/daemon/protocol/Build;)V+87
j  org.gradle.launcher.daemon.server.exec.BuildCommandOnly.execute(Lorg/gradle/launcher/daemon/server/api/DaemonCommandExecution;)V+49
j  org.gradle.launcher.daemon.server.api.DaemonCommandExecution.proceed()Z+23
j  org.gradle.launcher.daemon.server.exec.EstablishBuildEnvironment.doBuild(Lorg/gradle/launcher/daemon/server/api/DaemonCommandExecution;Lorg/gradle/launcher/daemon/protocol/Build;)V+356
j  org.gradle.launcher.daemon.server.exec.BuildCommandOnly.execute(Lorg/gradle/launcher/daemon/server/api/DaemonCommandExecution;)V+49
j  org.gradle.launcher.daemon.server.api.DaemonCommandExecution.proceed()Z+23
j  org.gradle.launcher.daemon.server.exec.StartBuildOrRespondWithBusy$1.run()V+44
j  org.gradle.launcher.daemon.server.DaemonStateCoordinator.lambda$runCommand$0(Ljava/lang/Runnable;)V+1
j  org.gradle.launcher.daemon.server.DaemonStateCoordinator$$Lambda+0x00000167c41888b8.run()V+8
j  org.gradle.internal.concurrent.ExecutorPolicy$CatchAndRecordFailures.onExecute(Ljava/lang/Runnable;)V+1
j  org.gradle.internal.concurrent.AbstractManagedExecutor$1.run()V+25
j  java.util.concurrent.ThreadPoolExecutor.runWorker(Ljava/util/concurrent/ThreadPoolExecutor$Worker;)V+92 java.base@21.0.12.1
j  java.util.concurrent.ThreadPoolExecutor$Worker.run()V+5 java.base@21.0.12.1
j  java.lang.Thread.runWith(Ljava/lang/Object;Ljava/lang/Runnable;)V+5 java.base@21.0.12.1
j  java.lang.Thread.run()V+19 java.base@21.0.12.1
v  ~StubRoutines::call_stub 0x00000167b63a100d

Compiled method (n/a) 29499  845     n 0       java.lang.ClassLoader::defineClass1 (native)
 total in heap  [0x00000167b6b41f90,0x00000167b6b42528] = 1432
 relocation     [0x00000167b6b420f0,0x00000167b6b42128] = 56
 main code      [0x00000167b6b42140,0x00000167b6b42521] = 993
 stub code      [0x00000167b6b42521,0x00000167b6b42528] = 7

[Constant Pool (empty)]

[MachCode]
[Entry Point]
  # {method} {0x00000167c3434c38} 'defineClass1' '(Ljava/lang/ClassLoader;Ljava/lang/String;[BIILjava/security/ProtectionDomain;Ljava/lang/String;)Ljava/lang/Class;' in 'java/lang/ClassLoader'
  # parm0:    rdx:rdx   = 'java/lang/ClassLoader'
  # parm1:    r8:r8     = 'java/lang/String'
  # parm2:    r9:r9     = '[B'
  # parm3:    rdi       = int
  # parm4:    rsi       = int
  # parm5:    rcx:rcx   = 'java/security/ProtectionDomain'
  # parm6:    [sp+0xa0]   = 'java/lang/String'  (sp of caller)
  0x00000167b6b42140: 448b 5208 | 49bb 0000 | 00c3 6701 | 0000 4d03 | d349 3bc2 | 0f84 0600 

  0x00000167b6b42158: ;   {runtime_call ic_miss_stub}
  0x00000167b6b42158: 0000 e921 | c68a ff90 
[Verified Entry Point]
  0x00000167b6b42160: 8984 2400 | 80ff ff55 | 488b ec48 | 81ec 9000 | 0000 6690 | 4181 7f20 | 0500 0000 

  0x00000167b6b4217c: ;   {runtime_call StubRoutines (final stubs)}
  0x00000167b6b4217c: 7405 e81d | 4389 ff48 | 837d 1000 | 488d 4510 | 480f 4445 | 1048 8944 | 2440 4889 | 4c24 7048 
  0x00000167b6b4219c: 83f9 0048 | 8d44 2470 | 480f 4444 | 2470 4889 | 4424 3848 | 8974 2430 | 4889 7c24 | 284c 894c 
  0x00000167b6b421bc: 2458 4983 | f900 488d | 4424 5848 | 0f44 4424 | 5848 8944 | 2420 4c89 | 4424 5049 | 83f8 004c 
  0x00000167b6b421dc: 8d4c 2450 | 4c0f 444c | 2450 4889 | 5424 4848 | 83fa 004c | 8d44 2448 | 4c0f 4444 

  0x00000167b6b421f8: ;   {oop(a 'java/lang/Class'{0x00000000e18ca4f0} = 'java/lang/ClassLoader')}
  0x00000167b6b421f8: 2448 49be | f0a4 8ce1 | 0000 0000 | 4c89 7424 | 784c 8d74 | 2478 498b | d6c5 f877 

  0x00000167b6b42214: ;   {internal_word}
  0x00000167b6b42214: 49ba 1122 | b4b6 6701 | 0000 4d89 | 97a8 0300 | 0049 89a7 | a003 0000 

  0x00000167b6b4222c: ;   {external_word}
  0x00000167b6b4222c: 49ba 066d | 816d fe7f | 0000 4180 | 3a00 0f84 | 4e00 0000 | 5241 5041 

  0x00000167b6b42244: ;   {metadata({method} {0x00000167c3434c38} 'defineClass1' '(Ljava/lang/ClassLoader;Ljava/lang/String;[BIILjava/security/ProtectionDomain;Ljava/lang/String;)Ljava/lang/Class;' in 'java/lang/ClassLoader')}
  0x00000167b6b42244: 5148 ba30 | 4c43 c367 | 0100 0049 | 8bcf 4883 | ec20 40f6 | c40f 0f84 | 1900 0000 | 4883 ec08 
  0x00000167b6b42264: ;   {runtime_call}
  0x00000167b6b42264: 48b8 e0ea | 2a6d fe7f | 0000 ffd0 | 4883 c408 | e90c 0000 

  0x00000167b6b42278: ;   {runtime_call}
  0x00000167b6b42278: 0048 b8e0 | ea2a 6dfe | 7f00 00ff | d048 83c4 | 2041 5941 | 585a 498d | 8fc0 0300 | 0041 c787 
  0x00000167b6b42298: 4c04 0000 | 0400 0000 

  0x00000167b6b422a0: ;   {runtime_call}
  0x00000167b6b422a0: 48b8 ac16 | 93d4 fe7f | 0000 ffd0 | c5f8 7741 | c787 4c04 | 0000 0500 | 0000 f083 | 4424 c000 
  0x00000167b6b422c0: 493b af50 | 0400 000f | 870e 0000 | 0041 83bf | 4804 0000 | 000f 842b | 0000 00c5 | f877 4889 
  0x00000167b6b422e0: 45f8 498b | cf4c 8be4 | 4883 ec20 | 4883 e4f0 

  0x00000167b6b422f0: ;   {runtime_call}
  0x00000167b6b422f0: 48b8 0058 | f66c fe7f | 0000 ffd0 | 498b e44d | 33e4 488b | 45f8 41c7 | 874c 0400 | 0008 0000 
  0x00000167b6b42310: 0041 83bf | c804 0000 | 020f 84d5 

  0x00000167b6b4231c: ;   {external_word}
  0x00000167b6b4231c: 0100 0049 | ba06 6d81 | 6dfe 7f00 | 0041 803a | 000f 844c | 0000 0048 

  0x00000167b6b42334: ;   {metadata({method} {0x00000167c3434c38} 'defineClass1' '(Ljava/lang/ClassLoader;Ljava/lang/String;[BIILjava/security/ProtectionDomain;Ljava/lang/String;)Ljava/lang/Class;' in 'java/lang/ClassLoader')}
  0x00000167b6b42334: 8945 f848 | ba30 4c43 | c367 0100 | 0049 8bcf | 4883 ec20 | 40f6 c40f | 0f84 1900 | 0000 4883 
  0x00000167b6b42354: ;   {runtime_call}
  0x00000167b6b42354: ec08 48b8 | e0ea 2a6d | fe7f 0000 | ffd0 4883 | c408 e90c 

  0x00000167b6b42368: ;   {runtime_call}
  0x00000167b6b42368: 0000 0048 | b8e0 ea2a | 6dfe 7f00 | 00ff d048 | 83c4 2048 | 8b45 f849 | c787 a003 | 0000 0000 
  0x00000167b6b42388: 0000 49c7 | 87a8 0300 | 0000 0000 | 00c5 f877 | 4885 c00f | 8430 0100 | 00a8 030f | 8508 0000 
  0x00000167b6b423a8: 0048 8b00 | e920 0100 | 00a8 010f | 8509 0000 | 0048 8b40 | fee9 0f01 | 0000 488b | 40ff 4180 
  0x00000167b6b423c8: 7f40 000f | 8400 0100 | 0048 83f8 | 000f 84f6 | 0000 0049 | 8b4f 2848 | 83f9 000f | 8414 0000 
  0x00000167b6b423e8: 0048 83e9 | 0849 894f | 2849 034f | 3848 8901 | e9d4 0000 | 0048 83ec | 7048 8904 | 2448 894c 
  0x00000167b6b42408: 2408 4889 | 5424 104c | 8944 2418 | 4c89 4c24 | 204c 8954 | 2428 4c89 | 5c24 30c5 | fb11 4424 
  0x00000167b6b42428: 40c5 fb11 | 4c24 48c5 | fb11 5424 | 50c5 fb11 | 5c24 58c5 | fb11 6424 | 60c5 fb11 | 6c24 6849 
  0x00000167b6b42448: 8bd7 488b | c848 83ec | 2040 f6c4 | 0f0f 8419 | 0000 0048 

  0x00000167b6b4245c: ;   {runtime_call}
  0x00000167b6b4245c: 83ec 0848 | b820 a4e9 | 6cfe 7f00 | 00ff d048 | 83c4 08e9 | 0c00 0000 

  0x00000167b6b42474: ;   {runtime_call}
  0x00000167b6b42474: 48b8 20a4 | e96c fe7f | 0000 ffd0 | 4883 c420 | c5fb 106c | 2468 c5fb | 1064 2460 | c5fb 105c 
  0x00000167b6b42494: 2458 c5fb | 1054 2450 | c5fb 104c | 2448 c5fb | 1044 2440 | 4c8b 5c24 | 304c 8b54 | 2428 4c8b 
  0x00000167b6b424b4: 4c24 204c | 8b44 2418 | 488b 5424 | 1048 8b4c | 2408 488b | 0424 4883 | c470 c5f8 | 7749 8b8f 
  0x00000167b6b424d4: 3004 0000 | c781 0001 | 0000 0000 | 0000 c949 | 837f 0800 | 0f85 0100 

  0x00000167b6b424ec: ;   {runtime_call StubRoutines (initial stubs)}
  0x00000167b6b424ec: 0000 c3e9 | 0cea 85ff | c5f8 7748 | 8945 f84c | 8be4 4883 | ec20 4883 

  0x00000167b6b42504: ;   {runtime_call}
  0x00000167b6b42504: e4f0 48b8 | 3022 2b6d | fe7f 0000 | ffd0 498b | e44d 33e4 | 488b 45f8 | e9fe fdff | fff4 f4f4 
  0x00000167b6b42524: f4f4 f4f4 
[/MachCode]


Compiled method (c1) 29510 1084       3       java.lang.ClassLoader::defineClass (43 bytes)
 total in heap  [0x00000167af122d90,0x00000167af1236e0] = 2384
 relocation     [0x00000167af122ef0,0x00000167af122f90] = 160
 main code      [0x00000167af122fa0,0x00000167af123438] = 1176
 stub code      [0x00000167af123438,0x00000167af1234b0] = 120
 metadata       [0x00000167af1234b0,0x00000167af1234e0] = 48
 scopes data    [0x00000167af1234e0,0x00000167af1235d0] = 240
 scopes pcs     [0x00000167af1235d0,0x00000167af1236b0] = 224
 dependencies   [0x00000167af1236b0,0x00000167af1236b8] = 8
 nul chk table  [0x00000167af1236b8,0x00000167af1236e0] = 40

[Constant Pool (empty)]

[MachCode]
[Entry Point]
  # {method} {0x00000167c3434fb8} 'defineClass' '(Ljava/lang/String;[BIILjava/security/ProtectionDomain;)Ljava/lang/Class;' in 'java/lang/ClassLoader'
  # this:     rdx:rdx   = 'java/lang/ClassLoader'
  # parm0:    r8:r8     = 'java/lang/String'
  # parm1:    r9:r9     = '[B'
  # parm2:    rdi       = int
  # parm3:    rsi       = int
  # parm4:    rcx:rcx   = 'java/security/ProtectionDomain'
  #           [sp+0xc0]  (sp of caller)
  0x00000167af122fa0: 448b 5208 | 49bb 0000 | 00c3 6701 | 0000 4d03 | d34c 3bd0 

  0x00000167af122fb4: ;   {runtime_call ic_miss_stub}
  0x00000167af122fb4: 0f85 c6b7 | 2c07 660f | 1f44 0000 
[Verified Entry Point]
  0x00000167af122fc0: 8984 2400 | 80ff ff55 | 4881 ecb0 | 0000 0090 | 4181 7f20 | 0500 0000 

  0x00000167af122fd8: ;   {runtime_call StubRoutines (final stubs)}
  0x00000167af122fd8: 7405 e8c1 | 342b 0748 | 8954 2478 

  0x00000167af122fe4: ;   {metadata(method data for {method} {0x00000167c3434fb8} 'defineClass' '(Ljava/lang/String;[BIILjava/security/ProtectionDomain;)Ljava/lang/Class;' in 'java/lang/ClassLoader')}
  0x00000167af122fe4: 48bb a0c1 | 17d8 6701 | 0000 8b83 | cc00 0000 | 83c0 0289 | 83cc 0000 | 0025 fe07 | 0000 85c0 
  0x00000167af123004: 0f84 5003 | 0000 89b4 | 2494 0000 | 0089 bc24 | 9000 0000 | 4c89 8c24 | 8800 0000 

  0x00000167af123020: ;   {metadata(method data for {method} {0x00000167c3434fb8} 'defineClass' '(Ljava/lang/String;[BIILjava/security/ProtectionDomain;)Ljava/lang/Class;' in 'java/lang/ClassLoader')}
  0x00000167af123020: 488b da48 | b8a0 c117 | d867 0100 | 0048 8380 | 1001 0000 | 0149 8bd8 | 4c8b c34c | 8bc9 488b 
  0x00000167af123040: ca48 8bd1 | 4889 9c24 | 8000 0000 

  0x00000167af12304c: ;   {optimized virtual_call}
  0x00000167af12304c: 6666 90e8 

  0x00000167af123050: ; ImmutableOopMap {[120]=Oop [128]=Oop [136]=Oop }
                      ;*invokevirtual preDefineClass {reexecute=0 rethrow=0 return_oop=0}
                      ; - java.lang.ClassLoader::defineClass@4
  0x00000167af123050: 4c0a 0000 

  0x00000167af123054: ;   {other}
  0x00000167af123054: 0f1f 8400 | c402 0000 | 4889 8424 | 9800 0000 | 488b 5424 

  0x00000167af123068: ;   {metadata(method data for {method} {0x00000167c3434fb8} 'defineClass' '(Ljava/lang/String;[BIILjava/security/ProtectionDomain;)Ljava/lang/Class;' in 'java/lang/ClassLoader')}
  0x00000167af123068: 7849 b8a0 | c117 d867 | 0100 0049 | 8380 4801 

  0x00000167af123078: ;   {metadata(method data for {method} {0x00000167c3434ca0} 'defineClassSourceLocation' '(Ljava/security/ProtectionDomain;)Ljava/lang/String;' in 'java/lang/ClassLoader')}
  0x00000167af123078: 0000 0149 | b8b8 c817 | d867 0100 | 0041 8b90 | cc00 0000 | 83c2 0241 | 8990 cc00 | 0000 81e2 
  0x00000167af123098: feff 1f00 | 85d2 0f84 | d702 0000 

  0x00000167af1230a4: ; implicit exception: dispatches to 0x00000167af12339c
  0x00000167af1230a4: 483b 004c 

  0x00000167af1230a8: ;   {metadata(method data for {method} {0x00000167c3434ca0} 'defineClassSourceLocation' '(Ljava/security/ProtectionDomain;)Ljava/lang/String;' in 'java/lang/ClassLoader')}
  0x00000167af1230a8: 8bc0 48ba | b8c8 17d8 | 6701 0000 | 4883 8210 | 0100 0001 | 448b 4010 

  0x00000167af1230c0: ;   {metadata(method data for {method} {0x00000167c3434ca0} 'defineClassSourceLocation' '(Ljava/security/ProtectionDomain;)Ljava/lang/String;' in 'java/lang/ClassLoader')}
  0x00000167af1230c0: 4d85 c048 | bab8 c817 | d867 0100 | 0048 c7c6 | 5801 0000 | 7507 48c7 | c648 0100 | 0048 8b3c 
  0x00000167af1230e0: 3248 8d7f | 0148 893c | 320f 850f 

  0x00000167af1230ec: ;   {oop(nullptr)}
  0x00000167af1230ec: 0000 0048 | bb00 0000 | 0000 0000 | 00e9 a101 | 0000 493b | 0049 8bd0 

  0x00000167af123104: ;   {metadata(method data for {method} {0x00000167c3434ca0} 'defineClassSourceLocation' '(Ljava/security/ProtectionDomain;)Ljava/lang/String;' in 'java/lang/ClassLoader')}
  0x00000167af123104: 48be b8c8 | 17d8 6701 | 0000 4883 | 8668 0100 | 0001 418b | 500c 4885 

  0x00000167af12311c: ;   {metadata(method data for {method} {0x00000167c3434ca0} 'defineClassSourceLocation' '(Ljava/security/ProtectionDomain;)Ljava/lang/String;' in 'java/lang/ClassLoader')}
  0x00000167af12311c: d248 beb8 | c817 d867 | 0100 0048 | c7c7 b001 | 0000 7507 | 48c7 c7a0 | 0100 0048 | 8b1c 3e48 
  0x00000167af12313c: 8d5b 0148 | 891c 3e0f | 850f 0000 

  0x00000167af123148: ;   {oop(nullptr)}
  0x00000167af123148: 0048 bb00 | 0000 0000 | 0000 00e9 | 4701 0000 

  0x00000167af123158: ;   {metadata(method data for {method} {0x00000167c3434ca0} 'defineClassSourceLocation' '(Ljava/security/ProtectionDomain;)Ljava/lang/String;' in 'java/lang/ClassLoader')}
  0x00000167af123158: 48be b8c8 | 17d8 6701 | 0000 4883 | 86c0 0100 | 0001 483b | 024c 8bc2 

  0x00000167af123170: ;   {metadata(method data for {method} {0x00000167c3434ca0} 'defineClassSourceLocation' '(Ljava/security/ProtectionDomain;)Ljava/lang/String;' in 'java/lang/ClassLoader')}
  0x00000167af123170: 48be b8c8 | 17d8 6701 | 0000 4883 | 86f8 0100 

  0x00000167af123180: ;   {metadata(method data for {method} {0x00000167c301abf0} 'toString' '()Ljava/lang/String;' in 'java/net/URL')}
  0x00000167af123180: 0001 49b8 | 08d4 0dd8 | 6701 0000 | 418b b0cc | 0000 0083 | c602 4189 | b0cc 0000 | 0081 e6fe 
  0x00000167af1231a0: ff1f 0085 | f60f 8400 | 0200 004c 

  0x00000167af1231ac: ;   {metadata(method data for {method} {0x00000167c301abf0} 'toString' '()Ljava/lang/String;' in 'java/net/URL')}
  0x00000167af1231ac: 8bc2 48be | 08d4 0dd8 | 6701 0000 | 4883 8610 | 0100 0001 

  0x00000167af1231c0: ;   {metadata(method data for {method} {0x00000167c3428840} 'toExternalForm' '()Ljava/lang/String;' in 'java/net/URL')}
  0x00000167af1231c0: 49b8 90d5 | 0dd8 6701 | 0000 418b | b0cc 0000 | 0083 c602 | 4189 b0cc | 0000 0081 | e6fe ff1f 
  0x00000167af1231e0: 0085 f60f | 84e3 0100 | 008b 7238 

  0x00000167af1231ec: ; implicit exception: dispatches to 0x00000167af1233ed
  0x00000167af1231ec: 483b 064c 

  0x00000167af1231f0: ;   {metadata(method data for {method} {0x00000167c3428840} 'toExternalForm' '()Ljava/lang/String;' in 'java/net/URL')}
  0x00000167af1231f0: 8bc6 48bf | 90d5 0dd8 | 6701 0000 | 458b 4008 | 49ba 0000 | 00c3 6701 | 0000 4d03 | c24c 3b87 
  0x00000167af123210: 2001 0000 | 750d 4883 | 8728 0100 | 0001 e960 | 0000 004c | 3b87 3001 | 0000 750d | 4883 8738 
  0x00000167af123230: 0100 0001 | e94a 0000 | 0048 83bf | 2001 0000 | 0075 174c | 8987 2001 | 0000 48c7 | 8728 0100 
  0x00000167af123250: 0001 0000 | 00e9 2900 | 0000 4883 | bf30 0100 | 0000 7517 | 4c89 8730 | 0100 0048 | c787 3801 
  0x00000167af123270: 0000 0100 | 0000 e908 | 0000 0048 | 8387 1001 | 0000 014c | 8bc2 488b | d666 0f1f 

  0x00000167af12328c: ;   {optimized virtual_call}
  0x00000167af12328c: 4400 00e8 

  0x00000167af123290: ; ImmutableOopMap {[120]=Oop [128]=Oop [136]=Oop [152]=Oop }
                      ;*invokevirtual toExternalForm {reexecute=0 rethrow=0 return_oop=0}
                      ; - java.net.URL::toExternalForm@5
                      ; - java.net.URL::toString@1
                      ; - java.lang.ClassLoader::defineClassSourceLocation@22
                      ; - java.lang.ClassLoader::defineClass@12
  0x00000167af123290: 4c80 a607 

  0x00000167af123294: ;   {other}
  0x00000167af123294: 0f1f 8400 | 0405 0001 | 488b d848 | 8b84 2498 | 0000 008b | b424 9400 | 0000 8bbc | 2490 0000 
  0x00000167af1232b4: 004c 8b8c | 2488 0000 | 004c 8b84 | 2480 0000 | 0048 8b54 

  0x00000167af1232c8: ;   {metadata(method data for {method} {0x00000167c3434fb8} 'defineClass' '(Ljava/lang/String;[BIILjava/security/ProtectionDomain;)Ljava/lang/Class;' in 'java/lang/ClassLoader')}
  0x00000167af1232c8: 2478 48b9 | a0c1 17d8 | 6701 0000 | 4883 8180 | 0100 0001 | 4c8b da49 | 8bd3 488b | c848 891c 
  0x00000167af1232e8: 2466 0f1f 

  0x00000167af1232ec: ;   {static_call}
  0x00000167af1232ec: 4400 00e8 

  0x00000167af1232f0: ; ImmutableOopMap {[120]=Oop [152]=Oop }
                      ;*invokestatic defineClass1 {reexecute=0 rethrow=0 return_oop=0}
                      ; - java.lang.ClassLoader::defineClass@27
  0x00000167af1232f0: 6cee a107 

  0x00000167af1232f4: ;   {other}
  0x00000167af1232f4: 0f1f 8400 | 6405 0002 | 488b 5424 

  0x00000167af123300: ;   {metadata(method data for {method} {0x00000167c3434fb8} 'defineClass' '(Ljava/lang/String;[BIILjava/security/ProtectionDomain;)Ljava/lang/Class;' in 'java/lang/ClassLoader')}
  0x00000167af123300: 7849 b8a0 | c117 d867 | 0100 0049 | 8380 9001 | 0000 014c | 8bc0 4c8b | 8c24 9800 | 0000 488b 
  0x00000167af123320: 5424 7848 | 8984 24a0 | 0000 000f 

  0x00000167af12332c: ;   {optimized virtual_call}
  0x00000167af12332c: 1f40 00e8 

  0x00000167af123330: ; ImmutableOopMap {[160]=Oop }
                      ;*invokevirtual postDefineClass {reexecute=0 rethrow=0 return_oop=0}
                      ; - java.lang.ClassLoader::defineClass@37
  0x00000167af123330: 6c7b fdff 

  0x00000167af123334: ;   {other}
  0x00000167af123334: 0f1f 8400 | a405 0003 | 488b 8424 | a000 0000 | 4881 c4b0 | 0000 005d 

  0x00000167af12334c: ;   {poll_return}
  0x00000167af12334c: 493b a750 | 0400 000f | 8799 0000 

  0x00000167af123358: ;   {metadata({method} {0x00000167c3434fb8} 'defineClass' '(Ljava/lang/String;[BIILjava/security/ProtectionDomain;)Ljava/lang/Class;' in 'java/lang/ClassLoader')}
  0x00000167af123358: 00c3 49ba | b04f 43c3 | 6701 0000 | 4c89 5424 | 0848 c704 | 24ff ffff 

  0x00000167af123370: ;   {runtime_call counter_overflow Runtime1 stub}
  0x00000167af123370: ffe8 8a4d 

  0x00000167af123374: ; ImmutableOopMap {rdx=Oop r8=Oop r9=Oop rcx=Oop [120]=Oop }
                      ;*synchronization entry
                      ; - java.lang.ClassLoader::defineClass@-1
  0x00000167af123374: 3a07 e98f 

  0x00000167af123378: ;   {metadata({method} {0x00000167c3434ca0} 'defineClassSourceLocation' '(Ljava/security/ProtectionDomain;)Ljava/lang/String;' in 'java/lang/ClassLoader')}
  0x00000167af123378: fcff ff49 | ba98 4c43 | c367 0100 | 004c 8954 | 2408 48c7 | 0424 ffff 

  0x00000167af123390: ;   {runtime_call counter_overflow Runtime1 stub}
  0x00000167af123390: ffff e869 

  0x00000167af123394: ; ImmutableOopMap {rax=Oop [120]=Oop [128]=Oop [136]=Oop [152]=Oop }
                      ;*synchronization entry
                      ; - java.lang.ClassLoader::defineClassSourceLocation@-1
                      ; - java.lang.ClassLoader::defineClass@12
  0x00000167af123394: 4d3a 07e9 | 08fd ffff 

  0x00000167af12339c: ;   {runtime_call throw_null_pointer_exception Runtime1 stub}
  0x00000167af12339c: e8df 1031 

  0x00000167af1233a0: ; ImmutableOopMap {rax=Oop [120]=Oop [128]=Oop [136]=Oop [152]=Oop }
                      ;*invokevirtual getCodeSource {reexecute=0 rethrow=0 return_oop=0}
                      ; - java.lang.ClassLoader::defineClassSourceLocation@1
                      ; - java.lang.ClassLoader::defineClass@12
                      ;   {runtime_call throw_null_pointer_exception Runtime1 stub}
  0x00000167af1233a0: 07e8 da10 

  0x00000167af1233a4: ; ImmutableOopMap {rax=Oop r8=Oop [120]=Oop [128]=Oop [136]=Oop [152]=Oop }
                      ;*invokevirtual getLocation {reexecute=0 rethrow=0 return_oop=0}
                      ; - java.lang.ClassLoader::defineClassSourceLocation@12
                      ; - java.lang.ClassLoader::defineClass@12
                      ;   {runtime_call throw_null_pointer_exception Runtime1 stub}
  0x00000167af1233a4: 3107 e8d5 

  0x00000167af1233a8: ; ImmutableOopMap {rdx=Oop [120]=Oop [128]=Oop [136]=Oop [152]=Oop }
                      ;*invokevirtual toString {reexecute=0 rethrow=0 return_oop=0}
                      ; - java.lang.ClassLoader::defineClassSourceLocation@22
                      ; - java.lang.ClassLoader::defineClass@12
                      ;   {metadata({method} {0x00000167c301abf0} 'toString' '()Ljava/lang/String;' in 'java/net/URL')}
  0x00000167af1233a8: 1031 0749 | bae8 ab01 | c367 0100 | 004c 8954 | 2408 48c7 | 0424 ffff 

  0x00000167af1233c0: ;   {runtime_call counter_overflow Runtime1 stub}
  0x00000167af1233c0: ffff e839 

  0x00000167af1233c4: ; ImmutableOopMap {rdx=Oop [120]=Oop [128]=Oop [136]=Oop [152]=Oop }
                      ;*synchronization entry
                      ; - java.net.URL::toString@-1
                      ; - java.lang.ClassLoader::defineClassSourceLocation@22
                      ; - java.lang.ClassLoader::defineClass@12
  0x00000167af1233c4: 4d3a 07e9 | dffd ffff 

  0x00000167af1233cc: ;   {metadata({method} {0x00000167c3428840} 'toExternalForm' '()Ljava/lang/String;' in 'java/net/URL')}
  0x00000167af1233cc: 49ba 3888 | 42c3 6701 | 0000 4c89 | 5424 0848 | c704 24ff 

  0x00000167af1233e0: ;   {runtime_call counter_overflow Runtime1 stub}
  0x00000167af1233e0: ffff ffe8 

  0x00000167af1233e4: ; ImmutableOopMap {rdx=Oop [120]=Oop [128]=Oop [136]=Oop [152]=Oop }
                      ;*synchronization entry
                      ; - java.net.URL::toExternalForm@-1
                      ; - java.net.URL::toString@1
                      ; - java.lang.ClassLoader::defineClassSourceLocation@22
                      ; - java.lang.ClassLoader::defineClass@12
  0x00000167af1233e4: 184d 3a07 | e9fc fdff 

  0x00000167af1233ec: ;   {runtime_call throw_null_pointer_exception Runtime1 stub}
  0x00000167af1233ec: ffe8 8e10 

  0x00000167af1233f0: ; ImmutableOopMap {rdx=Oop rsi=Oop [120]=Oop [128]=Oop [136]=Oop [152]=Oop }
                      ;*invokevirtual toExternalForm {reexecute=0 rethrow=0 return_oop=0}
                      ; - java.net.URL::toExternalForm@5
                      ; - java.net.URL::toString@1
                      ; - java.lang.ClassLoader::defineClassSourceLocation@22
                      ; - java.lang.ClassLoader::defineClass@12
                      ;   {internal_word}
  0x00000167af1233f0: 3107 49ba | 4c33 12af | 6701 0000 | 4d89 9768 

  0x00000167af123400: ;   {runtime_call SafepointBlob}
  0x00000167af123400: 0400 00e9 | 7820 2d07 | 498b 8700 | 0500 0049 | c787 0005 | 0000 0000 | 0000 49c7 | 8708 0500 
  0x00000167af123420: 0000 0000 | 0048 81c4 | b000 0000 

  0x00000167af12342c: ;   {runtime_call unwind_exception Runtime1 stub}
  0x00000167af12342c: 5de9 4e1f | 3107 f4f4 | f4f4 f4f4 
[Stub Code]
  0x00000167af123438: ;   {no_reloc}
  0x00000167af123438: 0f1f 4400 

  0x00000167af12343c: ;   {static_stub}
  0x00000167af12343c: 0048 bb00 | 0000 0000 

  0x00000167af123444: ;   {runtime_call nmethod}
  0x00000167af123444: 0000 00e9 | fbff ffff 

  0x00000167af12344c: ;   {static_stub}
  0x00000167af12344c: 48bb f04c | 43c3 6701 

  0x00000167af123454: ;   {runtime_call I2C/C2I adapters}
  0x00000167af123454: 0000 e910 

  0x00000167af123458: ;   {static_stub}
  0x00000167af123458: 7a2c 0748 | bb00 0000 | 0000 0000 

  0x00000167af123464: ;   {runtime_call nmethod}
  0x00000167af123464: 00e9 fbff 

  0x00000167af123468: ;   {static_stub}
  0x00000167af123468: ffff 48bb | 0000 0000 | 0000 0000 

  0x00000167af123474: ;   {runtime_call nmethod}
  0x00000167af123474: e9fb ffff 

  0x00000167af123478: ;   {runtime_call handle_exception_from_callee Runtime1 stub}
  0x00000167af123478: ffe8 02f2 

  0x00000167af12347c: ;   {external_word}
  0x00000167af12347c: 3007 48b9 | 5063 576d | fe7f 0000 | 4883 e4f0 

  0x00000167af12348c: ;   {runtime_call}
  0x00000167af12348c: 48b8 c0c9 | 196d fe7f | 0000 ffd0 

  0x00000167af123498: ;   {section_word}
  0x00000167af123498: f449 ba99 | 3412 af67 | 0100 0041 

  0x00000167af1234a4: ;   {runtime_call DeoptimizationBlob}
  0x00000167af1234a4: 52e9 7612 | 2d07 f4f4 | f4f4 f4f4 
[/MachCode]


Compiled method (c1) 29537 1097       3       java.security.SecureClassLoader::defineClass (16 bytes)
 total in heap  [0x00000167af129290,0x00000167af129690] = 1024
 relocation     [0x00000167af1293f0,0x00000167af129440] = 80
 main code      [0x00000167af129440,0x00000167af129598] = 344
 stub code      [0x00000167af129598,0x00000167af1295e8] = 80
 metadata       [0x00000167af1295e8,0x00000167af1295f0] = 8
 scopes data    [0x00000167af1295f0,0x00000167af129638] = 72
 scopes pcs     [0x00000167af129638,0x00000167af129688] = 80
 dependencies   [0x00000167af129688,0x00000167af129690] = 8

[Constant Pool (empty)]

[MachCode]
[Entry Point]
  # {method} {0x00000167c304e0e8} 'defineClass' '(Ljava/lang/String;[BIILjava/security/CodeSource;)Ljava/lang/Class;' in 'java/security/SecureClassLoader'
  # this:     rdx:rdx   = 'java/security/SecureClassLoader'
  # parm0:    r8:r8     = 'java/lang/String'
  # parm1:    r9:r9     = '[B'
  # parm2:    rdi       = int
  # parm3:    rsi       = int
  # parm4:    rcx:rcx   = 'java/security/CodeSource'
  #           [sp+0x80]  (sp of caller)
  0x00000167af129440: 448b 5208 | 49bb 0000 | 00c3 6701 | 0000 4d03 | d34c 3bd0 

  0x00000167af129454: ;   {runtime_call ic_miss_stub}
  0x00000167af129454: 0f85 2653 | 2c07 660f | 1f44 0000 
[Verified Entry Point]
  0x00000167af129460: 8984 2400 | 80ff ff55 | 4883 ec70 | 4181 7f20 | 0500 0000 

  0x00000167af129474: ;   {runtime_call StubRoutines (final stubs)}
  0x00000167af129474: 7405 e825 

  0x00000167af129478: ;   {metadata(method data for {method} {0x00000167c304e0e8} 'defineClass' '(Ljava/lang/String;[BIILjava/security/CodeSource;)Ljava/lang/Class;' in 'java/security/SecureClassLoader')}
  0x00000167af129478: d02a 0748 | bb88 cd16 | d867 0100 | 008b 83cc | 0000 0083 | c002 8983 | cc00 0000 | 25fe 0700 
  0x00000167af129498: 0085 c00f | 8496 0000 | 0089 7424 | 5c89 7c24 | 584c 894c | 2450 4c89 | 4424 4848 

  0x00000167af1294b4: ;   {metadata(method data for {method} {0x00000167c304e0e8} 'defineClass' '(Ljava/lang/String;[BIILjava/security/CodeSource;)Ljava/lang/Class;' in 'java/security/SecureClassLoader')}
  0x00000167af1294b4: 8bda 48b8 | 88cd 16d8 | 6701 0000 | 4883 8010 | 0100 0001 | 4c8b c148 | 8bc2 488b | d048 8944 
  0x00000167af1294d4: ;   {optimized virtual_call}
  0x00000167af1294d4: 2440 90e8 

  0x00000167af1294d8: ; ImmutableOopMap {[64]=Oop [72]=Oop [80]=Oop }
                      ;*invokevirtual getProtectionDomain {reexecute=0 rethrow=0 return_oop=0}
                      ; - java.security.SecureClassLoader::defineClass@9
  0x00000167af1294d8: 4487 ffff 

  0x00000167af1294dc: ;   {other}
  0x00000167af1294dc: 0f1f 8400 | 4c02 0000 | 488b 5424 

  0x00000167af1294e8: ;   {metadata(method data for {method} {0x00000167c304e0e8} 'defineClass' '(Ljava/lang/String;[BIILjava/security/CodeSource;)Ljava/lang/Class;' in 'java/security/SecureClassLoader')}
  0x00000167af1294e8: 4049 b888 | cd16 d867 | 0100 0049 | 8380 4801 | 0000 014c | 8b44 2448 | 4c8b 4c24 | 508b 7c24 
  0x00000167af129508: 588b 7424 | 5c48 8bc8 | 488b 5424 

  0x00000167af129514: ;   {optimized virtual_call}
  0x00000167af129514: 4066 90e8 

  0x00000167af129518: ; ImmutableOopMap {}
                      ;*invokevirtual defineClass {reexecute=0 rethrow=0 return_oop=0}
                      ; - java.security.SecureClassLoader::defineClass@12
  0x00000167af129518: a49a ffff 

  0x00000167af12951c: ;   {other}
  0x00000167af12951c: 0f1f 8400 | 8c02 0001 | 4883 c470 

  0x00000167af129528: ;   {poll_return}
  0x00000167af129528: 5d49 3ba7 | 5004 0000 | 0f87 2200 

  0x00000167af129534: ;   {metadata({method} {0x00000167c304e0e8} 'defineClass' '(Ljava/lang/String;[BIILjava/security/CodeSource;)Ljava/lang/Class;' in 'java/security/SecureClassLoader')}
  0x00000167af129534: 0000 c349 | bae0 e004 | c367 0100 | 004c 8954 | 2408 48c7 | 0424 ffff 

  0x00000167af12954c: ;   {runtime_call counter_overflow Runtime1 stub}
  0x00000167af12954c: ffff e8ad 

  0x00000167af129550: ; ImmutableOopMap {rdx=Oop r8=Oop r9=Oop rcx=Oop }
                      ;*synchronization entry
                      ; - java.security.SecureClassLoader::defineClass@-1
  0x00000167af129550: eb39 07e9 | 49ff ffff 

  0x00000167af129558: ;   {internal_word}
  0x00000167af129558: 49ba 2995 | 12af 6701 | 0000 4d89 | 9768 0400 

  0x00000167af129568: ;   {runtime_call SafepointBlob}
  0x00000167af129568: 00e9 12bf | 2c07 498b | 8700 0500 | 0049 c787 | 0005 0000 | 0000 0000 | 49c7 8708 | 0500 0000 
  0x00000167af129588: 0000 0048 | 83c4 705d 

  0x00000167af129590: ;   {runtime_call unwind_exception Runtime1 stub}
  0x00000167af129590: e9eb bd30 | 07f4 f4f4 
[Stub Code]
  0x00000167af129598: ;   {no_reloc}
  0x00000167af129598: 48bb 0000 | 0000 0000 

  0x00000167af1295a0: ;   {runtime_call nmethod}
  0x00000167af1295a0: 0000 e9fb 

  0x00000167af1295a4: ;   {static_stub}
  0x00000167af1295a4: ffff ff48 | bb00 0000 | 0000 0000 

  0x00000167af1295b0: ;   {runtime_call nmethod}
  0x00000167af1295b0: 00e9 fbff 

  0x00000167af1295b4: ;   {runtime_call handle_exception_from_callee Runtime1 stub}
  0x00000167af1295b4: ffff e8c5 

  0x00000167af1295b8: ;   {external_word}
  0x00000167af1295b8: 9030 0748 | b950 6357 | 6dfe 7f00 | 0048 83e4 

  0x00000167af1295c8: ;   {runtime_call}
  0x00000167af1295c8: f048 b8c0 | c919 6dfe | 7f00 00ff 

  0x00000167af1295d4: ;   {section_word}
  0x00000167af1295d4: d0f4 49ba | d695 12af | 6701 0000 

  0x00000167af1295e0: ;   {runtime_call DeoptimizationBlob}
  0x00000167af1295e0: 4152 e939 | b12c 07f4 
[/MachCode]


---------------  P R O C E S S  ---------------

Threads class SMR info:
_java_thread_list=0x00000167dc0ef7c0, length=36, elements={
0x00000167abd55f10, 0x00000167c21af060, 0x00000167c21b0bf0, 0x00000167c21b2370,
0x00000167c21b4de0, 0x00000167c21b5840, 0x00000167c21b62a0, 0x00000167c21b7030,
0x00000167c21bdc80, 0x00000167c2389f40, 0x00000167c2472120, 0x00000167c22fd020,
0x00000167dc8990f0, 0x00000167c28cf320, 0x00000167c28cdff0, 0x00000167dc2b0530,
0x00000167dc2a92a0, 0x00000167c225cad0, 0x00000167c225e150, 0x00000167dc25d6f0,
0x00000167dc1500f0, 0x00000167dc150780, 0x00000167dc152850, 0x00000167dc152ee0,
0x00000167dc153570, 0x00000167dc150e10, 0x00000167dc151b30, 0x00000167dc1521c0,
0x00000167dee48eb0, 0x00000167dee4a8f0, 0x00000167dee47b00, 0x00000167dee49bd0,
0x00000167dee4af80, 0x00000167dee4a260, 0x00000167dee4b610, 0x00000167dee48190
}

Java Threads: ( => current thread )
  0x00000167abd55f10 JavaThread "main"                              [_thread_blocked, id=47528, stack(0x00000049f8d00000,0x00000049f8e00000) (1024K)]
  0x00000167c21af060 JavaThread "Reference Handler"          daemon [_thread_blocked, id=51028, stack(0x00000049f9500000,0x00000049f9600000) (1024K)]
  0x00000167c21b0bf0 JavaThread "Finalizer"                  daemon [_thread_blocked, id=56308, stack(0x00000049f9600000,0x00000049f9700000) (1024K)]
  0x00000167c21b2370 JavaThread "Signal Dispatcher"          daemon [_thread_blocked, id=4752, stack(0x00000049f9700000,0x00000049f9800000) (1024K)]
  0x00000167c21b4de0 JavaThread "Attach Listener"            daemon [_thread_blocked, id=40540, stack(0x00000049f9800000,0x00000049f9900000) (1024K)]
  0x00000167c21b5840 JavaThread "Service Thread"             daemon [_thread_blocked, id=56724, stack(0x00000049f9900000,0x00000049f9a00000) (1024K)]
  0x00000167c21b62a0 JavaThread "Monitor Deflation Thread"   daemon [_thread_blocked, id=56516, stack(0x00000049f9a00000,0x00000049f9b00000) (1024K)]
  0x00000167c21b7030 JavaThread "C2 CompilerThread0"         daemon [_thread_blocked, id=22932, stack(0x00000049f9b00000,0x00000049f9c00000) (1024K)]
  0x00000167c21bdc80 JavaThread "C1 CompilerThread0"         daemon [_thread_blocked, id=51936, stack(0x00000049f9c00000,0x00000049f9d00000) (1024K)]
  0x00000167c2389f40 JavaThread "Common-Cleaner"             daemon [_thread_blocked, id=56524, stack(0x00000049f9d00000,0x00000049f9e00000) (1024K)]
  0x00000167c2472120 JavaThread "Notification Thread"        daemon [_thread_blocked, id=56980, stack(0x00000049f9e00000,0x00000049f9f00000) (1024K)]
  0x00000167c22fd020 JavaThread "Daemon health stats"               [_thread_blocked, id=56644, stack(0x00000049fa600000,0x00000049fa700000) (1024K)]
  0x00000167dc8990f0 JavaThread "C1 CompilerThread1"         daemon [_thread_blocked, id=57220, stack(0x00000049fa400000,0x00000049fa500000) (1024K)]
  0x00000167c28cf320 JavaThread "Incoming local TCP Connector on port 60150"        [_thread_in_native, id=8500, stack(0x00000049fa700000,0x00000049fa800000) (1024K)]
  0x00000167c28cdff0 JavaThread "Daemon periodic checks"            [_thread_blocked, id=8836, stack(0x00000049fa800000,0x00000049fa900000) (1024K)]
  0x00000167dc2b0530 JavaThread "Daemon"                            [_thread_blocked, id=34000, stack(0x00000049fa900000,0x00000049faa00000) (1024K)]
  0x00000167dc2a92a0 JavaThread "Handler for socket connection from /127.0.0.1:60150 to /127.0.0.1:60152"        [_thread_in_native, id=46924, stack(0x00000049faa00000,0x00000049fab00000) (1024K)]
  0x00000167c225cad0 JavaThread "Cancel handler"                    [_thread_blocked, id=56960, stack(0x00000049fab00000,0x00000049fac00000) (1024K)]
=>0x00000167c225e150 JavaThread "Daemon worker"                     [_thread_in_vm, id=31216, stack(0x00000049fac00000,0x00000049fad00000) (1024K)]
  0x00000167dc25d6f0 JavaThread "Asynchronous log dispatcher for DefaultDaemonConnection: socket connection from /127.0.0.1:60150 to /127.0.0.1:60152"        [_thread_blocked, id=51828, stack(0x00000049fad00000,0x00000049fae00000) (1024K)]
  0x00000167dc1500f0 JavaThread "Stdin handler"                     [_thread_blocked, id=52728, stack(0x00000049fae00000,0x00000049faf00000) (1024K)]
  0x00000167dc150780 JavaThread "Daemon client event forwarder"        [_thread_blocked, id=52452, stack(0x00000049faf00000,0x00000049fb000000) (1024K)]
  0x00000167dc152850 JavaThread "Cache worker for journal cache (C:\Users\admoi\.gradle\caches\journal-1)"        [_thread_blocked, id=43428, stack(0x00000049fb000000,0x00000049fb100000) (1024K)]
  0x00000167dc152ee0 JavaThread "File lock request listener"        [_thread_in_native, id=47588, stack(0x00000049fb100000,0x00000049fb200000) (1024K)]
  0x00000167dc153570 JavaThread "File lock release action executor"        [_thread_blocked, id=57004, stack(0x00000049fb200000,0x00000049fb300000) (1024K)]
  0x00000167dc150e10 JavaThread "Cache worker for file hash cache (C:\Users\admoi\.gradle\caches\8.9\fileHashes)"        [_thread_blocked, id=53980, stack(0x00000049fb300000,0x00000049fb400000) (1024K)]
  0x00000167dc151b30 JavaThread "Cache worker for file hash cache (D:\BankSystemApp\frontend\node_modules\@capacitor\android\capacitor\.gradle\8.9\fileHashes)"        [_thread_blocked, id=53308, stack(0x00000049fbd00000,0x00000049fbe00000) (1024K)]
  0x00000167dc1521c0 JavaThread "Cache worker for Build Output Cleanup Cache (D:\BankSystemApp\frontend\node_modules\@capacitor\android\capacitor\.gradle\buildOutputCleanup)"        [_thread_blocked, id=53568, stack(0x00000049fbe00000,0x00000049fbf00000) (1024K)]
  0x00000167dee48eb0 JavaThread "File watcher server"        daemon [_thread_in_native, id=48008, stack(0x00000049fbf00000,0x00000049fc000000) (1024K)]
  0x00000167dee4a8f0 JavaThread "File watcher consumer"      daemon [_thread_blocked, id=40964, stack(0x00000049fc000000,0x00000049fc100000) (1024K)]
  0x00000167dee47b00 JavaThread "Cache worker for checksums cache (D:\BankSystemApp\frontend\node_modules\@capacitor\android\capacitor\.gradle\8.9\checksums)"        [_thread_blocked, id=15608, stack(0x00000049fc100000,0x00000049fc200000) (1024K)]
  0x00000167dee49bd0 JavaThread "Cache worker for file content cache (C:\Users\admoi\.gradle\caches\8.9\fileContent)"        [_thread_blocked, id=30756, stack(0x00000049fc200000,0x00000049fc300000) (1024K)]
  0x00000167dee4af80 JavaThread "Cache worker for cache directory md-rule (C:\Users\admoi\.gradle\caches\8.9\md-rule)"        [_thread_blocked, id=7720, stack(0x00000049fc300000,0x00000049fc400000) (1024K)]
  0x00000167dee4a260 JavaThread "Cache worker for cache directory md-supplier (C:\Users\admoi\.gradle\caches\8.9\md-supplier)"        [_thread_blocked, id=52244, stack(0x00000049fc400000,0x00000049fc500000) (1024K)]
  0x00000167dee4b610 JavaThread "jar transforms"                    [_thread_blocked, id=56528, stack(0x00000049fc500000,0x00000049fc600000) (1024K)]
  0x00000167dee48190 JavaThread "jar transforms Thread 2"           [_thread_blocked, id=52232, stack(0x00000049fc600000,0x00000049fc700000) (1024K)]
Total: 36

Other Threads:
  0x00000167c2191c70 VMThread "VM Thread"                           [id=53232, stack(0x00000049f9400000,0x00000049f9500000) (1024K)] _threads_hazard_ptr=0x00000167dc0ef7c0
  0x00000167c21851e0 WatcherThread "VM Periodic Task Thread"        [id=5568, stack(0x00000049f9300000,0x00000049f9400000) (1024K)]
  0x00000167abd806d0 WorkerThread "GC Thread#0"                     [id=56744, stack(0x00000049f8e00000,0x00000049f8f00000) (1024K)]
  0x00000167c283a7b0 WorkerThread "GC Thread#1"                     [id=34628, stack(0x00000049f9f00000,0x00000049fa000000) (1024K)]
  0x00000167c27b7800 WorkerThread "GC Thread#2"                     [id=56424, stack(0x00000049fa000000,0x00000049fa100000) (1024K)]
  0x00000167c28274d0 WorkerThread "GC Thread#3"                     [id=48352, stack(0x00000049fa100000,0x00000049fa200000) (1024K)]
  0x00000167c2cd4900 WorkerThread "GC Thread#4"                     [id=36384, stack(0x00000049fa200000,0x00000049fa300000) (1024K)]
  0x00000167c2cd4cb0 WorkerThread "GC Thread#5"                     [id=53544, stack(0x00000049fa300000,0x00000049fa400000) (1024K)]
  0x00000167debf5620 WorkerThread "GC Thread#6"                     [id=43416, stack(0x00000049fb400000,0x00000049fb500000) (1024K)]
  0x00000167debf7750 WorkerThread "GC Thread#7"                     [id=35764, stack(0x00000049fb500000,0x00000049fb600000) (1024K)]
  0x00000167debf8610 WorkerThread "GC Thread#8"                     [id=41080, stack(0x00000049fb600000,0x00000049fb700000) (1024K)]
  0x00000167debf7b00 WorkerThread "GC Thread#9"                     [id=38228, stack(0x00000049fb700000,0x00000049fb800000) (1024K)]
  0x00000167debf64e0 WorkerThread "GC Thread#10"                    [id=52556, stack(0x00000049fb800000,0x00000049fb900000) (1024K)]
  0x00000167debf6130 WorkerThread "GC Thread#11"                    [id=53460, stack(0x00000049fb900000,0x00000049fba00000) (1024K)]
  0x00000167debf7eb0 WorkerThread "GC Thread#12"                    [id=54356, stack(0x00000049fba00000,0x00000049fbb00000) (1024K)]
  0x00000167abd85de0 ConcurrentGCThread "G1 Main Marker"            [id=56828, stack(0x00000049f8f00000,0x00000049f9000000) (1024K)]
  0x00000167abd88710 WorkerThread "G1 Conc#0"                       [id=53164, stack(0x00000049f9000000,0x00000049f9100000) (1024K)]
  0x00000167debf8260 WorkerThread "G1 Conc#1"                       [id=21536, stack(0x00000049fbb00000,0x00000049fbc00000) (1024K)]
  0x00000167debf59d0 WorkerThread "G1 Conc#2"                       [id=31092, stack(0x00000049fbc00000,0x00000049fbd00000) (1024K)]
  0x00000167c20592b0 ConcurrentGCThread "G1 Refine#0"               [id=36332, stack(0x00000049f9100000,0x00000049f9200000) (1024K)]
  0x00000167c205aac0 ConcurrentGCThread "G1 Service"                [id=53592, stack(0x00000049f9200000,0x00000049f9300000) (1024K)]
Total: 21

Threads with active compile tasks:
C2 CompilerThread0  29562 5003       4       org.objectweb.asm.ClassReader::readUtf (161 bytes)
C1 CompilerThread1  29562 5004       3       org.objectweb.asm.ClassReader::readCode (5117 bytes)
Total: 2

VM state: synchronizing (normal execution)

VM Mutex/Monitor currently owned by a thread:  ([mutex/lock_event])
[0x00007ffe6d82d530] Metaspace_lock - owner thread: 0x00000167c225e150
[0x00007ffe6d82f5b0] Threads_lock - owner thread: 0x00000167c2191c70

Heap address: 0x00000000e0000000, size: 512 MB, Compressed Oops mode: 32-bit

CDS archive(s) mapped at: [0x00000167c3000000-0x00000167c3ba0000-0x00000167c3ba0000), size 12189696, SharedBaseAddress: 0x00000167c3000000, ArchiveRelocationMode: 1.
Compressed class space mapped at: 0x00000167c4000000-0x00000167d8000000, reserved size: 335544320
Narrow klass base: 0x00000167c3000000, Narrow klass shift: 0, Narrow klass range: 0x100000000

GC Precious Log:
 CardTable entry size: 512
 Card Set container configuration: InlinePtr #cards 5 size 8 Array Of Cards #cards 12 size 40 Howl #buckets 4 coarsen threshold 1843 Howl Bitmap #cards 512 size 80 coarsen threshold 460 Card regions per heap region 1 cards per card region 2048
 CPUs: 16 total, 16 available
 Memory: 16051M
 Large Page Support: Disabled
 NUMA Support: Disabled
 Compressed Oops: Enabled (32-bit)
 Heap Region Size: 1M
 Heap Min Capacity: 256M
 Heap Initial Capacity: 256M
 Heap Max Capacity: 512M
 Pre-touch: Disabled
 Parallel Workers: 13
 Concurrent Workers: 3
 Concurrent Refinement Workers: 13
 Periodic GC: Disabled

Heap:
 garbage-first heap   total 262144K, used 97628K [0x00000000e0000000, 0x0000000100000000)
  region size 1024K, 67 young (68608K), 8 survivors (8192K)
 Metaspace       used 40607K, committed 41856K, reserved 393216K
  class space    used 5902K, committed 6528K, reserved 327680K

Heap Regions: E=young(eden), S=young(survivor), O=old, HS=humongous(starts), HC=humongous(continues), CS=collection set, F=free, TAMS=top-at-mark-start, PB=parsable bottom
|   0|0x00000000e0000000, 0x00000000e0100000, 0x00000000e0100000|100%|HS|  |TAMS 0x00000000e0000000| PB 0x00000000e0000000| Complete 
|   1|0x00000000e0100000, 0x00000000e0200000, 0x00000000e0200000|100%|HC|  |TAMS 0x00000000e0100000| PB 0x00000000e0100000| Complete 
|   2|0x00000000e0200000, 0x00000000e0300000, 0x00000000e0300000|100%|HC|  |TAMS 0x00000000e0200000| PB 0x00000000e0200000| Complete 
|   3|0x00000000e0300000, 0x00000000e0400000, 0x00000000e0400000|100%|HC|  |TAMS 0x00000000e0300000| PB 0x00000000e0300000| Complete 
|   4|0x00000000e0400000, 0x00000000e0500000, 0x00000000e0500000|100%| O|  |TAMS 0x00000000e0400000| PB 0x00000000e0400000| Untracked 
|   5|0x00000000e0500000, 0x00000000e0600000, 0x00000000e0600000|100%| O|  |TAMS 0x00000000e0500000| PB 0x00000000e0500000| Untracked 
|   6|0x00000000e0600000, 0x00000000e0700000, 0x00000000e0700000|100%| O|  |TAMS 0x00000000e0600000| PB 0x00000000e0600000| Untracked 
|   7|0x00000000e0700000, 0x00000000e0800000, 0x00000000e0800000|100%|HS|  |TAMS 0x00000000e0700000| PB 0x00000000e0700000| Complete 
|   8|0x00000000e0800000, 0x00000000e0900000, 0x00000000e0900000|100%| O|  |TAMS 0x00000000e0800000| PB 0x00000000e0800000| Untracked 
|   9|0x00000000e0900000, 0x00000000e0a00000, 0x00000000e0a00000|100%| O|  |TAMS 0x00000000e0900000| PB 0x00000000e0900000| Untracked 
|  10|0x00000000e0a00000, 0x00000000e0b00000, 0x00000000e0b00000|100%| O|  |TAMS 0x00000000e0a00000| PB 0x00000000e0a00000| Untracked 
|  11|0x00000000e0b00000, 0x00000000e0c00000, 0x00000000e0c00000|100%|HS|  |TAMS 0x00000000e0b00000| PB 0x00000000e0b00000| Complete 
|  12|0x00000000e0c00000, 0x00000000e0d00000, 0x00000000e0d00000|100%| O|  |TAMS 0x00000000e0c00000| PB 0x00000000e0c00000| Untracked 
|  13|0x00000000e0d00000, 0x00000000e0e00000, 0x00000000e0e00000|100%| O|  |TAMS 0x00000000e0d00000| PB 0x00000000e0d00000| Untracked 
|  14|0x00000000e0e00000, 0x00000000e0f00000, 0x00000000e0f00000|100%| O|  |TAMS 0x00000000e0e00000| PB 0x00000000e0e00000| Untracked 
|  15|0x00000000e0f00000, 0x00000000e1000000, 0x00000000e1000000|100%| O|  |TAMS 0x00000000e0f00000| PB 0x00000000e0f00000| Untracked 
|  16|0x00000000e1000000, 0x00000000e1100000, 0x00000000e1100000|100%| O|  |TAMS 0x00000000e1000000| PB 0x00000000e1000000| Untracked 
|  17|0x00000000e1100000, 0x00000000e1200000, 0x00000000e1200000|100%| O|  |TAMS 0x00000000e1100000| PB 0x00000000e1100000| Untracked 
|  18|0x00000000e1200000, 0x00000000e1300000, 0x00000000e1300000|100%| O|  |TAMS 0x00000000e1200000| PB 0x00000000e1200000| Untracked 
|  19|0x00000000e1300000, 0x00000000e1400000, 0x00000000e1400000|100%| O|  |TAMS 0x00000000e1300000| PB 0x00000000e1300000| Untracked 
|  20|0x00000000e1400000, 0x00000000e1500000, 0x00000000e1500000|100%| O|  |TAMS 0x00000000e1400000| PB 0x00000000e1400000| Untracked 
|  21|0x00000000e1500000, 0x00000000e1600000, 0x00000000e1600000|100%| O|  |TAMS 0x00000000e1500000| PB 0x00000000e1500000| Untracked 
|  22|0x00000000e1600000, 0x00000000e1700000, 0x00000000e1700000|100%| O|  |TAMS 0x00000000e1600000| PB 0x00000000e1600000| Untracked 
|  23|0x00000000e1700000, 0x00000000e1800000, 0x00000000e1800000|100%| O|Cm|TAMS 0x00000000e1700000| PB 0x00000000e1700000| Complete 
|  24|0x00000000e1800000, 0x00000000e1900000, 0x00000000e1900000|100%| O|  |TAMS 0x00000000e1800000| PB 0x00000000e1800000| Untracked 
|  25|0x00000000e1900000, 0x00000000e19d0910, 0x00000000e1a00000| 81%| O|  |TAMS 0x00000000e1900000| PB 0x00000000e1900000| Untracked 
|  26|0x00000000e1a00000, 0x00000000e1b00000, 0x00000000e1b00000|100%|HS|  |TAMS 0x00000000e1a00000| PB 0x00000000e1a00000| Complete 
|  27|0x00000000e1b00000, 0x00000000e1c00000, 0x00000000e1c00000|100%|HC|  |TAMS 0x00000000e1b00000| PB 0x00000000e1b00000| Complete 
|  28|0x00000000e1c00000, 0x00000000e1d00000, 0x00000000e1d00000|100%|HS|  |TAMS 0x00000000e1c00000| PB 0x00000000e1c00000| Complete 
|  29|0x00000000e1d00000, 0x00000000e1e00000, 0x00000000e1e00000|100%|HC|  |TAMS 0x00000000e1d00000| PB 0x00000000e1d00000| Complete 
|  30|0x00000000e1e00000, 0x00000000e1e00000, 0x00000000e1f00000|  0%| F|  |TAMS 0x00000000e1e00000| PB 0x00000000e1e00000| Untracked 
|  31|0x00000000e1f00000, 0x00000000e1f00000, 0x00000000e2000000|  0%| F|  |TAMS 0x00000000e1f00000| PB 0x00000000e1f00000| Untracked 
|  32|0x00000000e2000000, 0x00000000e2000000, 0x00000000e2100000|  0%| F|  |TAMS 0x00000000e2000000| PB 0x00000000e2000000| Untracked 
|  33|0x00000000e2100000, 0x00000000e2100000, 0x00000000e2200000|  0%| F|  |TAMS 0x00000000e2100000| PB 0x00000000e2100000| Untracked 
|  34|0x00000000e2200000, 0x00000000e2200000, 0x00000000e2300000|  0%| F|  |TAMS 0x00000000e2200000| PB 0x00000000e2200000| Untracked 
|  35|0x00000000e2300000, 0x00000000e2300000, 0x00000000e2400000|  0%| F|  |TAMS 0x00000000e2300000| PB 0x00000000e2300000| Untracked 
|  36|0x00000000e2400000, 0x00000000e2400000, 0x00000000e2500000|  0%| F|  |TAMS 0x00000000e2400000| PB 0x00000000e2400000| Untracked 
|  37|0x00000000e2500000, 0x00000000e2500000, 0x00000000e2600000|  0%| F|  |TAMS 0x00000000e2500000| PB 0x00000000e2500000| Untracked 
|  38|0x00000000e2600000, 0x00000000e2600000, 0x00000000e2700000|  0%| F|  |TAMS 0x00000000e2600000| PB 0x00000000e2600000| Untracked 
|  39|0x00000000e2700000, 0x00000000e2700000, 0x00000000e2800000|  0%| F|  |TAMS 0x00000000e2700000| PB 0x00000000e2700000| Untracked 
|  40|0x00000000e2800000, 0x00000000e2800000, 0x00000000e2900000|  0%| F|  |TAMS 0x00000000e2800000| PB 0x00000000e2800000| Untracked 
|  41|0x00000000e2900000, 0x00000000e2900000, 0x00000000e2a00000|  0%| F|  |TAMS 0x00000000e2900000| PB 0x00000000e2900000| Untracked 
|  42|0x00000000e2a00000, 0x00000000e2a00000, 0x00000000e2b00000|  0%| F|  |TAMS 0x00000000e2a00000| PB 0x00000000e2a00000| Untracked 
|  43|0x00000000e2b00000, 0x00000000e2b00000, 0x00000000e2c00000|  0%| F|  |TAMS 0x00000000e2b00000| PB 0x00000000e2b00000| Untracked 
|  44|0x00000000e2c00000, 0x00000000e2c00000, 0x00000000e2d00000|  0%| F|  |TAMS 0x00000000e2c00000| PB 0x00000000e2c00000| Untracked 
|  45|0x00000000e2d00000, 0x00000000e2d00000, 0x00000000e2e00000|  0%| F|  |TAMS 0x00000000e2d00000| PB 0x00000000e2d00000| Untracked 
|  46|0x00000000e2e00000, 0x00000000e2e00000, 0x00000000e2f00000|  0%| F|  |TAMS 0x00000000e2e00000| PB 0x00000000e2e00000| Untracked 
|  47|0x00000000e2f00000, 0x00000000e2f00000, 0x00000000e3000000|  0%| F|  |TAMS 0x00000000e2f00000| PB 0x00000000e2f00000| Untracked 
|  48|0x00000000e3000000, 0x00000000e3000000, 0x00000000e3100000|  0%| F|  |TAMS 0x00000000e3000000| PB 0x00000000e3000000| Untracked 
|  49|0x00000000e3100000, 0x00000000e3100000, 0x00000000e3200000|  0%| F|  |TAMS 0x00000000e3100000| PB 0x00000000e3100000| Untracked 
|  50|0x00000000e3200000, 0x00000000e3200000, 0x00000000e3300000|  0%| F|  |TAMS 0x00000000e3200000| PB 0x00000000e3200000| Untracked 
|  51|0x00000000e3300000, 0x00000000e3300000, 0x00000000e3400000|  0%| F|  |TAMS 0x00000000e3300000| PB 0x00000000e3300000| Untracked 
|  52|0x00000000e3400000, 0x00000000e3400000, 0x00000000e3500000|  0%| F|  |TAMS 0x00000000e3400000| PB 0x00000000e3400000| Untracked 
|  53|0x00000000e3500000, 0x00000000e3500000, 0x00000000e3600000|  0%| F|  |TAMS 0x00000000e3500000| PB 0x00000000e3500000| Untracked 
|  54|0x00000000e3600000, 0x00000000e3600000, 0x00000000e3700000|  0%| F|  |TAMS 0x00000000e3600000| PB 0x00000000e3600000| Untracked 
|  55|0x00000000e3700000, 0x00000000e3700000, 0x00000000e3800000|  0%| F|  |TAMS 0x00000000e3700000| PB 0x00000000e3700000| Untracked 
|  56|0x00000000e3800000, 0x00000000e3800000, 0x00000000e3900000|  0%| F|  |TAMS 0x00000000e3800000| PB 0x00000000e3800000| Untracked 
|  57|0x00000000e3900000, 0x00000000e3900000, 0x00000000e3a00000|  0%| F|  |TAMS 0x00000000e3900000| PB 0x00000000e3900000| Untracked 
|  58|0x00000000e3a00000, 0x00000000e3a00000, 0x00000000e3b00000|  0%| F|  |TAMS 0x00000000e3a00000| PB 0x00000000e3a00000| Untracked 
|  59|0x00000000e3b00000, 0x00000000e3b00000, 0x00000000e3c00000|  0%| F|  |TAMS 0x00000000e3b00000| PB 0x00000000e3b00000| Untracked 
|  60|0x00000000e3c00000, 0x00000000e3c00000, 0x00000000e3d00000|  0%| F|  |TAMS 0x00000000e3c00000| PB 0x00000000e3c00000| Untracked 
|  61|0x00000000e3d00000, 0x00000000e3d00000, 0x00000000e3e00000|  0%| F|  |TAMS 0x00000000e3d00000| PB 0x00000000e3d00000| Untracked 
|  62|0x00000000e3e00000, 0x00000000e3e00000, 0x00000000e3f00000|  0%| F|  |TAMS 0x00000000e3e00000| PB 0x00000000e3e00000| Untracked 
|  63|0x00000000e3f00000, 0x00000000e3f00000, 0x00000000e4000000|  0%| F|  |TAMS 0x00000000e3f00000| PB 0x00000000e3f00000| Untracked 
|  64|0x00000000e4000000, 0x00000000e4000000, 0x00000000e4100000|  0%| F|  |TAMS 0x00000000e4000000| PB 0x00000000e4000000| Untracked 
|  65|0x00000000e4100000, 0x00000000e4100000, 0x00000000e4200000|  0%| F|  |TAMS 0x00000000e4100000| PB 0x00000000e4100000| Untracked 
|  66|0x00000000e4200000, 0x00000000e4200000, 0x00000000e4300000|  0%| F|  |TAMS 0x00000000e4200000| PB 0x00000000e4200000| Untracked 
|  67|0x00000000e4300000, 0x00000000e4300000, 0x00000000e4400000|  0%| F|  |TAMS 0x00000000e4300000| PB 0x00000000e4300000| Untracked 
|  68|0x00000000e4400000, 0x00000000e4400000, 0x00000000e4500000|  0%| F|  |TAMS 0x00000000e4400000| PB 0x00000000e4400000| Untracked 
|  69|0x00000000e4500000, 0x00000000e4500000, 0x00000000e4600000|  0%| F|  |TAMS 0x00000000e4500000| PB 0x00000000e4500000| Untracked 
|  70|0x00000000e4600000, 0x00000000e4600000, 0x00000000e4700000|  0%| F|  |TAMS 0x00000000e4600000| PB 0x00000000e4600000| Untracked 
|  71|0x00000000e4700000, 0x00000000e4700000, 0x00000000e4800000|  0%| F|  |TAMS 0x00000000e4700000| PB 0x00000000e4700000| Untracked 
|  72|0x00000000e4800000, 0x00000000e4800000, 0x00000000e4900000|  0%| F|  |TAMS 0x00000000e4800000| PB 0x00000000e4800000| Untracked 
|  73|0x00000000e4900000, 0x00000000e4900000, 0x00000000e4a00000|  0%| F|  |TAMS 0x00000000e4900000| PB 0x00000000e4900000| Untracked 
|  74|0x00000000e4a00000, 0x00000000e4a00000, 0x00000000e4b00000|  0%| F|  |TAMS 0x00000000e4a00000| PB 0x00000000e4a00000| Untracked 
|  75|0x00000000e4b00000, 0x00000000e4b00000, 0x00000000e4c00000|  0%| F|  |TAMS 0x00000000e4b00000| PB 0x00000000e4b00000| Untracked 
|  76|0x00000000e4c00000, 0x00000000e4c00000, 0x00000000e4d00000|  0%| F|  |TAMS 0x00000000e4c00000| PB 0x00000000e4c00000| Untracked 
|  77|0x00000000e4d00000, 0x00000000e4d00000, 0x00000000e4e00000|  0%| F|  |TAMS 0x00000000e4d00000| PB 0x00000000e4d00000| Untracked 
|  78|0x00000000e4e00000, 0x00000000e4e00000, 0x00000000e4f00000|  0%| F|  |TAMS 0x00000000e4e00000| PB 0x00000000e4e00000| Untracked 
|  79|0x00000000e4f00000, 0x00000000e4f00000, 0x00000000e5000000|  0%| F|  |TAMS 0x00000000e4f00000| PB 0x00000000e4f00000| Untracked 
|  80|0x00000000e5000000, 0x00000000e5000000, 0x00000000e5100000|  0%| F|  |TAMS 0x00000000e5000000| PB 0x00000000e5000000| Untracked 
|  81|0x00000000e5100000, 0x00000000e5100000, 0x00000000e5200000|  0%| F|  |TAMS 0x00000000e5100000| PB 0x00000000e5100000| Untracked 
|  82|0x00000000e5200000, 0x00000000e5200000, 0x00000000e5300000|  0%| F|  |TAMS 0x00000000e5200000| PB 0x00000000e5200000| Untracked 
|  83|0x00000000e5300000, 0x00000000e5300000, 0x00000000e5400000|  0%| F|  |TAMS 0x00000000e5300000| PB 0x00000000e5300000| Untracked 
|  84|0x00000000e5400000, 0x00000000e5400000, 0x00000000e5500000|  0%| F|  |TAMS 0x00000000e5400000| PB 0x00000000e5400000| Untracked 
|  85|0x00000000e5500000, 0x00000000e5500000, 0x00000000e5600000|  0%| F|  |TAMS 0x00000000e5500000| PB 0x00000000e5500000| Untracked 
|  86|0x00000000e5600000, 0x00000000e5600000, 0x00000000e5700000|  0%| F|  |TAMS 0x00000000e5600000| PB 0x00000000e5600000| Untracked 
|  87|0x00000000e5700000, 0x00000000e5700000, 0x00000000e5800000|  0%| F|  |TAMS 0x00000000e5700000| PB 0x00000000e5700000| Untracked 
|  88|0x00000000e5800000, 0x00000000e5800000, 0x00000000e5900000|  0%| F|  |TAMS 0x00000000e5800000| PB 0x00000000e5800000| Untracked 
|  89|0x00000000e5900000, 0x00000000e5900000, 0x00000000e5a00000|  0%| F|  |TAMS 0x00000000e5900000| PB 0x00000000e5900000| Untracked 
|  90|0x00000000e5a00000, 0x00000000e5a00000, 0x00000000e5b00000|  0%| F|  |TAMS 0x00000000e5a00000| PB 0x00000000e5a00000| Untracked 
|  91|0x00000000e5b00000, 0x00000000e5b00000, 0x00000000e5c00000|  0%| F|  |TAMS 0x00000000e5b00000| PB 0x00000000e5b00000| Untracked 
|  92|0x00000000e5c00000, 0x00000000e5c00000, 0x00000000e5d00000|  0%| F|  |TAMS 0x00000000e5c00000| PB 0x00000000e5c00000| Untracked 
|  93|0x00000000e5d00000, 0x00000000e5d00000, 0x00000000e5e00000|  0%| F|  |TAMS 0x00000000e5d00000| PB 0x00000000e5d00000| Untracked 
|  94|0x00000000e5e00000, 0x00000000e5e00000, 0x00000000e5f00000|  0%| F|  |TAMS 0x00000000e5e00000| PB 0x00000000e5e00000| Untracked 
|  95|0x00000000e5f00000, 0x00000000e5f00000, 0x00000000e6000000|  0%| F|  |TAMS 0x00000000e5f00000| PB 0x00000000e5f00000| Untracked 
|  96|0x00000000e6000000, 0x00000000e6000000, 0x00000000e6100000|  0%| F|  |TAMS 0x00000000e6000000| PB 0x00000000e6000000| Untracked 
|  97|0x00000000e6100000, 0x00000000e6100000, 0x00000000e6200000|  0%| F|  |TAMS 0x00000000e6100000| PB 0x00000000e6100000| Untracked 
|  98|0x00000000e6200000, 0x00000000e6200000, 0x00000000e6300000|  0%| F|  |TAMS 0x00000000e6200000| PB 0x00000000e6200000| Untracked 
|  99|0x00000000e6300000, 0x00000000e6300000, 0x00000000e6400000|  0%| F|  |TAMS 0x00000000e6300000| PB 0x00000000e6300000| Untracked 
| 100|0x00000000e6400000, 0x00000000e6400000, 0x00000000e6500000|  0%| F|  |TAMS 0x00000000e6400000| PB 0x00000000e6400000| Untracked 
| 101|0x00000000e6500000, 0x00000000e6500000, 0x00000000e6600000|  0%| F|  |TAMS 0x00000000e6500000| PB 0x00000000e6500000| Untracked 
| 102|0x00000000e6600000, 0x00000000e6600000, 0x00000000e6700000|  0%| F|  |TAMS 0x00000000e6600000| PB 0x00000000e6600000| Untracked 
| 103|0x00000000e6700000, 0x00000000e6700000, 0x00000000e6800000|  0%| F|  |TAMS 0x00000000e6700000| PB 0x00000000e6700000| Untracked 
| 104|0x00000000e6800000, 0x00000000e6800000, 0x00000000e6900000|  0%| F|  |TAMS 0x00000000e6800000| PB 0x00000000e6800000| Untracked 
| 105|0x00000000e6900000, 0x00000000e6900000, 0x00000000e6a00000|  0%| F|  |TAMS 0x00000000e6900000| PB 0x00000000e6900000| Untracked 
| 106|0x00000000e6a00000, 0x00000000e6a00000, 0x00000000e6b00000|  0%| F|  |TAMS 0x00000000e6a00000| PB 0x00000000e6a00000| Untracked 
| 107|0x00000000e6b00000, 0x00000000e6b00000, 0x00000000e6c00000|  0%| F|  |TAMS 0x00000000e6b00000| PB 0x00000000e6b00000| Untracked 
| 108|0x00000000e6c00000, 0x00000000e6c00000, 0x00000000e6d00000|  0%| F|  |TAMS 0x00000000e6c00000| PB 0x00000000e6c00000| Untracked 
| 109|0x00000000e6d00000, 0x00000000e6d00000, 0x00000000e6e00000|  0%| F|  |TAMS 0x00000000e6d00000| PB 0x00000000e6d00000| Untracked 
| 110|0x00000000e6e00000, 0x00000000e6e00000, 0x00000000e6f00000|  0%| F|  |TAMS 0x00000000e6e00000| PB 0x00000000e6e00000| Untracked 
| 111|0x00000000e6f00000, 0x00000000e6f00000, 0x00000000e7000000|  0%| F|  |TAMS 0x00000000e6f00000| PB 0x00000000e6f00000| Untracked 
| 112|0x00000000e7000000, 0x00000000e7000000, 0x00000000e7100000|  0%| F|  |TAMS 0x00000000e7000000| PB 0x00000000e7000000| Untracked 
| 113|0x00000000e7100000, 0x00000000e7100000, 0x00000000e7200000|  0%| F|  |TAMS 0x00000000e7100000| PB 0x00000000e7100000| Untracked 
| 114|0x00000000e7200000, 0x00000000e7200000, 0x00000000e7300000|  0%| F|  |TAMS 0x00000000e7200000| PB 0x00000000e7200000| Untracked 
| 115|0x00000000e7300000, 0x00000000e7300000, 0x00000000e7400000|  0%| F|  |TAMS 0x00000000e7300000| PB 0x00000000e7300000| Untracked 
| 116|0x00000000e7400000, 0x00000000e7400000, 0x00000000e7500000|  0%| F|  |TAMS 0x00000000e7400000| PB 0x00000000e7400000| Untracked 
| 117|0x00000000e7500000, 0x00000000e7500000, 0x00000000e7600000|  0%| F|  |TAMS 0x00000000e7500000| PB 0x00000000e7500000| Untracked 
| 118|0x00000000e7600000, 0x00000000e7600000, 0x00000000e7700000|  0%| F|  |TAMS 0x00000000e7600000| PB 0x00000000e7600000| Untracked 
| 119|0x00000000e7700000, 0x00000000e7700000, 0x00000000e7800000|  0%| F|  |TAMS 0x00000000e7700000| PB 0x00000000e7700000| Untracked 
| 120|0x00000000e7800000, 0x00000000e7800000, 0x00000000e7900000|  0%| F|  |TAMS 0x00000000e7800000| PB 0x00000000e7800000| Untracked 
| 121|0x00000000e7900000, 0x00000000e7900000, 0x00000000e7a00000|  0%| F|  |TAMS 0x00000000e7900000| PB 0x00000000e7900000| Untracked 
| 122|0x00000000e7a00000, 0x00000000e7a00000, 0x00000000e7b00000|  0%| F|  |TAMS 0x00000000e7a00000| PB 0x00000000e7a00000| Untracked 
| 123|0x00000000e7b00000, 0x00000000e7b00000, 0x00000000e7c00000|  0%| F|  |TAMS 0x00000000e7b00000| PB 0x00000000e7b00000| Untracked 
| 124|0x00000000e7c00000, 0x00000000e7c00000, 0x00000000e7d00000|  0%| F|  |TAMS 0x00000000e7c00000| PB 0x00000000e7c00000| Untracked 
| 125|0x00000000e7d00000, 0x00000000e7d00000, 0x00000000e7e00000|  0%| F|  |TAMS 0x00000000e7d00000| PB 0x00000000e7d00000| Untracked 
| 126|0x00000000e7e00000, 0x00000000e7e00000, 0x00000000e7f00000|  0%| F|  |TAMS 0x00000000e7e00000| PB 0x00000000e7e00000| Untracked 
| 127|0x00000000e7f00000, 0x00000000e7f00000, 0x00000000e8000000|  0%| F|  |TAMS 0x00000000e7f00000| PB 0x00000000e7f00000| Untracked 
| 128|0x00000000e8000000, 0x00000000e8000000, 0x00000000e8100000|  0%| F|  |TAMS 0x00000000e8000000| PB 0x00000000e8000000| Untracked 
| 129|0x00000000e8100000, 0x00000000e8100000, 0x00000000e8200000|  0%| F|  |TAMS 0x00000000e8100000| PB 0x00000000e8100000| Untracked 
| 130|0x00000000e8200000, 0x00000000e8200000, 0x00000000e8300000|  0%| F|  |TAMS 0x00000000e8200000| PB 0x00000000e8200000| Untracked 
| 131|0x00000000e8300000, 0x00000000e8300000, 0x00000000e8400000|  0%| F|  |TAMS 0x00000000e8300000| PB 0x00000000e8300000| Untracked 
| 132|0x00000000e8400000, 0x00000000e8400000, 0x00000000e8500000|  0%| F|  |TAMS 0x00000000e8400000| PB 0x00000000e8400000| Untracked 
| 133|0x00000000e8500000, 0x00000000e8500000, 0x00000000e8600000|  0%| F|  |TAMS 0x00000000e8500000| PB 0x00000000e8500000| Untracked 
| 134|0x00000000e8600000, 0x00000000e8600000, 0x00000000e8700000|  0%| F|  |TAMS 0x00000000e8600000| PB 0x00000000e8600000| Untracked 
| 135|0x00000000e8700000, 0x00000000e8700000, 0x00000000e8800000|  0%| F|  |TAMS 0x00000000e8700000| PB 0x00000000e8700000| Untracked 
| 136|0x00000000e8800000, 0x00000000e8800000, 0x00000000e8900000|  0%| F|  |TAMS 0x00000000e8800000| PB 0x00000000e8800000| Untracked 
| 137|0x00000000e8900000, 0x00000000e8900000, 0x00000000e8a00000|  0%| F|  |TAMS 0x00000000e8900000| PB 0x00000000e8900000| Untracked 
| 138|0x00000000e8a00000, 0x00000000e8a00000, 0x00000000e8b00000|  0%| F|  |TAMS 0x00000000e8a00000| PB 0x00000000e8a00000| Untracked 
| 139|0x00000000e8b00000, 0x00000000e8b00000, 0x00000000e8c00000|  0%| F|  |TAMS 0x00000000e8b00000| PB 0x00000000e8b00000| Untracked 
| 140|0x00000000e8c00000, 0x00000000e8c00000, 0x00000000e8d00000|  0%| F|  |TAMS 0x00000000e8c00000| PB 0x00000000e8c00000| Untracked 
| 141|0x00000000e8d00000, 0x00000000e8d00000, 0x00000000e8e00000|  0%| F|  |TAMS 0x00000000e8d00000| PB 0x00000000e8d00000| Untracked 
| 142|0x00000000e8e00000, 0x00000000e8e00000, 0x00000000e8f00000|  0%| F|  |TAMS 0x00000000e8e00000| PB 0x00000000e8e00000| Untracked 
| 143|0x00000000e8f00000, 0x00000000e8f00000, 0x00000000e9000000|  0%| F|  |TAMS 0x00000000e8f00000| PB 0x00000000e8f00000| Untracked 
| 144|0x00000000e9000000, 0x00000000e9000000, 0x00000000e9100000|  0%| F|  |TAMS 0x00000000e9000000| PB 0x00000000e9000000| Untracked 
| 145|0x00000000e9100000, 0x00000000e9100000, 0x00000000e9200000|  0%| F|  |TAMS 0x00000000e9100000| PB 0x00000000e9100000| Untracked 
| 146|0x00000000e9200000, 0x00000000e9200000, 0x00000000e9300000|  0%| F|  |TAMS 0x00000000e9200000| PB 0x00000000e9200000| Untracked 
| 147|0x00000000e9300000, 0x00000000e9300000, 0x00000000e9400000|  0%| F|  |TAMS 0x00000000e9300000| PB 0x00000000e9300000| Untracked 
| 148|0x00000000e9400000, 0x00000000e9400000, 0x00000000e9500000|  0%| F|  |TAMS 0x00000000e9400000| PB 0x00000000e9400000| Untracked 
| 149|0x00000000e9500000, 0x00000000e9500000, 0x00000000e9600000|  0%| F|  |TAMS 0x00000000e9500000| PB 0x00000000e9500000| Untracked 
| 150|0x00000000e9600000, 0x00000000e9600000, 0x00000000e9700000|  0%| F|  |TAMS 0x00000000e9600000| PB 0x00000000e9600000| Untracked 
| 151|0x00000000e9700000, 0x00000000e9700000, 0x00000000e9800000|  0%| F|  |TAMS 0x00000000e9700000| PB 0x00000000e9700000| Untracked 
| 152|0x00000000e9800000, 0x00000000e9800000, 0x00000000e9900000|  0%| F|  |TAMS 0x00000000e9800000| PB 0x00000000e9800000| Untracked 
| 153|0x00000000e9900000, 0x00000000e9900000, 0x00000000e9a00000|  0%| F|  |TAMS 0x00000000e9900000| PB 0x00000000e9900000| Untracked 
| 154|0x00000000e9a00000, 0x00000000e9a00000, 0x00000000e9b00000|  0%| F|  |TAMS 0x00000000e9a00000| PB 0x00000000e9a00000| Untracked 
| 155|0x00000000e9b00000, 0x00000000e9b00000, 0x00000000e9c00000|  0%| F|  |TAMS 0x00000000e9b00000| PB 0x00000000e9b00000| Untracked 
| 156|0x00000000e9c00000, 0x00000000e9c00000, 0x00000000e9d00000|  0%| F|  |TAMS 0x00000000e9c00000| PB 0x00000000e9c00000| Untracked 
| 157|0x00000000e9d00000, 0x00000000e9d00000, 0x00000000e9e00000|  0%| F|  |TAMS 0x00000000e9d00000| PB 0x00000000e9d00000| Untracked 
| 158|0x00000000e9e00000, 0x00000000e9e00000, 0x00000000e9f00000|  0%| F|  |TAMS 0x00000000e9e00000| PB 0x00000000e9e00000| Untracked 
| 159|0x00000000e9f00000, 0x00000000e9f00000, 0x00000000ea000000|  0%| F|  |TAMS 0x00000000e9f00000| PB 0x00000000e9f00000| Untracked 
| 160|0x00000000ea000000, 0x00000000ea000000, 0x00000000ea100000|  0%| F|  |TAMS 0x00000000ea000000| PB 0x00000000ea000000| Untracked 
| 161|0x00000000ea100000, 0x00000000ea100000, 0x00000000ea200000|  0%| F|  |TAMS 0x00000000ea100000| PB 0x00000000ea100000| Untracked 
| 162|0x00000000ea200000, 0x00000000ea200000, 0x00000000ea300000|  0%| F|  |TAMS 0x00000000ea200000| PB 0x00000000ea200000| Untracked 
| 163|0x00000000ea300000, 0x00000000ea300000, 0x00000000ea400000|  0%| F|  |TAMS 0x00000000ea300000| PB 0x00000000ea300000| Untracked 
| 164|0x00000000ea400000, 0x00000000ea400000, 0x00000000ea500000|  0%| F|  |TAMS 0x00000000ea400000| PB 0x00000000ea400000| Untracked 
| 165|0x00000000ea500000, 0x00000000ea500000, 0x00000000ea600000|  0%| F|  |TAMS 0x00000000ea500000| PB 0x00000000ea500000| Untracked 
| 166|0x00000000ea600000, 0x00000000ea600000, 0x00000000ea700000|  0%| F|  |TAMS 0x00000000ea600000| PB 0x00000000ea600000| Untracked 
| 167|0x00000000ea700000, 0x00000000ea700000, 0x00000000ea800000|  0%| F|  |TAMS 0x00000000ea700000| PB 0x00000000ea700000| Untracked 
| 168|0x00000000ea800000, 0x00000000ea800000, 0x00000000ea900000|  0%| F|  |TAMS 0x00000000ea800000| PB 0x00000000ea800000| Untracked 
| 169|0x00000000ea900000, 0x00000000ea900000, 0x00000000eaa00000|  0%| F|  |TAMS 0x00000000ea900000| PB 0x00000000ea900000| Untracked 
| 170|0x00000000eaa00000, 0x00000000eaa00000, 0x00000000eab00000|  0%| F|  |TAMS 0x00000000eaa00000| PB 0x00000000eaa00000| Untracked 
| 171|0x00000000eab00000, 0x00000000eab00000, 0x00000000eac00000|  0%| F|  |TAMS 0x00000000eab00000| PB 0x00000000eab00000| Untracked 
| 172|0x00000000eac00000, 0x00000000eac00000, 0x00000000ead00000|  0%| F|  |TAMS 0x00000000eac00000| PB 0x00000000eac00000| Untracked 
| 173|0x00000000ead00000, 0x00000000ead00000, 0x00000000eae00000|  0%| F|  |TAMS 0x00000000ead00000| PB 0x00000000ead00000| Untracked 
| 174|0x00000000eae00000, 0x00000000eae00000, 0x00000000eaf00000|  0%| F|  |TAMS 0x00000000eae00000| PB 0x00000000eae00000| Untracked 
| 175|0x00000000eaf00000, 0x00000000eaf00000, 0x00000000eb000000|  0%| F|  |TAMS 0x00000000eaf00000| PB 0x00000000eaf00000| Untracked 
| 176|0x00000000eb000000, 0x00000000eb000000, 0x00000000eb100000|  0%| F|  |TAMS 0x00000000eb000000| PB 0x00000000eb000000| Untracked 
| 177|0x00000000eb100000, 0x00000000eb100000, 0x00000000eb200000|  0%| F|  |TAMS 0x00000000eb100000| PB 0x00000000eb100000| Untracked 
| 178|0x00000000eb200000, 0x00000000eb200000, 0x00000000eb300000|  0%| F|  |TAMS 0x00000000eb200000| PB 0x00000000eb200000| Untracked 
| 179|0x00000000eb300000, 0x00000000eb300000, 0x00000000eb400000|  0%| F|  |TAMS 0x00000000eb300000| PB 0x00000000eb300000| Untracked 
| 180|0x00000000eb400000, 0x00000000eb400000, 0x00000000eb500000|  0%| F|  |TAMS 0x00000000eb400000| PB 0x00000000eb400000| Untracked 
| 181|0x00000000eb500000, 0x00000000eb500000, 0x00000000eb600000|  0%| F|  |TAMS 0x00000000eb500000| PB 0x00000000eb500000| Untracked 
| 182|0x00000000eb600000, 0x00000000eb600000, 0x00000000eb700000|  0%| F|  |TAMS 0x00000000eb600000| PB 0x00000000eb600000| Untracked 
| 183|0x00000000eb700000, 0x00000000eb700000, 0x00000000eb800000|  0%| F|  |TAMS 0x00000000eb700000| PB 0x00000000eb700000| Untracked 
| 184|0x00000000eb800000, 0x00000000eb800000, 0x00000000eb900000|  0%| F|  |TAMS 0x00000000eb800000| PB 0x00000000eb800000| Untracked 
| 185|0x00000000eb900000, 0x00000000eb900000, 0x00000000eba00000|  0%| F|  |TAMS 0x00000000eb900000| PB 0x00000000eb900000| Untracked 
| 186|0x00000000eba00000, 0x00000000eba00000, 0x00000000ebb00000|  0%| F|  |TAMS 0x00000000eba00000| PB 0x00000000eba00000| Untracked 
| 187|0x00000000ebb00000, 0x00000000ebb00000, 0x00000000ebc00000|  0%| F|  |TAMS 0x00000000ebb00000| PB 0x00000000ebb00000| Untracked 
| 188|0x00000000ebc00000, 0x00000000ebc00000, 0x00000000ebd00000|  0%| F|  |TAMS 0x00000000ebc00000| PB 0x00000000ebc00000| Untracked 
| 189|0x00000000ebd00000, 0x00000000ebdbf990, 0x00000000ebe00000| 74%| E|  |TAMS 0x00000000ebd00000| PB 0x00000000ebd00000| Complete 
| 190|0x00000000ebe00000, 0x00000000ebf00000, 0x00000000ebf00000|100%| E|CS|TAMS 0x00000000ebe00000| PB 0x00000000ebe00000| Complete 
| 191|0x00000000ebf00000, 0x00000000ec000000, 0x00000000ec000000|100%| E|CS|TAMS 0x00000000ebf00000| PB 0x00000000ebf00000| Complete 
| 192|0x00000000ec000000, 0x00000000ec100000, 0x00000000ec100000|100%| E|CS|TAMS 0x00000000ec000000| PB 0x00000000ec000000| Complete 
| 193|0x00000000ec100000, 0x00000000ec200000, 0x00000000ec200000|100%| E|CS|TAMS 0x00000000ec100000| PB 0x00000000ec100000| Complete 
| 194|0x00000000ec200000, 0x00000000ec300000, 0x00000000ec300000|100%| E|CS|TAMS 0x00000000ec200000| PB 0x00000000ec200000| Complete 
| 195|0x00000000ec300000, 0x00000000ec400000, 0x00000000ec400000|100%| E|CS|TAMS 0x00000000ec300000| PB 0x00000000ec300000| Complete 
| 196|0x00000000ec400000, 0x00000000ec500000, 0x00000000ec500000|100%| E|CS|TAMS 0x00000000ec400000| PB 0x00000000ec400000| Complete 
| 197|0x00000000ec500000, 0x00000000ec600000, 0x00000000ec600000|100%| E|CS|TAMS 0x00000000ec500000| PB 0x00000000ec500000| Complete 
| 198|0x00000000ec600000, 0x00000000ec700000, 0x00000000ec700000|100%| E|CS|TAMS 0x00000000ec600000| PB 0x00000000ec600000| Complete 
| 199|0x00000000ec700000, 0x00000000ec800000, 0x00000000ec800000|100%| E|CS|TAMS 0x00000000ec700000| PB 0x00000000ec700000| Complete 
| 200|0x00000000ec800000, 0x00000000ec900000, 0x00000000ec900000|100%| E|CS|TAMS 0x00000000ec800000| PB 0x00000000ec800000| Complete 
| 201|0x00000000ec900000, 0x00000000eca00000, 0x00000000eca00000|100%| E|CS|TAMS 0x00000000ec900000| PB 0x00000000ec900000| Complete 
| 202|0x00000000eca00000, 0x00000000ecb00000, 0x00000000ecb00000|100%| E|CS|TAMS 0x00000000eca00000| PB 0x00000000eca00000| Complete 
| 203|0x00000000ecb00000, 0x00000000ecc00000, 0x00000000ecc00000|100%| E|CS|TAMS 0x00000000ecb00000| PB 0x00000000ecb00000| Complete 
| 204|0x00000000ecc00000, 0x00000000ecd00000, 0x00000000ecd00000|100%| E|CS|TAMS 0x00000000ecc00000| PB 0x00000000ecc00000| Complete 
| 205|0x00000000ecd00000, 0x00000000ece00000, 0x00000000ece00000|100%| E|CS|TAMS 0x00000000ecd00000| PB 0x00000000ecd00000| Complete 
| 206|0x00000000ece00000, 0x00000000ecf00000, 0x00000000ecf00000|100%| E|CS|TAMS 0x00000000ece00000| PB 0x00000000ece00000| Complete 
| 207|0x00000000ecf00000, 0x00000000ed000000, 0x00000000ed000000|100%| E|CS|TAMS 0x00000000ecf00000| PB 0x00000000ecf00000| Complete 
| 208|0x00000000ed000000, 0x00000000ed100000, 0x00000000ed100000|100%| E|CS|TAMS 0x00000000ed000000| PB 0x00000000ed000000| Complete 
| 209|0x00000000ed100000, 0x00000000ed200000, 0x00000000ed200000|100%| E|CS|TAMS 0x00000000ed100000| PB 0x00000000ed100000| Complete 
| 210|0x00000000ed200000, 0x00000000ed300000, 0x00000000ed300000|100%| E|CS|TAMS 0x00000000ed200000| PB 0x00000000ed200000| Complete 
| 211|0x00000000ed300000, 0x00000000ed400000, 0x00000000ed400000|100%| E|CS|TAMS 0x00000000ed300000| PB 0x00000000ed300000| Complete 
| 212|0x00000000ed400000, 0x00000000ed500000, 0x00000000ed500000|100%| E|CS|TAMS 0x00000000ed400000| PB 0x00000000ed400000| Complete 
| 213|0x00000000ed500000, 0x00000000ed600000, 0x00000000ed600000|100%| E|CS|TAMS 0x00000000ed500000| PB 0x00000000ed500000| Complete 
| 214|0x00000000ed600000, 0x00000000ed700000, 0x00000000ed700000|100%| E|CS|TAMS 0x00000000ed600000| PB 0x00000000ed600000| Complete 
| 215|0x00000000ed700000, 0x00000000ed800000, 0x00000000ed800000|100%| E|CS|TAMS 0x00000000ed700000| PB 0x00000000ed700000| Complete 
| 216|0x00000000ed800000, 0x00000000ed900000, 0x00000000ed900000|100%| E|CS|TAMS 0x00000000ed800000| PB 0x00000000ed800000| Complete 
| 217|0x00000000ed900000, 0x00000000eda00000, 0x00000000eda00000|100%| E|CS|TAMS 0x00000000ed900000| PB 0x00000000ed900000| Complete 
| 218|0x00000000eda00000, 0x00000000edb00000, 0x00000000edb00000|100%| E|CS|TAMS 0x00000000eda00000| PB 0x00000000eda00000| Complete 
| 219|0x00000000edb00000, 0x00000000edc00000, 0x00000000edc00000|100%| E|CS|TAMS 0x00000000edb00000| PB 0x00000000edb00000| Complete 
| 220|0x00000000edc00000, 0x00000000edd00000, 0x00000000edd00000|100%| E|CS|TAMS 0x00000000edc00000| PB 0x00000000edc00000| Complete 
| 221|0x00000000edd00000, 0x00000000ede00000, 0x00000000ede00000|100%| E|CS|TAMS 0x00000000edd00000| PB 0x00000000edd00000| Complete 
| 222|0x00000000ede00000, 0x00000000edf00000, 0x00000000edf00000|100%| E|CS|TAMS 0x00000000ede00000| PB 0x00000000ede00000| Complete 
| 223|0x00000000edf00000, 0x00000000ee000000, 0x00000000ee000000|100%| E|CS|TAMS 0x00000000edf00000| PB 0x00000000edf00000| Complete 
| 224|0x00000000ee000000, 0x00000000ee100000, 0x00000000ee100000|100%| E|CS|TAMS 0x00000000ee000000| PB 0x00000000ee000000| Complete 
| 225|0x00000000ee100000, 0x00000000ee200000, 0x00000000ee200000|100%| E|CS|TAMS 0x00000000ee100000| PB 0x00000000ee100000| Complete 
| 226|0x00000000ee200000, 0x00000000ee300000, 0x00000000ee300000|100%| E|CS|TAMS 0x00000000ee200000| PB 0x00000000ee200000| Complete 
| 227|0x00000000ee300000, 0x00000000ee400000, 0x00000000ee400000|100%| E|CS|TAMS 0x00000000ee300000| PB 0x00000000ee300000| Complete 
| 228|0x00000000ee400000, 0x00000000ee500000, 0x00000000ee500000|100%| E|CS|TAMS 0x00000000ee400000| PB 0x00000000ee400000| Complete 
| 229|0x00000000ee500000, 0x00000000ee600000, 0x00000000ee600000|100%| E|CS|TAMS 0x00000000ee500000| PB 0x00000000ee500000| Complete 
| 230|0x00000000ee600000, 0x00000000ee700000, 0x00000000ee700000|100%| E|CS|TAMS 0x00000000ee600000| PB 0x00000000ee600000| Complete 
| 231|0x00000000ee700000, 0x00000000ee800000, 0x00000000ee800000|100%| E|CS|TAMS 0x00000000ee700000| PB 0x00000000ee700000| Complete 
| 232|0x00000000ee800000, 0x00000000ee900000, 0x00000000ee900000|100%| E|CS|TAMS 0x00000000ee800000| PB 0x00000000ee800000| Complete 
| 233|0x00000000ee900000, 0x00000000eea00000, 0x00000000eea00000|100%| E|CS|TAMS 0x00000000ee900000| PB 0x00000000ee900000| Complete 
| 234|0x00000000eea00000, 0x00000000eeb00000, 0x00000000eeb00000|100%| E|CS|TAMS 0x00000000eea00000| PB 0x00000000eea00000| Complete 
| 235|0x00000000eeb00000, 0x00000000eec00000, 0x00000000eec00000|100%| E|CS|TAMS 0x00000000eeb00000| PB 0x00000000eeb00000| Complete 
| 236|0x00000000eec00000, 0x00000000eed00000, 0x00000000eed00000|100%| E|CS|TAMS 0x00000000eec00000| PB 0x00000000eec00000| Complete 
| 237|0x00000000eed00000, 0x00000000eee00000, 0x00000000eee00000|100%| E|CS|TAMS 0x00000000eed00000| PB 0x00000000eed00000| Complete 
| 238|0x00000000eee00000, 0x00000000eee86850, 0x00000000eef00000| 52%| S|CS|TAMS 0x00000000eee00000| PB 0x00000000eee00000| Complete 
| 239|0x00000000eef00000, 0x00000000ef000000, 0x00000000ef000000|100%| S|CS|TAMS 0x00000000eef00000| PB 0x00000000eef00000| Complete 
| 240|0x00000000ef000000, 0x00000000ef100000, 0x00000000ef100000|100%| S|CS|TAMS 0x00000000ef000000| PB 0x00000000ef000000| Complete 
| 241|0x00000000ef100000, 0x00000000ef200000, 0x00000000ef200000|100%| S|CS|TAMS 0x00000000ef100000| PB 0x00000000ef100000| Complete 
| 242|0x00000000ef200000, 0x00000000ef300000, 0x00000000ef300000|100%| S|CS|TAMS 0x00000000ef200000| PB 0x00000000ef200000| Complete 
| 243|0x00000000ef300000, 0x00000000ef400000, 0x00000000ef400000|100%| S|CS|TAMS 0x00000000ef300000| PB 0x00000000ef300000| Complete 
| 244|0x00000000ef400000, 0x00000000ef500000, 0x00000000ef500000|100%| S|CS|TAMS 0x00000000ef400000| PB 0x00000000ef400000| Complete 
| 245|0x00000000ef500000, 0x00000000ef600000, 0x00000000ef600000|100%| S|CS|TAMS 0x00000000ef500000| PB 0x00000000ef500000| Complete 
| 246|0x00000000ef600000, 0x00000000ef700000, 0x00000000ef700000|100%| E|CS|TAMS 0x00000000ef600000| PB 0x00000000ef600000| Complete 
| 247|0x00000000ef700000, 0x00000000ef800000, 0x00000000ef800000|100%| E|CS|TAMS 0x00000000ef700000| PB 0x00000000ef700000| Complete 
| 248|0x00000000ef800000, 0x00000000ef900000, 0x00000000ef900000|100%| E|CS|TAMS 0x00000000ef800000| PB 0x00000000ef800000| Complete 
| 249|0x00000000ef900000, 0x00000000efa00000, 0x00000000efa00000|100%| E|CS|TAMS 0x00000000ef900000| PB 0x00000000ef900000| Complete 
| 250|0x00000000efa00000, 0x00000000efb00000, 0x00000000efb00000|100%| E|CS|TAMS 0x00000000efa00000| PB 0x00000000efa00000| Complete 
| 251|0x00000000efb00000, 0x00000000efc00000, 0x00000000efc00000|100%| E|CS|TAMS 0x00000000efb00000| PB 0x00000000efb00000| Complete 
| 252|0x00000000efc00000, 0x00000000efd00000, 0x00000000efd00000|100%| E|CS|TAMS 0x00000000efc00000| PB 0x00000000efc00000| Complete 
| 253|0x00000000efd00000, 0x00000000efe00000, 0x00000000efe00000|100%| E|CS|TAMS 0x00000000efd00000| PB 0x00000000efd00000| Complete 
| 254|0x00000000efe00000, 0x00000000eff00000, 0x00000000eff00000|100%| E|CS|TAMS 0x00000000efe00000| PB 0x00000000efe00000| Complete 
| 255|0x00000000eff00000, 0x00000000f0000000, 0x00000000f0000000|100%| E|CS|TAMS 0x00000000eff00000| PB 0x00000000eff00000| Complete 

Card table byte_map: [0x00000167be8d0000,0x00000167be9d0000] _byte_map_base: 0x00000167be1d0000

Marking Bits: (CMBitMap*) 0x00000167abd80cf0
 Bits: [0x00000167be9d0000, 0x00000167bf1d0000)

Polling page: 0x00000167a9c10000

Metaspace:

Usage:
  Non-class:     33.89 MB used.
      Class:      5.76 MB used.
       Both:     39.66 MB used.

Virtual space:
  Non-class space:       64.00 MB reserved,      34.50 MB ( 54%) committed,  1 nodes.
      Class space:      320.00 MB reserved,       6.38 MB (  2%) committed,  1 nodes.
             Both:      384.00 MB reserved,      40.88 MB ( 11%) committed. 

Chunk freelists:
   Non-Class:  12.55 MB
       Class:  9.45 MB
        Both:  22.00 MB

MaxMetaspaceSize: 384.00 MB
CompressedClassSpaceSize: 320.00 MB
Initial GC threshold: 21.00 MB
Current GC threshold: 59.69 MB
CDS: on
 - commit_granule_bytes: 65536.
 - commit_granule_words: 8192.
 - virtual_space_node_default_size: 8388608.
 - enlarge_chunks_in_place: 1.
 - use_allocation_guard: 0.


Internal statistics:

num_allocs_failed_limit: 14.
num_arena_births: 2312.
num_arena_deaths: 0.
num_vsnodes_births: 2.
num_vsnodes_deaths: 0.
num_space_committed: 654.
num_space_uncommitted: 0.
num_chunks_returned_to_freelist: 14.
num_chunks_taken_from_freelist: 4122.
num_chunk_merges: 11.
num_chunk_splits: 2686.
num_chunks_enlarged: 1677.
num_inconsistent_stats: 0.

CodeHeap 'non-profiled nmethods': size=119168Kb used=2596Kb max_used=2596Kb free=116572Kb
 bounds [0x00000167b6af0000, 0x00000167b6d90000, 0x00000167bdf50000]
CodeHeap 'profiled nmethods': size=119104Kb used=8925Kb max_used=8925Kb free=110178Kb
 bounds [0x00000167aef50000, 0x00000167af810000, 0x00000167b63a0000]
CodeHeap 'non-nmethods': size=7488Kb used=3124Kb max_used=3151Kb free=4363Kb
 bounds [0x00000167b63a0000, 0x00000167b66c0000, 0x00000167b6af0000]
CodeCache: size=245760Kb, used=14645Kb, max_used=14672Kb, free=231113Kb
 total_blobs=5335, nmethods=4507, adapters=730, full_count=0
Compilation: enabled, stopped_count=0, restarted_count=0

Compilation events (20 events):
Event: 27.105 Thread 0x00000167c21bdc80 4994       1       org.gradle.internal.operations.BuildOperationDescriptor::getDisplayName (5 bytes)
Event: 27.106 Thread 0x00000167c21bdc80 nmethod 4994 0x00000167b6ba5910 code [0x00000167b6ba5aa0, 0x00000167b6ba5b68]
Event: 27.106 Thread 0x00000167c21bdc80 4995       3       org.gradle.internal.event.AbstractBroadcastDispatch::<init> (10 bytes)
Event: 27.106 Thread 0x00000167c21bdc80 nmethod 4995 0x00000167af047d90 code [0x00000167af047f40, 0x00000167af0480f8]
Event: 27.117 Thread 0x00000167c21bdc80 4996       3       org.objectweb.asm.ClassReader::createDebugLabel (23 bytes)
Event: 27.117 Thread 0x00000167c21bdc80 nmethod 4996 0x00000167af047510 code [0x00000167af0476e0, 0x00000167af047ba0]
Event: 27.120 Thread 0x00000167c21bdc80 4997       3       org.objectweb.asm.Label::accept (69 bytes)
Event: 27.120 Thread 0x00000167dc8990f0 4998       3       org.objectweb.asm.Label::addLineNumber (106 bytes)
Event: 27.120 Thread 0x00000167c21bdc80 nmethod 4997 0x00000167af046c10 code [0x00000167af046e00, 0x00000167af047338]
Event: 27.120 Thread 0x00000167c21bdc80 4999       3       org.objectweb.asm.MethodWriter::visitLineNumber (50 bytes)
Event: 27.120 Thread 0x00000167dc8990f0 nmethod 4998 0x00000167af046390 code [0x00000167af046560, 0x00000167af046a68]
Event: 27.120 Thread 0x00000167c21bdc80 nmethod 4999 0x00000167af045b10 code [0x00000167af045d00, 0x00000167af046190]
Event: 27.125 Thread 0x00000167c21b7030 5000   !   4       java.lang.ClassLoader::loadClass (121 bytes)
Event: 27.126 Thread 0x00000167c21bdc80 5002       3       org.objectweb.asm.MethodWriter::visitLocalVariable (222 bytes)
Event: 27.126 Thread 0x00000167dc8990f0 5004       3       org.objectweb.asm.ClassReader::readCode (5117 bytes)
Event: 27.127 Thread 0x00000167c21bdc80 nmethod 5002 0x00000167af806690 code [0x00000167af8069e0, 0x00000167af807b80]
Event: 27.135 Thread 0x00000167c21b7030 nmethod 5000 0x00000167b6bd1910 code [0x00000167b6bd1ba0, 0x00000167b6bd2dd0]
Event: 27.135 Thread 0x00000167c21b7030 5005       4       org.objectweb.asm.ByteVector::putShort (52 bytes)
Event: 27.136 Thread 0x00000167c21b7030 nmethod 5005 0x00000167b6bd1410 code [0x00000167b6bd15c0, 0x00000167b6bd1780]
Event: 27.136 Thread 0x00000167c21b7030 5003       4       org.objectweb.asm.ClassReader::readUtf (161 bytes)

GC Heap History (12 events):
Event: 3.435 GC heap before
{Heap before GC invocations=0 (full 0):
 garbage-first heap   total 262144K, used 26624K [0x00000000e0000000, 0x0000000100000000)
  region size 1024K, 23 young (23552K), 0 survivors (0K)
 Metaspace       used 1367K, committed 1536K, reserved 393216K
  class space    used 122K, committed 192K, reserved 327680K
}
Event: 3.441 GC heap after
{Heap after GC invocations=1 (full 0):
 garbage-first heap   total 262144K, used 10378K [0x00000000e0000000, 0x0000000100000000)
  region size 1024K, 3 young (3072K), 3 survivors (3072K)
 Metaspace       used 1367K, committed 1536K, reserved 393216K
  class space    used 122K, committed 192K, reserved 327680K
}
Event: 4.052 GC heap before
{Heap before GC invocations=1 (full 0):
 garbage-first heap   total 262144K, used 39050K [0x00000000e0000000, 0x0000000100000000)
  region size 1024K, 31 young (31744K), 3 survivors (3072K)
 Metaspace       used 4307K, committed 4480K, reserved 393216K
  class space    used 545K, committed 640K, reserved 327680K
}
Event: 4.057 GC heap after
{Heap after GC invocations=2 (full 0):
 garbage-first heap   total 262144K, used 11758K [0x00000000e0000000, 0x0000000100000000)
  region size 1024K, 2 young (2048K), 2 survivors (2048K)
 Metaspace       used 4307K, committed 4480K, reserved 393216K
  class space    used 545K, committed 640K, reserved 327680K
}
Event: 18.959 GC heap before
{Heap before GC invocations=2 (full 0):
 garbage-first heap   total 262144K, used 144878K [0x00000000e0000000, 0x0000000100000000)
  region size 1024K, 132 young (135168K), 2 survivors (2048K)
 Metaspace       used 20821K, committed 21504K, reserved 393216K
  class space    used 3060K, committed 3392K, reserved 327680K
}
Event: 18.986 GC heap after
{Heap after GC invocations=3 (full 0):
 garbage-first heap   total 262144K, used 24526K [0x00000000e0000000, 0x0000000100000000)
  region size 1024K, 13 young (13312K), 13 survivors (13312K)
 Metaspace       used 20821K, committed 21504K, reserved 393216K
  class space    used 3060K, committed 3392K, reserved 327680K
}
Event: 25.118 GC heap before
{Heap before GC invocations=4 (full 0):
 garbage-first heap   total 262144K, used 116686K [0x00000000e0000000, 0x0000000100000000)
  region size 1024K, 104 young (106496K), 13 survivors (13312K)
 Metaspace       used 34745K, committed 35968K, reserved 393216K
  class space    used 5157K, committed 5760K, reserved 327680K
}
Event: 25.127 GC heap after
{Heap after GC invocations=5 (full 0):
 garbage-first heap   total 262144K, used 31019K [0x00000000e0000000, 0x0000000100000000)
  region size 1024K, 7 young (7168K), 7 survivors (7168K)
 Metaspace       used 34745K, committed 35968K, reserved 393216K
  class space    used 5157K, committed 5760K, reserved 327680K
}
Event: 25.169 GC heap before
{Heap before GC invocations=5 (full 0):
 garbage-first heap   total 262144K, used 32043K [0x00000000e0000000, 0x0000000100000000)
  region size 1024K, 10 young (10240K), 7 survivors (7168K)
 Metaspace       used 35086K, committed 36288K, reserved 393216K
  class space    used 5170K, committed 5760K, reserved 327680K
}
Event: 25.174 GC heap after
{Heap after GC invocations=6 (full 0):
 garbage-first heap   total 262144K, used 31747K [0x00000000e0000000, 0x0000000100000000)
  region size 1024K, 7 young (7168K), 7 survivors (7168K)
 Metaspace       used 35086K, committed 36288K, reserved 393216K
  class space    used 5170K, committed 5760K, reserved 327680K
}
Event: 25.313 GC heap before
{Heap before GC invocations=6 (full 0):
 garbage-first heap   total 262144K, used 33795K [0x00000000e0000000, 0x0000000100000000)
  region size 1024K, 10 young (10240K), 7 survivors (7168K)
 Metaspace       used 35361K, committed 36608K, reserved 393216K
  class space    used 5202K, committed 5824K, reserved 327680K
}
Event: 25.317 GC heap after
{Heap after GC invocations=7 (full 0):
 garbage-first heap   total 262144K, used 33116K [0x00000000e0000000, 0x0000000100000000)
  region size 1024K, 8 young (8192K), 8 survivors (8192K)
 Metaspace       used 35361K, committed 36608K, reserved 393216K
  class space    used 5202K, committed 5824K, reserved 327680K
}

Dll operation events (20 events):
Event: 2.515 Attempting to load shared library C:\Users\admoi\.antigravity-ide\extensions\redhat.java-1.56.0-win32-x64\jre\21.0.12.1-win32-x86_64\bin\nio.dll
Event: 2.517 Loaded shared library C:\Users\admoi\.antigravity-ide\extensions\redhat.java-1.56.0-win32-x64\jre\21.0.12.1-win32-x86_64\bin\nio.dll
Event: 2.525 Attempting to load shared library C:\Users\admoi\.antigravity-ide\extensions\redhat.java-1.56.0-win32-x64\jre\21.0.12.1-win32-x86_64\bin\zip.dll
Event: 2.525 Loaded shared library C:\Users\admoi\.antigravity-ide\extensions\redhat.java-1.56.0-win32-x64\jre\21.0.12.1-win32-x86_64\bin\zip.dll
Event: 3.230 Attempting to load shared library C:\Users\admoi\.antigravity-ide\extensions\redhat.java-1.56.0-win32-x64\jre\21.0.12.1-win32-x86_64\bin\jimage.dll
Event: 3.230 Loaded shared library C:\Users\admoi\.antigravity-ide\extensions\redhat.java-1.56.0-win32-x64\jre\21.0.12.1-win32-x86_64\bin\jimage.dll
Event: 3.396 Attempting to load shared library C:\Users\admoi\.antigravity-ide\extensions\redhat.java-1.56.0-win32-x64\jre\21.0.12.1-win32-x86_64\bin\verify.dll
Event: 3.397 Loaded shared library C:\Users\admoi\.antigravity-ide\extensions\redhat.java-1.56.0-win32-x64\jre\21.0.12.1-win32-x86_64\bin\verify.dll
Event: 3.572 Attempting to load shared library C:\Users\admoi\.gradle\native\c067742578af261105cb4f569cf0c3c89f3d7b1fecec35dd04571415982c5e48\windows-amd64\native-platform.dll
Event: 3.573 Loaded shared library C:\Users\admoi\.gradle\native\c067742578af261105cb4f569cf0c3c89f3d7b1fecec35dd04571415982c5e48\windows-amd64\native-platform.dll
Event: 3.577 Attempting to load shared library C:\Users\admoi\.gradle\native\100fb08df4bc3b14c8652ba06237920a3bd2aa13389f12d3474272988ae205f9\windows-amd64\native-platform-file-events.dll
Event: 3.579 Loaded shared library C:\Users\admoi\.gradle\native\100fb08df4bc3b14c8652ba06237920a3bd2aa13389f12d3474272988ae205f9\windows-amd64\native-platform-file-events.dll
Event: 7.768 Attempting to load shared library C:\Users\admoi\.antigravity-ide\extensions\redhat.java-1.56.0-win32-x64\jre\21.0.12.1-win32-x86_64\bin\management.dll
Event: 7.769 Loaded shared library C:\Users\admoi\.antigravity-ide\extensions\redhat.java-1.56.0-win32-x64\jre\21.0.12.1-win32-x86_64\bin\management.dll
Event: 7.773 Attempting to load shared library C:\Users\admoi\.antigravity-ide\extensions\redhat.java-1.56.0-win32-x64\jre\21.0.12.1-win32-x86_64\bin\management_ext.dll
Event: 7.775 Loaded shared library C:\Users\admoi\.antigravity-ide\extensions\redhat.java-1.56.0-win32-x64\jre\21.0.12.1-win32-x86_64\bin\management_ext.dll
Event: 10.768 Attempting to load shared library C:\Users\admoi\.antigravity-ide\extensions\redhat.java-1.56.0-win32-x64\jre\21.0.12.1-win32-x86_64\bin\extnet.dll
Event: 10.769 Loaded shared library C:\Users\admoi\.antigravity-ide\extensions\redhat.java-1.56.0-win32-x64\jre\21.0.12.1-win32-x86_64\bin\extnet.dll
Event: 12.592 Attempting to load shared library C:\Users\admoi\.antigravity-ide\extensions\redhat.java-1.56.0-win32-x64\jre\21.0.12.1-win32-x86_64\bin\sunmscapi.dll
Event: 12.595 Loaded shared library C:\Users\admoi\.antigravity-ide\extensions\redhat.java-1.56.0-win32-x64\jre\21.0.12.1-win32-x86_64\bin\sunmscapi.dll

Deoptimization events (20 events):
Event: 26.615 Thread 0x00000167c225e150 Uncommon trap: trap_request=0xffffff45 fr.pc=0x00000167b6b72198 relative=0x0000000000000258
Event: 26.615 Thread 0x00000167c225e150 Uncommon trap: reason=unstable_if action=reinterpret pc=0x00000167b6b72198 method=java.util.HashMap.getNode(Ljava/lang/Object;)Ljava/util/HashMap$Node; @ 85 c2
Event: 26.615 Thread 0x00000167c225e150 DEOPT PACKING pc=0x00000167b6b72198 sp=0x00000049facf94d0
Event: 26.615 Thread 0x00000167c225e150 DEOPT UNPACKING pc=0x00000167b63f4422 sp=0x00000049facf9450 mode 2
Event: 26.650 Thread 0x00000167c225e150 Uncommon trap: trap_request=0xffffffde fr.pc=0x00000167b6ca8f10 relative=0x00000000000002d0
Event: 26.650 Thread 0x00000167c225e150 Uncommon trap: reason=class_check action=maybe_recompile pc=0x00000167b6ca8f10 method=java.util.Collections$SetFromMap.remove(Ljava/lang/Object;)Z @ 5 c2
Event: 26.650 Thread 0x00000167c225e150 DEOPT PACKING pc=0x00000167b6ca8f10 sp=0x00000049facfb440
Event: 26.650 Thread 0x00000167c225e150 DEOPT UNPACKING pc=0x00000167b63f4422 sp=0x00000049facfb428 mode 2
Event: 27.009 Thread 0x00000167c225e150 Uncommon trap: trap_request=0xffffff45 fr.pc=0x00000167b6ce8f8c relative=0x000000000000036c
Event: 27.009 Thread 0x00000167c225e150 Uncommon trap: reason=unstable_if action=reinterpret pc=0x00000167b6ce8f8c method=org.gradle.internal.reflect.PropertyAccessorType.isGetGetterName(Ljava/lang/String;)Z @ 14 c2
Event: 27.009 Thread 0x00000167c225e150 DEOPT PACKING pc=0x00000167b6ce8f8c sp=0x00000049facf9c80
Event: 27.009 Thread 0x00000167c225e150 DEOPT UNPACKING pc=0x00000167b63f4422 sp=0x00000049facf9bd8 mode 2
Event: 27.066 Thread 0x00000167c225e150 Uncommon trap: trap_request=0xffffffc6 fr.pc=0x00000167b6b0f2c4 relative=0x0000000000000264
Event: 27.066 Thread 0x00000167c225e150 Uncommon trap: reason=bimorphic_or_optimized_type_check action=maybe_recompile pc=0x00000167b6b0f2c4 method=java.util.Spliterators$IteratorSpliterator.tryAdvance(Ljava/util/function/Consumer;)Z @ 50 c2
Event: 27.066 Thread 0x00000167c225e150 DEOPT PACKING pc=0x00000167b6b0f2c4 sp=0x00000049facf9e00
Event: 27.066 Thread 0x00000167c225e150 DEOPT UNPACKING pc=0x00000167b63f4422 sp=0x00000049facf9da0 mode 2
Event: 27.080 Thread 0x00000167c225e150 Uncommon trap: trap_request=0xffffff45 fr.pc=0x00000167b6cc84a8 relative=0x0000000000000108
Event: 27.080 Thread 0x00000167c225e150 Uncommon trap: reason=unstable_if action=reinterpret pc=0x00000167b6cc84a8 method=org.objectweb.asm.ByteVector.putShort(I)Lorg/objectweb/asm/ByteVector; @ 13 c2
Event: 27.080 Thread 0x00000167c225e150 DEOPT PACKING pc=0x00000167b6cc84a8 sp=0x00000049facf8db0
Event: 27.080 Thread 0x00000167c225e150 DEOPT UNPACKING pc=0x00000167b63f4422 sp=0x00000049facf8d48 mode 2

Classes loaded (20 events):
Event: 26.534 Loading class java/nio/file/AtomicMoveNotSupportedException
Event: 26.534 Loading class java/nio/file/AtomicMoveNotSupportedException done
Event: 26.586 Loading class java/io/FileWriter
Event: 26.587 Loading class java/io/FileWriter done
Event: 26.706 Loading class java/util/function/IntBinaryOperator
Event: 26.706 Loading class java/util/function/IntBinaryOperator done
Event: 26.733 Loading class sun/reflect/generics/tree/BooleanSignature
Event: 26.733 Loading class sun/reflect/generics/tree/BooleanSignature done
Event: 26.744 Loading class org/xml/sax/Locator
Event: 26.745 Loading class org/xml/sax/Locator done
Event: 26.745 Loading class org/xml/sax/SAXParseException
Event: 26.745 Loading class org/xml/sax/SAXParseException done
Event: 26.746 Loading class org/xml/sax/Attributes
Event: 26.747 Loading class org/xml/sax/Attributes done
Event: 26.986 Loading class java/util/function/LongUnaryOperator
Event: 26.986 Loading class java/util/function/LongUnaryOperator done
Event: 26.994 Loading class java/lang/StringIndexOutOfBoundsException
Event: 26.995 Loading class java/lang/StringIndexOutOfBoundsException done
Event: 27.037 Loading class java/util/DualPivotQuicksort
Event: 27.038 Loading class java/util/DualPivotQuicksort done

Classes unloaded (0 events):
No events

Classes redefined (0 events):
No events

Internal exceptions (20 events):
Event: 26.113 Thread 0x00000167c225e150 Exception <a 'java/lang/ClassNotFoundException'{0x00000000edc54f38}: org/gradle/api/internal/project/AbstractPluginAwareCustomizer> (0x00000000edc54f38) 
thrown [s\src\hotspot\share\classfile\systemDictionary.cpp, line 313]
Event: 26.115 Thread 0x00000167c225e150 Exception <a 'java/lang/ClassNotFoundException'{0x00000000edc680b8}: org/gradle/invocation/DefaultGradleCustomizer> (0x00000000edc680b8) 
thrown [s\src\hotspot\share\classfile\systemDictionary.cpp, line 313]
Event: 26.119 Thread 0x00000167c225e150 Exception <a 'java/lang/ClassNotFoundException'{0x00000000edca8b68}: org/gradle/invocation/DefaultGradle_DecoratedCustomizer> (0x00000000edca8b68) 
thrown [s\src\hotspot\share\classfile\systemDictionary.cpp, line 313]
Event: 26.296 Thread 0x00000167c225e150 Exception <a 'java/lang/NoSuchMethodError'{0x00000000ed99b5d0}: 'java.lang.Object java.lang.invoke.DirectMethodHandle$Holder.newInvokeSpecial(java.lang.Object, java.lang.Object, java.lang.Object, java.lang.Object, java.lang.Object, java.lang.Object, java.lang.Object, java.lang.Object, java.lang.Object)'> (0x00000000ed99b5d0) 
thrown [s\src\hotspot\share\interpreter\linkResolver.cpp, line 773]
Event: 26.319 Thread 0x00000167c225e150 Exception <a 'java/lang/IncompatibleClassChangeError'{0x00000000ed820088}: Found class java.lang.Object, but interface was expected> (0x00000000ed820088) 
thrown [s\src\hotspot\share\interpreter\linkResolver.cpp, line 840]
Event: 26.336 Thread 0x00000167c225e150 Exception <a 'sun/nio/fs/WindowsException'{0x00000000ed7029a0}> (0x00000000ed7029a0) 
thrown [s\src\hotspot\share\prims\jni.cpp, line 520]
Event: 26.337 Thread 0x00000167c225e150 Exception <a 'sun/nio/fs/WindowsException'{0x00000000ed703ec8}> (0x00000000ed703ec8) 
thrown [s\src\hotspot\share\prims\jni.cpp, line 520]
Event: 26.337 Thread 0x00000167c225e150 Exception <a 'sun/nio/fs/WindowsException'{0x00000000ed705398}> (0x00000000ed705398) 
thrown [s\src\hotspot\share\prims\jni.cpp, line 520]
Event: 26.337 Thread 0x00000167c225e150 Exception <a 'sun/nio/fs/WindowsException'{0x00000000ed706490}> (0x00000000ed706490) 
thrown [s\src\hotspot\share\prims\jni.cpp, line 520]
Event: 26.347 Thread 0x00000167c225e150 Exception <a 'java/lang/IncompatibleClassChangeError'{0x00000000ed770f08}: Found class java.lang.Object, but interface was expected> (0x00000000ed770f08) 
thrown [s\src\hotspot\share\interpreter\linkResolver.cpp, line 840]
Event: 26.365 Thread 0x00000167c225e150 Implicit null exception at 0x00000167b6d061fc to 0x00000167b6d062b4
Event: 26.683 Thread 0x00000167c225e150 Exception <a 'java/lang/ClassNotFoundException'{0x00000000ece86080}: org/gradle/internal/metaobject/ConfigureDelegateBeanInfo> (0x00000000ece86080) 
thrown [s\src\hotspot\share\classfile\systemDictionary.cpp, line 313]
Event: 26.684 Thread 0x00000167c225e150 Exception <a 'java/lang/ClassNotFoundException'{0x00000000ece909d0}: org/gradle/internal/metaobject/ConfigureDelegateCustomizer> (0x00000000ece909d0) 
thrown [s\src\hotspot\share\classfile\systemDictionary.cpp, line 313]
Event: 26.729 Thread 0x00000167c225e150 Exception <a 'java/lang/ClassNotFoundException'{0x00000000ecc3abf8}: org/gradle/api/internal/project/DefaultProject_DecoratedBeanInfo> (0x00000000ecc3abf8) 
thrown [s\src\hotspot\share\classfile\systemDictionary.cpp, line 313]
Event: 26.730 Thread 0x00000167c225e150 Exception <a 'java/lang/ClassNotFoundException'{0x00000000ecc464a8}: org/gradle/api/internal/project/DefaultProjectBeanInfo> (0x00000000ecc464a8) 
thrown [s\src\hotspot\share\classfile\systemDictionary.cpp, line 313]
Event: 26.730 Thread 0x00000167c225e150 Exception <a 'java/lang/ClassNotFoundException'{0x00000000ecc52080}: org/gradle/api/internal/project/DefaultProjectCustomizer> (0x00000000ecc52080) 
thrown [s\src\hotspot\share\classfile\systemDictionary.cpp, line 313]
Event: 26.738 Thread 0x00000167c225e150 Exception <a 'java/lang/ClassNotFoundException'{0x00000000ecb04518}: org/gradle/api/internal/project/DefaultProject_DecoratedCustomizer> (0x00000000ecb04518) 
thrown [s\src\hotspot\share\classfile\systemDictionary.cpp, line 313]
Event: 26.762 Thread 0x00000167c225e150 Exception <a 'java/lang/ClassNotFoundException'{0x00000000ecbb29c0}: org/gradle/configuration/internal/DefaultListenerBuildOperationDecorator$BuildOperationEmittingClosureBeanInfo> (0x00000000ecbb29c0) 
thrown [s\src\hotspot\share\classfile\systemDictionary.cpp, line 313]
Event: 26.763 Thread 0x00000167c225e150 Exception <a 'java/lang/ClassNotFoundException'{0x00000000ecbbed50}: org/gradle/configuration/internal/DefaultListenerBuildOperationDecorator$BuildOperationEmittingClosureCustomizer> (0x00000000ecbbed50) 
thrown [s\src\hotspot\share\classfile\systemDictionary.cpp, line 313]
Event: 26.987 Thread 0x00000167c225e150 Exception <a 'java/lang/NoSuchMethodError'{0x00000000ec53cd20}: 'long java.lang.invoke.DirectMethodHandle$Holder.invokeStatic(java.lang.Object, long)'> (0x00000000ec53cd20) 
thrown [s\src\hotspot\share\interpreter\linkResolver.cpp, line 773]

ZGC Phase Switch (0 events):
No events

VM Operations (20 events):
Event: 25.317 Executing safepoint VM operation: CollectForMetadataAllocation (Metadata GC Threshold) done
Event: 25.317 Executing safepoint VM operation: CollectForMetadataAllocation (Metadata GC Threshold)
Event: 25.333 Executing safepoint VM operation: CollectForMetadataAllocation (Metadata GC Threshold) done
Event: 25.342 Executing safepoint VM operation: G1PauseRemark
Event: 25.346 Executing safepoint VM operation: G1PauseRemark done
Event: 25.352 Executing safepoint VM operation: G1PauseCleanup
Event: 25.352 Executing safepoint VM operation: G1PauseCleanup done
Event: 25.580 Executing non-safepoint VM operation: HandshakeAllThreads (Deoptimize)
Event: 25.580 Executing non-safepoint VM operation: HandshakeAllThreads (Deoptimize) done
Event: 26.290 Executing safepoint VM operation: ICBufferFull
Event: 26.290 Executing safepoint VM operation: ICBufferFull done
Event: 26.336 Executing non-safepoint VM operation: HandshakeAllThreads (Deoptimize)
Event: 26.336 Executing non-safepoint VM operation: HandshakeAllThreads (Deoptimize) done
Event: 26.588 Executing non-safepoint VM operation: HandshakeAllThreads (Deoptimize)
Event: 26.588 Executing non-safepoint VM operation: HandshakeAllThreads (Deoptimize) done
Event: 27.017 Executing non-safepoint VM operation: HandshakeAllThreads (Deoptimize)
Event: 27.017 Executing non-safepoint VM operation: HandshakeAllThreads (Deoptimize) done
Event: 27.099 Executing safepoint VM operation: ICBufferFull
Event: 27.099 Executing safepoint VM operation: ICBufferFull done
Event: 28.103 Executing safepoint VM operation: Cleanup

Memory protections (0 events):
No events

Nmethod flushes (20 events):
Event: 25.345 Thread 0x00000167c2191c70 flushing  nmethod 0x00000167af09e210
Event: 25.345 Thread 0x00000167c2191c70 flushing  nmethod 0x00000167af30b890
Event: 25.345 Thread 0x00000167c2191c70 flushing  nmethod 0x00000167af314b90
Event: 25.345 Thread 0x00000167c2191c70 flushing  nmethod 0x00000167af319510
Event: 25.345 Thread 0x00000167c2191c70 flushing  nmethod 0x00000167af092d10
Event: 25.345 Thread 0x00000167c2191c70 flushing  nmethod 0x00000167af093c90
Event: 25.345 Thread 0x00000167c2191c70 flushing  nmethod 0x00000167af0fe010
Event: 25.345 Thread 0x00000167c2191c70 flushing  nmethod 0x00000167af0fee10
Event: 25.345 Thread 0x00000167c2191c70 flushing  nmethod 0x00000167af1a1590
Event: 25.345 Thread 0x00000167c2191c70 flushing  nmethod 0x00000167af1a3290
Event: 25.345 Thread 0x00000167c2191c70 flushing  nmethod 0x00000167af1a3910
Event: 25.345 Thread 0x00000167c2191c70 flushing  nmethod 0x00000167af1a3e10
Event: 25.345 Thread 0x00000167c2191c70 flushing  nmethod 0x00000167af1a4190
Event: 25.345 Thread 0x00000167c2191c70 flushing  nmethod 0x00000167af1a5010
Event: 25.345 Thread 0x00000167c2191c70 flushing  nmethod 0x00000167af1a6810
Event: 25.345 Thread 0x00000167c2191c70 flushing  nmethod 0x00000167af1a6f90
Event: 25.345 Thread 0x00000167c2191c70 flushing  nmethod 0x00000167af1d0290
Event: 25.345 Thread 0x00000167c2191c70 flushing  nmethod 0x00000167af236f90
Event: 25.345 Thread 0x00000167c2191c70 flushing  nmethod 0x00000167af3dd310
Event: 25.345 Thread 0x00000167c2191c70 flushing  nmethod 0x00000167af3ded10

Events (20 events):
Event: 13.948 Thread 0x00000167dc2b0530 Thread added: 0x00000167c225cad0
Event: 13.959 Thread 0x00000167dc2b0530 Thread added: 0x00000167c225e150
Event: 14.134 Thread 0x00000167c225e150 Thread added: 0x00000167dc25d6f0
Event: 14.141 Thread 0x00000167c225e150 Thread added: 0x00000167dc1500f0
Event: 14.145 Thread 0x00000167c225e150 Thread added: 0x00000167dc150780
Event: 15.606 Thread 0x00000167c225e150 Thread added: 0x00000167dc152850
Event: 15.620 Thread 0x00000167c225e150 Thread added: 0x00000167dc152ee0
Event: 15.647 Thread 0x00000167dc152ee0 Thread added: 0x00000167dc153570
Event: 15.694 Thread 0x00000167c225e150 Thread added: 0x00000167dc150e10
Event: 19.006 Thread 0x00000167c225e150 Thread added: 0x00000167dc151b30
Event: 19.140 Thread 0x00000167c225e150 Thread added: 0x00000167dc1521c0
Event: 20.303 Thread 0x00000167c225e150 Thread added: 0x00000167dee48eb0
Event: 20.324 Thread 0x00000167c225e150 Thread added: 0x00000167dee4a8f0
Event: 20.858 Thread 0x00000167c225e150 Thread added: 0x00000167dee47b00
Event: 21.050 Thread 0x00000167c225e150 Thread added: 0x00000167dee49bd0
Event: 21.544 Thread 0x00000167c225e150 Thread added: 0x00000167dee4af80
Event: 22.062 Thread 0x00000167c225e150 Thread added: 0x00000167dee4a260
Event: 22.888 Thread 0x00000167c225e150 Thread added: 0x00000167dee4b610
Event: 22.974 Thread 0x00000167c225e150 Thread added: 0x00000167dee48190
Event: 24.131 Thread 0x00000167c23217f0 Thread exited: 0x00000167c23217f0


Dynamic libraries:
0x00007ff60c660000 - 0x00007ff60c66e000 	C:\Users\admoi\.antigravity-ide\extensions\redhat.java-1.56.0-win32-x64\jre\21.0.12.1-win32-x86_64\bin\java.exe
0x00007fff40660000 - 0x00007fff408c6000 	C:\WINDOWS\SYSTEM32\ntdll.dll
0x00007fff3f7a0000 - 0x00007fff3f869000 	C:\WINDOWS\System32\KERNEL32.DLL
0x00007fff3dd00000 - 0x00007fff3e0ff000 	C:\WINDOWS\System32\KERNELBASE.dll
0x00007fff3d870000 - 0x00007fff3d9bc000 	C:\WINDOWS\System32\ucrtbase.dll
0x00007ffed4950000 - 0x00007ffed496e000 	C:\Users\admoi\.antigravity-ide\extensions\redhat.java-1.56.0-win32-x64\jre\21.0.12.1-win32-x86_64\bin\VCRUNTIME140.dll
0x00007fff11c00000 - 0x00007fff11c18000 	C:\Users\admoi\.antigravity-ide\extensions\redhat.java-1.56.0-win32-x64\jre\21.0.12.1-win32-x86_64\bin\jli.dll
0x00007fff40430000 - 0x00007fff405f6000 	C:\WINDOWS\System32\USER32.dll
0x00007fff3db40000 - 0x00007fff3db67000 	C:\WINDOWS\System32\win32u.dll
0x00007fff3e390000 - 0x00007fff3e3bb000 	C:\WINDOWS\System32\GDI32.dll
0x00007fff3e110000 - 0x00007fff3e239000 	C:\WINDOWS\System32\gdi32full.dll
0x00007fff23ed0000 - 0x00007fff24161000 	C:\WINDOWS\WinSxS\amd64_microsoft.windows.common-controls_6595b64144ccf1df_6.0.26100.8972_none_3e0da176e32f9d4b\COMCTL32.dll
0x00007fff3d9d0000 - 0x00007fff3da73000 	C:\WINDOWS\System32\msvcp_win.dll
0x00007fff3f560000 - 0x00007fff3f609000 	C:\WINDOWS\System32\msvcrt.dll
0x00007fff3eb20000 - 0x00007fff3eb52000 	C:\WINDOWS\System32\IMM32.DLL
0x00007fff38600000 - 0x00007fff3860c000 	C:\Users\admoi\.antigravity-ide\extensions\redhat.java-1.56.0-win32-x64\jre\21.0.12.1-win32-x86_64\bin\vcruntime140_1.dll
0x00007ffe7ad70000 - 0x00007ffe7adfd000 	C:\Users\admoi\.antigravity-ide\extensions\redhat.java-1.56.0-win32-x64\jre\21.0.12.1-win32-x86_64\bin\msvcp140.dll
0x00007ffe6cb70000 - 0x00007ffe6d912000 	C:\Users\admoi\.antigravity-ide\extensions\redhat.java-1.56.0-win32-x64\jre\21.0.12.1-win32-x86_64\bin\server\jvm.dll
0x00007fff3f6d0000 - 0x00007fff3f78c000 	C:\WINDOWS\System32\ADVAPI32.dll
0x00007fff3ea70000 - 0x00007fff3eb1a000 	C:\WINDOWS\System32\sechost.dll
0x00007fff3e7e0000 - 0x00007fff3e8f8000 	C:\WINDOWS\System32\RPCRT4.dll
0x00007fff3ebe0000 - 0x00007fff3ec62000 	C:\WINDOWS\System32\WS2_32.dll
0x00007fff31470000 - 0x00007fff314a6000 	C:\WINDOWS\SYSTEM32\WINMM.dll
0x00007fff35250000 - 0x00007fff3525b000 	C:\WINDOWS\SYSTEM32\VERSION.dll
0x00007fff3d6d0000 - 0x00007fff3d72e000 	C:\WINDOWS\SYSTEM32\POWRPROF.dll
0x00007fff3d6b0000 - 0x00007fff3d6c5000 	C:\WINDOWS\SYSTEM32\UMPDC.dll
0x00007fff3c560000 - 0x00007fff3c57b000 	C:\WINDOWS\SYSTEM32\kernel.appcore.dll
0x00007fff26e80000 - 0x00007fff26e8a000 	C:\Users\admoi\.antigravity-ide\extensions\redhat.java-1.56.0-win32-x64\jre\21.0.12.1-win32-x86_64\bin\jimage.dll
0x00007fff3aaa0000 - 0x00007fff3ace2000 	C:\WINDOWS\SYSTEM32\DBGHELP.DLL
0x00007fff3e3c0000 - 0x00007fff3e745000 	C:\WINDOWS\System32\combase.dll
0x00007fff3e900000 - 0x00007fff3e9d9000 	C:\WINDOWS\System32\OLEAUT32.dll
0x00007fff22080000 - 0x00007fff220bb000 	C:\WINDOWS\SYSTEM32\dbgcore.DLL
0x00007fff3e240000 - 0x00007fff3e2ec000 	C:\WINDOWS\System32\bcryptPrimitives.dll
0x00007ffeecd90000 - 0x00007ffeecd9f000 	C:\Users\admoi\.antigravity-ide\extensions\redhat.java-1.56.0-win32-x64\jre\21.0.12.1-win32-x86_64\bin\instrument.dll
0x00007ffed4930000 - 0x00007ffed4950000 	C:\Users\admoi\.antigravity-ide\extensions\redhat.java-1.56.0-win32-x64\jre\21.0.12.1-win32-x86_64\bin\java.dll
0x00007fff3ec70000 - 0x00007fff3f3f8000 	C:\WINDOWS\System32\SHELL32.dll
0x00007fff3b2f0000 - 0x00007fff3bb8b000 	C:\WINDOWS\SYSTEM32\windows.storage.dll
0x00007fff3f400000 - 0x00007fff3f4f9000 	C:\WINDOWS\System32\SHCORE.dll
0x00007fff3f8a0000 - 0x00007fff3f906000 	C:\WINDOWS\System32\shlwapi.dll
0x00007fff3d790000 - 0x00007fff3d7b9000 	C:\WINDOWS\SYSTEM32\profapi.dll
0x00007ffead2e0000 - 0x00007ffead2f8000 	C:\Users\admoi\.antigravity-ide\extensions\redhat.java-1.56.0-win32-x64\jre\21.0.12.1-win32-x86_64\bin\zip.dll
0x00007fff1c380000 - 0x00007fff1c390000 	C:\Users\admoi\.antigravity-ide\extensions\redhat.java-1.56.0-win32-x64\jre\21.0.12.1-win32-x86_64\bin\net.dll
0x00007fff36710000 - 0x00007fff36838000 	C:\WINDOWS\SYSTEM32\WINHTTP.dll
0x00007fff3cb10000 - 0x00007fff3cb7c000 	C:\WINDOWS\system32\mswsock.dll
0x00007ffe98b50000 - 0x00007ffe98b66000 	C:\Users\admoi\.antigravity-ide\extensions\redhat.java-1.56.0-win32-x64\jre\21.0.12.1-win32-x86_64\bin\nio.dll
0x00007ffeddab0000 - 0x00007ffeddac0000 	C:\Users\admoi\.antigravity-ide\extensions\redhat.java-1.56.0-win32-x64\jre\21.0.12.1-win32-x86_64\bin\verify.dll
0x00007fff38690000 - 0x00007fff386b7000 	C:\Users\admoi\.gradle\native\c067742578af261105cb4f569cf0c3c89f3d7b1fecec35dd04571415982c5e48\windows-amd64\native-platform.dll
0x00007fff101e0000 - 0x00007fff10324000 	C:\Users\admoi\.gradle\native\100fb08df4bc3b14c8652ba06237920a3bd2aa13389f12d3474272988ae205f9\windows-amd64\native-platform-file-events.dll
0x00007fff357e0000 - 0x00007fff357ea000 	C:\Users\admoi\.antigravity-ide\extensions\redhat.java-1.56.0-win32-x64\jre\21.0.12.1-win32-x86_64\bin\management.dll
0x00007fff357d0000 - 0x00007fff357dc000 	C:\Users\admoi\.antigravity-ide\extensions\redhat.java-1.56.0-win32-x64\jre\21.0.12.1-win32-x86_64\bin\management_ext.dll
0x00007fff3f870000 - 0x00007fff3f878000 	C:\WINDOWS\System32\PSAPI.DLL
0x00007fff3ce00000 - 0x00007fff3ce1b000 	C:\WINDOWS\SYSTEM32\CRYPTSP.dll
0x00007fff3c4c0000 - 0x00007fff3c4f9000 	C:\WINDOWS\system32\rsaenh.dll
0x00007fff3cbc0000 - 0x00007fff3cbf2000 	C:\WINDOWS\SYSTEM32\USERENV.dll
0x00007fff3d760000 - 0x00007fff3d78a000 	C:\WINDOWS\SYSTEM32\bcrypt.dll
0x00007fff3ce20000 - 0x00007fff3ce2c000 	C:\WINDOWS\SYSTEM32\CRYPTBASE.dll
0x00007fff3bf30000 - 0x00007fff3bf63000 	C:\WINDOWS\SYSTEM32\IPHLPAPI.DLL
0x00007fff3fda0000 - 0x00007fff3fdaa000 	C:\WINDOWS\System32\NSI.dll
0x00007ffed9800000 - 0x00007ffed9809000 	C:\Users\admoi\.antigravity-ide\extensions\redhat.java-1.56.0-win32-x64\jre\21.0.12.1-win32-x86_64\bin\extnet.dll
0x00007fff357c0000 - 0x00007fff357ce000 	C:\Users\admoi\.antigravity-ide\extensions\redhat.java-1.56.0-win32-x64\jre\21.0.12.1-win32-x86_64\bin\sunmscapi.dll
0x00007fff3db70000 - 0x00007fff3dcee000 	C:\WINDOWS\System32\CRYPT32.dll
0x00007fff3d040000 - 0x00007fff3d070000 	C:\WINDOWS\SYSTEM32\ncrypt.dll
0x00007fff3cff0000 - 0x00007fff3d02f000 	C:\WINDOWS\SYSTEM32\NTASN1.dll
0x00007fff0e020000 - 0x00007fff0e028000 	C:\WINDOWS\system32\wshunix.dll

JVMTI agents:
C:\Users\admoi\.gradle\wrapper\dists\gradle-8.9-bin\90cnw93cvbtalezasaz0blq0a\gradle-8.9\lib\agents\gradle-instrumentation-agent-8.9.jar path:C:\Users\admoi\.antigravity-ide\extensions\redhat.java-1.56.0-win32-x64\jre\21.0.12.1-win32-x86_64\bin\instrument.dll, loaded, initialized, instrumentlib options:none

dbghelp: loaded successfully - version: 4.0.5 - missing functions: none
symbol engine: initialized successfully - sym options: 0x614 - pdb path: .;C:\Users\admoi\.antigravity-ide\extensions\redhat.java-1.56.0-win32-x64\jre\21.0.12.1-win32-x86_64\bin;C:\WINDOWS\SYSTEM32;C:\WINDOWS\WinSxS\amd64_microsoft.windows.common-controls_6595b64144ccf1df_6.0.26100.8972_none_3e0da176e32f9d4b;C:\Users\admoi\.antigravity-ide\extensions\redhat.java-1.56.0-win32-x64\jre\21.0.12.1-win32-x86_64\bin\server;C:\Users\admoi\.gradle\native\c067742578af261105cb4f569cf0c3c89f3d7b1fecec35dd04571415982c5e48\windows-amd64;C:\Users\admoi\.gradle\native\100fb08df4bc3b14c8652ba06237920a3bd2aa13389f12d3474272988ae205f9\windows-amd64

VM Arguments:
jvm_args: --add-opens=java.base/java.util=ALL-UNNAMED --add-opens=java.base/java.lang=ALL-UNNAMED --add-opens=java.base/java.lang.invoke=ALL-UNNAMED --add-opens=java.prefs/java.util.prefs=ALL-UNNAMED --add-exports=jdk.compiler/com.sun.tools.javac.api=ALL-UNNAMED --add-exports=jdk.compiler/com.sun.tools.javac.util=ALL-UNNAMED --add-opens=java.base/java.nio.charset=ALL-UNNAMED --add-opens=java.base/java.net=ALL-UNNAMED --add-opens=java.base/java.util.concurrent.atomic=ALL-UNNAMED -XX:MaxMetaspaceSize=384m -XX:+HeapDumpOnOutOfMemoryError -Xms256m -Xmx512m -Dfile.encoding=utf8 -Duser.country=US -Duser.language=en -Duser.variant -javaagent:C:\Users\admoi\.gradle\wrapper\dists\gradle-8.9-bin\90cnw93cvbtalezasaz0blq0a\gradle-8.9\lib\agents\gradle-instrumentation-agent-8.9.jar 
java_command: org.gradle.launcher.daemon.bootstrap.GradleDaemon 8.9
java_class_path (initial): C:\Users\admoi\.gradle\wrapper\dists\gradle-8.9-bin\90cnw93cvbtalezasaz0blq0a\gradle-8.9\lib\gradle-daemon-main-8.9.jar
Launcher Type: SUN_STANDARD

[Global flags]
     intx CICompilerCount                          = 12                                        {product} {ergonomic}
   size_t CompressedClassSpaceSize                 = 335544320                                 {product} {ergonomic}
     uint ConcGCThreads                            = 3                                         {product} {ergonomic}
     uint G1ConcRefinementThreads                  = 13                                        {product} {ergonomic}
   size_t G1HeapRegionSize                         = 1048576                                   {product} {ergonomic}
    uintx GCDrainStackTargetSize                   = 64                                        {product} {ergonomic}
     bool HeapDumpOnOutOfMemoryError               = true                                   {manageable} {command line}
   size_t InitialHeapSize                          = 268435456                                 {product} {command line}
   size_t MarkStackSize                            = 4194304                                   {product} {ergonomic}
   size_t MaxHeapSize                              = 536870912                                 {product} {command line}
   size_t MaxMetaspaceSize                         = 402653184                                 {product} {command line}
   size_t MaxNewSize                               = 321912832                                 {product} {ergonomic}
   size_t MinHeapDeltaBytes                        = 1048576                                   {product} {ergonomic}
   size_t MinHeapSize                              = 268435456                                 {product} {command line}
    uintx NonNMethodCodeHeapSize                   = 7602480                                {pd product} {ergonomic}
    uintx NonProfiledCodeHeapSize                  = 122027880                              {pd product} {ergonomic}
    uintx ProfiledCodeHeapSize                     = 122027880                              {pd product} {ergonomic}
    uintx ReservedCodeCacheSize                    = 251658240                              {pd product} {ergonomic}
     bool SegmentedCodeCache                       = true                                      {product} {ergonomic}
   size_t SoftMaxHeapSize                          = 536870912                              {manageable} {ergonomic}
     bool UseCompressedOops                        = true                           {product lp64_product} {ergonomic}
     bool UseG1GC                                  = true                                      {product} {ergonomic}
     bool UseLargePagesIndividualAllocation        = false                                  {pd product} {ergonomic}

Logging:
Log output configuration:
 #0: stdout all=warning uptime,level,tags foldmultilines=false
 #1: stderr all=off uptime,level,tags foldmultilines=false

Release file:
JAVA_VERSION="21.0.12.1" 
MODULES="java.base java.compiler java.datatransfer java.xml java.prefs java.desktop java.instrument java.logging java.management java.security.sasl java.naming java.rmi java.management.rmi java.net.http java.scripting java.security.jgss java.transaction.xa java.sql java.sql.rowset java.xml.crypto java.se java.smartcardio jdk.accessibility jdk.internal.jvmstat jdk.attach jdk.charsets jdk.internal.opt jdk.zipfs jdk.compiler jdk.crypto.ec jdk.crypto.cryptoki jdk.crypto.mscapi jdk.dynalink jdk.internal.ed jdk.editpad jdk.hotspot.agent jdk.httpserver jdk.internal.le jdk.internal.vm.ci jdk.internal.vm.compiler jdk.internal.vm.compiler.management jdk.jartool jdk.javadoc jdk.jcmd jdk.management jdk.management.agent jdk.jconsole jdk.jdeps jdk.jdwp.agent jdk.jdi jdk.jfr jdk.jshell jdk.jsobject jdk.jstatd jdk.localedata jdk.management.jfr jdk.naming.dns jdk.naming.rmi jdk.net jdk.nio.mapmode jdk.random jdk.sctp jdk.security.auth jdk.security.jgss jdk.unsupported jdk.unsupported.desktop jdk.xml.dom" 

Environment Variables:
PATH=C:\Users\admoi\AppData\Local\cloud-code\installer\google-cloud-sdk\bin;C:\Python314\Scripts\;C:\Python314\;C:\Program Files\Common Files\Oracle\Java\javapath;C:\WINDOWS\system32;C:\WINDOWS;C:\WINDOWS\System32\Wbem;C:\WINDOWS\System32\WindowsPowerShell\v1.0\;C:\WINDOWS\System32\OpenSSH\;C:\Program Files\Microsoft SQL Server\150\Tools\Binn\;C:\Program Files\Microsoft SQL Server\Client SDK\ODBC\170\Tools\Binn\;C:\Program Files\dotnet\;C:\Program Files (x86)\Windows Kits\10\Windows Performance Toolkit\;C:\Program Files (x86)\Microsoft SQL Server\160\Tools\Binn\;C:\Program Files\Microsoft SQL Server\160\Tools\Binn\;C:\Program Files\Microsoft SQL Server\160\DTS\Binn\;C:\Program Files\Docker\Docker\resources\bin;C:\Program Files\nodejs\;C:\ProgramData\chocolatey\bin;C:\xampp\php;C:\composer;C:\Program Files\Git\cmd;C:\Program Files\GitHub CLI\;C:\Python314\Scripts\;C:\Python314\;C:\Program Files\Common Files\Oracle\Java\javapath;C:\WINDOWS\system32;C:\WINDOWS;C:\WINDOWS\System32\Wbem;C:\WINDOWS\System32\WindowsPowerShell\v1.0\;C:\WINDOWS\System32\OpenSSH\;C:\Program Files\Microsoft SQL Server\150\Tools\Binn\;C:\Program Files\Microsoft SQL Server\Client SDK\ODBC\170\Tools\Binn\;C:\Program Files\dotnet\;C:\Program Files (x86)\Windows Kits\10\Windows Performance Toolkit\;C:\Program Files (x86)\Microsoft SQL Server\160\Tools\Binn\;C:\Program Files\Microsoft SQL Server\160\Tools\Binn\;C:\Program Files\Microsoft SQL Server\160\DTS\Binn\;C:\Program Files\Arduino PLC IDE Tools\;C:\Program Files\Docker\Docker\resources\bin;C:\Program Files\nodejs\;C:\ProgramData\chocolatey\bin;C:\xampp\php;C:\composer;C:\Program Files\Git\cmd;C:\Program Files\GitHub CLI\;c:\Users\admoi\AppData\Roaming\Code\User\globalStorage\github.copilot-chat\debugCommand;c:\Users\admoi\AppData\Roaming\Code\User\globalStorage\github.copilot-chat\copilotCli;D:\Microsoft VS Code;C:\Python314\Scripts\;C:\Python314\;C:\Program Files\Common Files\Oracle\Java\javapath;C:\WINDOWS\system32;C:\WINDOWS;C:\WINDOWS\System32\Wbem;C:\WINDOWS\System32\WindowsPowerShell\v1.0\;C:\WINDOWS\System32\OpenSSH\;C:\Program Files\Microsoft SQL Server\150\Tools\Binn\;C:\Program Files\Microsoft SQL Server\Client SDK\ODBC\170\Tools\Binn\;C:\Program Files\dotnet\;C:\Program Files (x86)\Windows Kits\10\Windows Performance Toolkit\;C:\Program Files (x86)\Microsoft SQL Server\160\Tools\Binn\;C:\Program Files\Microsoft SQL Server\160\Tools\Binn\;C:\Program Files\Microsoft SQL Server\160\DTS\Binn\;C:\Program Files\Arduino PLC IDE Tools\;C:\Program Files\Docker\Docker\resources\bin;C:\Program Files\nodejs\;C:\ProgramData\chocolatey\bin;C:\xampp\php;C:\composer;C:\Program Files\Git\cmd;C:\Users\admoi\AppData\Local\Microsoft\WindowsApps;;D:\IntelliJ IDEA 2025.1.1.1\bin;;D:\Microsoft VS Code\bin;C:\Users\admoi\.dotnet\tools;C:\Users\admoi\AppData\Local\Programs\mongosh\;D:\Antigravity\bin;C:\Users\admoi\AppData\Roaming\npm;C:\Users\admoi\AppData\Roaming\Composer\vendor\bin;C:\Users\admoi\.local\bin;C:\flutter\flutter\bin;C:\flutter\flutter\bin;;C:\flutter\flutter\bin;C:\Program Files (x86)\NVIDIA Corporation\PhysX\Common;C:\Program Files\NVIDIA Corporation\NVIDIA App\NvDLISR;C:\Program Files (x86)\Microsoft SQL Server\160\DTS\Binn\;D:\bin;C:\Program Files (x86)\cloudflared\;C:\Program Files\Microsoft SQL Server\170\Tools\Binn\
USERNAME=admoi
OS=Windows_NT
PROCESSOR_IDENTIFIER=Intel64 Family 6 Model 154 Stepping 3, GenuineIntel
TMP=C:\Users\admoi\AppData\Local\Temp
TEMP=C:\Users\admoi\AppData\Local\Temp




Periodic native trim disabled

---------------  S Y S T E M  ---------------

OS:
 Windows 11 , 64 bit Build 26100 (10.0.26100.9168)
OS uptime: 0 days 2:42 hours
Hyper-V role detected

CPU: total 16 (initial active 16) (8 cores per cpu, 2 threads per core) family 6 model 154 stepping 3 microcode 0x435, cx8, cmov, fxsr, ht, mmx, 3dnowpref, sse, sse2, sse3, ssse3, sse4.1, sse4.2, popcnt, lzcnt, tsc, tscinvbit, avx, avx2, aes, erms, clmul, bmi1, bmi2, adx, sha, fma, vzeroupper, clflush, clflushopt, clwb, hv, serialize, rdtscp, rdpid, fsrm, f16c, cet_ibt, cet_ss
Processor Information for processor 0
  Max Mhz: 2500, Current Mhz: 2500, Mhz Limit: 2500
Processor Information for processor 1
  Max Mhz: 2500, Current Mhz: 2500, Mhz Limit: 2500
Processor Information for processor 2
  Max Mhz: 2500, Current Mhz: 2500, Mhz Limit: 2500
Processor Information for processor 3
  Max Mhz: 2500, Current Mhz: 2500, Mhz Limit: 2500
Processor Information for processor 4
  Max Mhz: 2500, Current Mhz: 2500, Mhz Limit: 2500
Processor Information for processor 5
  Max Mhz: 2500, Current Mhz: 2500, Mhz Limit: 2500
Processor Information for processor 6
  Max Mhz: 2500, Current Mhz: 2500, Mhz Limit: 2500
Processor Information for processor 7
  Max Mhz: 2500, Current Mhz: 2500, Mhz Limit: 2500
Processor Information for processor 8
  Max Mhz: 2500, Current Mhz: 1800, Mhz Limit: 1800
Processor Information for processor 9
  Max Mhz: 2500, Current Mhz: 1800, Mhz Limit: 1800
Processor Information for processor 10
  Max Mhz: 2500, Current Mhz: 1800, Mhz Limit: 1800
Processor Information for processor 11
  Max Mhz: 2500, Current Mhz: 1800, Mhz Limit: 1800
Processor Information for processor 12
  Max Mhz: 2500, Current Mhz: 1800, Mhz Limit: 1800
Processor Information for processor 13
  Max Mhz: 2500, Current Mhz: 1800, Mhz Limit: 1800
Processor Information for processor 14
  Max Mhz: 2500, Current Mhz: 1800, Mhz Limit: 1800
Processor Information for processor 15
  Max Mhz: 2500, Current Mhz: 1800, Mhz Limit: 1800

Memory: 4k page, system-wide physical 16051M (418M free)
TotalPageFile size 57324M (AvailPageFile size 282M)
current process WorkingSet (physical memory assigned to process): 335M, peak: 335M
current process commit charge ("private bytes"): 467M, peak: 467M

vm_info: OpenJDK 64-Bit Server VM (21.0.12.1+1-LTS) for windows-amd64 JRE (21.0.12.1+1-LTS), built on 2026-08-18T00:00:00Z by "admin" with MS VC++ 17.12 (VS2022)

END.
