#
# There is insufficient memory for the Java Runtime Environment to continue.
# Native memory allocation (malloc) failed to allocate 1380736 bytes. Error detail: Chunk::new
# Possible reasons:
#   The system is out of physical RAM or swap space
#   This process is running with CompressedOops enabled, and the Java Heap may be blocking the growth of the native heap
# Possible solutions:
#   Reduce memory load on the system
#   Increase physical memory or swap space
#   Check if swap backing store is full
#   Decrease Java heap size (-Xmx/-Xms)
#   Decrease number of Java threads
#   Decrease Java thread stack sizes (-Xss)
#   Set larger code cache with -XX:ReservedCodeCacheSize=
#   JVM is running with Unscaled Compressed Oops mode in which the Java heap is
#     placed in the first 4GB address space. The Java Heap base address is the
#     maximum limit for the native heap growth. Please use -XX:HeapBaseMinAddress
#     to set the Java Heap base and to place the Java Heap above 4GB virtual address.
# This output file may be truncated or incomplete.
#
#  Out of Memory Error (arena.cpp:168), pid=27936, tid=26952
#
# JRE version: OpenJDK Runtime Environment Temurin-21.0.12.1+1 (21.0.12.1+1) (build 21.0.12.1+1-LTS)
# Java VM: OpenJDK 64-Bit Server VM Temurin-21.0.12.1+1 (21.0.12.1+1-LTS, mixed mode, sharing, tiered, compressed oops, compressed class ptrs, g1 gc, windows-amd64)
# No core dump will be written. Minidumps are not enabled by default on client versions of Windows
#

---------------  S U M M A R Y ------------

Command Line: --add-opens=java.base/java.util=ALL-UNNAMED --add-opens=java.base/java.lang=ALL-UNNAMED --add-opens=java.base/java.lang.invoke=ALL-UNNAMED --add-opens=java.prefs/java.util.prefs=ALL-UNNAMED --add-exports=jdk.compiler/com.sun.tools.javac.api=ALL-UNNAMED --add-exports=jdk.compiler/com.sun.tools.javac.util=ALL-UNNAMED --add-opens=java.base/java.nio.charset=ALL-UNNAMED --add-opens=java.base/java.net=ALL-UNNAMED --add-opens=java.base/java.util.concurrent.atomic=ALL-UNNAMED -XX:MaxMetaspaceSize=384m -XX:+HeapDumpOnOutOfMemoryError -Xms256m -Xmx512m -Dfile.encoding=utf8 -Duser.country=US -Duser.language=en -Duser.variant -javaagent:C:\Users\admoi\.gradle\wrapper\dists\gradle-8.9-bin\90cnw93cvbtalezasaz0blq0a\gradle-8.9\lib\agents\gradle-instrumentation-agent-8.9.jar org.gradle.launcher.daemon.bootstrap.GradleDaemon 8.9

Host: 12th Gen Intel(R) Core(TM) i5-12500H, 16 cores, 15G,  Windows 11 , 64 bit Build 26100 (10.0.26100.9444)
Time: Wed Sep  9 14:35:52 2026 SE Asia Standard Time elapsed time: 573.666110 seconds (0d 0h 9m 33s)

---------------  T H R E A D  ---------------

Current thread (0x000001f7ce28b620):  JavaThread "C2 CompilerThread0" daemon [_thread_in_native, id=26952, stack(0x0000005e8f200000,0x0000005e8f300000) (1024K)]


Current CompileTask:
C2:573667 7728       4       java.lang.invoke.MethodType::makeImpl (109 bytes)

Stack: [0x0000005e8f200000,0x0000005e8f300000]
Native frames: (J=compiled Java code, j=interpreted, Vv=VM code, C=native code)
V  [jvm.dll+0x6d83e9]
V  [jvm.dll+0x8b5736]
V  [jvm.dll+0x8b7cee]
V  [jvm.dll+0x8b83d3]
V  [jvm.dll+0x284596]
V  [jvm.dll+0xc685d]
V  [jvm.dll+0xc6da1]
V  [jvm.dll+0x3bf18b]
V  [jvm.dll+0x1e4149]
V  [jvm.dll+0x24c853]
V  [jvm.dll+0x24bce0]
V  [jvm.dll+0x1cb4ae]
V  [jvm.dll+0x25baad]
V  [jvm.dll+0x25a03a]
V  [jvm.dll+0x3f8aae]
V  [jvm.dll+0x8600cd]
V  [jvm.dll+0x6d6c1d]
C  [ucrtbase.dll+0x2cd30]
C  [KERNEL32.DLL+0x2cd87]
C  [ntdll.dll+0xacaec]


---------------  P R O C E S S  ---------------

Threads class SMR info:
_java_thread_list=0x000001f7ea22ede0, length=66, elements={
0x000001f7b7df8f20, 0x000001f7ce27fe40, 0x000001f7ce281410, 0x000001f7ce286960,
0x000001f7ce2893d0, 0x000001f7ce289e30, 0x000001f7ce28a890, 0x000001f7ce28b620,
0x000001f7ce299a40, 0x000001f7ce4af6a0, 0x000001f7ce555d80, 0x000001f7ce503d90,
0x000001f7e81055e0, 0x000001f7e8daee50, 0x000001f7e8e1f0c0, 0x000001f7e8c9a500,
0x000001f7e8c9bf40, 0x000001f7e8c9b8b0, 0x000001f7e8c9b220, 0x000001f7e8c99150,
0x000001f7e8c99e70, 0x000001f7e8c997e0, 0x000001f7e8c9ab90, 0x000001f7e8db3d20,
0x000001f7e8db2970, 0x000001f7e8db22e0, 0x000001f7e8db3690, 0x000001f7e8db08a0,
0x000001f7e8db43b0, 0x000001f7e8db0f30, 0x000001f7e8db50d0, 0x000001f7e8db1c50,
0x000001f7e8db71a0, 0x000001f7e8db5df0, 0x000001f7e8db5760, 0x000001f7e97ce4a0,
0x000001f7e97cfee0, 0x000001f7e97cf850, 0x000001f7e97cf1c0, 0x000001f7e97cca60,
0x000001f7ea797710, 0x000001f7ea7997e0, 0x000001f7ea798430, 0x000001f7ea798ac0,
0x000001f7ea799e70, 0x000001f7ea79ab90, 0x000001f7ea79a500, 0x000001f7ea799150,
0x000001f7ea79b220, 0x000001f7ea797da0, 0x000001f7ea79bf40, 0x000001f7ea79e6a0,
0x000001f7ea79b8b0, 0x000001f7ea79ed30, 0x000001f7ea79c5d0, 0x000001f7ea79cc60,
0x000001f7ea79d2f0, 0x000001f7ea79d980, 0x000001f7ea79e010, 0x000001f7eb1ddb50,
0x000001f7eb1dce30, 0x000001f7eb1df590, 0x000001f7eb1def00, 0x000001f7eb1de1e0,
0x000001f7eb1dd4c0, 0x000001f7eb1dc7a0
}

Java Threads: ( => current thread )
  0x000001f7b7df8f20 JavaThread "main"                              [_thread_blocked, id=47100, stack(0x0000005e8e400000,0x0000005e8e500000) (1024K)]
  0x000001f7ce27fe40 JavaThread "Reference Handler"          daemon [_thread_blocked, id=26876, stack(0x0000005e8ec00000,0x0000005e8ed00000) (1024K)]
  0x000001f7ce281410 JavaThread "Finalizer"                  daemon [_thread_blocked, id=40176, stack(0x0000005e8ed00000,0x0000005e8ee00000) (1024K)]
  0x000001f7ce286960 JavaThread "Signal Dispatcher"          daemon [_thread_blocked, id=25540, stack(0x0000005e8ee00000,0x0000005e8ef00000) (1024K)]
  0x000001f7ce2893d0 JavaThread "Attach Listener"            daemon [_thread_blocked, id=39312, stack(0x0000005e8ef00000,0x0000005e8f000000) (1024K)]
  0x000001f7ce289e30 JavaThread "Service Thread"             daemon [_thread_blocked, id=48568, stack(0x0000005e8f000000,0x0000005e8f100000) (1024K)]
  0x000001f7ce28a890 JavaThread "Monitor Deflation Thread"   daemon [_thread_blocked, id=41012, stack(0x0000005e8f100000,0x0000005e8f200000) (1024K)]
=>0x000001f7ce28b620 JavaThread "C2 CompilerThread0"         daemon [_thread_in_native, id=26952, stack(0x0000005e8f200000,0x0000005e8f300000) (1024K)]
  0x000001f7ce299a40 JavaThread "C1 CompilerThread0"         daemon [_thread_blocked, id=45716, stack(0x0000005e8f300000,0x0000005e8f400000) (1024K)]
  0x000001f7ce4af6a0 JavaThread "Common-Cleaner"             daemon [_thread_blocked, id=48540, stack(0x0000005e8f400000,0x0000005e8f500000) (1024K)]
  0x000001f7ce555d80 JavaThread "Notification Thread"        daemon [_thread_blocked, id=50416, stack(0x0000005e8f500000,0x0000005e8f600000) (1024K)]
  0x000001f7ce503d90 JavaThread "Daemon health stats"               [_thread_blocked, id=41868, stack(0x0000005e8fb00000,0x0000005e8fc00000) (1024K)]
  0x000001f7e81055e0 JavaThread "Incoming local TCP Connector on port 50855"        [_thread_in_native, id=50600, stack(0x0000005e8fc00000,0x0000005e8fd00000) (1024K)]
  0x000001f7e8daee50 JavaThread "Daemon periodic checks"            [_thread_blocked, id=29980, stack(0x0000005e8fd00000,0x0000005e8fe00000) (1024K)]
  0x000001f7e8e1f0c0 JavaThread "Daemon"                            [_thread_blocked, id=46552, stack(0x0000005e8fe00000,0x0000005e8ff00000) (1024K)]
  0x000001f7e8c9a500 JavaThread "Daemon worker"                     [_thread_blocked, id=40772, stack(0x0000005e90100000,0x0000005e90200000) (1024K)]
  0x000001f7e8c9bf40 JavaThread "Handler for socket connection from /127.0.0.1:50855 to /127.0.0.1:50884"        [_thread_in_native, id=48184, stack(0x0000005e8ff00000,0x0000005e90000000) (1024K)]
  0x000001f7e8c9b8b0 JavaThread "Cancel handler"                    [_thread_blocked, id=24896, stack(0x0000005e90000000,0x0000005e90100000) (1024K)]
  0x000001f7e8c9b220 JavaThread "Asynchronous log dispatcher for DefaultDaemonConnection: socket connection from /127.0.0.1:50855 to /127.0.0.1:50884"        [_thread_blocked, id=30632, stack(0x0000005e90200000,0x0000005e90300000) (1024K)]
  0x000001f7e8c99150 JavaThread "Stdin handler"                     [_thread_blocked, id=40144, stack(0x0000005e90300000,0x0000005e90400000) (1024K)]
  0x000001f7e8c99e70 JavaThread "Daemon client event forwarder"        [_thread_blocked, id=43880, stack(0x0000005e90400000,0x0000005e90500000) (1024K)]
  0x000001f7e8c997e0 JavaThread "Cache worker for journal cache (C:\Users\admoi\.gradle\caches\journal-1)"        [_thread_blocked, id=8044, stack(0x0000005e90500000,0x0000005e90600000) (1024K)]
  0x000001f7e8c9ab90 JavaThread "File lock request listener"        [_thread_in_native, id=49968, stack(0x0000005e90600000,0x0000005e90700000) (1024K)]
  0x000001f7e8db3d20 JavaThread "Cache worker for file hash cache (C:\Users\admoi\.gradle\caches\8.9\fileHashes)"        [_thread_blocked, id=41500, stack(0x0000005e91000000,0x0000005e91100000) (1024K)]
  0x000001f7e8db2970 JavaThread "Cache worker for file hash cache (D:\BankSystemApp\frontend\node_modules\@capacitor\android\capacitor\.gradle\8.9\fileHashes)"        [_thread_blocked, id=49112, stack(0x0000005e91300000,0x0000005e91400000) (1024K)]
  0x000001f7e8db22e0 JavaThread "Cache worker for Build Output Cleanup Cache (D:\BankSystemApp\frontend\node_modules\@capacitor\android\capacitor\.gradle\buildOutputCleanup)"        [_thread_blocked, id=40708, stack(0x0000005e91400000,0x0000005e91500000) (1024K)]
  0x000001f7e8db3690 JavaThread "File watcher server"        daemon [_thread_in_native, id=41220, stack(0x0000005e91500000,0x0000005e91600000) (1024K)]
  0x000001f7e8db08a0 JavaThread "File watcher consumer"      daemon [_thread_blocked, id=31704, stack(0x0000005e91600000,0x0000005e91700000) (1024K)]
  0x000001f7e8db43b0 JavaThread "Cache worker for checksums cache (D:\BankSystemApp\frontend\node_modules\@capacitor\android\capacitor\.gradle\8.9\checksums)"        [_thread_blocked, id=49100, stack(0x0000005e91700000,0x0000005e91800000) (1024K)]
  0x000001f7e8db0f30 JavaThread "Cache worker for file content cache (C:\Users\admoi\.gradle\caches\8.9\fileContent)"        [_thread_blocked, id=47920, stack(0x0000005e91800000,0x0000005e91900000) (1024K)]
  0x000001f7e8db50d0 JavaThread "Cache worker for cache directory md-rule (C:\Users\admoi\.gradle\caches\8.9\md-rule)"        [_thread_blocked, id=49556, stack(0x0000005e91900000,0x0000005e91a00000) (1024K)]
  0x000001f7e8db1c50 JavaThread "Cache worker for cache directory md-supplier (C:\Users\admoi\.gradle\caches\8.9\md-supplier)"        [_thread_blocked, id=48268, stack(0x0000005e91a00000,0x0000005e91b00000) (1024K)]
  0x000001f7e8db71a0 JavaThread "jar transforms"                    [_thread_blocked, id=39428, stack(0x0000005e8e300000,0x0000005e8e400000) (1024K)]
  0x000001f7e8db5df0 JavaThread "jar transforms Thread 2"           [_thread_blocked, id=36352, stack(0x0000005e8e100000,0x0000005e8e200000) (1024K)]
  0x000001f7e8db5760 JavaThread "File lock release action executor Thread 4"        [_thread_blocked, id=56628, stack(0x0000005e8e200000,0x0000005e8e300000) (1024K)]
  0x000001f7e97ce4a0 JavaThread "jar transforms Thread 3"           [_thread_blocked, id=57092, stack(0x0000005e90700000,0x0000005e90800000) (1024K)]
  0x000001f7e97cfee0 JavaThread "Unconstrained build operations"        [_thread_blocked, id=512, stack(0x0000005e90800000,0x0000005e90900000) (1024K)]
  0x000001f7e97cf850 JavaThread "Unconstrained build operations Thread 2"        [_thread_blocked, id=52276, stack(0x0000005e91b00000,0x0000005e91c00000) (1024K)]
  0x000001f7e97cf1c0 JavaThread "Unconstrained build operations Thread 3"        [_thread_blocked, id=36144, stack(0x0000005e91c00000,0x0000005e91d00000) (1024K)]
  0x000001f7e97cca60 JavaThread "Unconstrained build operations Thread 4"        [_thread_blocked, id=41560, stack(0x0000005e91d00000,0x0000005e91e00000) (1024K)]
  0x000001f7ea797710 JavaThread "Unconstrained build operations Thread 5"        [_thread_blocked, id=36388, stack(0x0000005e91e00000,0x0000005e91f00000) (1024K)]
  0x000001f7ea7997e0 JavaThread "Unconstrained build operations Thread 6"        [_thread_blocked, id=29856, stack(0x0000005e91f00000,0x0000005e92000000) (1024K)]
  0x000001f7ea798430 JavaThread "Unconstrained build operations Thread 7"        [_thread_blocked, id=33576, stack(0x0000005e92000000,0x0000005e92100000) (1024K)]
  0x000001f7ea798ac0 JavaThread "Unconstrained build operations Thread 8"        [_thread_blocked, id=46728, stack(0x0000005e92100000,0x0000005e92200000) (1024K)]
  0x000001f7ea799e70 JavaThread "Unconstrained build operations Thread 9"        [_thread_blocked, id=33228, stack(0x0000005e92200000,0x0000005e92300000) (1024K)]
  0x000001f7ea79ab90 JavaThread "Unconstrained build operations Thread 10"        [_thread_blocked, id=55072, stack(0x0000005e92300000,0x0000005e92400000) (1024K)]
  0x000001f7ea79a500 JavaThread "Unconstrained build operations Thread 11"        [_thread_blocked, id=22220, stack(0x0000005e92400000,0x0000005e92500000) (1024K)]
  0x000001f7ea799150 JavaThread "Unconstrained build operations Thread 12"        [_thread_blocked, id=16100, stack(0x0000005e92500000,0x0000005e92600000) (1024K)]
  0x000001f7ea79b220 JavaThread "Unconstrained build operations Thread 13"        [_thread_blocked, id=43384, stack(0x0000005e92600000,0x0000005e92700000) (1024K)]
  0x000001f7ea797da0 JavaThread "Unconstrained build operations Thread 14"        [_thread_blocked, id=39836, stack(0x0000005e92700000,0x0000005e92800000) (1024K)]
  0x000001f7ea79bf40 JavaThread "Unconstrained build operations Thread 15"        [_thread_blocked, id=53996, stack(0x0000005e92800000,0x0000005e92900000) (1024K)]
  0x000001f7ea79e6a0 JavaThread "Unconstrained build operations Thread 16"        [_thread_blocked, id=4388, stack(0x0000005e92900000,0x0000005e92a00000) (1024K)]
  0x000001f7ea79b8b0 JavaThread "Unconstrained build operations Thread 17"        [_thread_blocked, id=41572, stack(0x0000005e92a00000,0x0000005e92b00000) (1024K)]
  0x000001f7ea79ed30 JavaThread "Unconstrained build operations Thread 18"        [_thread_blocked, id=56544, stack(0x0000005e92b00000,0x0000005e92c00000) (1024K)]
  0x000001f7ea79c5d0 JavaThread "Unconstrained build operations Thread 19"        [_thread_blocked, id=37556, stack(0x0000005e92c00000,0x0000005e92d00000) (1024K)]
  0x000001f7ea79cc60 JavaThread "Unconstrained build operations Thread 20"        [_thread_blocked, id=52432, stack(0x0000005e92d00000,0x0000005e92e00000) (1024K)]
  0x000001f7ea79d2f0 JavaThread "Unconstrained build operations Thread 21"        [_thread_blocked, id=24092, stack(0x0000005e92e00000,0x0000005e92f00000) (1024K)]
  0x000001f7ea79d980 JavaThread "Unconstrained build operations Thread 22"        [_thread_blocked, id=56404, stack(0x0000005e92f00000,0x0000005e93000000) (1024K)]
  0x000001f7ea79e010 JavaThread "Unconstrained build operations Thread 23"        [_thread_blocked, id=20512, stack(0x0000005e93000000,0x0000005e93100000) (1024K)]
  0x000001f7eb1ddb50 JavaThread "Unconstrained build operations Thread 24"        [_thread_blocked, id=56828, stack(0x0000005e93100000,0x0000005e93200000) (1024K)]
  0x000001f7eb1dce30 JavaThread "Unconstrained build operations Thread 25"        [_thread_blocked, id=14176, stack(0x0000005e93200000,0x0000005e93300000) (1024K)]
  0x000001f7eb1df590 JavaThread "Unconstrained build operations Thread 26"        [_thread_blocked, id=39008, stack(0x0000005e93300000,0x0000005e93400000) (1024K)]
  0x000001f7eb1def00 JavaThread "Unconstrained build operations Thread 27"        [_thread_blocked, id=36532, stack(0x0000005e93400000,0x0000005e93500000) (1024K)]
  0x000001f7eb1de1e0 JavaThread "Unconstrained build operations Thread 28"        [_thread_blocked, id=56368, stack(0x0000005e93500000,0x0000005e93600000) (1024K)]
  0x000001f7eb1dd4c0 JavaThread "Unconstrained build operations Thread 29"        [_thread_blocked, id=43152, stack(0x0000005e93600000,0x0000005e93700000) (1024K)]
  0x000001f7eb1dc7a0 JavaThread "Unconstrained build operations Thread 30"        [_thread_blocked, id=11300, stack(0x0000005e93700000,0x0000005e93800000) (1024K)]
Total: 66

Other Threads:
  0x000001f7ce264890 VMThread "VM Thread"                           [id=47224, stack(0x0000005e8eb00000,0x0000005e8ec00000) (1024K)]
  0x000001f7ce257e00 WatcherThread "VM Periodic Task Thread"        [id=47256, stack(0x0000005e8ea00000,0x0000005e8eb00000) (1024K)]
  0x000001f7b7e23860 WorkerThread "GC Thread#0"                     [id=46412, stack(0x0000005e8e500000,0x0000005e8e600000) (1024K)]
  0x000001f7ce65df00 WorkerThread "GC Thread#1"                     [id=1588, stack(0x0000005e8f600000,0x0000005e8f700000) (1024K)]
  0x000001f7e8054aa0 WorkerThread "GC Thread#2"                     [id=3884, stack(0x0000005e8f700000,0x0000005e8f800000) (1024K)]
  0x000001f7ce767fc0 WorkerThread "GC Thread#3"                     [id=14428, stack(0x0000005e8f800000,0x0000005e8f900000) (1024K)]
  0x000001f7ce768370 WorkerThread "GC Thread#4"                     [id=5072, stack(0x0000005e8f900000,0x0000005e8fa00000) (1024K)]
  0x000001f7ce828680 WorkerThread "GC Thread#5"                     [id=17116, stack(0x0000005e8fa00000,0x0000005e8fb00000) (1024K)]
  0x000001f7e88799d0 WorkerThread "GC Thread#6"                     [id=38820, stack(0x0000005e90900000,0x0000005e90a00000) (1024K)]
  0x000001f7e8878ec0 WorkerThread "GC Thread#7"                     [id=48624, stack(0x0000005e90a00000,0x0000005e90b00000) (1024K)]
  0x000001f7e88783b0 WorkerThread "GC Thread#8"                     [id=20276, stack(0x0000005e90b00000,0x0000005e90c00000) (1024K)]
  0x000001f7e8879270 WorkerThread "GC Thread#9"                     [id=37404, stack(0x0000005e90c00000,0x0000005e90d00000) (1024K)]
  0x000001f7e8879620 WorkerThread "GC Thread#10"                    [id=47808, stack(0x0000005e90d00000,0x0000005e90e00000) (1024K)]
  0x000001f7e8878760 WorkerThread "GC Thread#11"                    [id=25684, stack(0x0000005e90e00000,0x0000005e90f00000) (1024K)]
  0x000001f7e946b4c0 WorkerThread "GC Thread#12"                    [id=42032, stack(0x0000005e90f00000,0x0000005e91000000) (1024K)]
  0x000001f7b7e28660 ConcurrentGCThread "G1 Main Marker"            [id=39968, stack(0x0000005e8e600000,0x0000005e8e700000) (1024K)]
  0x000001f7b7e28f80 WorkerThread "G1 Conc#0"                       [id=6180, stack(0x0000005e8e700000,0x0000005e8e800000) (1024K)]
  0x000001f7e9469740 WorkerThread "G1 Conc#1"                       [id=36052, stack(0x0000005e91100000,0x0000005e91200000) (1024K)]
  0x000001f7e9467d70 WorkerThread "G1 Conc#2"                       [id=47252, stack(0x0000005e91200000,0x0000005e91300000) (1024K)]
  0x000001f7ce1272b0 ConcurrentGCThread "G1 Refine#0"               [id=46796, stack(0x0000005e8e800000,0x0000005e8e900000) (1024K)]
  0x000001f7ce127850 ConcurrentGCThread "G1 Service"                [id=40592, stack(0x0000005e8e900000,0x0000005e8ea00000) (1024K)]
Total: 21

Threads with active compile tasks:
C2 CompilerThread0  573733 7728       4       java.lang.invoke.MethodType::makeImpl (109 bytes)
Total: 1

VM state: not at safepoint (normal execution)

VM Mutex/Monitor currently owned by a thread: None

Heap address: 0x00000000e0000000, size: 512 MB, Compressed Oops mode: 32-bit

CDS archive(s) mapped at: [0x000001f7cf000000-0x000001f7cfba0000-0x000001f7cfba0000), size 12189696, SharedBaseAddress: 0x000001f7cf000000, ArchiveRelocationMode: 1.
Compressed class space mapped at: 0x000001f7d0000000-0x000001f7e4000000, reserved size: 335544320
Narrow klass base: 0x000001f7cf000000, Narrow klass shift: 0, Narrow klass range: 0x100000000

GC Precious Log:
 CardTable entry size: 512
 Card Set container configuration: InlinePtr #cards 5 size 8 Array Of Cards #cards 12 size 40 Howl #buckets 4 coarsen threshold 1843 Howl Bitmap #cards 512 size 80 coarsen threshold 460 Card regions per heap region 1 cards per card region 2048
 CPUs: 16 total, 16 available
 Memory: 16051M
 Large Page Support: Disabled
 NUMA Support: Disabled
 Compressed Oops: Enabled (32-bit)
 Heap Region Size: 1M
 Heap Min Capacity: 256M
 Heap Initial Capacity: 256M
 Heap Max Capacity: 512M
 Pre-touch: Disabled
 Parallel Workers: 13
 Concurrent Workers: 3
 Concurrent Refinement Workers: 13
 Periodic GC: Disabled

Heap:
 garbage-first heap   total 262144K, used 75719K [0x00000000e0000000, 0x0000000100000000)
  region size 1024K, 37 young (37888K), 2 survivors (2048K)
 Metaspace       used 49428K, committed 51072K, reserved 393216K
  class space    used 7147K, committed 7936K, reserved 327680K

Heap Regions: E=young(eden), S=young(survivor), O=old, HS=humongous(starts), HC=humongous(continues), CS=collection set, F=free, TAMS=top-at-mark-start, PB=parsable bottom
|   0|0x00000000e0000000, 0x00000000e0100000, 0x00000000e0100000|100%|HS|  |TAMS 0x00000000e0000000| PB 0x00000000e0000000| Complete 
|   1|0x00000000e0100000, 0x00000000e0200000, 0x00000000e0200000|100%|HC|  |TAMS 0x00000000e0100000| PB 0x00000000e0100000| Complete 
|   2|0x00000000e0200000, 0x00000000e0300000, 0x00000000e0300000|100%|HC|  |TAMS 0x00000000e0200000| PB 0x00000000e0200000| Complete 
|   3|0x00000000e0300000, 0x00000000e0400000, 0x00000000e0400000|100%|HC|  |TAMS 0x00000000e0300000| PB 0x00000000e0300000| Complete 
|   4|0x00000000e0400000, 0x00000000e0500000, 0x00000000e0500000|100%| O|  |TAMS 0x00000000e0400000| PB 0x00000000e0400000| Untracked 
|   5|0x00000000e0500000, 0x00000000e0600000, 0x00000000e0600000|100%| O|  |TAMS 0x00000000e0500000| PB 0x00000000e0500000| Untracked 
|   6|0x00000000e0600000, 0x00000000e0700000, 0x00000000e0700000|100%| O|  |TAMS 0x00000000e0600000| PB 0x00000000e0600000| Untracked 
|   7|0x00000000e0700000, 0x00000000e0800000, 0x00000000e0800000|100%| O|  |TAMS 0x00000000e0700000| PB 0x00000000e0700000| Untracked 
|   8|0x00000000e0800000, 0x00000000e0900000, 0x00000000e0900000|100%| O|  |TAMS 0x00000000e0800000| PB 0x00000000e0800000| Untracked 
|   9|0x00000000e0900000, 0x00000000e0a00000, 0x00000000e0a00000|100%| O|  |TAMS 0x00000000e0900000| PB 0x00000000e0900000| Untracked 
|  10|0x00000000e0a00000, 0x00000000e0b00000, 0x00000000e0b00000|100%| O|  |TAMS 0x00000000e0a00000| PB 0x00000000e0a00000| Untracked 
|  11|0x00000000e0b00000, 0x00000000e0c00000, 0x00000000e0c00000|100%|HS|  |TAMS 0x00000000e0b00000| PB 0x00000000e0b00000| Complete 
|  12|0x00000000e0c00000, 0x00000000e0d00000, 0x00000000e0d00000|100%| O|  |TAMS 0x00000000e0c00000| PB 0x00000000e0c00000| Untracked 
|  13|0x00000000e0d00000, 0x00000000e0e00000, 0x00000000e0e00000|100%| O|  |TAMS 0x00000000e0d00000| PB 0x00000000e0d00000| Untracked 
|  14|0x00000000e0e00000, 0x00000000e0f00000, 0x00000000e0f00000|100%| O|  |TAMS 0x00000000e0e00000| PB 0x00000000e0e00000| Untracked 
|  15|0x00000000e0f00000, 0x00000000e1000000, 0x00000000e1000000|100%| O|  |TAMS 0x00000000e0f00000| PB 0x00000000e0f00000| Untracked 
|  16|0x00000000e1000000, 0x00000000e1100000, 0x00000000e1100000|100%| O|  |TAMS 0x00000000e1000000| PB 0x00000000e1000000| Untracked 
|  17|0x00000000e1100000, 0x00000000e1200000, 0x00000000e1200000|100%| O|  |TAMS 0x00000000e1100000| PB 0x00000000e1100000| Untracked 
|  18|0x00000000e1200000, 0x00000000e1300000, 0x00000000e1300000|100%| O|  |TAMS 0x00000000e1200000| PB 0x00000000e1200000| Untracked 
|  19|0x00000000e1300000, 0x00000000e1400000, 0x00000000e1400000|100%| O|  |TAMS 0x00000000e1300000| PB 0x00000000e1300000| Untracked 
|  20|0x00000000e1400000, 0x00000000e1400000, 0x00000000e1500000|  0%| F|  |TAMS 0x00000000e1400000| PB 0x00000000e1400000| Untracked 
|  21|0x00000000e1500000, 0x00000000e1600000, 0x00000000e1600000|100%| O|  |TAMS 0x00000000e1500000| PB 0x00000000e1500000| Untracked 
|  22|0x00000000e1600000, 0x00000000e1700000, 0x00000000e1700000|100%| O|  |TAMS 0x00000000e1600000| PB 0x00000000e1600000| Untracked 
|  23|0x00000000e1700000, 0x00000000e1800000, 0x00000000e1800000|100%| O|  |TAMS 0x00000000e1700000| PB 0x00000000e1700000| Untracked 
|  24|0x00000000e1800000, 0x00000000e1900000, 0x00000000e1900000|100%| O|  |TAMS 0x00000000e1800000| PB 0x00000000e1800000| Untracked 
|  25|0x00000000e1900000, 0x00000000e1a00000, 0x00000000e1a00000|100%| O|  |TAMS 0x00000000e1900000| PB 0x00000000e1900000| Untracked 
|  26|0x00000000e1a00000, 0x00000000e1b00000, 0x00000000e1b00000|100%| O|  |TAMS 0x00000000e1a00000| PB 0x00000000e1a00000| Untracked 
|  27|0x00000000e1b00000, 0x00000000e1c00000, 0x00000000e1c00000|100%| O|  |TAMS 0x00000000e1b00000| PB 0x00000000e1b00000| Untracked 
|  28|0x00000000e1c00000, 0x00000000e1d00000, 0x00000000e1d00000|100%| O|  |TAMS 0x00000000e1c00000| PB 0x00000000e1c00000| Untracked 
|  29|0x00000000e1d00000, 0x00000000e1e00000, 0x00000000e1e00000|100%| O|  |TAMS 0x00000000e1d00000| PB 0x00000000e1d00000| Untracked 
|  30|0x00000000e1e00000, 0x00000000e1f00000, 0x00000000e1f00000|100%| O|  |TAMS 0x00000000e1e00000| PB 0x00000000e1e00000| Untracked 
|  31|0x00000000e1f00000, 0x00000000e2000000, 0x00000000e2000000|100%| O|  |TAMS 0x00000000e1f00000| PB 0x00000000e1f00000| Untracked 
|  32|0x00000000e2000000, 0x00000000e2100000, 0x00000000e2100000|100%| O|  |TAMS 0x00000000e2000000| PB 0x00000000e2000000| Untracked 
|  33|0x00000000e2100000, 0x00000000e2200000, 0x00000000e2200000|100%| O|  |TAMS 0x00000000e2100000| PB 0x00000000e2100000| Untracked 
|  34|0x00000000e2200000, 0x00000000e2300000, 0x00000000e2300000|100%| O|  |TAMS 0x00000000e2200000| PB 0x00000000e2200000| Untracked 
|  35|0x00000000e2300000, 0x00000000e2400000, 0x00000000e2400000|100%| O|  |TAMS 0x00000000e2300000| PB 0x00000000e2300000| Untracked 
|  36|0x00000000e2400000, 0x00000000e2500000, 0x00000000e2500000|100%| O|  |TAMS 0x00000000e2400000| PB 0x00000000e2400000| Untracked 
|  37|0x00000000e2500000, 0x00000000e2600000, 0x00000000e2600000|100%| O|  |TAMS 0x00000000e2500000| PB 0x00000000e2500000| Untracked 
|  38|0x00000000e2600000, 0x00000000e2700000, 0x00000000e2700000|100%| O|  |TAMS 0x00000000e2600000| PB 0x00000000e2600000| Untracked 
|  39|0x00000000e2700000, 0x00000000e27f1e00, 0x00000000e2800000| 94%| O|  |TAMS 0x00000000e2700000| PB 0x00000000e2700000| Untracked 
|  40|0x00000000e2800000, 0x00000000e2800000, 0x00000000e2900000|  0%| F|  |TAMS 0x00000000e2800000| PB 0x00000000e2800000| Untracked 
|  41|0x00000000e2900000, 0x00000000e2900000, 0x00000000e2a00000|  0%| F|  |TAMS 0x00000000e2900000| PB 0x00000000e2900000| Untracked 
|  42|0x00000000e2a00000, 0x00000000e2a00000, 0x00000000e2b00000|  0%| F|  |TAMS 0x00000000e2a00000| PB 0x00000000e2a00000| Untracked 
|  43|0x00000000e2b00000, 0x00000000e2b00000, 0x00000000e2c00000|  0%| F|  |TAMS 0x00000000e2b00000| PB 0x00000000e2b00000| Untracked 
|  44|0x00000000e2c00000, 0x00000000e2c00000, 0x00000000e2d00000|  0%| F|  |TAMS 0x00000000e2c00000| PB 0x00000000e2c00000| Untracked 
|  45|0x00000000e2d00000, 0x00000000e2d00000, 0x00000000e2e00000|  0%| F|  |TAMS 0x00000000e2d00000| PB 0x00000000e2d00000| Untracked 
|  46|0x00000000e2e00000, 0x00000000e2e00000, 0x00000000e2f00000|  0%| F|  |TAMS 0x00000000e2e00000| PB 0x00000000e2e00000| Untracked 
|  47|0x00000000e2f00000, 0x00000000e2f00000, 0x00000000e3000000|  0%| F|  |TAMS 0x00000000e2f00000| PB 0x00000000e2f00000| Untracked 
|  48|0x00000000e3000000, 0x00000000e3000000, 0x00000000e3100000|  0%| F|  |TAMS 0x00000000e3000000| PB 0x00000000e3000000| Untracked 
|  49|0x00000000e3100000, 0x00000000e3100000, 0x00000000e3200000|  0%| F|  |TAMS 0x00000000e3100000| PB 0x00000000e3100000| Untracked 
|  50|0x00000000e3200000, 0x00000000e3200000, 0x00000000e3300000|  0%| F|  |TAMS 0x00000000e3200000| PB 0x00000000e3200000| Untracked 
|  51|0x00000000e3300000, 0x00000000e3300000, 0x00000000e3400000|  0%| F|  |TAMS 0x00000000e3300000| PB 0x00000000e3300000| Untracked 
|  52|0x00000000e3400000, 0x00000000e3400000, 0x00000000e3500000|  0%| F|  |TAMS 0x00000000e3400000| PB 0x00000000e3400000| Untracked 
|  53|0x00000000e3500000, 0x00000000e3500000, 0x00000000e3600000|  0%| F|  |TAMS 0x00000000e3500000| PB 0x00000000e3500000| Untracked 
|  54|0x00000000e3600000, 0x00000000e3600000, 0x00000000e3700000|  0%| F|  |TAMS 0x00000000e3600000| PB 0x00000000e3600000| Untracked 
|  55|0x00000000e3700000, 0x00000000e3700000, 0x00000000e3800000|  0%| F|  |TAMS 0x00000000e3700000| PB 0x00000000e3700000| Untracked 
|  56|0x00000000e3800000, 0x00000000e3800000, 0x00000000e3900000|  0%| F|  |TAMS 0x00000000e3800000| PB 0x00000000e3800000| Untracked 
|  57|0x00000000e3900000, 0x00000000e3900000, 0x00000000e3a00000|  0%| F|  |TAMS 0x00000000e3900000| PB 0x00000000e3900000| Untracked 
|  58|0x00000000e3a00000, 0x00000000e3a00000, 0x00000000e3b00000|  0%| F|  |TAMS 0x00000000e3a00000| PB 0x00000000e3a00000| Untracked 
|  59|0x00000000e3b00000, 0x00000000e3b00000, 0x00000000e3c00000|  0%| F|  |TAMS 0x00000000e3b00000| PB 0x00000000e3b00000| Untracked 
|  60|0x00000000e3c00000, 0x00000000e3c00000, 0x00000000e3d00000|  0%| F|  |TAMS 0x00000000e3c00000| PB 0x00000000e3c00000| Untracked 
|  61|0x00000000e3d00000, 0x00000000e3d00000, 0x00000000e3e00000|  0%| F|  |TAMS 0x00000000e3d00000| PB 0x00000000e3d00000| Untracked 
|  62|0x00000000e3e00000, 0x00000000e3e00000, 0x00000000e3f00000|  0%| F|  |TAMS 0x00000000e3e00000| PB 0x00000000e3e00000| Untracked 
|  63|0x00000000e3f00000, 0x00000000e3f00000, 0x00000000e4000000|  0%| F|  |TAMS 0x00000000e3f00000| PB 0x00000000e3f00000| Untracked 
|  64|0x00000000e4000000, 0x00000000e4000000, 0x00000000e4100000|  0%| F|  |TAMS 0x00000000e4000000| PB 0x00000000e4000000| Untracked 
|  65|0x00000000e4100000, 0x00000000e4100000, 0x00000000e4200000|  0%| F|  |TAMS 0x00000000e4100000| PB 0x00000000e4100000| Untracked 
|  66|0x00000000e4200000, 0x00000000e4200000, 0x00000000e4300000|  0%| F|  |TAMS 0x00000000e4200000| PB 0x00000000e4200000| Untracked 
|  67|0x00000000e4300000, 0x00000000e4300000, 0x00000000e4400000|  0%| F|  |TAMS 0x00000000e4300000| PB 0x00000000e4300000| Untracked 
|  68|0x00000000e4400000, 0x00000000e4400000, 0x00000000e4500000|  0%| F|  |TAMS 0x00000000e4400000| PB 0x00000000e4400000| Untracked 
|  69|0x00000000e4500000, 0x00000000e4500000, 0x00000000e4600000|  0%| F|  |TAMS 0x00000000e4500000| PB 0x00000000e4500000| Untracked 
|  70|0x00000000e4600000, 0x00000000e4600000, 0x00000000e4700000|  0%| F|  |TAMS 0x00000000e4600000| PB 0x00000000e4600000| Untracked 
|  71|0x00000000e4700000, 0x00000000e4700000, 0x00000000e4800000|  0%| F|  |TAMS 0x00000000e4700000| PB 0x00000000e4700000| Untracked 
|  72|0x00000000e4800000, 0x00000000e4800000, 0x00000000e4900000|  0%| F|  |TAMS 0x00000000e4800000| PB 0x00000000e4800000| Untracked 
|  73|0x00000000e4900000, 0x00000000e4900000, 0x00000000e4a00000|  0%| F|  |TAMS 0x00000000e4900000| PB 0x00000000e4900000| Untracked 
|  74|0x00000000e4a00000, 0x00000000e4a00000, 0x00000000e4b00000|  0%| F|  |TAMS 0x00000000e4a00000| PB 0x00000000e4a00000| Untracked 
|  75|0x00000000e4b00000, 0x00000000e4b00000, 0x00000000e4c00000|  0%| F|  |TAMS 0x00000000e4b00000| PB 0x00000000e4b00000| Untracked 
|  76|0x00000000e4c00000, 0x00000000e4c00000, 0x00000000e4d00000|  0%| F|  |TAMS 0x00000000e4c00000| PB 0x00000000e4c00000| Untracked 
|  77|0x00000000e4d00000, 0x00000000e4d00000, 0x00000000e4e00000|  0%| F|  |TAMS 0x00000000e4d00000| PB 0x00000000e4d00000| Untracked 
|  78|0x00000000e4e00000, 0x00000000e4e00000, 0x00000000e4f00000|  0%| F|  |TAMS 0x00000000e4e00000| PB 0x00000000e4e00000| Untracked 
|  79|0x00000000e4f00000, 0x00000000e4f00000, 0x00000000e5000000|  0%| F|  |TAMS 0x00000000e4f00000| PB 0x00000000e4f00000| Untracked 
|  80|0x00000000e5000000, 0x00000000e5000000, 0x00000000e5100000|  0%| F|  |TAMS 0x00000000e5000000| PB 0x00000000e5000000| Untracked 
|  81|0x00000000e5100000, 0x00000000e5100000, 0x00000000e5200000|  0%| F|  |TAMS 0x00000000e5100000| PB 0x00000000e5100000| Untracked 
|  82|0x00000000e5200000, 0x00000000e5200000, 0x00000000e5300000|  0%| F|  |TAMS 0x00000000e5200000| PB 0x00000000e5200000| Untracked 
|  83|0x00000000e5300000, 0x00000000e5300000, 0x00000000e5400000|  0%| F|  |TAMS 0x00000000e5300000| PB 0x00000000e5300000| Untracked 
|  84|0x00000000e5400000, 0x00000000e5400000, 0x00000000e5500000|  0%| F|  |TAMS 0x00000000e5400000| PB 0x00000000e5400000| Untracked 
|  85|0x00000000e5500000, 0x00000000e5500000, 0x00000000e5600000|  0%| F|  |TAMS 0x00000000e5500000| PB 0x00000000e5500000| Untracked 
|  86|0x00000000e5600000, 0x00000000e5600000, 0x00000000e5700000|  0%| F|  |TAMS 0x00000000e5600000| PB 0x00000000e5600000| Untracked 
|  87|0x00000000e5700000, 0x00000000e5700000, 0x00000000e5800000|  0%| F|  |TAMS 0x00000000e5700000| PB 0x00000000e5700000| Untracked 
|  88|0x00000000e5800000, 0x00000000e5800000, 0x00000000e5900000|  0%| F|  |TAMS 0x00000000e5800000| PB 0x00000000e5800000| Untracked 
|  89|0x00000000e5900000, 0x00000000e5900000, 0x00000000e5a00000|  0%| F|  |TAMS 0x00000000e5900000| PB 0x00000000e5900000| Untracked 
|  90|0x00000000e5a00000, 0x00000000e5a00000, 0x00000000e5b00000|  0%| F|  |TAMS 0x00000000e5a00000| PB 0x00000000e5a00000| Untracked 
|  91|0x00000000e5b00000, 0x00000000e5b00000, 0x00000000e5c00000|  0%| F|  |TAMS 0x00000000e5b00000| PB 0x00000000e5b00000| Untracked 
|  92|0x00000000e5c00000, 0x00000000e5c00000, 0x00000000e5d00000|  0%| F|  |TAMS 0x00000000e5c00000| PB 0x00000000e5c00000| Untracked 
|  93|0x00000000e5d00000, 0x00000000e5d00000, 0x00000000e5e00000|  0%| F|  |TAMS 0x00000000e5d00000| PB 0x00000000e5d00000| Untracked 
|  94|0x00000000e5e00000, 0x00000000e5e00000, 0x00000000e5f00000|  0%| F|  |TAMS 0x00000000e5e00000| PB 0x00000000e5e00000| Untracked 
|  95|0x00000000e5f00000, 0x00000000e5f00000, 0x00000000e6000000|  0%| F|  |TAMS 0x00000000e5f00000| PB 0x00000000e5f00000| Untracked 
|  96|0x00000000e6000000, 0x00000000e6000000, 0x00000000e6100000|  0%| F|  |TAMS 0x00000000e6000000| PB 0x00000000e6000000| Untracked 
|  97|0x00000000e6100000, 0x00000000e6100000, 0x00000000e6200000|  0%| F|  |TAMS 0x00000000e6100000| PB 0x00000000e6100000| Untracked 
|  98|0x00000000e6200000, 0x00000000e6200000, 0x00000000e6300000|  0%| F|  |TAMS 0x00000000e6200000| PB 0x00000000e6200000| Untracked 
|  99|0x00000000e6300000, 0x00000000e6300000, 0x00000000e6400000|  0%| F|  |TAMS 0x00000000e6300000| PB 0x00000000e6300000| Untracked 
| 100|0x00000000e6400000, 0x00000000e6400000, 0x00000000e6500000|  0%| F|  |TAMS 0x00000000e6400000| PB 0x00000000e6400000| Untracked 
| 101|0x00000000e6500000, 0x00000000e6500000, 0x00000000e6600000|  0%| F|  |TAMS 0x00000000e6500000| PB 0x00000000e6500000| Untracked 
| 102|0x00000000e6600000, 0x00000000e6600000, 0x00000000e6700000|  0%| F|  |TAMS 0x00000000e6600000| PB 0x00000000e6600000| Untracked 
| 103|0x00000000e6700000, 0x00000000e6700000, 0x00000000e6800000|  0%| F|  |TAMS 0x00000000e6700000| PB 0x00000000e6700000| Untracked 
| 104|0x00000000e6800000, 0x00000000e6800000, 0x00000000e6900000|  0%| F|  |TAMS 0x00000000e6800000| PB 0x00000000e6800000| Untracked 
| 105|0x00000000e6900000, 0x00000000e6900000, 0x00000000e6a00000|  0%| F|  |TAMS 0x00000000e6900000| PB 0x00000000e6900000| Untracked 
| 106|0x00000000e6a00000, 0x00000000e6a00000, 0x00000000e6b00000|  0%| F|  |TAMS 0x00000000e6a00000| PB 0x00000000e6a00000| Untracked 
| 107|0x00000000e6b00000, 0x00000000e6b00000, 0x00000000e6c00000|  0%| F|  |TAMS 0x00000000e6b00000| PB 0x00000000e6b00000| Untracked 
| 108|0x00000000e6c00000, 0x00000000e6c00000, 0x00000000e6d00000|  0%| F|  |TAMS 0x00000000e6c00000| PB 0x00000000e6c00000| Untracked 
| 109|0x00000000e6d00000, 0x00000000e6d00000, 0x00000000e6e00000|  0%| F|  |TAMS 0x00000000e6d00000| PB 0x00000000e6d00000| Untracked 
| 110|0x00000000e6e00000, 0x00000000e6e00000, 0x00000000e6f00000|  0%| F|  |TAMS 0x00000000e6e00000| PB 0x00000000e6e00000| Untracked 
| 111|0x00000000e6f00000, 0x00000000e6f00000, 0x00000000e7000000|  0%| F|  |TAMS 0x00000000e6f00000| PB 0x00000000e6f00000| Untracked 
| 112|0x00000000e7000000, 0x00000000e7000000, 0x00000000e7100000|  0%| F|  |TAMS 0x00000000e7000000| PB 0x00000000e7000000| Untracked 
| 113|0x00000000e7100000, 0x00000000e7100000, 0x00000000e7200000|  0%| F|  |TAMS 0x00000000e7100000| PB 0x00000000e7100000| Untracked 
| 114|0x00000000e7200000, 0x00000000e7200000, 0x00000000e7300000|  0%| F|  |TAMS 0x00000000e7200000| PB 0x00000000e7200000| Untracked 
| 115|0x00000000e7300000, 0x00000000e7300000, 0x00000000e7400000|  0%| F|  |TAMS 0x00000000e7300000| PB 0x00000000e7300000| Untracked 
| 116|0x00000000e7400000, 0x00000000e7400000, 0x00000000e7500000|  0%| F|  |TAMS 0x00000000e7400000| PB 0x00000000e7400000| Untracked 
| 117|0x00000000e7500000, 0x00000000e7500000, 0x00000000e7600000|  0%| F|  |TAMS 0x00000000e7500000| PB 0x00000000e7500000| Untracked 
| 118|0x00000000e7600000, 0x00000000e7600000, 0x00000000e7700000|  0%| F|  |TAMS 0x00000000e7600000| PB 0x00000000e7600000| Untracked 
| 119|0x00000000e7700000, 0x00000000e7700000, 0x00000000e7800000|  0%| F|  |TAMS 0x00000000e7700000| PB 0x00000000e7700000| Untracked 
| 120|0x00000000e7800000, 0x00000000e7800000, 0x00000000e7900000|  0%| F|  |TAMS 0x00000000e7800000| PB 0x00000000e7800000| Untracked 
| 121|0x00000000e7900000, 0x00000000e7900000, 0x00000000e7a00000|  0%| F|  |TAMS 0x00000000e7900000| PB 0x00000000e7900000| Untracked 
| 122|0x00000000e7a00000, 0x00000000e7a00000, 0x00000000e7b00000|  0%| F|  |TAMS 0x00000000e7a00000| PB 0x00000000e7a00000| Untracked 
| 123|0x00000000e7b00000, 0x00000000e7b00000, 0x00000000e7c00000|  0%| F|  |TAMS 0x00000000e7b00000| PB 0x00000000e7b00000| Untracked 
| 124|0x00000000e7c00000, 0x00000000e7c00000, 0x00000000e7d00000|  0%| F|  |TAMS 0x00000000e7c00000| PB 0x00000000e7c00000| Untracked 
| 125|0x00000000e7d00000, 0x00000000e7d00000, 0x00000000e7e00000|  0%| F|  |TAMS 0x00000000e7d00000| PB 0x00000000e7d00000| Untracked 
| 126|0x00000000e7e00000, 0x00000000e7e00000, 0x00000000e7f00000|  0%| F|  |TAMS 0x00000000e7e00000| PB 0x00000000e7e00000| Untracked 
| 127|0x00000000e7f00000, 0x00000000e7f00000, 0x00000000e8000000|  0%| F|  |TAMS 0x00000000e7f00000| PB 0x00000000e7f00000| Untracked 
| 128|0x00000000e8000000, 0x00000000e8000000, 0x00000000e8100000|  0%| F|  |TAMS 0x00000000e8000000| PB 0x00000000e8000000| Untracked 
| 129|0x00000000e8100000, 0x00000000e8100000, 0x00000000e8200000|  0%| F|  |TAMS 0x00000000e8100000| PB 0x00000000e8100000| Untracked 
| 130|0x00000000e8200000, 0x00000000e8200000, 0x00000000e8300000|  0%| F|  |TAMS 0x00000000e8200000| PB 0x00000000e8200000| Untracked 
| 131|0x00000000e8300000, 0x00000000e8300000, 0x00000000e8400000|  0%| F|  |TAMS 0x00000000e8300000| PB 0x00000000e8300000| Untracked 
| 132|0x00000000e8400000, 0x00000000e8400000, 0x00000000e8500000|  0%| F|  |TAMS 0x00000000e8400000| PB 0x00000000e8400000| Untracked 
| 133|0x00000000e8500000, 0x00000000e8500000, 0x00000000e8600000|  0%| F|  |TAMS 0x00000000e8500000| PB 0x00000000e8500000| Untracked 
| 134|0x00000000e8600000, 0x00000000e8600000, 0x00000000e8700000|  0%| F|  |TAMS 0x00000000e8600000| PB 0x00000000e8600000| Untracked 
| 135|0x00000000e8700000, 0x00000000e8700000, 0x00000000e8800000|  0%| F|  |TAMS 0x00000000e8700000| PB 0x00000000e8700000| Untracked 
| 136|0x00000000e8800000, 0x00000000e8800000, 0x00000000e8900000|  0%| F|  |TAMS 0x00000000e8800000| PB 0x00000000e8800000| Untracked 
| 137|0x00000000e8900000, 0x00000000e8900000, 0x00000000e8a00000|  0%| F|  |TAMS 0x00000000e8900000| PB 0x00000000e8900000| Untracked 
| 138|0x00000000e8a00000, 0x00000000e8a00000, 0x00000000e8b00000|  0%| F|  |TAMS 0x00000000e8a00000| PB 0x00000000e8a00000| Untracked 
| 139|0x00000000e8b00000, 0x00000000e8b00000, 0x00000000e8c00000|  0%| F|  |TAMS 0x00000000e8b00000| PB 0x00000000e8b00000| Untracked 
| 140|0x00000000e8c00000, 0x00000000e8c00000, 0x00000000e8d00000|  0%| F|  |TAMS 0x00000000e8c00000| PB 0x00000000e8c00000| Untracked 
| 141|0x00000000e8d00000, 0x00000000e8d00000, 0x00000000e8e00000|  0%| F|  |TAMS 0x00000000e8d00000| PB 0x00000000e8d00000| Untracked 
| 142|0x00000000e8e00000, 0x00000000e8e00000, 0x00000000e8f00000|  0%| F|  |TAMS 0x00000000e8e00000| PB 0x00000000e8e00000| Untracked 
| 143|0x00000000e8f00000, 0x00000000e8f00000, 0x00000000e9000000|  0%| F|  |TAMS 0x00000000e8f00000| PB 0x00000000e8f00000| Untracked 
| 144|0x00000000e9000000, 0x00000000e9000000, 0x00000000e9100000|  0%| F|  |TAMS 0x00000000e9000000| PB 0x00000000e9000000| Untracked 
| 145|0x00000000e9100000, 0x00000000e9100000, 0x00000000e9200000|  0%| F|  |TAMS 0x00000000e9100000| PB 0x00000000e9100000| Untracked 
| 146|0x00000000e9200000, 0x00000000e9200000, 0x00000000e9300000|  0%| F|  |TAMS 0x00000000e9200000| PB 0x00000000e9200000| Untracked 
| 147|0x00000000e9300000, 0x00000000e9300000, 0x00000000e9400000|  0%| F|  |TAMS 0x00000000e9300000| PB 0x00000000e9300000| Untracked 
| 148|0x00000000e9400000, 0x00000000e9400000, 0x00000000e9500000|  0%| F|  |TAMS 0x00000000e9400000| PB 0x00000000e9400000| Untracked 
| 149|0x00000000e9500000, 0x00000000e9500000, 0x00000000e9600000|  0%| F|  |TAMS 0x00000000e9500000| PB 0x00000000e9500000| Untracked 
| 150|0x00000000e9600000, 0x00000000e9600000, 0x00000000e9700000|  0%| F|  |TAMS 0x00000000e9600000| PB 0x00000000e9600000| Untracked 
| 151|0x00000000e9700000, 0x00000000e9700000, 0x00000000e9800000|  0%| F|  |TAMS 0x00000000e9700000| PB 0x00000000e9700000| Untracked 
| 152|0x00000000e9800000, 0x00000000e9800000, 0x00000000e9900000|  0%| F|  |TAMS 0x00000000e9800000| PB 0x00000000e9800000| Untracked 
| 153|0x00000000e9900000, 0x00000000e9900000, 0x00000000e9a00000|  0%| F|  |TAMS 0x00000000e9900000| PB 0x00000000e9900000| Untracked 
| 154|0x00000000e9a00000, 0x00000000e9a00000, 0x00000000e9b00000|  0%| F|  |TAMS 0x00000000e9a00000| PB 0x00000000e9a00000| Untracked 
| 155|0x00000000e9b00000, 0x00000000e9b00000, 0x00000000e9c00000|  0%| F|  |TAMS 0x00000000e9b00000| PB 0x00000000e9b00000| Untracked 
| 156|0x00000000e9c00000, 0x00000000e9c00000, 0x00000000e9d00000|  0%| F|  |TAMS 0x00000000e9c00000| PB 0x00000000e9c00000| Untracked 
| 157|0x00000000e9d00000, 0x00000000e9d00000, 0x00000000e9e00000|  0%| F|  |TAMS 0x00000000e9d00000| PB 0x00000000e9d00000| Untracked 
| 158|0x00000000e9e00000, 0x00000000e9e00000, 0x00000000e9f00000|  0%| F|  |TAMS 0x00000000e9e00000| PB 0x00000000e9e00000| Untracked 
| 159|0x00000000e9f00000, 0x00000000e9f00000, 0x00000000ea000000|  0%| F|  |TAMS 0x00000000e9f00000| PB 0x00000000e9f00000| Untracked 
| 160|0x00000000ea000000, 0x00000000ea000000, 0x00000000ea100000|  0%| F|  |TAMS 0x00000000ea000000| PB 0x00000000ea000000| Untracked 
| 161|0x00000000ea100000, 0x00000000ea100000, 0x00000000ea200000|  0%| F|  |TAMS 0x00000000ea100000| PB 0x00000000ea100000| Untracked 
| 162|0x00000000ea200000, 0x00000000ea200000, 0x00000000ea300000|  0%| F|  |TAMS 0x00000000ea200000| PB 0x00000000ea200000| Untracked 
| 163|0x00000000ea300000, 0x00000000ea300000, 0x00000000ea400000|  0%| F|  |TAMS 0x00000000ea300000| PB 0x00000000ea300000| Untracked 
| 164|0x00000000ea400000, 0x00000000ea400000, 0x00000000ea500000|  0%| F|  |TAMS 0x00000000ea400000| PB 0x00000000ea400000| Untracked 
| 165|0x00000000ea500000, 0x00000000ea500000, 0x00000000ea600000|  0%| F|  |TAMS 0x00000000ea500000| PB 0x00000000ea500000| Untracked 
| 166|0x00000000ea600000, 0x00000000ea600000, 0x00000000ea700000|  0%| F|  |TAMS 0x00000000ea600000| PB 0x00000000ea600000| Untracked 
| 167|0x00000000ea700000, 0x00000000ea700000, 0x00000000ea800000|  0%| F|  |TAMS 0x00000000ea700000| PB 0x00000000ea700000| Untracked 
| 168|0x00000000ea800000, 0x00000000ea800000, 0x00000000ea900000|  0%| F|  |TAMS 0x00000000ea800000| PB 0x00000000ea800000| Untracked 
| 169|0x00000000ea900000, 0x00000000ea900000, 0x00000000eaa00000|  0%| F|  |TAMS 0x00000000ea900000| PB 0x00000000ea900000| Untracked 
| 170|0x00000000eaa00000, 0x00000000eaa00000, 0x00000000eab00000|  0%| F|  |TAMS 0x00000000eaa00000| PB 0x00000000eaa00000| Untracked 
| 171|0x00000000eab00000, 0x00000000eab00000, 0x00000000eac00000|  0%| F|  |TAMS 0x00000000eab00000| PB 0x00000000eab00000| Untracked 
| 172|0x00000000eac00000, 0x00000000eac00000, 0x00000000ead00000|  0%| F|  |TAMS 0x00000000eac00000| PB 0x00000000eac00000| Untracked 
| 173|0x00000000ead00000, 0x00000000ead00000, 0x00000000eae00000|  0%| F|  |TAMS 0x00000000ead00000| PB 0x00000000ead00000| Untracked 
| 174|0x00000000eae00000, 0x00000000eae00000, 0x00000000eaf00000|  0%| F|  |TAMS 0x00000000eae00000| PB 0x00000000eae00000| Untracked 
| 175|0x00000000eaf00000, 0x00000000eaf00000, 0x00000000eb000000|  0%| F|  |TAMS 0x00000000eaf00000| PB 0x00000000eaf00000| Untracked 
| 176|0x00000000eb000000, 0x00000000eb000000, 0x00000000eb100000|  0%| F|  |TAMS 0x00000000eb000000| PB 0x00000000eb000000| Untracked 
| 177|0x00000000eb100000, 0x00000000eb100000, 0x00000000eb200000|  0%| F|  |TAMS 0x00000000eb100000| PB 0x00000000eb100000| Untracked 
| 178|0x00000000eb200000, 0x00000000eb200000, 0x00000000eb300000|  0%| F|  |TAMS 0x00000000eb200000| PB 0x00000000eb200000| Untracked 
| 179|0x00000000eb300000, 0x00000000eb300000, 0x00000000eb400000|  0%| F|  |TAMS 0x00000000eb300000| PB 0x00000000eb300000| Untracked 
| 180|0x00000000eb400000, 0x00000000eb400000, 0x00000000eb500000|  0%| F|  |TAMS 0x00000000eb400000| PB 0x00000000eb400000| Untracked 
| 181|0x00000000eb500000, 0x00000000eb500000, 0x00000000eb600000|  0%| F|  |TAMS 0x00000000eb500000| PB 0x00000000eb500000| Untracked 
| 182|0x00000000eb600000, 0x00000000eb600000, 0x00000000eb700000|  0%| F|  |TAMS 0x00000000eb600000| PB 0x00000000eb600000| Untracked 
| 183|0x00000000eb700000, 0x00000000eb700000, 0x00000000eb800000|  0%| F|  |TAMS 0x00000000eb700000| PB 0x00000000eb700000| Untracked 
| 184|0x00000000eb800000, 0x00000000eb800000, 0x00000000eb900000|  0%| F|  |TAMS 0x00000000eb800000| PB 0x00000000eb800000| Untracked 
| 185|0x00000000eb900000, 0x00000000eb900000, 0x00000000eba00000|  0%| F|  |TAMS 0x00000000eb900000| PB 0x00000000eb900000| Untracked 
| 186|0x00000000eba00000, 0x00000000eba00000, 0x00000000ebb00000|  0%| F|  |TAMS 0x00000000eba00000| PB 0x00000000eba00000| Untracked 
| 187|0x00000000ebb00000, 0x00000000ebb00000, 0x00000000ebc00000|  0%| F|  |TAMS 0x00000000ebb00000| PB 0x00000000ebb00000| Untracked 
| 188|0x00000000ebc00000, 0x00000000ebc00000, 0x00000000ebd00000|  0%| F|  |TAMS 0x00000000ebc00000| PB 0x00000000ebc00000| Untracked 
| 189|0x00000000ebd00000, 0x00000000ebd00000, 0x00000000ebe00000|  0%| F|  |TAMS 0x00000000ebd00000| PB 0x00000000ebd00000| Untracked 
| 190|0x00000000ebe00000, 0x00000000ebe00000, 0x00000000ebf00000|  0%| F|  |TAMS 0x00000000ebe00000| PB 0x00000000ebe00000| Untracked 
| 191|0x00000000ebf00000, 0x00000000ebf00000, 0x00000000ec000000|  0%| F|  |TAMS 0x00000000ebf00000| PB 0x00000000ebf00000| Untracked 
| 192|0x00000000ec000000, 0x00000000ec000000, 0x00000000ec100000|  0%| F|  |TAMS 0x00000000ec000000| PB 0x00000000ec000000| Untracked 
| 193|0x00000000ec100000, 0x00000000ec100000, 0x00000000ec200000|  0%| F|  |TAMS 0x00000000ec100000| PB 0x00000000ec100000| Untracked 
| 194|0x00000000ec200000, 0x00000000ec200000, 0x00000000ec300000|  0%| F|  |TAMS 0x00000000ec200000| PB 0x00000000ec200000| Untracked 
| 195|0x00000000ec300000, 0x00000000ec300000, 0x00000000ec400000|  0%| F|  |TAMS 0x00000000ec300000| PB 0x00000000ec300000| Untracked 
| 196|0x00000000ec400000, 0x00000000ec400000, 0x00000000ec500000|  0%| F|  |TAMS 0x00000000ec400000| PB 0x00000000ec400000| Untracked 
| 197|0x00000000ec500000, 0x00000000ec500000, 0x00000000ec600000|  0%| F|  |TAMS 0x00000000ec500000| PB 0x00000000ec500000| Untracked 
| 198|0x00000000ec600000, 0x00000000ec600000, 0x00000000ec700000|  0%| F|  |TAMS 0x00000000ec600000| PB 0x00000000ec600000| Untracked 
| 199|0x00000000ec700000, 0x00000000ec700000, 0x00000000ec800000|  0%| F|  |TAMS 0x00000000ec700000| PB 0x00000000ec700000| Untracked 
| 200|0x00000000ec800000, 0x00000000ec800000, 0x00000000ec900000|  0%| F|  |TAMS 0x00000000ec800000| PB 0x00000000ec800000| Untracked 
| 201|0x00000000ec900000, 0x00000000ec900000, 0x00000000eca00000|  0%| F|  |TAMS 0x00000000ec900000| PB 0x00000000ec900000| Untracked 
| 202|0x00000000eca00000, 0x00000000eca00000, 0x00000000ecb00000|  0%| F|  |TAMS 0x00000000eca00000| PB 0x00000000eca00000| Untracked 
| 203|0x00000000ecb00000, 0x00000000ecb00000, 0x00000000ecc00000|  0%| F|  |TAMS 0x00000000ecb00000| PB 0x00000000ecb00000| Untracked 
| 204|0x00000000ecc00000, 0x00000000ecc00000, 0x00000000ecd00000|  0%| F|  |TAMS 0x00000000ecc00000| PB 0x00000000ecc00000| Untracked 
| 205|0x00000000ecd00000, 0x00000000ecd00000, 0x00000000ece00000|  0%| F|  |TAMS 0x00000000ecd00000| PB 0x00000000ecd00000| Untracked 
| 206|0x00000000ece00000, 0x00000000ece00000, 0x00000000ecf00000|  0%| F|  |TAMS 0x00000000ece00000| PB 0x00000000ece00000| Untracked 
| 207|0x00000000ecf00000, 0x00000000ecf00000, 0x00000000ed000000|  0%| F|  |TAMS 0x00000000ecf00000| PB 0x00000000ecf00000| Untracked 
| 208|0x00000000ed000000, 0x00000000ed000000, 0x00000000ed100000|  0%| F|  |TAMS 0x00000000ed000000| PB 0x00000000ed000000| Untracked 
| 209|0x00000000ed100000, 0x00000000ed100000, 0x00000000ed200000|  0%| F|  |TAMS 0x00000000ed100000| PB 0x00000000ed100000| Untracked 
| 210|0x00000000ed200000, 0x00000000ed200000, 0x00000000ed300000|  0%| F|  |TAMS 0x00000000ed200000| PB 0x00000000ed200000| Untracked 
| 211|0x00000000ed300000, 0x00000000ed300000, 0x00000000ed400000|  0%| F|  |TAMS 0x00000000ed300000| PB 0x00000000ed300000| Untracked 
| 212|0x00000000ed400000, 0x00000000ed400000, 0x00000000ed500000|  0%| F|  |TAMS 0x00000000ed400000| PB 0x00000000ed400000| Untracked 
| 213|0x00000000ed500000, 0x00000000ed500000, 0x00000000ed600000|  0%| F|  |TAMS 0x00000000ed500000| PB 0x00000000ed500000| Untracked 
| 214|0x00000000ed600000, 0x00000000ed600000, 0x00000000ed700000|  0%| F|  |TAMS 0x00000000ed600000| PB 0x00000000ed600000| Untracked 
| 215|0x00000000ed700000, 0x00000000ed700000, 0x00000000ed800000|  0%| F|  |TAMS 0x00000000ed700000| PB 0x00000000ed700000| Untracked 
| 216|0x00000000ed800000, 0x00000000ed800000, 0x00000000ed900000|  0%| F|  |TAMS 0x00000000ed800000| PB 0x00000000ed800000| Untracked 
| 217|0x00000000ed900000, 0x00000000ed900000, 0x00000000eda00000|  0%| F|  |TAMS 0x00000000ed900000| PB 0x00000000ed900000| Untracked 
| 218|0x00000000eda00000, 0x00000000eda00000, 0x00000000edb00000|  0%| F|  |TAMS 0x00000000eda00000| PB 0x00000000eda00000| Untracked 
| 219|0x00000000edb00000, 0x00000000edb3d2c0, 0x00000000edc00000| 23%| E|  |TAMS 0x00000000edb00000| PB 0x00000000edb00000| Complete 
| 220|0x00000000edc00000, 0x00000000edd00000, 0x00000000edd00000|100%| E|CS|TAMS 0x00000000edc00000| PB 0x00000000edc00000| Complete 
| 221|0x00000000edd00000, 0x00000000ede00000, 0x00000000ede00000|100%| E|CS|TAMS 0x00000000edd00000| PB 0x00000000edd00000| Complete 
| 222|0x00000000ede00000, 0x00000000edf00000, 0x00000000edf00000|100%| E|CS|TAMS 0x00000000ede00000| PB 0x00000000ede00000| Complete 
| 223|0x00000000edf00000, 0x00000000ee000000, 0x00000000ee000000|100%| E|CS|TAMS 0x00000000edf00000| PB 0x00000000edf00000| Complete 
| 224|0x00000000ee000000, 0x00000000ee100000, 0x00000000ee100000|100%| E|  |TAMS 0x00000000ee000000| PB 0x00000000ee000000| Complete 
| 225|0x00000000ee100000, 0x00000000ee200000, 0x00000000ee200000|100%| E|CS|TAMS 0x00000000ee100000| PB 0x00000000ee100000| Complete 
| 226|0x00000000ee200000, 0x00000000ee300000, 0x00000000ee300000|100%| E|CS|TAMS 0x00000000ee200000| PB 0x00000000ee200000| Complete 
| 227|0x00000000ee300000, 0x00000000ee400000, 0x00000000ee400000|100%| E|CS|TAMS 0x00000000ee300000| PB 0x00000000ee300000| Complete 
| 228|0x00000000ee400000, 0x00000000ee500000, 0x00000000ee500000|100%| E|CS|TAMS 0x00000000ee400000| PB 0x00000000ee400000| Complete 
| 229|0x00000000ee500000, 0x00000000ee600000, 0x00000000ee600000|100%| E|CS|TAMS 0x00000000ee500000| PB 0x00000000ee500000| Complete 
| 230|0x00000000ee600000, 0x00000000ee700000, 0x00000000ee700000|100%| E|CS|TAMS 0x00000000ee600000| PB 0x00000000ee600000| Complete 
| 231|0x00000000ee700000, 0x00000000ee800000, 0x00000000ee800000|100%| E|CS|TAMS 0x00000000ee700000| PB 0x00000000ee700000| Complete 
| 232|0x00000000ee800000, 0x00000000ee900000, 0x00000000ee900000|100%| E|CS|TAMS 0x00000000ee800000| PB 0x00000000ee800000| Complete 
| 233|0x00000000ee900000, 0x00000000eea00000, 0x00000000eea00000|100%| E|CS|TAMS 0x00000000ee900000| PB 0x00000000ee900000| Complete 
| 234|0x00000000eea00000, 0x00000000eeb00000, 0x00000000eeb00000|100%| E|CS|TAMS 0x00000000eea00000| PB 0x00000000eea00000| Complete 
| 235|0x00000000eeb00000, 0x00000000eec00000, 0x00000000eec00000|100%| E|CS|TAMS 0x00000000eeb00000| PB 0x00000000eeb00000| Complete 
| 236|0x00000000eec00000, 0x00000000eed00000, 0x00000000eed00000|100%| E|CS|TAMS 0x00000000eec00000| PB 0x00000000eec00000| Complete 
| 237|0x00000000eed00000, 0x00000000eee00000, 0x00000000eee00000|100%| E|CS|TAMS 0x00000000eed00000| PB 0x00000000eed00000| Complete 
| 238|0x00000000eee00000, 0x00000000eef00000, 0x00000000eef00000|100%| E|CS|TAMS 0x00000000eee00000| PB 0x00000000eee00000| Complete 
| 239|0x00000000eef00000, 0x00000000ef000000, 0x00000000ef000000|100%| E|CS|TAMS 0x00000000eef00000| PB 0x00000000eef00000| Complete 
| 240|0x00000000ef000000, 0x00000000ef100000, 0x00000000ef100000|100%| E|CS|TAMS 0x00000000ef000000| PB 0x00000000ef000000| Complete 
| 241|0x00000000ef100000, 0x00000000ef200000, 0x00000000ef200000|100%| E|CS|TAMS 0x00000000ef100000| PB 0x00000000ef100000| Complete 
| 242|0x00000000ef200000, 0x00000000ef300000, 0x00000000ef300000|100%| E|CS|TAMS 0x00000000ef200000| PB 0x00000000ef200000| Complete 
| 243|0x00000000ef300000, 0x00000000ef400000, 0x00000000ef400000|100%| E|CS|TAMS 0x00000000ef300000| PB 0x00000000ef300000| Complete 
| 244|0x00000000ef400000, 0x00000000ef500000, 0x00000000ef500000|100%| E|CS|TAMS 0x00000000ef400000| PB 0x00000000ef400000| Complete 
| 245|0x00000000ef500000, 0x00000000ef600000, 0x00000000ef600000|100%| E|CS|TAMS 0x00000000ef500000| PB 0x00000000ef500000| Complete 
| 246|0x00000000ef600000, 0x00000000ef700000, 0x00000000ef700000|100%| E|CS|TAMS 0x00000000ef600000| PB 0x00000000ef600000| Complete 
| 247|0x00000000ef700000, 0x00000000ef800000, 0x00000000ef800000|100%| E|CS|TAMS 0x00000000ef700000| PB 0x00000000ef700000| Complete 
| 248|0x00000000ef800000, 0x00000000ef900000, 0x00000000ef900000|100%| E|CS|TAMS 0x00000000ef800000| PB 0x00000000ef800000| Complete 
| 249|0x00000000ef900000, 0x00000000efa00000, 0x00000000efa00000|100%| E|CS|TAMS 0x00000000ef900000| PB 0x00000000ef900000| Complete 
| 250|0x00000000efa00000, 0x00000000efb00000, 0x00000000efb00000|100%| E|CS|TAMS 0x00000000efa00000| PB 0x00000000efa00000| Complete 
| 251|0x00000000efb00000, 0x00000000efc00000, 0x00000000efc00000|100%| E|CS|TAMS 0x00000000efb00000| PB 0x00000000efb00000| Complete 
| 252|0x00000000efc00000, 0x00000000efd00000, 0x00000000efd00000|100%| E|CS|TAMS 0x00000000efc00000| PB 0x00000000efc00000| Complete 
| 253|0x00000000efd00000, 0x00000000efe00000, 0x00000000efe00000|100%| S|CS|TAMS 0x00000000efd00000| PB 0x00000000efd00000| Complete 
| 254|0x00000000efe00000, 0x00000000eff00000, 0x00000000eff00000|100%| S|CS|TAMS 0x00000000efe00000| PB 0x00000000efe00000| Complete 
| 255|0x00000000eff00000, 0x00000000f0000000, 0x00000000f0000000|100%| E|CS|TAMS 0x00000000eff00000| PB 0x00000000eff00000| Complete 

Card table byte_map: [0x000001f7ca970000,0x000001f7caa70000] _byte_map_base: 0x000001f7ca270000

Marking Bits: (CMBitMap*) 0x000001f7b7e23d80
 Bits: [0x000001f7caa70000, 0x000001f7cb270000)

Polling page: 0x000001f7b5c30000

Metaspace:

Usage:
  Non-class:     41.29 MB used.
      Class:      6.98 MB used.
       Both:     48.27 MB used.

Virtual space:
  Non-class space:       64.00 MB reserved,      42.12 MB ( 66%) committed,  1 nodes.
      Class space:      320.00 MB reserved,       7.75 MB (  2%) committed,  1 nodes.
             Both:      384.00 MB reserved,      49.88 MB ( 13%) committed. 

Chunk freelists:
   Non-Class:  5.61 MB
       Class:  8.14 MB
        Both:  13.75 MB

MaxMetaspaceSize: 384.00 MB
CompressedClassSpaceSize: 320.00 MB
Initial GC threshold: 21.00 MB
Current GC threshold: 60.25 MB
CDS: on
 - commit_granule_bytes: 65536.
 - commit_granule_words: 8192.
 - virtual_space_node_default_size: 8388608.
 - enlarge_chunks_in_place: 1.
 - use_allocation_guard: 0.


Internal statistics:

num_allocs_failed_limit: 12.
num_arena_births: 2926.
num_arena_deaths: 0.
num_vsnodes_births: 2.
num_vsnodes_deaths: 0.
num_space_committed: 798.
num_space_uncommitted: 0.
num_chunks_returned_to_freelist: 12.
num_chunks_taken_from_freelist: 5283.
num_chunk_merges: 9.
num_chunk_splits: 3401.
num_chunks_enlarged: 2056.
num_inconsistent_stats: 0.

CodeHeap 'non-profiled nmethods': size=119168Kb used=4062Kb max_used=4062Kb free=115105Kb
 bounds [0x000001f7c2b90000, 0x000001f7c2f90000, 0x000001f7c9ff0000]
CodeHeap 'profiled nmethods': size=119104Kb used=13510Kb max_used=13510Kb free=105593Kb
 bounds [0x000001f7baff0000, 0x000001f7bbd30000, 0x000001f7c2440000]
CodeHeap 'non-nmethods': size=7488Kb used=2591Kb max_used=2612Kb free=4896Kb
 bounds [0x000001f7c2440000, 0x000001f7c26e0000, 0x000001f7c2b90000]
CodeCache: size=245760Kb, used=20163Kb, max_used=20184Kb, free=225594Kb
 total_blobs=8042, nmethods=7182, adapters=764, full_count=0
Compilation: enabled, stopped_count=0, restarted_count=0

Compilation events (20 events):
Event: 573.412 Thread 0x000001f7ce299a40 7734       3       com.google.common.collect.MapMakerInternalMap$WeakKeyDummyValueSegment::maybeDrainReferenceQueues (9 bytes)
Event: 573.413 Thread 0x000001f7ce299a40 nmethod 7734 0x000001f7bbd1c590 code [0x000001f7bbd1c740, 0x000001f7bbd1c908]
Event: 573.413 Thread 0x000001f7ce299a40 7735       3       com.google.common.collect.MapMakerInternalMap$Segment::drainKeyReferenceQueue (42 bytes)
Event: 573.432 Thread 0x000001f7ce299a40 nmethod 7735 0x000001f7bbd1c990 code [0x000001f7bbd1cba0, 0x000001f7bbd1d258]
Event: 573.432 Thread 0x000001f7ce299a40 7739       3       com.google.common.collect.MapMakerInternalMap::putIfAbsent (29 bytes)
Event: 573.432 Thread 0x000001f7ce299a40 nmethod 7739 0x000001f7bbd1d510 code [0x000001f7bbd1d740, 0x000001f7bbd1de80]
Event: 573.432 Thread 0x000001f7ce299a40 7736       3       com.google.common.collect.MapMakerInternalMap$WeakKeyDummyValueEntry$Helper::newEntry (16 bytes)
Event: 573.433 Thread 0x000001f7ce299a40 nmethod 7736 0x000001f7bbd1e190 code [0x000001f7bbd1e340, 0x000001f7bbd1e658]
Event: 573.433 Thread 0x000001f7ce299a40 7737       3       com.google.common.collect.MapMakerInternalMap$WeakKeyDummyValueEntry$Helper::setValue (17 bytes)
Event: 573.433 Thread 0x000001f7ce299a40 nmethod 7737 0x000001f7bbd1e790 code [0x000001f7bbd1e960, 0x000001f7bbd1eda0]
Event: 573.433 Thread 0x000001f7ce299a40 7738       3       com.google.common.collect.MapMakerInternalMap$WeakKeyDummyValueEntry$Helper::setValue (1 bytes)
Event: 573.433 Thread 0x000001f7ce299a40 nmethod 7738 0x000001f7bbd1ee90 code [0x000001f7bbd1f020, 0x000001f7bbd1f128]
Event: 573.433 Thread 0x000001f7ce299a40 7740       1       org.gradle.internal.snapshot.impl.DirectorySnapshotter$DefaultExcludes::lambda$new$2 (2 bytes)
Event: 573.433 Thread 0x000001f7ce299a40 nmethod 7740 0x000001f7c2f86f90 code [0x000001f7c2f87120, 0x000001f7c2f871c8]
Event: 573.433 Thread 0x000001f7ce299a40 7741       1       org.gradle.internal.snapshot.impl.DirectorySnapshotter$DefaultExcludes::lambda$new$0 (2 bytes)
Event: 573.433 Thread 0x000001f7ce299a40 nmethod 7741 0x000001f7c2f87290 code [0x000001f7c2f87420, 0x000001f7c2f874c8]
Event: 573.433 Thread 0x000001f7ce299a40 7742       1       sun.nio.fs.WindowsFileAttributes::size (5 bytes)
Event: 573.433 Thread 0x000001f7ce299a40 nmethod 7742 0x000001f7c2f87590 code [0x000001f7c2f87720, 0x000001f7c2f877e8]
Event: 573.460 Thread 0x000001f7ce299a40 7743       3       java.io.BufferedOutputStream::flushBuffer (29 bytes)
Event: 573.461 Thread 0x000001f7ce299a40 nmethod 7743 0x000001f7bbd1f210 code [0x000001f7bbd1f3c0, 0x000001f7bbd1f5e8]

GC Heap History (18 events):
Event: 4.502 GC heap before
{Heap before GC invocations=0 (full 0):
 garbage-first heap   total 262144K, used 26624K [0x00000000e0000000, 0x0000000100000000)
  region size 1024K, 23 young (23552K), 0 survivors (0K)
 Metaspace       used 1138K, committed 1280K, reserved 393216K
  class space    used 80K, committed 128K, reserved 327680K
}
Event: 4.567 GC heap after
{Heap after GC invocations=1 (full 0):
 garbage-first heap   total 262144K, used 10378K [0x00000000e0000000, 0x0000000100000000)
  region size 1024K, 3 young (3072K), 3 survivors (3072K)
 Metaspace       used 1138K, committed 1280K, reserved 393216K
  class space    used 80K, committed 128K, reserved 327680K
}
Event: 9.220 GC heap before
{Heap before GC invocations=1 (full 0):
 garbage-first heap   total 262144K, used 41098K [0x00000000e0000000, 0x0000000100000000)
  region size 1024K, 33 young (33792K), 3 survivors (3072K)
 Metaspace       used 4363K, committed 4544K, reserved 393216K
  class space    used 546K, committed 640K, reserved 327680K
}
Event: 9.263 GC heap after
{Heap after GC invocations=2 (full 0):
 garbage-first heap   total 262144K, used 11978K [0x00000000e0000000, 0x0000000100000000)
  region size 1024K, 2 young (2048K), 2 survivors (2048K)
 Metaspace       used 4363K, committed 4544K, reserved 393216K
  class space    used 546K, committed 640K, reserved 327680K
}
Event: 52.001 GC heap before
{Heap before GC invocations=2 (full 0):
 garbage-first heap   total 262144K, used 105162K [0x00000000e0000000, 0x0000000100000000)
  region size 1024K, 92 young (94208K), 2 survivors (2048K)
 Metaspace       used 15716K, committed 16192K, reserved 393216K
  class space    used 2151K, committed 2368K, reserved 327680K
}
Event: 52.027 GC heap after
{Heap after GC invocations=3 (full 0):
 garbage-first heap   total 262144K, used 21999K [0x00000000e0000000, 0x0000000100000000)
  region size 1024K, 11 young (11264K), 11 survivors (11264K)
 Metaspace       used 15716K, committed 16192K, reserved 393216K
  class space    used 2151K, committed 2368K, reserved 327680K
}
Event: 53.952 GC heap before
{Heap before GC invocations=3 (full 0):
 garbage-first heap   total 262144K, used 60911K [0x00000000e0000000, 0x0000000100000000)
  region size 1024K, 50 young (51200K), 11 survivors (11264K)
 Metaspace       used 20858K, committed 21504K, reserved 393216K
  class space    used 3016K, committed 3328K, reserved 327680K
}
Event: 53.961 GC heap after
{Heap after GC invocations=4 (full 0):
 garbage-first heap   total 262144K, used 25266K [0x00000000e0000000, 0x0000000100000000)
  region size 1024K, 14 young (14336K), 14 survivors (14336K)
 Metaspace       used 20858K, committed 21504K, reserved 393216K
  class space    used 3016K, committed 3328K, reserved 327680K
}
Event: 415.717 GC heap before
{Heap before GC invocations=5 (full 0):
 garbage-first heap   total 262144K, used 158386K [0x00000000e0000000, 0x0000000100000000)
  region size 1024K, 145 young (148480K), 14 survivors (14336K)
 Metaspace       used 34896K, committed 36096K, reserved 393216K
  class space    used 5128K, committed 5696K, reserved 327680K
}
Event: 415.863 GC heap after
{Heap after GC invocations=6 (full 0):
 garbage-first heap   total 262144K, used 30832K [0x00000000e0000000, 0x0000000100000000)
  region size 1024K, 9 young (9216K), 9 survivors (9216K)
 Metaspace       used 34896K, committed 36096K, reserved 393216K
  class space    used 5128K, committed 5696K, reserved 327680K
}
Event: 416.116 GC heap before
{Heap before GC invocations=6 (full 0):
 garbage-first heap   total 262144K, used 32880K [0x00000000e0000000, 0x0000000100000000)
  region size 1024K, 12 young (12288K), 9 survivors (9216K)
 Metaspace       used 35225K, committed 36416K, reserved 393216K
  class space    used 5169K, committed 5760K, reserved 327680K
}
Event: 416.369 GC heap after
{Heap after GC invocations=7 (full 0):
 garbage-first heap   total 262144K, used 32070K [0x00000000e0000000, 0x0000000100000000)
  region size 1024K, 10 young (10240K), 10 survivors (10240K)
 Metaspace       used 35225K, committed 36416K, reserved 393216K
  class space    used 5169K, committed 5760K, reserved 327680K
}
Event: 416.425 GC heap before
{Heap before GC invocations=7 (full 0):
 garbage-first heap   total 262144K, used 33094K [0x00000000e0000000, 0x0000000100000000)
  region size 1024K, 12 young (12288K), 10 survivors (10240K)
 Metaspace       used 35488K, committed 36736K, reserved 393216K
  class space    used 5220K, committed 5824K, reserved 327680K
}
Event: 416.438 GC heap after
{Heap after GC invocations=8 (full 0):
 garbage-first heap   total 262144K, used 31776K [0x00000000e0000000, 0x0000000100000000)
  region size 1024K, 10 young (10240K), 10 survivors (10240K)
 Metaspace       used 35488K, committed 36736K, reserved 393216K
  class space    used 5220K, committed 5824K, reserved 327680K
}
Event: 566.238 GC heap before
{Heap before GC invocations=9 (full 0):
 garbage-first heap   total 262144K, used 184352K [0x00000000e0000000, 0x0000000100000000)
  region size 1024K, 153 young (156672K), 10 survivors (10240K)
 Metaspace       used 47856K, committed 49536K, reserved 393216K
  class space    used 6902K, committed 7744K, reserved 327680K
}
Event: 566.679 GC heap after
{Heap after GC invocations=10 (full 0):
 garbage-first heap   total 262144K, used 41198K [0x00000000e0000000, 0x0000000100000000)
  region size 1024K, 19 young (19456K), 19 survivors (19456K)
 Metaspace       used 47856K, committed 49536K, reserved 393216K
  class space    used 6902K, committed 7744K, reserved 327680K
}
Event: 566.726 GC heap before
{Heap before GC invocations=10 (full 0):
 garbage-first heap   total 262144K, used 42222K [0x00000000e0000000, 0x0000000100000000)
  region size 1024K, 20 young (20480K), 19 survivors (19456K)
 Metaspace       used 47866K, committed 49600K, reserved 393216K
  class space    used 6902K, committed 7744K, reserved 327680K
}
Event: 566.774 GC heap after
{Heap after GC invocations=11 (full 0):
 garbage-first heap   total 262144K, used 41927K [0x00000000e0000000, 0x0000000100000000)
  region size 1024K, 2 young (2048K), 2 survivors (2048K)
 Metaspace       used 47866K, committed 49600K, reserved 393216K
  class space    used 6902K, committed 7744K, reserved 327680K
}

Dll operation events (20 events):
Event: 0.862 Attempting to load shared library C:\Users\admoi\.antigravity-ide\extensions\redhat.java-1.56.0-win32-x64\jre\21.0.12.1-win32-x86_64\bin\nio.dll
Event: 0.864 Loaded shared library C:\Users\admoi\.antigravity-ide\extensions\redhat.java-1.56.0-win32-x64\jre\21.0.12.1-win32-x86_64\bin\nio.dll
Event: 0.870 Attempting to load shared library C:\Users\admoi\.antigravity-ide\extensions\redhat.java-1.56.0-win32-x64\jre\21.0.12.1-win32-x86_64\bin\zip.dll
Event: 0.870 Loaded shared library C:\Users\admoi\.antigravity-ide\extensions\redhat.java-1.56.0-win32-x64\jre\21.0.12.1-win32-x86_64\bin\zip.dll
Event: 2.423 Attempting to load shared library C:\Users\admoi\.antigravity-ide\extensions\redhat.java-1.56.0-win32-x64\jre\21.0.12.1-win32-x86_64\bin\jimage.dll
Event: 2.427 Loaded shared library C:\Users\admoi\.antigravity-ide\extensions\redhat.java-1.56.0-win32-x64\jre\21.0.12.1-win32-x86_64\bin\jimage.dll
Event: 4.607 Attempting to load shared library C:\Users\admoi\.antigravity-ide\extensions\redhat.java-1.56.0-win32-x64\jre\21.0.12.1-win32-x86_64\bin\verify.dll
Event: 4.611 Loaded shared library C:\Users\admoi\.antigravity-ide\extensions\redhat.java-1.56.0-win32-x64\jre\21.0.12.1-win32-x86_64\bin\verify.dll
Event: 5.345 Attempting to load shared library C:\Users\admoi\.gradle\native\c067742578af261105cb4f569cf0c3c89f3d7b1fecec35dd04571415982c5e48\windows-amd64\native-platform.dll
Event: 5.352 Loaded shared library C:\Users\admoi\.gradle\native\c067742578af261105cb4f569cf0c3c89f3d7b1fecec35dd04571415982c5e48\windows-amd64\native-platform.dll
Event: 5.402 Attempting to load shared library C:\Users\admoi\.gradle\native\100fb08df4bc3b14c8652ba06237920a3bd2aa13389f12d3474272988ae205f9\windows-amd64\native-platform-file-events.dll
Event: 5.441 Loaded shared library C:\Users\admoi\.gradle\native\100fb08df4bc3b14c8652ba06237920a3bd2aa13389f12d3474272988ae205f9\windows-amd64\native-platform-file-events.dll
Event: 14.614 Attempting to load shared library C:\Users\admoi\.antigravity-ide\extensions\redhat.java-1.56.0-win32-x64\jre\21.0.12.1-win32-x86_64\bin\management.dll
Event: 14.619 Loaded shared library C:\Users\admoi\.antigravity-ide\extensions\redhat.java-1.56.0-win32-x64\jre\21.0.12.1-win32-x86_64\bin\management.dll
Event: 14.648 Attempting to load shared library C:\Users\admoi\.antigravity-ide\extensions\redhat.java-1.56.0-win32-x64\jre\21.0.12.1-win32-x86_64\bin\management_ext.dll
Event: 14.652 Loaded shared library C:\Users\admoi\.antigravity-ide\extensions\redhat.java-1.56.0-win32-x64\jre\21.0.12.1-win32-x86_64\bin\management_ext.dll
Event: 16.272 Attempting to load shared library C:\Users\admoi\.antigravity-ide\extensions\redhat.java-1.56.0-win32-x64\jre\21.0.12.1-win32-x86_64\bin\extnet.dll
Event: 16.274 Loaded shared library C:\Users\admoi\.antigravity-ide\extensions\redhat.java-1.56.0-win32-x64\jre\21.0.12.1-win32-x86_64\bin\extnet.dll
Event: 18.363 Attempting to load shared library C:\Users\admoi\.antigravity-ide\extensions\redhat.java-1.56.0-win32-x64\jre\21.0.12.1-win32-x86_64\bin\sunmscapi.dll
Event: 18.486 Loaded shared library C:\Users\admoi\.antigravity-ide\extensions\redhat.java-1.56.0-win32-x64\jre\21.0.12.1-win32-x86_64\bin\sunmscapi.dll

Deoptimization events (20 events):
Event: 571.654 Thread 0x000001f7e8c9a500 DEOPT PACKING pc=0x000001f7c2f6763c sp=0x0000005e901f7110
Event: 571.654 Thread 0x000001f7e8c9a500 DEOPT UNPACKING pc=0x000001f7c2494422 sp=0x0000005e901f70e0 mode 2
Event: 572.433 Thread 0x000001f7e8c9a500 Uncommon trap: trap_request=0xffffff45 fr.pc=0x000001f7c2f75678 relative=0x00000000000002f8
Event: 572.433 Thread 0x000001f7e8c9a500 Uncommon trap: reason=unstable_if action=reinterpret pc=0x000001f7c2f75678 method=org.gradle.internal.snapshot.PathUtil.equalChars(CCLorg/gradle/internal/snapshot/CaseSensitivity;)Z @ 40 c2
Event: 572.433 Thread 0x000001f7e8c9a500 DEOPT PACKING pc=0x000001f7c2f75678 sp=0x0000005e901f4bf0
Event: 572.433 Thread 0x000001f7e8c9a500 DEOPT UNPACKING pc=0x000001f7c2494422 sp=0x0000005e901f4b80 mode 2
Event: 572.786 Thread 0x000001f7e8c9a500 Uncommon trap: trap_request=0xffffff45 fr.pc=0x000001f7c2dd98c8 relative=0x0000000000000288
Event: 572.786 Thread 0x000001f7e8c9a500 Uncommon trap: reason=unstable_if action=reinterpret pc=0x000001f7c2dd98c8 method=java.util.concurrent.ConcurrentHashMap.get(Ljava/lang/Object;)Ljava/lang/Object; @ 86 c2
Event: 572.786 Thread 0x000001f7e8c9a500 DEOPT PACKING pc=0x000001f7c2dd98c8 sp=0x0000005e901f5e30
Event: 572.786 Thread 0x000001f7e8c9a500 DEOPT UNPACKING pc=0x000001f7c2494422 sp=0x0000005e901f5da8 mode 2
Event: 572.803 Thread 0x000001f7ea79cc60 DEOPT PACKING pc=0x000001f7bb5a8946 sp=0x0000005e92dfdae0
Event: 572.803 Thread 0x000001f7ea79cc60 DEOPT UNPACKING pc=0x000001f7c2494bc2 sp=0x0000005e92dfd060 mode 0
Event: 573.106 Thread 0x000001f7eb1ddb50 Uncommon trap: trap_request=0xffffff54 fr.pc=0x000001f7c2e99a08 relative=0x0000000000000e28
Event: 573.106 Thread 0x000001f7eb1ddb50 Uncommon trap: reason=speculate_null_assert action=make_not_entrant pc=0x000001f7c2e99a08 method=jdk.internal.util.ReferencedKeyMap.existingKey(Ljdk/internal/util/ReferencedKeyMap;Ljava/lang/Object;)Ljava/lang/Object; @ 18 c2
Event: 573.106 Thread 0x000001f7eb1ddb50 DEOPT PACKING pc=0x000001f7c2e99a08 sp=0x0000005e931fc9d0
Event: 573.106 Thread 0x000001f7eb1dd4c0 Uncommon trap: trap_request=0xffffff54 fr.pc=0x000001f7c2e99a08 relative=0x0000000000000e28
Event: 573.106 Thread 0x000001f7eb1dd4c0 Uncommon trap: reason=speculate_null_assert action=make_not_entrant pc=0x000001f7c2e99a08 method=jdk.internal.util.ReferencedKeyMap.existingKey(Ljdk/internal/util/ReferencedKeyMap;Ljava/lang/Object;)Ljava/lang/Object; @ 18 c2
Event: 573.107 Thread 0x000001f7eb1ddb50 DEOPT UNPACKING pc=0x000001f7c2494422 sp=0x0000005e931fc8b0 mode 2
Event: 573.110 Thread 0x000001f7eb1dd4c0 DEOPT PACKING pc=0x000001f7c2e99a08 sp=0x0000005e936fcbb0
Event: 573.110 Thread 0x000001f7eb1dd4c0 DEOPT UNPACKING pc=0x000001f7c2494422 sp=0x0000005e936fca90 mode 2

Classes loaded (20 events):
Event: 565.008 Loading class java/io/DeleteOnExitHook
Event: 565.009 Loading class java/io/DeleteOnExitHook done
Event: 565.009 Loading class java/io/DeleteOnExitHook$1
Event: 565.009 Loading class java/io/DeleteOnExitHook$1 done
Event: 568.328 Loading class java/util/Collections$ReverseComparator
Event: 568.330 Loading class java/util/Collections$ReverseComparator done
Event: 568.330 Loading class java/util/Comparators$NaturalOrderComparator
Event: 568.331 Loading class java/util/Comparators$NaturalOrderComparator done
Event: 568.331 Loading class java/util/Collections$ReverseComparator2
Event: 568.331 Loading class java/util/Collections$ReverseComparator2 done
Event: 571.532 Loading class sun/reflect/ReflectionFactory
Event: 571.542 Loading class sun/reflect/ReflectionFactory done
Event: 571.543 Loading class sun/reflect/ReflectionFactory$1
Event: 571.550 Loading class sun/reflect/ReflectionFactory$1 done
Event: 572.862 Loading class java/nio/channels/Channels
Event: 572.912 Loading class java/nio/channels/Channels done
Event: 572.912 Loading class sun/nio/ch/Streams
Event: 572.945 Loading class sun/nio/ch/Streams done
Event: 572.946 Loading class sun/nio/ch/ChannelInputStream
Event: 572.987 Loading class sun/nio/ch/ChannelInputStream done

Classes unloaded (0 events):
No events

Classes redefined (0 events):
No events

Internal exceptions (20 events):
Event: 562.906 Thread 0x000001f7e8c9a500 Exception <a 'java/lang/NoSuchMethodError'{0x00000000e84adc40}: 'java.lang.Object java.lang.invoke.Invokers$Holder.linkToTargetMethod(java.lang.Object, java.lang.Object, java.lang.Object, java.lang.Object, long, java.lang.Object)'> (0x00000000e84adc40) 
thrown [s\src\hotspot\share\interpreter\linkResolver.cpp, line 773]
Event: 562.923 Thread 0x000001f7e8c9a500 Exception <a 'java/lang/NoSuchMethodError'{0x00000000e84f6c20}: 'java.lang.Object java.lang.invoke.DirectMethodHandle$Holder.newInvokeSpecial(java.lang.Object, java.lang.Object, java.lang.Object, long)'> (0x00000000e84f6c20) 
thrown [s\src\hotspot\share\interpreter\linkResolver.cpp, line 773]
Event: 562.925 Thread 0x000001f7e8c9a500 Exception <a 'java/lang/NoSuchMethodError'{0x00000000e84fbb68}: 'java.lang.Object java.lang.invoke.DirectMethodHandle$Holder.invokeSpecial(java.lang.Object, java.lang.Object, java.lang.Object, java.lang.Object, long)'> (0x00000000e84fbb68) 
thrown [s\src\hotspot\share\interpreter\linkResolver.cpp, line 773]
Event: 562.927 Thread 0x000001f7e8c9a500 Exception <a 'java/lang/NoSuchMethodError'{0x00000000e83007a0}: 'java.lang.Object java.lang.invoke.Invokers$Holder.linkToTargetMethod(java.lang.Object, java.lang.Object, long, java.lang.Object)'> (0x00000000e83007a0) 
thrown [s\src\hotspot\share\interpreter\linkResolver.cpp, line 773]
Event: 563.107 Thread 0x000001f7e8c9a500 Exception <a 'java/lang/NoSuchMethodError'{0x00000000e8118b90}: 'java.lang.Object java.lang.invoke.DirectMethodHandle$Holder.newInvokeSpecial(java.lang.Object, java.lang.Object, java.lang.Object, java.lang.Object, java.lang.Object, java.lang.Object, java.lang.Object, java.lang.Object, java.lang.Object, java.lang.Object, java.lang.Object, java.lang.Object, java.lang.Object, java.lang.Object, java.lang.Object, java.lang.Object, java.lang.Object, java.lang.Object, java.lang.Object, java.lang.Object, java.lang
Event: 563.118 Thread 0x000001f7e8c9a500 Exception <a 'java/lang/NoSuchMethodError'{0x00000000e8120c08}: 'java.lang.Object java.lang.invoke.DirectMethodHandle$Holder.invokeSpecial(java.lang.Object, java.lang.Object, java.lang.Object, java.lang.Object, java.lang.Object, java.lang.Object, java.lang.Object, java.lang.Object, java.lang.Object, java.lang.Object, java.lang.Object, java.lang.Object, java.lang.Object, java.lang.Object, java.lang.Object, java.lang.Object, java.lang.Object, java.lang.Object, java.lang.Object, java.lang.Object, java.lang.Ob
Event: 563.126 Thread 0x000001f7e8c9a500 Exception <a 'java/lang/NoSuchMethodError'{0x00000000e81273c0}: 'java.lang.Object java.lang.invoke.DelegatingMethodHandle$Holder.reinvoke_L(java.lang.Object, java.lang.Object, java.lang.Object, java.lang.Object, java.lang.Object, java.lang.Object, java.lang.Object, java.lang.Object, java.lang.Object, java.lang.Object, java.lang.Object, java.lang.Object, java.lang.Object, java.lang.Object, java.lang.Object, java.lang.Object, java.lang.Object, java.lang.Object, java.lang.Object, java.lang.Object, java.lang.O
Event: 563.346 Thread 0x000001f7e8c9a500 Exception <a 'java/lang/ClassNotFoundException'{0x00000000e7e585e8}: org/gradle/api/internal/artifacts/dsl/dependencies/DefaultDependencyHandler_DecoratedBeanInfo> (0x00000000e7e585e8) 
thrown [s\src\hotspot\share\classfile\systemDictionary.cpp, line 313]
Event: 563.350 Thread 0x000001f7e8c9a500 Exception <a 'java/lang/ClassNotFoundException'{0x00000000e7e6c2a8}: org/gradle/api/internal/artifacts/dsl/dependencies/DefaultDependencyHandlerBeanInfo> (0x00000000e7e6c2a8) 
thrown [s\src\hotspot\share\classfile\systemDictionary.cpp, line 313]
Event: 563.352 Thread 0x000001f7e8c9a500 Exception <a 'java/lang/ClassNotFoundException'{0x00000000e7e801c8}: org/gradle/api/internal/artifacts/dsl/dependencies/DefaultDependencyHandlerCustomizer> (0x00000000e7e801c8) 
thrown [s\src\hotspot\share\classfile\systemDictionary.cpp, line 313]
Event: 563.363 Thread 0x000001f7e8c9a500 Exception <a 'java/lang/ClassNotFoundException'{0x00000000e7ed7338}: org/gradle/api/internal/artifacts/dsl/dependencies/DefaultDependencyHandler_DecoratedCustomizer> (0x00000000e7ed7338) 
thrown [s\src\hotspot\share\classfile\systemDictionary.cpp, line 313]
Event: 564.092 Thread 0x000001f7e8c9a500 Exception <a 'java/lang/NoSuchMethodError'{0x00000000e7bf6000}: 'java.lang.Object java.lang.invoke.DirectMethodHandle$Holder.newInvokeSpecial(java.lang.Object, int, java.lang.Object)'> (0x00000000e7bf6000) 
thrown [s\src\hotspot\share\interpreter\linkResolver.cpp, line 773]
Event: 564.748 Thread 0x000001f7e8c9a500 Exception <a 'java/lang/NoSuchMethodError'{0x00000000e7690e10}: 'java.lang.Object java.lang.invoke.DirectMethodHandle$Holder.newInvokeSpecial(java.lang.Object, java.lang.Object, java.lang.Object, int)'> (0x00000000e7690e10) 
thrown [s\src\hotspot\share\interpreter\linkResolver.cpp, line 773]
Event: 564.748 Thread 0x000001f7e8c9a500 Exception <a 'java/lang/NoSuchMethodError'{0x00000000e7695468}: 'java.lang.Object java.lang.invoke.Invokers$Holder.linkToTargetMethod(java.lang.Object, java.lang.Object, int, java.lang.Object)'> (0x00000000e7695468) 
thrown [s\src\hotspot\share\interpreter\linkResolver.cpp, line 773]
Event: 564.894 Thread 0x000001f7e8c9a500 Exception <a 'java/lang/NoSuchMethodError'{0x00000000e74c83b8}: 'java.lang.Object java.lang.invoke.DirectMethodHandle$Holder.invokeSpecial(java.lang.Object, java.lang.Object, long, java.lang.Object, java.lang.Object)'> (0x00000000e74c83b8) 
thrown [s\src\hotspot\share\interpreter\linkResolver.cpp, line 773]
Event: 565.264 Thread 0x000001f7e8c9a500 Exception <a 'java/lang/NoSuchMethodError'{0x00000000e6e6fff8}: 'int java.lang.invoke.DirectMethodHandle$Holder.invokeSpecialIFC(java.lang.Object, java.lang.Object, java.lang.Object)'> (0x00000000e6e6fff8) 
thrown [s\src\hotspot\share\interpreter\linkResolver.cpp, line 773]
Event: 568.976 Thread 0x000001f7e8c9a500 Exception <a 'java/lang/NoSuchMethodError'{0x00000000ef3909b8}: 'java.lang.Object java.lang.invoke.DirectMethodHandle$Holder.invokeSpecial(java.lang.Object, java.lang.Object, java.lang.Object, java.lang.Object, java.lang.Object, long)'> (0x00000000ef3909b8) 
thrown [s\src\hotspot\share\interpreter\linkResolver.cpp, line 773]
Event: 568.988 Thread 0x000001f7e8c9a500 Exception <a 'java/lang/NoSuchMethodError'{0x00000000ef3b6368}: 'void java.lang.invoke.DirectMethodHandle$Holder.invokeStatic(java.lang.Object, java.lang.Object, java.lang.Object, int, java.lang.Object)'> (0x00000000ef3b6368) 
thrown [s\src\hotspot\share\interpreter\linkResolver.cpp, line 773]
Event: 571.598 Thread 0x000001f7e8c9a500 Exception <a 'java/lang/NoSuchMethodError'{0x00000000ee7203a0}: 'java.lang.Object java.lang.invoke.DirectMethodHandle$Holder.newInvokeSpecial(java.lang.Object, java.lang.Object, java.lang.Object, java.lang.Object, int, java.lang.Object)'> (0x00000000ee7203a0) 
thrown [s\src\hotspot\share\interpreter\linkResolver.cpp, line 773]
Event: 571.602 Thread 0x000001f7e8c9a500 Exception <a 'java/lang/NoSuchMethodError'{0x00000000ee7289f0}: 'java.lang.Object java.lang.invoke.Invokers$Holder.linkToTargetMethod(java.lang.Object, java.lang.Object, java.lang.Object, int, java.lang.Object, java.lang.Object)'> (0x00000000ee7289f0) 
thrown [s\src\hotspot\share\interpreter\linkResolver.cpp, line 773]

ZGC Phase Switch (0 events):
No events

VM Operations (20 events):
Event: 566.238 Executing safepoint VM operation: G1CollectForAllocation (G1 Evacuation Pause)
Event: 566.680 Executing safepoint VM operation: G1CollectForAllocation (G1 Evacuation Pause) done
Event: 566.726 Executing safepoint VM operation: G1CollectForAllocation (G1 Evacuation Pause)
Event: 566.774 Executing safepoint VM operation: G1CollectForAllocation (G1 Evacuation Pause) done
Event: 567.779 Executing safepoint VM operation: Cleanup
Event: 567.794 Executing safepoint VM operation: Cleanup done
Event: 568.765 Executing non-safepoint VM operation: HandshakeAllThreads (Deoptimize)
Event: 568.765 Executing non-safepoint VM operation: HandshakeAllThreads (Deoptimize) done
Event: 569.053 Executing non-safepoint VM operation: HandshakeAllThreads (Deoptimize)
Event: 569.054 Executing non-safepoint VM operation: HandshakeAllThreads (Deoptimize) done
Event: 569.054 Executing safepoint VM operation: Cleanup
Event: 569.054 Executing safepoint VM operation: Cleanup done
Event: 570.066 Executing safepoint VM operation: Cleanup
Event: 570.067 Executing safepoint VM operation: Cleanup done
Event: 571.082 Executing safepoint VM operation: Cleanup
Event: 571.113 Executing safepoint VM operation: Cleanup done
Event: 571.577 Executing non-safepoint VM operation: HandshakeAllThreads (Deoptimize)
Event: 571.578 Executing non-safepoint VM operation: HandshakeAllThreads (Deoptimize) done
Event: 572.588 Executing safepoint VM operation: Cleanup
Event: 572.634 Executing safepoint VM operation: Cleanup done

Memory protections (0 events):
No events

Nmethod flushes (20 events):
Event: 416.483 Thread 0x000001f7ce264890 flushing  nmethod 0x000001f7bb0ae790
Event: 416.483 Thread 0x000001f7ce264890 flushing  nmethod 0x000001f7bb0af590
Event: 416.483 Thread 0x000001f7ce264890 flushing  nmethod 0x000001f7bb0afa90
Event: 416.483 Thread 0x000001f7ce264890 flushing  nmethod 0x000001f7bb0b0610
Event: 416.483 Thread 0x000001f7ce264890 flushing  nmethod 0x000001f7bb0b1590
Event: 416.483 Thread 0x000001f7ce264890 flushing  nmethod 0x000001f7bb103210
Event: 416.483 Thread 0x000001f7ce264890 flushing  nmethod 0x000001f7bb106290
Event: 416.483 Thread 0x000001f7ce264890 flushing  nmethod 0x000001f7bb106690
Event: 416.483 Thread 0x000001f7ce264890 flushing  nmethod 0x000001f7bb106b90
Event: 416.483 Thread 0x000001f7ce264890 flushing  nmethod 0x000001f7bb10a410
Event: 416.483 Thread 0x000001f7ce264890 flushing  nmethod 0x000001f7bb10d210
Event: 416.483 Thread 0x000001f7ce264890 flushing  nmethod 0x000001f7bb144190
Event: 416.483 Thread 0x000001f7ce264890 flushing  nmethod 0x000001f7bb14e910
Event: 416.483 Thread 0x000001f7ce264890 flushing  nmethod 0x000001f7bb194390
Event: 416.483 Thread 0x000001f7ce264890 flushing  nmethod 0x000001f7bb199810
Event: 416.483 Thread 0x000001f7ce264890 flushing  nmethod 0x000001f7bb19b090
Event: 416.483 Thread 0x000001f7ce264890 flushing  nmethod 0x000001f7bb1c2b90
Event: 416.483 Thread 0x000001f7ce264890 flushing  nmethod 0x000001f7bb1c5090
Event: 416.483 Thread 0x000001f7ce264890 flushing  nmethod 0x000001f7bb1c6f90
Event: 416.483 Thread 0x000001f7ce264890 flushing  nmethod 0x000001f7bb3c7790

Events (20 events):
Event: 569.191 Thread 0x000001f7e8c9a500 Thread added: 0x000001f7ea79a500
Event: 569.192 Thread 0x000001f7e8c9a500 Thread added: 0x000001f7ea799150
Event: 569.192 Thread 0x000001f7e8c9a500 Thread added: 0x000001f7ea79b220
Event: 569.192 Thread 0x000001f7e8c9a500 Thread added: 0x000001f7ea797da0
Event: 569.192 Thread 0x000001f7e8c9a500 Thread added: 0x000001f7ea79bf40
Event: 572.310 Thread 0x000001f7e8c9a500 Thread added: 0x000001f7ea79e6a0
Event: 572.324 Thread 0x000001f7e8c9a500 Thread added: 0x000001f7ea79b8b0
Event: 572.334 Thread 0x000001f7e8c9a500 Thread added: 0x000001f7ea79ed30
Event: 572.350 Thread 0x000001f7e8c9a500 Thread added: 0x000001f7ea79c5d0
Event: 572.358 Thread 0x000001f7e8c9a500 Thread added: 0x000001f7ea79cc60
Event: 572.362 Thread 0x000001f7e8c9a500 Thread added: 0x000001f7ea79d2f0
Event: 572.364 Thread 0x000001f7e8c9a500 Thread added: 0x000001f7ea79d980
Event: 572.368 Thread 0x000001f7e8c9a500 Thread added: 0x000001f7ea79e010
Event: 572.371 Thread 0x000001f7e8c9a500 Thread added: 0x000001f7eb1ddb50
Event: 572.384 Thread 0x000001f7e8c9a500 Thread added: 0x000001f7eb1dce30
Event: 572.388 Thread 0x000001f7e8c9a500 Thread added: 0x000001f7eb1df590
Event: 572.395 Thread 0x000001f7e8c9a500 Thread added: 0x000001f7eb1def00
Event: 572.399 Thread 0x000001f7e8c9a500 Thread added: 0x000001f7eb1de1e0
Event: 572.401 Thread 0x000001f7e8c9a500 Thread added: 0x000001f7eb1dd4c0
Event: 572.405 Thread 0x000001f7e8c9a500 Thread added: 0x000001f7eb1dc7a0


Dynamic libraries:
0x00007ff73c960000 - 0x00007ff73c96e000 	C:\Users\admoi\.antigravity-ide\extensions\redhat.java-1.56.0-win32-x64\jre\21.0.12.1-win32-x86_64\bin\java.exe
0x00007ffd17b40000 - 0x00007ffd17da7000 	C:\WINDOWS\SYSTEM32\ntdll.dll
0x00007ffd16800000 - 0x00007ffd168cb000 	C:\WINDOWS\System32\KERNEL32.DLL
0x00007ffd14d70000 - 0x00007ffd15172000 	C:\WINDOWS\System32\KERNELBASE.dll
0x00007ffd155b0000 - 0x00007ffd156fc000 	C:\WINDOWS\System32\ucrtbase.dll
0x00007ffce6a70000 - 0x00007ffce6a88000 	C:\Users\admoi\.antigravity-ide\extensions\redhat.java-1.56.0-win32-x64\jre\21.0.12.1-win32-x86_64\bin\jli.dll
0x00007ffce6a90000 - 0x00007ffce6aae000 	C:\Users\admoi\.antigravity-ide\extensions\redhat.java-1.56.0-win32-x64\jre\21.0.12.1-win32-x86_64\bin\VCRUNTIME140.dll
0x00007ffd16170000 - 0x00007ffd1633f000 	C:\WINDOWS\System32\USER32.dll
0x00007ffcf76b0000 - 0x00007ffcf7940000 	C:\WINDOWS\WinSxS\amd64_microsoft.windows.common-controls_6595b64144ccf1df_6.0.26100.9278_none_3e0d1ba8e3303201\COMCTL32.dll
0x00007ffd14d40000 - 0x00007ffd14d67000 	C:\WINDOWS\System32\win32u.dll
0x00007ffd16a80000 - 0x00007ffd16aab000 	C:\WINDOWS\System32\GDI32.dll
0x00007ffd153c0000 - 0x00007ffd154e9000 	C:\WINDOWS\System32\gdi32full.dll
0x00007ffd15180000 - 0x00007ffd15223000 	C:\WINDOWS\System32\msvcp_win.dll
0x00007ffd171d0000 - 0x00007ffd17279000 	C:\WINDOWS\System32\msvcrt.dll
0x00007ffd17100000 - 0x00007ffd17131000 	C:\WINDOWS\System32\IMM32.DLL
0x00007ffd0cc30000 - 0x00007ffd0cc3c000 	C:\Users\admoi\.antigravity-ide\extensions\redhat.java-1.56.0-win32-x64\jre\21.0.12.1-win32-x86_64\bin\vcruntime140_1.dll
0x00007ffc8d740000 - 0x00007ffc8d7cd000 	C:\Users\admoi\.antigravity-ide\extensions\redhat.java-1.56.0-win32-x64\jre\21.0.12.1-win32-x86_64\bin\msvcp140.dll
0x00007ffc4c8a0000 - 0x00007ffc4d642000 	C:\Users\admoi\.antigravity-ide\extensions\redhat.java-1.56.0-win32-x64\jre\21.0.12.1-win32-x86_64\bin\server\jvm.dll
0x00007ffd17280000 - 0x00007ffd1733c000 	C:\WINDOWS\System32\ADVAPI32.dll
0x00007ffd168e0000 - 0x00007ffd16989000 	C:\WINDOWS\System32\sechost.dll
0x00007ffd16050000 - 0x00007ffd16168000 	C:\WINDOWS\System32\RPCRT4.dll
0x00007ffd17140000 - 0x00007ffd171c0000 	C:\WINDOWS\System32\WS2_32.dll
0x00007ffd14ba0000 - 0x00007ffd14bfe000 	C:\WINDOWS\SYSTEM32\POWRPROF.dll
0x00007ffd06600000 - 0x00007ffd06636000 	C:\WINDOWS\SYSTEM32\WINMM.dll
0x00007ffd0aa20000 - 0x00007ffd0aa2b000 	C:\WINDOWS\SYSTEM32\VERSION.dll
0x00007ffd14b80000 - 0x00007ffd14b95000 	C:\WINDOWS\SYSTEM32\UMPDC.dll
0x00007ffd139f0000 - 0x00007ffd13a0b000 	C:\WINDOWS\SYSTEM32\kernel.appcore.dll
0x00007ffd0b540000 - 0x00007ffd0b54a000 	C:\Users\admoi\.antigravity-ide\extensions\redhat.java-1.56.0-win32-x64\jre\21.0.12.1-win32-x86_64\bin\jimage.dll
0x00007ffd12350000 - 0x00007ffd1259c000 	C:\WINDOWS\SYSTEM32\DBGHELP.DLL
0x00007ffd16450000 - 0x00007ffd167d5000 	C:\WINDOWS\System32\combase.dll
0x00007ffd16b20000 - 0x00007ffd16bf9000 	C:\WINDOWS\System32\OLEAUT32.dll
0x00007ffcfa1c0000 - 0x00007ffcfa1fb000 	C:\WINDOWS\SYSTEM32\dbgcore.DLL
0x00007ffd157a0000 - 0x00007ffd1584c000 	C:\WINDOWS\System32\bcryptPrimitives.dll
0x00007ffce4d20000 - 0x00007ffce4d2f000 	C:\Users\admoi\.antigravity-ide\extensions\redhat.java-1.56.0-win32-x64\jre\21.0.12.1-win32-x86_64\bin\instrument.dll
0x00007ffce6a50000 - 0x00007ffce6a70000 	C:\Users\admoi\.antigravity-ide\extensions\redhat.java-1.56.0-win32-x64\jre\21.0.12.1-win32-x86_64\bin\java.dll
0x00007ffd158b0000 - 0x00007ffd16048000 	C:\WINDOWS\System32\SHELL32.dll
0x00007ffd12760000 - 0x00007ffd1300e000 	C:\WINDOWS\SYSTEM32\windows.storage.dll
0x00007ffd17a00000 - 0x00007ffd17afb000 	C:\WINDOWS\System32\SHCORE.dll
0x00007ffd16350000 - 0x00007ffd163b6000 	C:\WINDOWS\System32\shlwapi.dll
0x00007ffd14c60000 - 0x00007ffd14c89000 	C:\WINDOWS\SYSTEM32\profapi.dll
0x00007ffce6a30000 - 0x00007ffce6a48000 	C:\Users\admoi\.antigravity-ide\extensions\redhat.java-1.56.0-win32-x64\jre\21.0.12.1-win32-x86_64\bin\zip.dll
0x00007ffcf68e0000 - 0x00007ffcf68f0000 	C:\Users\admoi\.antigravity-ide\extensions\redhat.java-1.56.0-win32-x64\jre\21.0.12.1-win32-x86_64\bin\net.dll
0x00007ffd0b920000 - 0x00007ffd0ba4a000 	C:\WINDOWS\SYSTEM32\WINHTTP.dll
0x00007ffd13fd0000 - 0x00007ffd1403c000 	C:\WINDOWS\system32\mswsock.dll
0x00007ffc8d720000 - 0x00007ffc8d736000 	C:\Users\admoi\.antigravity-ide\extensions\redhat.java-1.56.0-win32-x64\jre\21.0.12.1-win32-x86_64\bin\nio.dll
0x00007ffcdcdb0000 - 0x00007ffcdcdc0000 	C:\Users\admoi\.antigravity-ide\extensions\redhat.java-1.56.0-win32-x64\jre\21.0.12.1-win32-x86_64\bin\verify.dll
0x00007ffcf6240000 - 0x00007ffcf6267000 	C:\Users\admoi\.gradle\native\c067742578af261105cb4f569cf0c3c89f3d7b1fecec35dd04571415982c5e48\windows-amd64\native-platform.dll
0x00007ffc3a790000 - 0x00007ffc3a8d4000 	C:\Users\admoi\.gradle\native\100fb08df4bc3b14c8652ba06237920a3bd2aa13389f12d3474272988ae205f9\windows-amd64\native-platform-file-events.dll
0x00007ffc38ea0000 - 0x00007ffc38eaa000 	C:\Users\admoi\.antigravity-ide\extensions\redhat.java-1.56.0-win32-x64\jre\21.0.12.1-win32-x86_64\bin\management.dll
0x00007ffc3a3d0000 - 0x00007ffc3a3dc000 	C:\Users\admoi\.antigravity-ide\extensions\redhat.java-1.56.0-win32-x64\jre\21.0.12.1-win32-x86_64\bin\management_ext.dll
0x00007ffd16ac0000 - 0x00007ffd16ac8000 	C:\WINDOWS\System32\PSAPI.DLL
0x00007ffd142c0000 - 0x00007ffd142db000 	C:\WINDOWS\SYSTEM32\CRYPTSP.dll
0x00007ffd13940000 - 0x00007ffd13979000 	C:\WINDOWS\system32\rsaenh.dll
0x00007ffd14080000 - 0x00007ffd140b4000 	C:\WINDOWS\SYSTEM32\USERENV.dll
0x00007ffd14c30000 - 0x00007ffd14c5a000 	C:\WINDOWS\SYSTEM32\bcrypt.dll
0x00007ffd142e0000 - 0x00007ffd142ec000 	C:\WINDOWS\SYSTEM32\CRYPTBASE.dll
0x00007ffd13380000 - 0x00007ffd133b3000 	C:\WINDOWS\SYSTEM32\IPHLPAPI.DLL
0x00007ffd168d0000 - 0x00007ffd168da000 	C:\WINDOWS\System32\NSI.dll
0x00007ffca1850000 - 0x00007ffca1859000 	C:\Users\admoi\.antigravity-ide\extensions\redhat.java-1.56.0-win32-x64\jre\21.0.12.1-win32-x86_64\bin\extnet.dll
0x00007ffcf79d0000 - 0x00007ffcf79de000 	C:\Users\admoi\.antigravity-ide\extensions\redhat.java-1.56.0-win32-x64\jre\21.0.12.1-win32-x86_64\bin\sunmscapi.dll
0x00007ffd15230000 - 0x00007ffd153ae000 	C:\WINDOWS\System32\CRYPT32.dll
0x00007ffd14500000 - 0x00007ffd14530000 	C:\WINDOWS\SYSTEM32\ncrypt.dll
0x00007ffd144b0000 - 0x00007ffd144ef000 	C:\WINDOWS\SYSTEM32\NTASN1.dll
0x00007ffcf5400000 - 0x00007ffcf5408000 	C:\WINDOWS\system32\wshunix.dll

JVMTI agents:
C:\Users\admoi\.gradle\wrapper\dists\gradle-8.9-bin\90cnw93cvbtalezasaz0blq0a\gradle-8.9\lib\agents\gradle-instrumentation-agent-8.9.jar path:C:\Users\admoi\.antigravity-ide\extensions\redhat.java-1.56.0-win32-x64\jre\21.0.12.1-win32-x86_64\bin\instrument.dll, loaded, initialized, instrumentlib options:none

dbghelp: loaded successfully - version: 4.0.5 - missing functions: none
symbol engine: initialized successfully - sym options: 0x614 - pdb path: .;C:\Users\admoi\.antigravity-ide\extensions\redhat.java-1.56.0-win32-x64\jre\21.0.12.1-win32-x86_64\bin;C:\WINDOWS\SYSTEM32;C:\WINDOWS\WinSxS\amd64_microsoft.windows.common-controls_6595b64144ccf1df_6.0.26100.9278_none_3e0d1ba8e3303201;C:\Users\admoi\.antigravity-ide\extensions\redhat.java-1.56.0-win32-x64\jre\21.0.12.1-win32-x86_64\bin\server;C:\Users\admoi\.gradle\native\c067742578af261105cb4f569cf0c3c89f3d7b1fecec35dd04571415982c5e48\windows-amd64;C:\Users\admoi\.gradle\native\100fb08df4bc3b14c8652ba06237920a3bd2aa13389f12d3474272988ae205f9\windows-amd64

VM Arguments:
jvm_args: --add-opens=java.base/java.util=ALL-UNNAMED --add-opens=java.base/java.lang=ALL-UNNAMED --add-opens=java.base/java.lang.invoke=ALL-UNNAMED --add-opens=java.prefs/java.util.prefs=ALL-UNNAMED --add-exports=jdk.compiler/com.sun.tools.javac.api=ALL-UNNAMED --add-exports=jdk.compiler/com.sun.tools.javac.util=ALL-UNNAMED --add-opens=java.base/java.nio.charset=ALL-UNNAMED --add-opens=java.base/java.net=ALL-UNNAMED --add-opens=java.base/java.util.concurrent.atomic=ALL-UNNAMED -XX:MaxMetaspaceSize=384m -XX:+HeapDumpOnOutOfMemoryError -Xms256m -Xmx512m -Dfile.encoding=utf8 -Duser.country=US -Duser.language=en -Duser.variant -javaagent:C:\Users\admoi\.gradle\wrapper\dists\gradle-8.9-bin\90cnw93cvbtalezasaz0blq0a\gradle-8.9\lib\agents\gradle-instrumentation-agent-8.9.jar 
java_command: org.gradle.launcher.daemon.bootstrap.GradleDaemon 8.9
java_class_path (initial): C:\Users\admoi\.gradle\wrapper\dists\gradle-8.9-bin\90cnw93cvbtalezasaz0blq0a\gradle-8.9\lib\gradle-daemon-main-8.9.jar
Launcher Type: SUN_STANDARD

[Global flags]
     intx CICompilerCount                          = 12                                        {product} {ergonomic}
   size_t CompressedClassSpaceSize                 = 335544320                                 {product} {ergonomic}
     uint ConcGCThreads                            = 3                                         {product} {ergonomic}
     uint G1ConcRefinementThreads                  = 13                                        {product} {ergonomic}
   size_t G1HeapRegionSize                         = 1048576                                   {product} {ergonomic}
    uintx GCDrainStackTargetSize                   = 64                                        {product} {ergonomic}
     bool HeapDumpOnOutOfMemoryError               = true                                   {manageable} {command line}
   size_t InitialHeapSize                          = 268435456                                 {product} {command line}
   size_t MarkStackSize                            = 4194304                                   {product} {ergonomic}
   size_t MaxHeapSize                              = 536870912                                 {product} {command line}
   size_t MaxMetaspaceSize                         = 402653184                                 {product} {command line}
   size_t MaxNewSize                               = 321912832                                 {product} {ergonomic}
   size_t MinHeapDeltaBytes                        = 1048576                                   {product} {ergonomic}
   size_t MinHeapSize                              = 268435456                                 {product} {command line}
    uintx NonNMethodCodeHeapSize                   = 7602480                                {pd product} {ergonomic}
    uintx NonProfiledCodeHeapSize                  = 122027880                              {pd product} {ergonomic}
    uintx ProfiledCodeHeapSize                     = 122027880                              {pd product} {ergonomic}
    uintx ReservedCodeCacheSize                    = 251658240                              {pd product} {ergonomic}
     bool SegmentedCodeCache                       = true                                      {product} {ergonomic}
   size_t SoftMaxHeapSize                          = 536870912                              {manageable} {ergonomic}
     bool UseCompressedOops                        = true                           {product lp64_product} {ergonomic}
     bool UseG1GC                                  = true                                      {product} {ergonomic}
     bool UseLargePagesIndividualAllocation        = false                                  {pd product} {ergonomic}

Logging:
Log output configuration:
 #0: stdout all=warning uptime,level,tags foldmultilines=false
 #1: stderr all=off uptime,level,tags foldmultilines=false

Release file:
JAVA_VERSION="21.0.12.1" 
MODULES="java.base java.compiler java.datatransfer java.xml java.prefs java.desktop java.instrument java.logging java.management java.security.sasl java.naming java.rmi java.management.rmi java.net.http java.scripting java.security.jgss java.transaction.xa java.sql java.sql.rowset java.xml.crypto java.se java.smartcardio jdk.accessibility jdk.internal.jvmstat jdk.attach jdk.charsets jdk.internal.opt jdk.zipfs jdk.compiler jdk.crypto.ec jdk.crypto.cryptoki jdk.crypto.mscapi jdk.dynalink jdk.internal.ed jdk.editpad jdk.hotspot.agent jdk.httpserver jdk.internal.le jdk.internal.vm.ci jdk.internal.vm.compiler jdk.internal.vm.compiler.management jdk.jartool jdk.javadoc jdk.jcmd jdk.management jdk.management.agent jdk.jconsole jdk.jdeps jdk.jdwp.agent jdk.jdi jdk.jfr jdk.jshell jdk.jsobject jdk.jstatd jdk.localedata jdk.management.jfr jdk.naming.dns jdk.naming.rmi jdk.net jdk.nio.mapmode jdk.random jdk.sctp jdk.security.auth jdk.security.jgss jdk.unsupported jdk.unsupported.desktop jdk.xml.dom" 

Environment Variables:
PATH=C:\Users\admoi\AppData\Local\cloud-code\installer\google-cloud-sdk\bin;C:\Python314\Scripts\;C:\Python314\;C:\Program Files\Common Files\Oracle\Java\javapath;C:\WINDOWS\system32;C:\WINDOWS;C:\WINDOWS\System32\Wbem;C:\WINDOWS\System32\WindowsPowerShell\v1.0\;C:\WINDOWS\System32\OpenSSH\;C:\Program Files\Microsoft SQL Server\150\Tools\Binn\;C:\Program Files\Microsoft SQL Server\Client SDK\ODBC\170\Tools\Binn\;C:\Program Files\dotnet\;C:\Program Files (x86)\Windows Kits\10\Windows Performance Toolkit\;C:\Program Files (x86)\Microsoft SQL Server\160\Tools\Binn\;C:\Program Files\Microsoft SQL Server\160\Tools\Binn\;C:\Program Files\Microsoft SQL Server\160\DTS\Binn\;C:\Program Files\Docker\Docker\resources\bin;C:\Program Files\nodejs\;C:\ProgramData\chocolatey\bin;C:\xampp\php;C:\composer;C:\Program Files\Git\cmd;C:\Program Files\GitHub CLI\;C:\Python314\Scripts\;C:\Python314\;C:\Program Files\Common Files\Oracle\Java\javapath;C:\WINDOWS\system32;C:\WINDOWS;C:\WINDOWS\System32\Wbem;C:\WINDOWS\System32\WindowsPowerShell\v1.0\;C:\WINDOWS\System32\OpenSSH\;C:\Program Files\Microsoft SQL Server\150\Tools\Binn\;C:\Program Files\Microsoft SQL Server\Client SDK\ODBC\170\Tools\Binn\;C:\Program Files\dotnet\;C:\Program Files (x86)\Windows Kits\10\Windows Performance Toolkit\;C:\Program Files (x86)\Microsoft SQL Server\160\Tools\Binn\;C:\Program Files\Microsoft SQL Server\160\Tools\Binn\;C:\Program Files\Microsoft SQL Server\160\DTS\Binn\;C:\Program Files\Arduino PLC IDE Tools\;C:\Program Files\Docker\Docker\resources\bin;C:\Program Files\nodejs\;C:\ProgramData\chocolatey\bin;C:\xampp\php;C:\composer;C:\Program Files\Git\cmd;C:\Program Files\GitHub CLI\;c:\Users\admoi\AppData\Roaming\Code\User\globalStorage\github.copilot-chat\debugCommand;c:\Users\admoi\AppData\Roaming\Code\User\globalStorage\github.copilot-chat\copilotCli;D:\Microsoft VS Code;C:\Python314\Scripts\;C:\Python314\;C:\Program Files\Common Files\Oracle\Java\javapath;C:\WINDOWS\system32;C:\WINDOWS;C:\WINDOWS\System32\Wbem;C:\WINDOWS\System32\WindowsPowerShell\v1.0\;C:\WINDOWS\System32\OpenSSH\;C:\Program Files\Microsoft SQL Server\150\Tools\Binn\;C:\Program Files\Microsoft SQL Server\Client SDK\ODBC\170\Tools\Binn\;C:\Program Files\dotnet\;C:\Program Files (x86)\Windows Kits\10\Windows Performance Toolkit\;C:\Program Files (x86)\Microsoft SQL Server\160\Tools\Binn\;C:\Program Files\Microsoft SQL Server\160\Tools\Binn\;C:\Program Files\Microsoft SQL Server\160\DTS\Binn\;C:\Program Files\Arduino PLC IDE Tools\;C:\Program Files\Docker\Docker\resources\bin;C:\Program Files\nodejs\;C:\ProgramData\chocolatey\bin;C:\xampp\php;C:\composer;C:\Program Files\Git\cmd;C:\Users\admoi\AppData\Local\Microsoft\WindowsApps;;D:\IntelliJ IDEA 2025.1.1.1\bin;;D:\Microsoft VS Code\bin;C:\Users\admoi\.dotnet\tools;C:\Users\admoi\AppData\Local\Programs\mongosh\;D:\Antigravity\bin;C:\Users\admoi\AppData\Roaming\npm;C:\Users\admoi\AppData\Roaming\Composer\vendor\bin;C:\Users\admoi\.local\bin;C:\flutter\flutter\bin;C:\flutter\flutter\bin;;C:\flutter\flutter\bin;C:\Program Files (x86)\NVIDIA Corporation\PhysX\Common;C:\Program Files\NVIDIA Corporation\NVIDIA App\NvDLISR;C:\Program Files (x86)\Microsoft SQL Server\160\DTS\Binn\;D:\bin;C:\Program Files (x86)\cloudflared\;C:\Program Files\Microsoft SQL Server\170\Tools\Binn\;C:\Users\admoi\.local\bin;C:\Python314\Scripts\;C:\Python314\;C:\Program Files\Common Files\Oracle\Java\javapath;C:\WINDOWS\system32;C:\WINDOWS;C:\WINDOWS\System32\Wbem;C:\WINDOWS\System32\WindowsPowerShell\v1.0\;C:\WINDOWS\System32\OpenSSH\;C:\Program Files\Microsoft SQL Server\150\Tools\Binn\;C:\Program Files\Microsoft SQL Server\Client SDK\ODBC\170\Tools\Binn\;C:\Program Files\dotnet\;C:\Program Files (x86)\Windows Kits\10\Windows Performance Toolkit\;C:\Program Files (x86)\Microsoft SQL Server\160\Tools\Binn\;C:\Program Files\Microsoft SQL Server\160\Tools\Binn\;C:\Program Files\Microsoft SQL Server\160\DTS\Binn\;C:\Program Files\Docker\Docker\resources\bin;C:\Program Files\nodejs\;C:\ProgramData\chocolatey\bin;C:\xampp\php;C:\composer;C:\Program Files\Git\cmd;C:\Program Files\GitHub CLI\;C:\Python314\Scripts\;C:\Python314\;C:\Program Files\Common Files\Oracle\Java\javapath;C:\WINDOWS\system32;C:\WINDOWS;C:\WINDOWS\System32\Wbem;C:\WINDOWS\System32\WindowsPowerShell\v1.0\;C:\WINDOWS\System32\OpenSSH\;C:\Program Files\Microsoft SQL;C:\Users\admoi\AppData\Local\Programs\Antigravity IDE\bin;C:\Users\admoi\.dotnet\tools;E:\Microsoft VS Code\bin;C:\Users\admoi\AppData\Local\Microsoft\WinGet\Links;
USERNAME=admoi
OS=Windows_NT
PROCESSOR_IDENTIFIER=Intel64 Family 6 Model 154 Stepping 3, GenuineIntel
TMP=C:\Users\admoi\AppData\Local\Temp
TEMP=C:\Users\admoi\AppData\Local\Temp




Periodic native trim disabled

---------------  S Y S T E M  ---------------

OS:
 Windows 11 , 64 bit Build 26100 (10.0.26100.9444)
OS uptime: 0 days 0:22 hours
Hyper-V role detected

CPU: total 16 (initial active 16) (8 cores per cpu, 2 threads per core) family 6 model 154 stepping 3 microcode 0x435, cx8, cmov, fxsr, ht, mmx, 3dnowpref, sse, sse2, sse3, ssse3, sse4.1, sse4.2, popcnt, lzcnt, tsc, tscinvbit, avx, avx2, aes, erms, clmul, bmi1, bmi2, adx, sha, fma, vzeroupper, clflush, clflushopt, clwb, hv, serialize, rdtscp, rdpid, fsrm, f16c, cet_ibt, cet_ss
Processor Information for processor 0
  Max Mhz: 2500, Current Mhz: 2500, Mhz Limit: 2500
Processor Information for processor 1
  Max Mhz: 2500, Current Mhz: 2500, Mhz Limit: 2500
Processor Information for processor 2
  Max Mhz: 2500, Current Mhz: 2500, Mhz Limit: 2500
Processor Information for processor 3
  Max Mhz: 2500, Current Mhz: 2500, Mhz Limit: 2500
Processor Information for processor 4
  Max Mhz: 2500, Current Mhz: 2500, Mhz Limit: 2500
Processor Information for processor 5
  Max Mhz: 2500, Current Mhz: 2500, Mhz Limit: 2500
Processor Information for processor 6
  Max Mhz: 2500, Current Mhz: 2500, Mhz Limit: 2500
Processor Information for processor 7
  Max Mhz: 2500, Current Mhz: 2500, Mhz Limit: 2500
Processor Information for processor 8
  Max Mhz: 2500, Current Mhz: 1800, Mhz Limit: 1800
Processor Information for processor 9
  Max Mhz: 2500, Current Mhz: 1800, Mhz Limit: 1800
Processor Information for processor 10
  Max Mhz: 2500, Current Mhz: 1800, Mhz Limit: 1800
Processor Information for processor 11
  Max Mhz: 2500, Current Mhz: 1800, Mhz Limit: 1800
Processor Information for processor 12
  Max Mhz: 2500, Current Mhz: 1800, Mhz Limit: 1800
Processor Information for processor 13
  Max Mhz: 2500, Current Mhz: 1800, Mhz Limit: 1800
Processor Information for processor 14
  Max Mhz: 2500, Current Mhz: 1800, Mhz Limit: 1800
Processor Information for processor 15
  Max Mhz: 2500, Current Mhz: 1800, Mhz Limit: 1800

Memory: 4k page, system-wide physical 16051M (14M free)
TotalPageFile size 57195M (AvailPageFile size 1M)
current process WorkingSet (physical memory assigned to process): 90M, peak: 247M
current process commit charge ("private bytes"): 488M, peak: 489M

vm_info: OpenJDK 64-Bit Server VM (21.0.12.1+1-LTS) for windows-amd64 JRE (21.0.12.1+1-LTS), built on 2026-08-18T00:00:00Z by "admin" with MS VC++ 17.12 (VS2022)

END.
