#
# There is insufficient memory for the Java Runtime Environment to continue.
# Native memory allocation (mmap) failed to map 2097152 bytes. Error detail: G1 virtual space
# Possible reasons:
#   The system is out of physical RAM or swap space
#   This process is running with CompressedOops enabled, and the Java Heap may be blocking the growth of the native heap
# Possible solutions:
#   Reduce memory load on the system
#   Increase physical memory or swap space
#   Check if swap backing store is full
#   Decrease Java heap size (-Xmx/-Xms)
#   Decrease number of Java threads
#   Decrease Java thread stack sizes (-Xss)
#   Set larger code cache with -XX:ReservedCodeCacheSize=
#   JVM is running with Unscaled Compressed Oops mode in which the Java heap is
#     placed in the first 4GB address space. The Java Heap base address is the
#     maximum limit for the native heap growth. Please use -XX:HeapBaseMinAddress
#     to set the Java Heap base and to place the Java Heap above 4GB virtual address.
# This output file may be truncated or incomplete.
#
#  Out of Memory Error (os_windows.cpp:3925), pid=32504, tid=36292
#
# JRE version: OpenJDK Runtime Environment (21.0.9) (build 21.0.9+-14787801-b1163.94)
# Java VM: OpenJDK 64-Bit Server VM (21.0.9+-14787801-b1163.94, mixed mode, tiered, compressed oops, compressed class ptrs, g1 gc, windows-amd64)
# No core dump will be written. Minidumps are not enabled by default on client versions of Windows
#

---------------  S U M M A R Y ------------

Command Line: --add-opens=java.base/java.lang=ALL-UNNAMED --add-opens=java.base/java.lang.invoke=ALL-UNNAMED --add-opens=java.base/java.util=ALL-UNNAMED --add-opens=java.prefs/java.util.prefs=ALL-UNNAMED --add-exports=jdk.compiler/com.sun.tools.javac.api=ALL-UNNAMED --add-exports=jdk.compiler/com.sun.tools.javac.util=ALL-UNNAMED --add-opens=java.base/java.util=ALL-UNNAMED --add-opens=java.prefs/java.util.prefs=ALL-UNNAMED --add-opens=java.base/java.nio.charset=ALL-UNNAMED --add-opens=java.base/java.net=ALL-UNNAMED --add-opens=java.base/java.util.concurrent.atomic=ALL-UNNAMED --add-opens=java.xml/javax.xml.namespace=ALL-UNNAMED -Xmx1536m -Dfile.encoding=UTF-8 -Duser.country=US -Duser.language=en -Duser.variant -javaagent:C:\Users\admoi\.gradle\wrapper\dists\gradle-8.14.3-all\10utluxaxniiv4wxiphsi49nj\gradle-8.14.3\lib\agents\gradle-instrumentation-agent-8.14.3.jar org.gradle.launcher.daemon.bootstrap.GradleDaemon 8.14.3

Host: 12th Gen Intel(R) Core(TM) i5-12500H, 16 cores, 15G,  Windows 11 , 64 bit Build 26100 (10.0.26100.9168)
Time: Wed Sep  9 10:03:29 2026 SE Asia Standard Time elapsed time: 949.547743 seconds (0d 0h 15m 49s)

---------------  T H R E A D  ---------------

Current thread (0x0000010b36a73950):  VMThread "VM Thread"          [id=36292, stack(0x0000000980f00000,0x0000000981000000) (1024K)]

Stack: [0x0000000980f00000,0x0000000981000000]
Native frames: (J=compiled Java code, j=interpreted, Vv=VM code, C=native code)
V  [jvm.dll+0x6d6c99]
V  [jvm.dll+0x866b83]
V  [jvm.dll+0x8691ae]
V  [jvm.dll+0x869893]
V  [jvm.dll+0x280776]
V  [jvm.dll+0x6d3555]
V  [jvm.dll+0x6c6bea]
V  [jvm.dll+0x3587fb]
V  [jvm.dll+0x360476]
V  [jvm.dll+0x3b2646]
V  [jvm.dll+0x3b2918]
V  [jvm.dll+0x32af0c]
V  [jvm.dll+0x32d916]
V  [jvm.dll+0x3377ed]
V  [jvm.dll+0x36ef55]
V  [jvm.dll+0x86f618]
V  [jvm.dll+0x870994]
V  [jvm.dll+0x870ed0]
V  [jvm.dll+0x871163]
V  [jvm.dll+0x80f118]
V  [jvm.dll+0x6d54ed]
C  [ucrtbase.dll+0x2cd30]
C  [KERNEL32.DLL+0x2ccb7]
C  [ntdll.dll+0xaad6c]

VM_Operation (0x0000000980aff7a0): G1PauseRemark, mode: safepoint, requested by thread 0x0000010b1f35a590


---------------  P R O C E S S  ---------------

Threads class SMR info:
_java_thread_list=0x0000010b478f9450, length=50, elements={
0x0000010b1f304e90, 0x0000010b36bc75c0, 0x0000010b36bcfd50, 0x0000010b36bd03c0,
0x0000010b36bdfff0, 0x0000010b36be4670, 0x0000010b36c00e00, 0x0000010b36be7d00,
0x0000010b36c24ab0, 0x0000010b36c38190, 0x0000010b36cd7360, 0x0000010b36cd5fb0,
0x0000010b36cd6640, 0x0000010b36cd6cd0, 0x0000010b36cd5290, 0x0000010b36cd4c00,
0x0000010b3c565740, 0x0000010b3c565dd0, 0x0000010b3c568bc0, 0x0000010b3c567180,
0x0000010b3c569250, 0x0000010b3c569f70, 0x0000010b3c56b320, 0x0000010b3c56ac90,
0x0000010b3c56c040, 0x0000010b3c56c6d0, 0x0000010b3c56cd60, 0x0000010b3e509570,
0x0000010b3e508ee0, 0x0000010b3e5081c0, 0x0000010b3eebd990, 0x0000010b3eebe020,
0x0000010b3d776340, 0x0000010b3d775cb0, 0x0000010b3d774f90, 0x0000010b3d7769d0,
0x0000010b3d777060, 0x0000010b3d7776f0, 0x0000010b3d774270, 0x0000010b3d774900,
0x0000010b3f9124a0, 0x0000010b3f9103d0, 0x0000010b3f912b30, 0x0000010b3f911780,
0x0000010b3f911e10, 0x0000010b3f913850, 0x0000010b3f913ee0, 0x0000010b3f910a60,
0x0000010b3f9179f0, 0x0000010b3f915920
}

Java Threads: ( => current thread )
  0x0000010b1f304e90 JavaThread "main"                              [_thread_blocked, id=19892, stack(0x0000000980800000,0x0000000980900000) (1024K)]
  0x0000010b36bc75c0 JavaThread "Common-Cleaner"             daemon [_thread_blocked, id=36432, stack(0x0000000981000000,0x0000000981100000) (1024K)]
  0x0000010b36bcfd50 JavaThread "Reference Handler"          daemon [_thread_blocked, id=23824, stack(0x0000000981100000,0x0000000981200000) (1024K)]
  0x0000010b36bd03c0 JavaThread "Finalizer"                  daemon [_thread_blocked, id=28560, stack(0x0000000981200000,0x0000000981300000) (1024K)]
  0x0000010b36bdfff0 JavaThread "Signal Dispatcher"          daemon [_thread_blocked, id=36336, stack(0x0000000981300000,0x0000000981400000) (1024K)]
  0x0000010b36be4670 JavaThread "Attach Listener"            daemon [_thread_blocked, id=35428, stack(0x0000000981400000,0x0000000981500000) (1024K)]
  0x0000010b36c00e00 JavaThread "Service Thread"             daemon [_thread_blocked, id=2652, stack(0x0000000981500000,0x0000000981600000) (1024K)]
  0x0000010b36be7d00 JavaThread "Monitor Deflation Thread"   daemon [_thread_blocked, id=33468, stack(0x0000000981600000,0x0000000981700000) (1024K)]
  0x0000010b36c24ab0 JavaThread "C2 CompilerThread0"         daemon [_thread_blocked, id=36184, stack(0x0000000981700000,0x0000000981800000) (1024K)]
  0x0000010b36c38190 JavaThread "C1 CompilerThread0"         daemon [_thread_blocked, id=29408, stack(0x0000000981800000,0x0000000981900000) (1024K)]
  0x0000010b36cd7360 JavaThread "Notification Thread"        daemon [_thread_blocked, id=35360, stack(0x0000000981900000,0x0000000981a00000) (1024K)]
  0x0000010b36cd5fb0 JavaThread "Daemon health stats"               [_thread_blocked, id=32004, stack(0x0000000982100000,0x0000000982200000) (1024K)]
  0x0000010b36cd6640 JavaThread "Incoming local TCP Connector on port 50415"        [_thread_in_native, id=17488, stack(0x0000000982200000,0x0000000982300000) (1024K)]
  0x0000010b36cd6cd0 JavaThread "Daemon periodic checks"            [_thread_blocked, id=2660, stack(0x0000000982300000,0x0000000982400000) (1024K)]
  0x0000010b36cd5290 JavaThread "Daemon"                            [_thread_blocked, id=29288, stack(0x0000000982400000,0x0000000982500000) (1024K)]
  0x0000010b36cd4c00 JavaThread "Daemon worker"                     [_thread_blocked, id=31736, stack(0x0000000982700000,0x0000000982800000) (1024K)]
  0x0000010b3c565740 JavaThread "Cache worker for journal cache (C:\Users\admoi\.gradle\caches\journal-1)"        [_thread_blocked, id=31868, stack(0x0000000982000000,0x0000000982100000) (1024K)]
  0x0000010b3c565dd0 JavaThread "File lock request listener"        [_thread_blocked, id=29812, stack(0x0000000983400000,0x0000000983500000) (1024K)]
  0x0000010b3c568bc0 JavaThread "File lock release action executor"        [_thread_blocked, id=37184, stack(0x0000000981f00000,0x0000000982000000) (1024K)]
  0x0000010b3c567180 JavaThread "Cache worker for file hash cache (C:\Users\admoi\.gradle\caches\8.14.3\fileHashes)"        [_thread_blocked, id=29256, stack(0x0000000983500000,0x0000000983600000) (1024K)]
  0x0000010b3c569250 JavaThread "File watcher server"        daemon [_thread_in_native, id=22716, stack(0x0000000983700000,0x0000000983800000) (1024K)]
  0x0000010b3c569f70 JavaThread "File watcher consumer"      daemon [_thread_blocked, id=6304, stack(0x0000000983a00000,0x0000000983b00000) (1024K)]
  0x0000010b3c56b320 JavaThread "jar transforms"                    [_thread_blocked, id=36756, stack(0x0000000980500000,0x0000000980600000) (1024K)]
  0x0000010b3c56ac90 JavaThread "jar transforms Thread 2"           [_thread_blocked, id=17440, stack(0x0000000980600000,0x0000000980700000) (1024K)]
  0x0000010b3c56c040 JavaThread "Cache worker for file content cache (C:\Users\admoi\.gradle\caches\8.14.3\fileContent)"        [_thread_blocked, id=14660, stack(0x0000000983d00000,0x0000000983e00000) (1024K)]
  0x0000010b3c56c6d0 JavaThread "jar transforms Thread 3"           [_thread_blocked, id=27604, stack(0x0000000980700000,0x0000000980800000) (1024K)]
  0x0000010b3c56cd60 JavaThread "jar transforms Thread 4"           [_thread_blocked, id=26192, stack(0x0000000983600000,0x0000000983700000) (1024K)]
  0x0000010b3e509570 JavaThread "jar transforms Thread 5"           [_thread_blocked, id=16472, stack(0x0000000983e00000,0x0000000983f00000) (1024K)]
  0x0000010b3e508ee0 JavaThread "jar transforms Thread 6"           [_thread_blocked, id=32580, stack(0x0000000983b00000,0x0000000983c00000) (1024K)]
  0x0000010b3e5081c0 JavaThread "jar transforms Thread 7"           [_thread_blocked, id=35340, stack(0x0000000984100000,0x0000000984200000) (1024K)]
  0x0000010b3eebd990 JavaThread "jar transforms Thread 8"           [_thread_blocked, id=5488, stack(0x0000000984200000,0x0000000984300000) (1024K)]
  0x0000010b3eebe020 JavaThread "jar transforms Thread 9"           [_thread_blocked, id=37176, stack(0x0000000984300000,0x0000000984400000) (1024K)]
  0x0000010b3d776340 JavaThread "jar transforms Thread 10"          [_thread_blocked, id=36780, stack(0x0000000987100000,0x0000000987200000) (1024K)]
  0x0000010b3d775cb0 JavaThread "jar transforms Thread 11"          [_thread_blocked, id=7464, stack(0x0000000987200000,0x0000000987300000) (1024K)]
  0x0000010b3d774f90 JavaThread "jar transforms Thread 12"          [_thread_blocked, id=32596, stack(0x0000000987300000,0x0000000987400000) (1024K)]
  0x0000010b3d7769d0 JavaThread "Memory manager"                    [_thread_blocked, id=32940, stack(0x0000000987600000,0x0000000987700000) (1024K)]
  0x0000010b3d777060 JavaThread "jar transforms Thread 13"          [_thread_blocked, id=10880, stack(0x0000000987400000,0x0000000987500000) (1024K)]
  0x0000010b3d7776f0 JavaThread "jar transforms Thread 14"          [_thread_blocked, id=8636, stack(0x0000000987500000,0x0000000987600000) (1024K)]
  0x0000010b3d774270 JavaThread "jar transforms Thread 15"          [_thread_blocked, id=16864, stack(0x0000000987700000,0x0000000987800000) (1024K)]
  0x0000010b3d774900 JavaThread "jar transforms Thread 16"          [_thread_blocked, id=10892, stack(0x0000000987800000,0x0000000987900000) (1024K)]
  0x0000010b3f9124a0 JavaThread "Handler for socket connection from /127.0.0.1:50415 to /127.0.0.1:56502"        [_thread_in_native, id=27896, stack(0x0000000982500000,0x0000000982600000) (1024K)]
  0x0000010b3f9103d0 JavaThread "Cancel handler"                    [_thread_blocked, id=29488, stack(0x0000000982600000,0x0000000982700000) (1024K)]
  0x0000010b3f912b30 JavaThread "Asynchronous log dispatcher for DefaultDaemonConnection: socket connection from /127.0.0.1:50415 to /127.0.0.1:56502"        [_thread_blocked, id=14260, stack(0x0000000982900000,0x0000000982a00000) (1024K)]
  0x0000010b3f911780 JavaThread "Stdin handler"                     [_thread_blocked, id=38292, stack(0x0000000982a00000,0x0000000982b00000) (1024K)]
  0x0000010b3f911e10 JavaThread "Daemon client event forwarder"        [_thread_blocked, id=19152, stack(0x0000000983800000,0x0000000983900000) (1024K)]
  0x0000010b3f913850 JavaThread "Cache worker for file hash cache (D:\BankSystemApp\frontend\android\.gradle\8.14.3\fileHashes)"        [_thread_blocked, id=30888, stack(0x0000000983900000,0x0000000983a00000) (1024K)]
  0x0000010b3f913ee0 JavaThread "Cache worker for Build Output Cleanup Cache (D:\BankSystemApp\frontend\android\.gradle\buildOutputCleanup)"        [_thread_blocked, id=37192, stack(0x0000000983c00000,0x0000000983d00000) (1024K)]
  0x0000010b3f910a60 JavaThread "Cache worker for checksums cache (D:\BankSystemApp\frontend\android\.gradle\8.14.3\checksums)"        [_thread_blocked, id=9796, stack(0x0000000983f00000,0x0000000984000000) (1024K)]
  0x0000010b3f9179f0 JavaThread "Cache worker for cache directory md-supplier (C:\Users\admoi\.gradle\caches\8.14.3\md-supplier)"        [_thread_blocked, id=29036, stack(0x0000000984000000,0x0000000984100000) (1024K)]
  0x0000010b3f915920 JavaThread "Cache worker for cache directory md-rule (C:\Users\admoi\.gradle\caches\8.14.3\md-rule)"        [_thread_blocked, id=30636, stack(0x0000000984400000,0x0000000984500000) (1024K)]
Total: 50

Other Threads:
=>0x0000010b36a73950 VMThread "VM Thread"                           [id=36292, stack(0x0000000980f00000,0x0000000981000000) (1024K)]
  0x0000010b36b509d0 WatcherThread "VM Periodic Task Thread"        [id=36724, stack(0x0000000980e00000,0x0000000980f00000) (1024K)]
  0x0000010b1f34cd30 WorkerThread "GC Thread#0"                     [id=10148, stack(0x0000000980900000,0x0000000980a00000) (1024K)]
  0x0000010b3b361510 WorkerThread "GC Thread#1"                     [id=23696, stack(0x0000000981a00000,0x0000000981b00000) (1024K)]
  0x0000010b3b74da20 WorkerThread "GC Thread#2"                     [id=31928, stack(0x0000000981b00000,0x0000000981c00000) (1024K)]
  0x0000010b3b28d8f0 WorkerThread "GC Thread#3"                     [id=23776, stack(0x0000000981c00000,0x0000000981d00000) (1024K)]
  0x0000010b3b28dc90 WorkerThread "GC Thread#4"                     [id=28232, stack(0x0000000981d00000,0x0000000981e00000) (1024K)]
  0x0000010b3b28e030 WorkerThread "GC Thread#5"                     [id=15048, stack(0x0000000981e00000,0x0000000981f00000) (1024K)]
  0x0000010b36e33c60 WorkerThread "GC Thread#6"                     [id=35812, stack(0x0000000982b00000,0x0000000982c00000) (1024K)]
  0x0000010b36e34000 WorkerThread "GC Thread#7"                     [id=884, stack(0x0000000982c00000,0x0000000982d00000) (1024K)]
  0x0000010b36e33180 WorkerThread "GC Thread#8"                     [id=32464, stack(0x0000000982d00000,0x0000000982e00000) (1024K)]
  0x0000010b36e343a0 WorkerThread "GC Thread#9"                     [id=27156, stack(0x0000000982e00000,0x0000000982f00000) (1024K)]
  0x0000010b36e34740 WorkerThread "GC Thread#10"                    [id=23296, stack(0x0000000982f00000,0x0000000983000000) (1024K)]
  0x0000010b36e33520 WorkerThread "GC Thread#11"                    [id=35140, stack(0x0000000983000000,0x0000000983100000) (1024K)]
  0x0000010b36e338c0 WorkerThread "GC Thread#12"                    [id=31068, stack(0x0000000983100000,0x0000000983200000) (1024K)]
  0x0000010b1f35a590 ConcurrentGCThread "G1 Main Marker"            [id=33584, stack(0x0000000980a00000,0x0000000980b00000) (1024K)]
  0x0000010b1f35cb30 WorkerThread "G1 Conc#0"                       [id=21472, stack(0x0000000980b00000,0x0000000980c00000) (1024K)]
  0x0000010b3c575a30 WorkerThread "G1 Conc#1"                       [id=432, stack(0x0000000983200000,0x0000000983300000) (1024K)]
  0x0000010b3c574810 WorkerThread "G1 Conc#2"                       [id=32020, stack(0x0000000983300000,0x0000000983400000) (1024K)]
  0x0000010b369b1f40 ConcurrentGCThread "G1 Refine#0"               [id=36212, stack(0x0000000980c00000,0x0000000980d00000) (1024K)]
  0x0000010b369b2370 ConcurrentGCThread "G1 Service"                [id=24596, stack(0x0000000980d00000,0x0000000980e00000) (1024K)]
Total: 21

Threads with active compile tasks:
Total: 0

VM state: at safepoint (normal execution)

VM Mutex/Monitor currently owned by a thread:  ([mutex/lock_event])
[0x00007ffee7f78690] Threads_lock - owner thread: 0x0000010b36a73950
[0x00007ffee7f78790] Heap_lock - owner thread: 0x0000010b1f35a590

Heap address: 0x00000000a0000000, size: 1536 MB, Compressed Oops mode: 32-bit

CDS archive(s) not mapped
Compressed class space mapped at: 0x0000000100000000-0x0000000140000000, reserved size: 1073741824
Narrow klass base: 0x0000000000000000, Narrow klass shift: 3, Narrow klass range: 0x140000000

GC Precious Log:
 CardTable entry size: 512
 Card Set container configuration: InlinePtr #cards 5 size 8 Array Of Cards #cards 12 size 40 Howl #buckets 4 coarsen threshold 1843 Howl Bitmap #cards 512 size 80 coarsen threshold 460 Card regions per heap region 1 cards per card region 2048
 CPUs: 16 total, 16 available
 Memory: 16051M
 Large Page Support: Disabled
 NUMA Support: Disabled
 Compressed Oops: Enabled (32-bit)
 Heap Region Size: 1M
 Heap Min Capacity: 8M
 Heap Initial Capacity: 252M
 Heap Max Capacity: 1536M
 Pre-touch: Disabled
 Parallel Workers: 13
 Concurrent Workers: 3
 Concurrent Refinement Workers: 13
 Periodic GC: Disabled

Heap:
 garbage-first heap   total 153600K, used 92114K [0x00000000a0000000, 0x0000000100000000)
  region size 1024K, 5 young (5120K), 4 survivors (4096K)
 Metaspace       used 93445K, committed 95552K, reserved 1179648K
  class space    used 13131K, committed 14144K, reserved 1048576K

Heap Regions: E=young(eden), S=young(survivor), O=old, HS=humongous(starts), HC=humongous(continues), CS=collection set, F=free, TAMS=top-at-mark-start, PB=parsable bottom
|   0|0x00000000a0000000, 0x00000000a0100000, 0x00000000a0100000|100%|HS|  |TAMS 0x00000000a0100000| PB 0x00000000a0000000| Complete 
|   1|0x00000000a0100000, 0x00000000a0200000, 0x00000000a0200000|100%|HC|  |TAMS 0x00000000a0200000| PB 0x00000000a0100000| Complete 
|   2|0x00000000a0200000, 0x00000000a0300000, 0x00000000a0300000|100%|HC|  |TAMS 0x00000000a0300000| PB 0x00000000a0200000| Complete 
|   3|0x00000000a0300000, 0x00000000a0400000, 0x00000000a0400000|100%| O|  |TAMS 0x00000000a0400000| PB 0x00000000a0400000| Untracked 
|   4|0x00000000a0400000, 0x00000000a0500000, 0x00000000a0500000|100%| O|  |TAMS 0x00000000a0500000| PB 0x00000000a0500000| Untracked 
|   5|0x00000000a0500000, 0x00000000a0600000, 0x00000000a0600000|100%| O|  |TAMS 0x00000000a0600000| PB 0x00000000a0600000| Untracked 
|   6|0x00000000a0600000, 0x00000000a0700000, 0x00000000a0700000|100%|HS|  |TAMS 0x00000000a0700000| PB 0x00000000a0600000| Complete 
|   7|0x00000000a0700000, 0x00000000a0800000, 0x00000000a0800000|100%| O|  |TAMS 0x00000000a0800000| PB 0x00000000a0800000| Untracked 
|   8|0x00000000a0800000, 0x00000000a0900000, 0x00000000a0900000|100%| O|  |TAMS 0x00000000a0900000| PB 0x00000000a0900000| Untracked 
|   9|0x00000000a0900000, 0x00000000a0a00000, 0x00000000a0a00000|100%| O|  |TAMS 0x00000000a0a00000| PB 0x00000000a0a00000| Untracked 
|  10|0x00000000a0a00000, 0x00000000a0b00000, 0x00000000a0b00000|100%| O|  |TAMS 0x00000000a0b00000| PB 0x00000000a0b00000| Untracked 
|  11|0x00000000a0b00000, 0x00000000a0c00000, 0x00000000a0c00000|100%| O|  |TAMS 0x00000000a0c00000| PB 0x00000000a0c00000| Untracked 
|  12|0x00000000a0c00000, 0x00000000a0d00000, 0x00000000a0d00000|100%| O|  |TAMS 0x00000000a0d00000| PB 0x00000000a0d00000| Untracked 
|  13|0x00000000a0d00000, 0x00000000a0e00000, 0x00000000a0e00000|100%| O|  |TAMS 0x00000000a0e00000| PB 0x00000000a0e00000| Untracked 
|  14|0x00000000a0e00000, 0x00000000a0f00000, 0x00000000a0f00000|100%| O|  |TAMS 0x00000000a0f00000| PB 0x00000000a0f00000| Untracked 
|  15|0x00000000a0f00000, 0x00000000a1000000, 0x00000000a1000000|100%| O|  |TAMS 0x00000000a1000000| PB 0x00000000a1000000| Updating 
|  16|0x00000000a1000000, 0x00000000a1100000, 0x00000000a1100000|100%| O|  |TAMS 0x00000000a1100000| PB 0x00000000a1100000| Untracked 
|  17|0x00000000a1100000, 0x00000000a1200000, 0x00000000a1200000|100%| O|  |TAMS 0x00000000a1200000| PB 0x00000000a1200000| Untracked 
|  18|0x00000000a1200000, 0x00000000a1300000, 0x00000000a1300000|100%| O|  |TAMS 0x00000000a1300000| PB 0x00000000a1300000| Untracked 
|  19|0x00000000a1300000, 0x00000000a1400000, 0x00000000a1400000|100%| O|  |TAMS 0x00000000a1400000| PB 0x00000000a1400000| Updating 
|  20|0x00000000a1400000, 0x00000000a1500000, 0x00000000a1500000|100%| O|  |TAMS 0x00000000a1500000| PB 0x00000000a1500000| Untracked 
|  21|0x00000000a1500000, 0x00000000a1600000, 0x00000000a1600000|100%| O|  |TAMS 0x00000000a1600000| PB 0x00000000a1600000| Untracked 
|  22|0x00000000a1600000, 0x00000000a1700000, 0x00000000a1700000|100%| O|  |TAMS 0x00000000a1700000| PB 0x00000000a1700000| Untracked 
|  23|0x00000000a1700000, 0x00000000a1800000, 0x00000000a1800000|100%| O|  |TAMS 0x00000000a1800000| PB 0x00000000a1800000| Untracked 
|  24|0x00000000a1800000, 0x00000000a1900000, 0x00000000a1900000|100%| O|  |TAMS 0x00000000a1900000| PB 0x00000000a1900000| Untracked 
|  25|0x00000000a1900000, 0x00000000a1a00000, 0x00000000a1a00000|100%| O|  |TAMS 0x00000000a1a00000| PB 0x00000000a1a00000| Untracked 
|  26|0x00000000a1a00000, 0x00000000a1b00000, 0x00000000a1b00000|100%| O|  |TAMS 0x00000000a1b00000| PB 0x00000000a1b00000| Untracked 
|  27|0x00000000a1b00000, 0x00000000a1c00000, 0x00000000a1c00000|100%| O|  |TAMS 0x00000000a1c00000| PB 0x00000000a1c00000| Untracked 
|  28|0x00000000a1c00000, 0x00000000a1d00000, 0x00000000a1d00000|100%| O|  |TAMS 0x00000000a1d00000| PB 0x00000000a1d00000| Untracked 
|  29|0x00000000a1d00000, 0x00000000a1e00000, 0x00000000a1e00000|100%| O|  |TAMS 0x00000000a1e00000| PB 0x00000000a1e00000| Untracked 
|  30|0x00000000a1e00000, 0x00000000a1f00000, 0x00000000a1f00000|100%| O|  |TAMS 0x00000000a1f00000| PB 0x00000000a1f00000| Untracked 
|  31|0x00000000a1f00000, 0x00000000a2000000, 0x00000000a2000000|100%| O|  |TAMS 0x00000000a2000000| PB 0x00000000a2000000| Untracked 
|  32|0x00000000a2000000, 0x00000000a2100000, 0x00000000a2100000|100%| O|  |TAMS 0x00000000a2100000| PB 0x00000000a2100000| Untracked 
|  33|0x00000000a2100000, 0x00000000a2200000, 0x00000000a2200000|100%| O|  |TAMS 0x00000000a2200000| PB 0x00000000a2200000| Untracked 
|  34|0x00000000a2200000, 0x00000000a2300000, 0x00000000a2300000|100%|HS|  |TAMS 0x00000000a2300000| PB 0x00000000a2200000| Complete 
|  35|0x00000000a2300000, 0x00000000a2400000, 0x00000000a2400000|100%|HS|  |TAMS 0x00000000a2400000| PB 0x00000000a2300000| Complete 
|  36|0x00000000a2400000, 0x00000000a2500000, 0x00000000a2500000|100%|HS|  |TAMS 0x00000000a2500000| PB 0x00000000a2400000| Complete 
|  37|0x00000000a2500000, 0x00000000a2600000, 0x00000000a2600000|100%|HS|  |TAMS 0x00000000a2600000| PB 0x00000000a2500000| Complete 
|  38|0x00000000a2600000, 0x00000000a2700000, 0x00000000a2700000|100%| O|  |TAMS 0x00000000a2700000| PB 0x00000000a2700000| Untracked 
|  39|0x00000000a2700000, 0x00000000a2800000, 0x00000000a2800000|100%| O|  |TAMS 0x00000000a2800000| PB 0x00000000a2800000| Updating 
|  40|0x00000000a2800000, 0x00000000a2900000, 0x00000000a2900000|100%| O|  |TAMS 0x00000000a2900000| PB 0x00000000a2900000| Untracked 
|  41|0x00000000a2900000, 0x00000000a2a00000, 0x00000000a2a00000|100%| O|  |TAMS 0x00000000a2a00000| PB 0x00000000a2a00000| Untracked 
|  42|0x00000000a2a00000, 0x00000000a2b00000, 0x00000000a2b00000|100%|HS|  |TAMS 0x00000000a2b00000| PB 0x00000000a2a00000| Complete 
|  43|0x00000000a2b00000, 0x00000000a2c00000, 0x00000000a2c00000|100%|HS|  |TAMS 0x00000000a2c00000| PB 0x00000000a2b00000| Complete 
|  44|0x00000000a2c00000, 0x00000000a2d00000, 0x00000000a2d00000|100%| O|  |TAMS 0x00000000a2d00000| PB 0x00000000a2d00000| Untracked 
|  45|0x00000000a2d00000, 0x00000000a2e00000, 0x00000000a2e00000|100%| O|  |TAMS 0x00000000a2e00000| PB 0x00000000a2e00000| Untracked 
|  46|0x00000000a2e00000, 0x00000000a2f00000, 0x00000000a2f00000|100%| O|  |TAMS 0x00000000a2f00000| PB 0x00000000a2f00000| Untracked 
|  47|0x00000000a2f00000, 0x00000000a3000000, 0x00000000a3000000|100%| O|  |TAMS 0x00000000a3000000| PB 0x00000000a3000000| Untracked 
|  48|0x00000000a3000000, 0x00000000a3100000, 0x00000000a3100000|100%| O|  |TAMS 0x00000000a3100000| PB 0x00000000a3100000| Untracked 
|  49|0x00000000a3100000, 0x00000000a3200000, 0x00000000a3200000|100%| O|  |TAMS 0x00000000a3200000| PB 0x00000000a3200000| Untracked 
|  50|0x00000000a3200000, 0x00000000a3300000, 0x00000000a3300000|100%| O|  |TAMS 0x00000000a3300000| PB 0x00000000a3300000| Untracked 
|  51|0x00000000a3300000, 0x00000000a3400000, 0x00000000a3400000|100%| O|  |TAMS 0x00000000a3400000| PB 0x00000000a3400000| Untracked 
|  52|0x00000000a3400000, 0x00000000a3500000, 0x00000000a3500000|100%| O|  |TAMS 0x00000000a3500000| PB 0x00000000a3500000| Untracked 
|  53|0x00000000a3500000, 0x00000000a3600000, 0x00000000a3600000|100%| O|  |TAMS 0x00000000a3600000| PB 0x00000000a3600000| Untracked 
|  54|0x00000000a3600000, 0x00000000a3700000, 0x00000000a3700000|100%| O|  |TAMS 0x00000000a3700000| PB 0x00000000a3700000| Updating 
|  55|0x00000000a3700000, 0x00000000a3800000, 0x00000000a3800000|100%|HS|  |TAMS 0x00000000a3800000| PB 0x00000000a3700000| Complete 
|  56|0x00000000a3800000, 0x00000000a3900000, 0x00000000a3900000|100%| O|  |TAMS 0x00000000a3900000| PB 0x00000000a3900000| Untracked 
|  57|0x00000000a3900000, 0x00000000a3a00000, 0x00000000a3a00000|100%| O|  |TAMS 0x00000000a3a00000| PB 0x00000000a3a00000| Untracked 
|  58|0x00000000a3a00000, 0x00000000a3b00000, 0x00000000a3b00000|100%| O|  |TAMS 0x00000000a3b00000| PB 0x00000000a3b00000| Untracked 
|  59|0x00000000a3b00000, 0x00000000a3c00000, 0x00000000a3c00000|100%| O|  |TAMS 0x00000000a3c00000| PB 0x00000000a3c00000| Updating 
|  60|0x00000000a3c00000, 0x00000000a3d00000, 0x00000000a3d00000|100%| O|  |TAMS 0x00000000a3d00000| PB 0x00000000a3d00000| Untracked 
|  61|0x00000000a3d00000, 0x00000000a3e00000, 0x00000000a3e00000|100%| O|  |TAMS 0x00000000a3e00000| PB 0x00000000a3e00000| Untracked 
|  62|0x00000000a3e00000, 0x00000000a3f00000, 0x00000000a3f00000|100%| O|  |TAMS 0x00000000a3f00000| PB 0x00000000a3f00000| Untracked 
|  63|0x00000000a3f00000, 0x00000000a4000000, 0x00000000a4000000|100%| O|  |TAMS 0x00000000a4000000| PB 0x00000000a4000000| Untracked 
|  64|0x00000000a4000000, 0x00000000a4100000, 0x00000000a4100000|100%| O|  |TAMS 0x00000000a4100000| PB 0x00000000a4100000| Untracked 
|  65|0x00000000a4100000, 0x00000000a4200000, 0x00000000a4200000|100%| O|  |TAMS 0x00000000a4200000| PB 0x00000000a4200000| Untracked 
|  66|0x00000000a4200000, 0x00000000a4300000, 0x00000000a4300000|100%| O|  |TAMS 0x00000000a4300000| PB 0x00000000a4300000| Untracked 
|  67|0x00000000a4300000, 0x00000000a4400000, 0x00000000a4400000|100%| O|  |TAMS 0x00000000a4400000| PB 0x00000000a4400000| Updating 
|  68|0x00000000a4400000, 0x00000000a4500000, 0x00000000a4500000|100%| O|  |TAMS 0x00000000a4500000| PB 0x00000000a4500000| Untracked 
|  69|0x00000000a4500000, 0x00000000a4500000, 0x00000000a4600000|  0%| F|  |TAMS 0x00000000a4500000| PB 0x00000000a4500000| Untracked 
|  70|0x00000000a4600000, 0x00000000a4700000, 0x00000000a4700000|100%| O|  |TAMS 0x00000000a4700000| PB 0x00000000a4700000| Untracked 
|  71|0x00000000a4700000, 0x00000000a47853e8, 0x00000000a4800000| 52%| O|  |TAMS 0x00000000a47853e8| PB 0x00000000a47853e8| Updating 
|  72|0x00000000a4800000, 0x00000000a4800000, 0x00000000a4900000|  0%| F|  |TAMS 0x00000000a4800000| PB 0x00000000a4800000| Untracked 
|  73|0x00000000a4900000, 0x00000000a4900000, 0x00000000a4a00000|  0%| F|  |TAMS 0x00000000a4900000| PB 0x00000000a4900000| Untracked 
|  74|0x00000000a4a00000, 0x00000000a4a00000, 0x00000000a4b00000|  0%| F|  |TAMS 0x00000000a4a00000| PB 0x00000000a4a00000| Untracked 
|  75|0x00000000a4b00000, 0x00000000a4b6f760, 0x00000000a4c00000| 43%| S|CS|TAMS 0x00000000a4b00000| PB 0x00000000a4b00000| Complete 
|  76|0x00000000a4c00000, 0x00000000a4d00000, 0x00000000a4d00000|100%| O|  |TAMS 0x00000000a4d00000| PB 0x00000000a4d00000| Untracked 
|  77|0x00000000a4d00000, 0x00000000a4e00000, 0x00000000a4e00000|100%| O|  |TAMS 0x00000000a4e00000| PB 0x00000000a4e00000| Untracked 
|  78|0x00000000a4e00000, 0x00000000a4f00000, 0x00000000a4f00000|100%| O|  |TAMS 0x00000000a4f00000| PB 0x00000000a4f00000| Untracked 
|  79|0x00000000a4f00000, 0x00000000a5000000, 0x00000000a5000000|100%| O|  |TAMS 0x00000000a5000000| PB 0x00000000a5000000| Untracked 
|  80|0x00000000a5000000, 0x00000000a5100000, 0x00000000a5100000|100%| O|  |TAMS 0x00000000a5100000| PB 0x00000000a5100000| Updating 
|  81|0x00000000a5100000, 0x00000000a5200000, 0x00000000a5200000|100%| S|CS|TAMS 0x00000000a5100000| PB 0x00000000a5100000| Complete 
|  82|0x00000000a5200000, 0x00000000a5200000, 0x00000000a5300000|  0%| F|  |TAMS 0x00000000a5200000| PB 0x00000000a5200000| Untracked 
|  83|0x00000000a5300000, 0x00000000a5300000, 0x00000000a5400000|  0%| F|  |TAMS 0x00000000a5300000| PB 0x00000000a5300000| Untracked 
|  84|0x00000000a5400000, 0x00000000a5400000, 0x00000000a5500000|  0%| F|  |TAMS 0x00000000a5400000| PB 0x00000000a5400000| Untracked 
|  85|0x00000000a5500000, 0x00000000a5600000, 0x00000000a5600000|100%| S|CS|TAMS 0x00000000a5500000| PB 0x00000000a5500000| Complete 
|  86|0x00000000a5600000, 0x00000000a5700000, 0x00000000a5700000|100%| S|CS|TAMS 0x00000000a5600000| PB 0x00000000a5600000| Complete 
|  87|0x00000000a5700000, 0x00000000a5700000, 0x00000000a5800000|  0%| F|  |TAMS 0x00000000a5700000| PB 0x00000000a5700000| Untracked 
|  88|0x00000000a5800000, 0x00000000a5800000, 0x00000000a5900000|  0%| F|  |TAMS 0x00000000a5800000| PB 0x00000000a5800000| Untracked 
|  89|0x00000000a5900000, 0x00000000a5900000, 0x00000000a5a00000|  0%| F|  |TAMS 0x00000000a5900000| PB 0x00000000a5900000| Untracked 
|  90|0x00000000a5a00000, 0x00000000a5a00000, 0x00000000a5b00000|  0%| F|  |TAMS 0x00000000a5a00000| PB 0x00000000a5a00000| Untracked 
|  91|0x00000000a5b00000, 0x00000000a5b00000, 0x00000000a5c00000|  0%| F|  |TAMS 0x00000000a5b00000| PB 0x00000000a5b00000| Untracked 
|  92|0x00000000a5c00000, 0x00000000a5c00000, 0x00000000a5d00000|  0%| F|  |TAMS 0x00000000a5c00000| PB 0x00000000a5c00000| Untracked 
|  93|0x00000000a5d00000, 0x00000000a5d00000, 0x00000000a5e00000|  0%| F|  |TAMS 0x00000000a5d00000| PB 0x00000000a5d00000| Untracked 
|  94|0x00000000a5e00000, 0x00000000a5e00000, 0x00000000a5f00000|  0%| F|  |TAMS 0x00000000a5e00000| PB 0x00000000a5e00000| Untracked 
|  95|0x00000000a5f00000, 0x00000000a5f00000, 0x00000000a6000000|  0%| F|  |TAMS 0x00000000a5f00000| PB 0x00000000a5f00000| Untracked 
|  96|0x00000000a6000000, 0x00000000a6000000, 0x00000000a6100000|  0%| F|  |TAMS 0x00000000a6000000| PB 0x00000000a6000000| Untracked 
|  97|0x00000000a6100000, 0x00000000a6100000, 0x00000000a6200000|  0%| F|  |TAMS 0x00000000a6100000| PB 0x00000000a6100000| Untracked 
|  98|0x00000000a6200000, 0x00000000a6200000, 0x00000000a6300000|  0%| F|  |TAMS 0x00000000a6200000| PB 0x00000000a6200000| Untracked 
|  99|0x00000000a6300000, 0x00000000a6300000, 0x00000000a6400000|  0%| F|  |TAMS 0x00000000a6300000| PB 0x00000000a6300000| Untracked 
| 100|0x00000000a6400000, 0x00000000a6400000, 0x00000000a6500000|  0%| F|  |TAMS 0x00000000a6400000| PB 0x00000000a6400000| Untracked 
| 101|0x00000000a6500000, 0x00000000a6500000, 0x00000000a6600000|  0%| F|  |TAMS 0x00000000a6500000| PB 0x00000000a6500000| Untracked 
| 102|0x00000000a6600000, 0x00000000a6600000, 0x00000000a6700000|  0%| F|  |TAMS 0x00000000a6600000| PB 0x00000000a6600000| Untracked 
| 103|0x00000000a6700000, 0x00000000a6700000, 0x00000000a6800000|  0%| F|  |TAMS 0x00000000a6700000| PB 0x00000000a6700000| Untracked 
| 104|0x00000000a6800000, 0x00000000a6800000, 0x00000000a6900000|  0%| F|  |TAMS 0x00000000a6800000| PB 0x00000000a6800000| Untracked 
| 105|0x00000000a6900000, 0x00000000a6900000, 0x00000000a6a00000|  0%| F|  |TAMS 0x00000000a6900000| PB 0x00000000a6900000| Untracked 
| 106|0x00000000a6a00000, 0x00000000a6a00000, 0x00000000a6b00000|  0%| F|  |TAMS 0x00000000a6a00000| PB 0x00000000a6a00000| Untracked 
| 107|0x00000000a6b00000, 0x00000000a6b00000, 0x00000000a6c00000|  0%| F|  |TAMS 0x00000000a6b00000| PB 0x00000000a6b00000| Untracked 
| 108|0x00000000a6c00000, 0x00000000a6c00000, 0x00000000a6d00000|  0%| F|  |TAMS 0x00000000a6c00000| PB 0x00000000a6c00000| Untracked 
| 109|0x00000000a6d00000, 0x00000000a6d00000, 0x00000000a6e00000|  0%| F|  |TAMS 0x00000000a6d00000| PB 0x00000000a6d00000| Untracked 
| 110|0x00000000a6e00000, 0x00000000a6e00000, 0x00000000a6f00000|  0%| F|  |TAMS 0x00000000a6e00000| PB 0x00000000a6e00000| Untracked 
| 111|0x00000000a6f00000, 0x00000000a6f00000, 0x00000000a7000000|  0%| F|  |TAMS 0x00000000a6f00000| PB 0x00000000a6f00000| Untracked 
| 112|0x00000000a7000000, 0x00000000a7000000, 0x00000000a7100000|  0%| F|  |TAMS 0x00000000a7000000| PB 0x00000000a7000000| Untracked 
| 113|0x00000000a7100000, 0x00000000a7100000, 0x00000000a7200000|  0%| F|  |TAMS 0x00000000a7100000| PB 0x00000000a7100000| Untracked 
| 114|0x00000000a7200000, 0x00000000a7200000, 0x00000000a7300000|  0%| F|  |TAMS 0x00000000a7200000| PB 0x00000000a7200000| Untracked 
| 115|0x00000000a7300000, 0x00000000a7300000, 0x00000000a7400000|  0%| F|  |TAMS 0x00000000a7300000| PB 0x00000000a7300000| Untracked 
| 116|0x00000000a7400000, 0x00000000a7400000, 0x00000000a7500000|  0%| F|  |TAMS 0x00000000a7400000| PB 0x00000000a7400000| Untracked 
| 117|0x00000000a7500000, 0x00000000a7500000, 0x00000000a7600000|  0%| F|  |TAMS 0x00000000a7500000| PB 0x00000000a7500000| Untracked 
| 118|0x00000000a7600000, 0x00000000a7600000, 0x00000000a7700000|  0%| F|  |TAMS 0x00000000a7600000| PB 0x00000000a7600000| Untracked 
| 119|0x00000000a7700000, 0x00000000a7700000, 0x00000000a7800000|  0%| F|  |TAMS 0x00000000a7700000| PB 0x00000000a7700000| Untracked 
| 120|0x00000000a7800000, 0x00000000a7800000, 0x00000000a7900000|  0%| F|  |TAMS 0x00000000a7800000| PB 0x00000000a7800000| Untracked 
| 121|0x00000000a7900000, 0x00000000a7900000, 0x00000000a7a00000|  0%| F|  |TAMS 0x00000000a7900000| PB 0x00000000a7900000| Untracked 
| 122|0x00000000a7a00000, 0x00000000a7a00000, 0x00000000a7b00000|  0%| F|  |TAMS 0x00000000a7a00000| PB 0x00000000a7a00000| Untracked 
| 123|0x00000000a7b00000, 0x00000000a7b00000, 0x00000000a7c00000|  0%| F|  |TAMS 0x00000000a7b00000| PB 0x00000000a7b00000| Untracked 
| 124|0x00000000a7c00000, 0x00000000a7c00000, 0x00000000a7d00000|  0%| F|  |TAMS 0x00000000a7c00000| PB 0x00000000a7c00000| Untracked 
| 125|0x00000000a7d00000, 0x00000000a7d00000, 0x00000000a7e00000|  0%| F|  |TAMS 0x00000000a7d00000| PB 0x00000000a7d00000| Untracked 
| 126|0x00000000a7e00000, 0x00000000a7e00000, 0x00000000a7f00000|  0%| F|  |TAMS 0x00000000a7e00000| PB 0x00000000a7e00000| Untracked 
| 127|0x00000000a7f00000, 0x00000000a7f00000, 0x00000000a8000000|  0%| F|  |TAMS 0x00000000a7f00000| PB 0x00000000a7f00000| Untracked 
| 128|0x00000000a8000000, 0x00000000a8000000, 0x00000000a8100000|  0%| F|  |TAMS 0x00000000a8000000| PB 0x00000000a8000000| Untracked 
| 129|0x00000000a8100000, 0x00000000a8100000, 0x00000000a8200000|  0%| F|  |TAMS 0x00000000a8100000| PB 0x00000000a8100000| Untracked 
| 130|0x00000000a8200000, 0x00000000a8200000, 0x00000000a8300000|  0%| F|  |TAMS 0x00000000a8200000| PB 0x00000000a8200000| Untracked 
| 131|0x00000000a8300000, 0x00000000a8300000, 0x00000000a8400000|  0%| F|  |TAMS 0x00000000a8300000| PB 0x00000000a8300000| Untracked 
| 132|0x00000000a8400000, 0x00000000a8400000, 0x00000000a8500000|  0%| F|  |TAMS 0x00000000a8400000| PB 0x00000000a8400000| Untracked 
| 133|0x00000000a8500000, 0x00000000a8500000, 0x00000000a8600000|  0%| F|  |TAMS 0x00000000a8500000| PB 0x00000000a8500000| Untracked 
| 134|0x00000000a8600000, 0x00000000a8600000, 0x00000000a8700000|  0%| F|  |TAMS 0x00000000a8600000| PB 0x00000000a8600000| Untracked 
| 135|0x00000000a8700000, 0x00000000a8700000, 0x00000000a8800000|  0%| F|  |TAMS 0x00000000a8700000| PB 0x00000000a8700000| Untracked 
| 251|0x00000000afb00000, 0x00000000afb00000, 0x00000000afc00000|  0%| F|  |TAMS 0x00000000afb00000| PB 0x00000000afb00000| Untracked 
|1523|0x00000000ff300000, 0x00000000ff300000, 0x00000000ff400000|  0%| F|  |TAMS 0x00000000ff300000| PB 0x00000000ff300000| Untracked 
|1524|0x00000000ff400000, 0x00000000ff500000, 0x00000000ff500000|100%| O|  |TAMS 0x00000000ff500000| PB 0x00000000ff500000| Untracked 
|1525|0x00000000ff500000, 0x00000000ff600000, 0x00000000ff600000|100%| O|  |TAMS 0x00000000ff600000| PB 0x00000000ff600000| Updating 
|1526|0x00000000ff600000, 0x00000000ff700000, 0x00000000ff700000|100%| O|  |TAMS 0x00000000ff700000| PB 0x00000000ff700000| Updating 
|1527|0x00000000ff700000, 0x00000000ff800000, 0x00000000ff800000|100%| O|  |TAMS 0x00000000ff800000| PB 0x00000000ff800000| Untracked 
|1528|0x00000000ff800000, 0x00000000ff900000, 0x00000000ff900000|100%| O|  |TAMS 0x00000000ff900000| PB 0x00000000ff900000| Untracked 
|1529|0x00000000ff900000, 0x00000000ffa00000, 0x00000000ffa00000|100%| O|  |TAMS 0x00000000ffa00000| PB 0x00000000ffa00000| Updating 
|1530|0x00000000ffa00000, 0x00000000ffa97c78, 0x00000000ffb00000| 59%| E|  |TAMS 0x00000000ffa00000| PB 0x00000000ffa00000| Complete 
|1531|0x00000000ffb00000, 0x00000000ffc00000, 0x00000000ffc00000|100%| O|  |TAMS 0x00000000ffc00000| PB 0x00000000ffc00000| Untracked 
|1532|0x00000000ffc00000, 0x00000000ffd00000, 0x00000000ffd00000|100%| O|  |TAMS 0x00000000ffd00000| PB 0x00000000ffd00000| Untracked 
|1533|0x00000000ffd00000, 0x00000000ffe00000, 0x00000000ffe00000|100%| O|  |TAMS 0x00000000ffe00000| PB 0x00000000ffe00000| Untracked 
|1534|0x00000000ffe00000, 0x00000000fff00000, 0x00000000fff00000|100%| O|  |TAMS 0x00000000fff00000| PB 0x00000000fff00000| Untracked 
|1535|0x00000000fff00000, 0x0000000100000000, 0x0000000100000000|100%| O|  |TAMS 0x0000000100000000| PB 0x0000000100000000| Untracked 

Card table byte_map: [0x0000010b32000000,0x0000010b32300000] _byte_map_base: 0x0000010b31b00000

Marking Bits: (CMBitMap*) 0x0000010b1f34d340
 Bits: [0x0000010b32300000, 0x0000010b33b00000)

Polling page: 0x0000010b1d4d0000

Metaspace:

Usage:
  Non-class:     78.43 MB used.
      Class:     12.82 MB used.
       Both:     91.26 MB used.

Virtual space:
  Non-class space:      128.00 MB reserved,      79.50 MB ( 62%) committed,  2 nodes.
      Class space:        1.00 GB reserved,      13.81 MB (  1%) committed,  1 nodes.
             Both:        1.12 GB reserved,      93.31 MB (  8%) committed. 

Chunk freelists:
   Non-Class:  14.00 KB
       Class:  2.12 MB
        Both:  2.13 MB

MaxMetaspaceSize: unlimited
CompressedClassSpaceSize: 1.00 GB
Initial GC threshold: 21.00 MB
Current GC threshold: 155.31 MB
CDS: off
 - commit_granule_bytes: 65536.
 - commit_granule_words: 8192.
 - virtual_space_node_default_size: 8388608.
 - enlarge_chunks_in_place: 1.
 - use_allocation_guard: 0.


Internal statistics:

num_allocs_failed_limit: 9.
num_arena_births: 3982.
num_arena_deaths: 0.
num_vsnodes_births: 3.
num_vsnodes_deaths: 0.
num_space_committed: 1493.
num_space_uncommitted: 0.
num_chunks_returned_to_freelist: 9.
num_chunks_taken_from_freelist: 7976.
num_chunk_merges: 9.
num_chunk_splits: 5195.
num_chunks_enlarged: 3214.
num_inconsistent_stats: 0.

CodeHeap 'non-profiled nmethods': size=119168Kb used=6839Kb max_used=7146Kb free=112328Kb
 bounds [0x0000010b2a000000, 0x0000010b2a710000, 0x0000010b31460000]
CodeHeap 'profiled nmethods': size=119104Kb used=16614Kb max_used=18514Kb free=102489Kb
 bounds [0x0000010b22460000, 0x0000010b23690000, 0x0000010b298b0000]
CodeHeap 'non-nmethods': size=7488Kb used=2664Kb max_used=4317Kb free=4823Kb
 bounds [0x0000010b298b0000, 0x0000010b29d70000, 0x0000010b2a000000]
CodeCache: size=245760Kb, used=26117Kb, max_used=29977Kb, free=219640Kb
 total_blobs=9533, nmethods=8582, adapters=855, full_count=0
Compilation: enabled, stopped_count=0, restarted_count=0

Compilation events (20 events):
Event: 896.678 Thread 0x0000010b36c24ab0 13285       4       java.util.HashMap$ValueSpliterator::characteristics (28 bytes)
Event: 896.686 Thread 0x0000010b36c24ab0 nmethod 13285 0x0000010b2a401090 code [0x0000010b2a401220, 0x0000010b2a4012d0]
Event: 896.796 Thread 0x0000010b36c24ab0 13286       4       java.net.Inet6Address::addressBytes (8 bytes)
Event: 896.799 Thread 0x0000010b36c24ab0 nmethod 13286 0x0000010b2a406390 code [0x0000010b2a406520, 0x0000010b2a4065c8]
Event: 905.690 Thread 0x0000010b36c38190 13287       3       org.gradle.internal.time.TimeSource$1::currentTimeMillis (4 bytes)
Event: 905.691 Thread 0x0000010b36c38190 nmethod 13287 0x0000010b227f2990 code [0x0000010b227f2b40, 0x0000010b227f2c70]
Event: 932.609 Thread 0x0000010b36c24ab0 13288       4       com.google.common.base.Preconditions::checkState (17 bytes)
Event: 932.611 Thread 0x0000010b36c24ab0 nmethod 13288 0x0000010b2a407890 code [0x0000010b2a407a20, 0x0000010b2a407aa8]
Event: 938.997 Thread 0x0000010b36c38190 13289       3       java.lang.Boolean::parseBoolean (7 bytes)
Event: 938.997 Thread 0x0000010b36c38190 nmethod 13289 0x0000010b22801110 code [0x0000010b228012c0, 0x0000010b228013f0]
Event: 945.892 Thread 0x0000010b36c38190 13290       3       java.util.Collections::sort (8 bytes)
Event: 945.905 Thread 0x0000010b36c38190 nmethod 13290 0x0000010b2306dd10 code [0x0000010b2306dec0, 0x0000010b2306e070]
Event: 946.305 Thread 0x0000010b36c24ab0 13291       4       java.lang.ref.Reference::enqueueFromPending (19 bytes)
Event: 946.591 Thread 0x0000010b36c24ab0 nmethod 13291 0x0000010b2a705190 code [0x0000010b2a705460, 0x0000010b2a706cb8]
Event: 946.592 Thread 0x0000010b36c24ab0 13292       4       jdk.internal.misc.InnocuousThread::eraseThreadLocals (23 bytes)
Event: 946.594 Thread 0x0000010b36c24ab0 nmethod 13292 0x0000010b2a405a90 code [0x0000010b2a405c20, 0x0000010b2a405d50]
Event: 946.671 Thread 0x0000010b36c38190 13293   !   3       java.security.Provider$Service::newInstance (354 bytes)
Event: 946.750 Thread 0x0000010b36c38190 nmethod 13293 0x0000010b234c6690 code [0x0000010b234c6d20, 0x0000010b234c98e8]
Event: 946.750 Thread 0x0000010b36c24ab0 13298       4       org.gradle.internal.component.external.model.AbstractLazyModuleComponentResolveMetadata::getId (5 bytes)
Event: 946.763 Thread 0x0000010b36c24ab0 nmethod 13298 0x0000010b2a40a110 code [0x0000010b2a40a2a0, 0x0000010b2a40a330]

GC Heap History (20 events):
Event: 258.727 GC heap before
{Heap before GC invocations=30 (full 0):
 garbage-first heap   total 119808K, used 110246K [0x00000000a0000000, 0x0000000100000000)
  region size 1024K, 39 young (39936K), 5 survivors (5120K)
 Metaspace       used 82079K, committed 83968K, reserved 1179648K
  class space    used 11266K, committed 12160K, reserved 1048576K
}
Event: 258.752 GC heap after
{Heap after GC invocations=31 (full 0):
 garbage-first heap   total 119808K, used 77686K [0x00000000a0000000, 0x0000000100000000)
  region size 1024K, 3 young (3072K), 3 survivors (3072K)
 Metaspace       used 82079K, committed 83968K, reserved 1179648K
  class space    used 11266K, committed 12160K, reserved 1048576K
}
Event: 269.036 GC heap before
{Heap before GC invocations=32 (full 0):
 garbage-first heap   total 132096K, used 110454K [0x00000000a0000000, 0x0000000100000000)
  region size 1024K, 35 young (35840K), 3 survivors (3072K)
 Metaspace       used 84817K, committed 86656K, reserved 1179648K
  class space    used 11722K, committed 12608K, reserved 1048576K
}
Event: 269.042 GC heap after
{Heap after GC invocations=33 (full 0):
 garbage-first heap   total 132096K, used 78385K [0x00000000a0000000, 0x0000000100000000)
  region size 1024K, 3 young (3072K), 3 survivors (3072K)
 Metaspace       used 84817K, committed 86656K, reserved 1179648K
  class space    used 11722K, committed 12608K, reserved 1048576K
}
Event: 282.254 GC heap before
{Heap before GC invocations=33 (full 0):
 garbage-first heap   total 132096K, used 122417K [0x00000000a0000000, 0x0000000100000000)
  region size 1024K, 46 young (47104K), 3 survivors (3072K)
 Metaspace       used 88853K, committed 90752K, reserved 1179648K
  class space    used 12376K, committed 13312K, reserved 1048576K
}
Event: 282.264 GC heap after
{Heap after GC invocations=34 (full 0):
 garbage-first heap   total 132096K, used 80067K [0x00000000a0000000, 0x0000000100000000)
  region size 1024K, 5 young (5120K), 5 survivors (5120K)
 Metaspace       used 88853K, committed 90752K, reserved 1179648K
  class space    used 12376K, committed 13312K, reserved 1048576K
}
Event: 294.654 GC heap before
{Heap before GC invocations=34 (full 0):
 garbage-first heap   total 132096K, used 122051K [0x00000000a0000000, 0x0000000100000000)
  region size 1024K, 47 young (48128K), 5 survivors (5120K)
 Metaspace       used 89756K, committed 91776K, reserved 1179648K
  class space    used 12486K, committed 13440K, reserved 1048576K
}
Event: 294.682 GC heap after
{Heap after GC invocations=35 (full 0):
 garbage-first heap   total 132096K, used 83002K [0x00000000a0000000, 0x0000000100000000)
  region size 1024K, 6 young (6144K), 6 survivors (6144K)
 Metaspace       used 89756K, committed 91776K, reserved 1179648K
  class space    used 12486K, committed 13440K, reserved 1048576K
}
Event: 301.977 GC heap before
{Heap before GC invocations=36 (full 0):
 garbage-first heap   total 140288K, used 122938K [0x00000000a0000000, 0x0000000100000000)
  region size 1024K, 45 young (46080K), 6 survivors (6144K)
 Metaspace       used 90065K, committed 92032K, reserved 1179648K
  class space    used 12541K, committed 13504K, reserved 1048576K
}
Event: 301.986 GC heap after
{Heap after GC invocations=37 (full 0):
 garbage-first heap   total 140288K, used 83794K [0x00000000a0000000, 0x0000000100000000)
  region size 1024K, 4 young (4096K), 4 survivors (4096K)
 Metaspace       used 90065K, committed 92032K, reserved 1179648K
  class space    used 12541K, committed 13504K, reserved 1048576K
}
Event: 308.083 GC heap before
{Heap before GC invocations=37 (full 0):
 garbage-first heap   total 140288K, used 130898K [0x00000000a0000000, 0x0000000100000000)
  region size 1024K, 50 young (51200K), 4 survivors (4096K)
 Metaspace       used 92026K, committed 94080K, reserved 1179648K
  class space    used 12871K, committed 13824K, reserved 1048576K
}
Event: 308.091 GC heap after
{Heap after GC invocations=38 (full 0):
 garbage-first heap   total 142336K, used 88724K [0x00000000a0000000, 0x0000000100000000)
  region size 1024K, 7 young (7168K), 7 survivors (7168K)
 Metaspace       used 92026K, committed 94080K, reserved 1179648K
  class space    used 12871K, committed 13824K, reserved 1048576K
}
Event: 363.392 GC heap before
{Heap before GC invocations=38 (full 0):
 garbage-first heap   total 142336K, used 131732K [0x00000000a0000000, 0x0000000100000000)
  region size 1024K, 49 young (50176K), 7 survivors (7168K)
 Metaspace       used 93339K, committed 95424K, reserved 1179648K
  class space    used 13130K, committed 14144K, reserved 1048576K
}
Event: 363.453 GC heap after
{Heap after GC invocations=39 (full 0):
 garbage-first heap   total 142336K, used 91554K [0x00000000a0000000, 0x0000000100000000)
  region size 1024K, 3 young (3072K), 3 survivors (3072K)
 Metaspace       used 93339K, committed 95424K, reserved 1179648K
  class space    used 13130K, committed 14144K, reserved 1048576K
}
Event: 498.809 GC heap before
{Heap before GC invocations=40 (full 0):
 garbage-first heap   total 153600K, used 132514K [0x00000000a0000000, 0x0000000100000000)
  region size 1024K, 43 young (44032K), 3 survivors (3072K)
 Metaspace       used 93396K, committed 95488K, reserved 1179648K
  class space    used 13130K, committed 14144K, reserved 1048576K
}
Event: 498.919 GC heap after
{Heap after GC invocations=41 (full 0):
 garbage-first heap   total 153600K, used 91796K [0x00000000a0000000, 0x0000000100000000)
  region size 1024K, 3 young (3072K), 3 survivors (3072K)
 Metaspace       used 93396K, committed 95488K, reserved 1179648K
  class space    used 13130K, committed 14144K, reserved 1048576K
}
Event: 716.686 GC heap before
{Heap before GC invocations=41 (full 0):
 garbage-first heap   total 153600K, used 142996K [0x00000000a0000000, 0x0000000100000000)
  region size 1024K, 53 young (54272K), 3 survivors (3072K)
 Metaspace       used 93419K, committed 95488K, reserved 1179648K
  class space    used 13131K, committed 14144K, reserved 1048576K
}
Event: 716.887 GC heap after
{Heap after GC invocations=42 (full 0):
 garbage-first heap   total 153600K, used 91600K [0x00000000a0000000, 0x0000000100000000)
  region size 1024K, 3 young (3072K), 3 survivors (3072K)
 Metaspace       used 93419K, committed 95488K, reserved 1179648K
  class space    used 13131K, committed 14144K, reserved 1048576K
}
Event: 946.114 GC heap before
{Heap before GC invocations=42 (full 0):
 garbage-first heap   total 153600K, used 144848K [0x00000000a0000000, 0x0000000100000000)
  region size 1024K, 55 young (56320K), 3 survivors (3072K)
 Metaspace       used 93439K, committed 95552K, reserved 1179648K
  class space    used 13131K, committed 14144K, reserved 1048576K
}
Event: 946.300 GC heap after
{Heap after GC invocations=43 (full 0):
 garbage-first heap   total 153600K, used 92114K [0x00000000a0000000, 0x0000000100000000)
  region size 1024K, 4 young (4096K), 4 survivors (4096K)
 Metaspace       used 93439K, committed 95552K, reserved 1179648K
  class space    used 13131K, committed 14144K, reserved 1048576K
}

Dll operation events (3 events):
Event: 0.013 Loaded shared library C:\Program Files\Android\Android Studio\jbr\bin\java.dll
Event: 0.029 Loaded shared library C:\Program Files\Android\Android Studio\jbr\bin\zip.dll
Event: 1.314 Loaded shared library C:\Program Files\Android\Android Studio\jbr\bin\verify.dll

Deoptimization events (20 events):
Event: 661.844 Thread 0x0000010b36cd5fb0 Uncommon trap: trap_request=0xffffffd6 fr.pc=0x0000010b2a16a92c relative=0x00000000000006ec
Event: 661.844 Thread 0x0000010b36cd5fb0 Uncommon trap: reason=array_check action=maybe_recompile pc=0x0000010b2a16a92c method=java.util.ComparableTimSort.reverseRange([Ljava/lang/Object;II)V @ 20 c2
Event: 661.844 Thread 0x0000010b36cd5fb0 DEOPT PACKING pc=0x0000010b2a16a92c sp=0x00000009821fe650
Event: 661.844 Thread 0x0000010b36cd5fb0 DEOPT UNPACKING pc=0x0000010b299043a2 sp=0x00000009821fe600 mode 2
Event: 678.687 Thread 0x0000010b36cd5fb0 Uncommon trap: trap_request=0xffffffd6 fr.pc=0x0000010b2a6f02a4 relative=0x00000000000008c4
Event: 678.687 Thread 0x0000010b36cd5fb0 Uncommon trap: reason=array_check action=maybe_recompile pc=0x0000010b2a6f02a4 method=java.util.ComparableTimSort.reverseRange([Ljava/lang/Object;II)V @ 27 c2
Event: 678.687 Thread 0x0000010b36cd5fb0 DEOPT PACKING pc=0x0000010b2a6f02a4 sp=0x00000009821fe640
Event: 678.687 Thread 0x0000010b36cd5fb0 DEOPT UNPACKING pc=0x0000010b299043a2 sp=0x00000009821fe600 mode 2
Event: 678.687 Thread 0x0000010b36cd5fb0 Uncommon trap: trap_request=0xffffffd6 fr.pc=0x0000010b2a6f02a4 relative=0x00000000000008c4
Event: 678.687 Thread 0x0000010b36cd5fb0 Uncommon trap: reason=array_check action=maybe_recompile pc=0x0000010b2a6f02a4 method=java.util.ComparableTimSort.reverseRange([Ljava/lang/Object;II)V @ 27 c2
Event: 678.687 Thread 0x0000010b36cd5fb0 DEOPT PACKING pc=0x0000010b2a6f02a4 sp=0x00000009821fe640
Event: 678.687 Thread 0x0000010b36cd5fb0 DEOPT UNPACKING pc=0x0000010b299043a2 sp=0x00000009821fe600 mode 2
Event: 858.023 Thread 0x0000010b36cd4c00 Uncommon trap: trap_request=0xffffffc6 fr.pc=0x0000010b2a0c7ee4 relative=0x0000000000000484
Event: 858.024 Thread 0x0000010b36cd4c00 Uncommon trap: reason=bimorphic_or_optimized_type_check action=maybe_recompile pc=0x0000010b2a0c7ee4 method=com.google.common.collect.NaturalOrdering.compare(Ljava/lang/Comparable;Ljava/lang/Comparable;)I @ 12 c2
Event: 858.024 Thread 0x0000010b36cd4c00 DEOPT PACKING pc=0x0000010b2a0c7ee4 sp=0x00000009827f76c0
Event: 858.027 Thread 0x0000010b36cd4c00 DEOPT UNPACKING pc=0x0000010b299043a2 sp=0x00000009827f75e8 mode 2
Event: 897.378 Thread 0x0000010b36cd4c00 Uncommon trap: trap_request=0xffffffc6 fr.pc=0x0000010b2a0c7ee4 relative=0x0000000000000484
Event: 897.390 Thread 0x0000010b36cd4c00 Uncommon trap: reason=bimorphic_or_optimized_type_check action=maybe_recompile pc=0x0000010b2a0c7ee4 method=com.google.common.collect.NaturalOrdering.compare(Ljava/lang/Comparable;Ljava/lang/Comparable;)I @ 12 c2
Event: 897.390 Thread 0x0000010b36cd4c00 DEOPT PACKING pc=0x0000010b2a0c7ee4 sp=0x00000009827f76c0
Event: 897.411 Thread 0x0000010b36cd4c00 DEOPT UNPACKING pc=0x0000010b299043a2 sp=0x00000009827f75e8 mode 2

Classes loaded (20 events):
Event: 307.899 Loading class java/util/IdentityHashMap$KeyIterator
Event: 307.899 Loading class java/util/IdentityHashMap$IdentityHashMapIterator
Event: 307.900 Loading class java/util/IdentityHashMap$IdentityHashMapIterator done
Event: 307.900 Loading class java/util/IdentityHashMap$KeyIterator done
Event: 310.175 Loading class java/util/concurrent/ConcurrentLinkedQueue$Itr
Event: 310.204 Loading class java/util/concurrent/ConcurrentLinkedQueue$Itr done
Event: 320.653 Loading class java/util/HashMap$EntrySpliterator
Event: 320.660 Loading class java/util/HashMap$EntrySpliterator done
Event: 322.790 Loading class java/time/Clock
Event: 322.796 Loading class java/time/InstantSource
Event: 322.797 Loading class java/time/InstantSource done
Event: 322.797 Loading class java/time/Clock done
Event: 322.800 Loading class java/time/Instant$1
Event: 322.801 Loading class java/time/Instant$1 done
Event: 323.525 Loading class java/util/concurrent/CompletableFuture$AsyncRun
Event: 323.526 Loading class java/util/concurrent/CompletableFuture$AsyncRun done
Event: 323.529 Loading class java/util/concurrent/ForkJoinTask$Aux
Event: 323.531 Loading class java/util/concurrent/ForkJoinTask$Aux done
Event: 324.521 Loading class jdk/internal/math/FormattedFPDecimal
Event: 324.522 Loading class jdk/internal/math/FormattedFPDecimal done

Classes unloaded (0 events):
No events

Classes redefined (0 events):
No events

Internal exceptions (20 events):
Event: 881.313 Thread 0x0000010b36cd4c00 Exception <a 'sun/nio/fs/WindowsException'{0x00000000a6315928}> (0x00000000a6315928) 
thrown [s\src\hotspot\share\prims\jni.cpp, line 537]
Event: 889.000 Thread 0x0000010b36cd6cd0 Exception <a 'sun/nio/fs/WindowsException'{0x00000000a64eb210}> (0x00000000a64eb210) 
thrown [s\src\hotspot\share\prims\jni.cpp, line 537]
Event: 889.009 Thread 0x0000010b36cd6cd0 Exception <a 'sun/nio/fs/WindowsException'{0x00000000a62306e8}> (0x00000000a62306e8) 
thrown [s\src\hotspot\share\prims\jni.cpp, line 537]
Event: 896.315 Thread 0x0000010b36cd4c00 Exception <a 'sun/nio/fs/WindowsException'{0x00000000a62cc5f0}> (0x00000000a62cc5f0) 
thrown [s\src\hotspot\share\prims\jni.cpp, line 537]
Event: 897.973 Thread 0x0000010b36cd4c00 Exception <a 'sun/nio/fs/WindowsException'{0x00000000a62dce10}> (0x00000000a62dce10) 
thrown [s\src\hotspot\share\prims\jni.cpp, line 537]
Event: 899.005 Thread 0x0000010b36cd6cd0 Exception <a 'sun/nio/fs/WindowsException'{0x00000000a625d438}> (0x00000000a625d438) 
thrown [s\src\hotspot\share\prims\jni.cpp, line 537]
Event: 899.054 Thread 0x0000010b36cd6cd0 Exception <a 'sun/nio/fs/WindowsException'{0x00000000a61ba1d0}> (0x00000000a61ba1d0) 
thrown [s\src\hotspot\share\prims\jni.cpp, line 537]
Event: 906.417 Thread 0x0000010b36cd4c00 Exception <a 'sun/nio/fs/WindowsException'{0x00000000a5f5dc60}> (0x00000000a5f5dc60) 
thrown [s\src\hotspot\share\prims\jni.cpp, line 537]
Event: 906.479 Thread 0x0000010b36cd4c00 Exception <a 'sun/nio/fs/WindowsException'{0x00000000a5f71aa0}> (0x00000000a5f71aa0) 
thrown [s\src\hotspot\share\prims\jni.cpp, line 537]
Event: 909.002 Thread 0x0000010b36cd6cd0 Exception <a 'sun/nio/fs/WindowsException'{0x00000000a61e6f10}> (0x00000000a61e6f10) 
thrown [s\src\hotspot\share\prims\jni.cpp, line 537]
Event: 909.116 Thread 0x0000010b36cd6cd0 Exception <a 'sun/nio/fs/WindowsException'{0x00000000a5eb1918}> (0x00000000a5eb1918) 
thrown [s\src\hotspot\share\prims\jni.cpp, line 537]
Event: 918.995 Thread 0x0000010b36cd6cd0 Exception <a 'sun/nio/fs/WindowsException'{0x00000000a5ededd0}> (0x00000000a5ededd0) 
thrown [s\src\hotspot\share\prims\jni.cpp, line 537]
Event: 919.000 Thread 0x0000010b36cd6cd0 Exception <a 'sun/nio/fs/WindowsException'{0x00000000a5ca6218}> (0x00000000a5ca6218) 
thrown [s\src\hotspot\share\prims\jni.cpp, line 537]
Event: 929.004 Thread 0x0000010b36cd6cd0 Exception <a 'sun/nio/fs/WindowsException'{0x00000000a5cd4120}> (0x00000000a5cd4120) 
thrown [s\src\hotspot\share\prims\jni.cpp, line 537]
Event: 929.012 Thread 0x0000010b36cd6cd0 Exception <a 'sun/nio/fs/WindowsException'{0x00000000a5aa97c8}> (0x00000000a5aa97c8) 
thrown [s\src\hotspot\share\prims\jni.cpp, line 537]
Event: 932.665 Thread 0x0000010b36cd4c00 Exception <a 'sun/nio/fs/WindowsException'{0x00000000a595a518}> (0x00000000a595a518) 
thrown [s\src\hotspot\share\prims\jni.cpp, line 537]
Event: 938.999 Thread 0x0000010b36cd6cd0 Exception <a 'sun/nio/fs/WindowsException'{0x00000000a5702cf8}> (0x00000000a5702cf8) 
thrown [s\src\hotspot\share\prims\jni.cpp, line 537]
Event: 939.006 Thread 0x0000010b36cd6cd0 Exception <a 'sun/nio/fs/WindowsException'{0x00000000a5730d50}> (0x00000000a5730d50) 
thrown [s\src\hotspot\share\prims\jni.cpp, line 537]
Event: 946.702 Thread 0x0000010b36cd4c00 Exception <a 'sun/nio/fs/WindowsException'{0x00000000ffa2be78}> (0x00000000ffa2be78) 
thrown [s\src\hotspot\share\prims\jni.cpp, line 537]
Event: 946.776 Thread 0x0000010b36cd4c00 Exception <a 'sun/nio/fs/WindowsException'{0x00000000ffa393b8}> (0x00000000ffa393b8) 
thrown [s\src\hotspot\share\prims\jni.cpp, line 537]

ZGC Phase Switch (0 events):
No events

VM Operations (20 events):
Event: 679.149 Executing VM operation: Cleanup done
Event: 682.164 Executing VM operation: Cleanup
Event: 682.164 Executing VM operation: Cleanup done
Event: 694.240 Executing VM operation: Cleanup
Event: 694.240 Executing VM operation: Cleanup done
Event: 716.684 Executing VM operation: G1CollectForAllocation (G1 Evacuation Pause)
Event: 716.887 Executing VM operation: G1CollectForAllocation (G1 Evacuation Pause) done
Event: 783.255 Executing VM operation: Cleanup
Event: 783.270 Executing VM operation: Cleanup done
Event: 857.753 Executing VM operation: Cleanup
Event: 857.781 Executing VM operation: Cleanup done
Event: 858.783 Executing VM operation: Cleanup
Event: 858.785 Executing VM operation: Cleanup done
Event: 867.831 Executing VM operation: Cleanup
Event: 867.831 Executing VM operation: Cleanup done
Event: 879.909 Executing VM operation: Cleanup
Event: 880.411 Executing VM operation: Cleanup done
Event: 946.113 Executing VM operation: G1CollectForAllocation (G1 Evacuation Pause)
Event: 946.300 Executing VM operation: G1CollectForAllocation (G1 Evacuation Pause) done
Event: 946.893 Executing VM operation: G1PauseRemark

Memory protections (0 events):
No events

Nmethod flushes (20 events):
Event: 947.508 Thread 0x0000010b36a73950 flushing  nmethod 0x0000010b22ab9f90
Event: 947.510 Thread 0x0000010b36a73950 flushing  nmethod 0x0000010b22aba790
Event: 947.510 Thread 0x0000010b36a73950 flushing  nmethod 0x0000010b22abbe10
Event: 947.510 Thread 0x0000010b36a73950 flushing  nmethod 0x0000010b22b8ba90
Event: 947.513 Thread 0x0000010b36a73950 flushing  nmethod 0x0000010b22b8f290
Event: 947.513 Thread 0x0000010b36a73950 flushing  nmethod 0x0000010b22c77990
Event: 947.513 Thread 0x0000010b36a73950 flushing  nmethod 0x0000010b22d60a10
Event: 947.515 Thread 0x0000010b36a73950 flushing  nmethod 0x0000010b22d61490
Event: 947.515 Thread 0x0000010b36a73950 flushing  nmethod 0x0000010b22d8d090
Event: 947.515 Thread 0x0000010b36a73950 flushing  nmethod 0x0000010b22d8de10
Event: 947.515 Thread 0x0000010b36a73950 flushing  nmethod 0x0000010b22e3ee90
Event: 947.515 Thread 0x0000010b36a73950 flushing  nmethod 0x0000010b22f25a90
Event: 947.517 Thread 0x0000010b36a73950 flushing  nmethod 0x0000010b22f2db90
Event: 947.517 Thread 0x0000010b36a73950 flushing  nmethod 0x0000010b22ff1710
Event: 947.518 Thread 0x0000010b36a73950 flushing  nmethod 0x0000010b234cf690
Event: 947.518 Thread 0x0000010b36a73950 flushing  nmethod 0x0000010b234cfa90
Event: 947.519 Thread 0x0000010b36a73950 flushing  nmethod 0x0000010b234d0f10
Event: 947.519 Thread 0x0000010b36a73950 flushing  nmethod 0x0000010b2361e710
Event: 947.519 Thread 0x0000010b36a73950 flushing  nmethod 0x0000010b2361ef90
Event: 947.519 Thread 0x0000010b36a73950 flushing  nmethod 0x0000010b23627910

Events (20 events):
Event: 324.027 Thread 0x0000010b36cd5290 Thread added: 0x0000010b3f9124a0
Event: 324.207 Thread 0x0000010b36cd5290 Thread added: 0x0000010b3f9103d0
Event: 324.510 Thread 0x0000010b36cd4c00 Thread added: 0x0000010b3f912b30
Event: 324.539 Thread 0x0000010b36cd4c00 Thread added: 0x0000010b3f911780
Event: 324.554 Thread 0x0000010b36cd4c00 Thread added: 0x0000010b3f911e10
Event: 324.935 Thread 0x0000010b36cd4c00 Thread added: 0x0000010b3f913850
Event: 324.967 Thread 0x0000010b36cd4c00 Thread added: 0x0000010b3f913ee0
Event: 325.716 Thread 0x0000010b36cd4c00 Thread added: 0x0000010b3f910a60
Event: 325.922 Thread 0x0000010b36cd4c00 Thread added: 0x0000010b3f9179f0
Event: 325.943 Thread 0x0000010b36cd4c00 Thread added: 0x0000010b3f915920
Event: 370.242 Thread 0x0000010b40834fe0 Thread exited: 0x0000010b40834fe0
Event: 383.719 Thread 0x0000010b3f9131c0 Thread exited: 0x0000010b3f9131c0
Event: 654.037 Thread 0x0000010b36c24ab0 Thread added: 0x0000010b36d98b00
Event: 658.393 Thread 0x0000010b36d98b00 Thread exited: 0x0000010b36d98b00
Event: 658.669 Thread 0x0000010b36c24ab0 Thread added: 0x0000010b36d98b00
Event: 658.670 Thread 0x0000010b36c24ab0 Thread added: 0x0000010b3e5ab370
Event: 665.731 Thread 0x0000010b3e5ab370 Thread exited: 0x0000010b3e5ab370
Event: 670.736 Thread 0x0000010b36d98b00 Thread exited: 0x0000010b36d98b00
Event: 845.986 Thread 0x0000010b36c38190 Thread added: 0x0000010b36d98b00
Event: 850.997 Thread 0x0000010b36d98b00 Thread exited: 0x0000010b36d98b00


Dynamic libraries:
0x00007ff791760000 - 0x00007ff79176a000 	C:\Program Files\Android\Android Studio\jbr\bin\java.exe
0x00007fffa4360000 - 0x00007fffa45c6000 	C:\WINDOWS\SYSTEM32\ntdll.dll
0x00007fffa2370000 - 0x00007fffa2439000 	C:\WINDOWS\System32\KERNEL32.DLL
0x00007fffa1b50000 - 0x00007fffa1f4f000 	C:\WINDOWS\System32\KERNELBASE.dll
0x00007fffa1600000 - 0x00007fffa174c000 	C:\WINDOWS\System32\ucrtbase.dll
0x00007fff71350000 - 0x00007fff71368000 	C:\Program Files\Android\Android Studio\jbr\bin\jli.dll
0x00007fff71330000 - 0x00007fff7134b000 	C:\Program Files\Android\Android Studio\jbr\bin\VCRUNTIME140.dll
0x00007fffa2150000 - 0x00007fffa2316000 	C:\WINDOWS\System32\USER32.dll
0x00007fff859f0000 - 0x00007fff85c81000 	C:\WINDOWS\WinSxS\amd64_microsoft.windows.common-controls_6595b64144ccf1df_6.0.26100.8972_none_3e0da176e32f9d4b\COMCTL32.dll
0x00007fffa19b0000 - 0x00007fffa19d7000 	C:\WINDOWS\System32\win32u.dll
0x00007fffa40d0000 - 0x00007fffa4179000 	C:\WINDOWS\System32\msvcrt.dll
0x00007fffa2340000 - 0x00007fffa236b000 	C:\WINDOWS\System32\GDI32.dll
0x00007fffa1f60000 - 0x00007fffa2089000 	C:\WINDOWS\System32\gdi32full.dll
0x00007fffa1aa0000 - 0x00007fffa1b43000 	C:\WINDOWS\System32\msvcp_win.dll
0x00007fffa4180000 - 0x00007fffa41b2000 	C:\WINDOWS\System32\IMM32.DLL
0x00007fff96e60000 - 0x00007fff96e6c000 	C:\Program Files\Android\Android Studio\jbr\bin\vcruntime140_1.dll
0x00007fff47b70000 - 0x00007fff47bfd000 	C:\Program Files\Android\Android Studio\jbr\bin\msvcp140.dll
0x00007ffee73c0000 - 0x00007ffee8056000 	C:\Program Files\Android\Android Studio\jbr\bin\server\jvm.dll
0x00007fffa2570000 - 0x00007fffa262c000 	C:\WINDOWS\System32\ADVAPI32.dll
0x00007fffa3e90000 - 0x00007fffa3f3a000 	C:\WINDOWS\System32\sechost.dll
0x00007fffa31f0000 - 0x00007fffa3308000 	C:\WINDOWS\System32\RPCRT4.dll
0x00007fffa3100000 - 0x00007fffa3182000 	C:\WINDOWS\System32\WS2_32.dll
0x00007fffa13d0000 - 0x00007fffa142e000 	C:\WINDOWS\SYSTEM32\POWRPROF.dll
0x00007fff97290000 - 0x00007fff9729b000 	C:\WINDOWS\SYSTEM32\VERSION.dll
0x00007fff92d00000 - 0x00007fff92d36000 	C:\WINDOWS\SYSTEM32\WINMM.dll
0x00007fffa13b0000 - 0x00007fffa13c5000 	C:\WINDOWS\SYSTEM32\UMPDC.dll
0x00007fffa0260000 - 0x00007fffa027b000 	C:\WINDOWS\SYSTEM32\kernel.appcore.dll
0x00007fff72090000 - 0x00007fff7209a000 	C:\Program Files\Android\Android Studio\jbr\bin\jimage.dll
0x00007fff9ebc0000 - 0x00007fff9ee02000 	C:\WINDOWS\SYSTEM32\DBGHELP.DLL
0x00007fffa2640000 - 0x00007fffa29c5000 	C:\WINDOWS\System32\combase.dll
0x00007fffa29d0000 - 0x00007fffa2aa9000 	C:\WINDOWS\System32\OLEAUT32.dll
0x00007fff83f70000 - 0x00007fff83fab000 	C:\WINDOWS\SYSTEM32\dbgcore.DLL
0x00007fffa18f0000 - 0x00007fffa199c000 	C:\WINDOWS\System32\bcryptPrimitives.dll
0x00007fff71770000 - 0x00007fff7177e000 	C:\Program Files\Android\Android Studio\jbr\bin\instrument.dll
0x00007fff70960000 - 0x00007fff70980000 	C:\Program Files\Android\Android Studio\jbr\bin\java.dll
0x00007fff633b0000 - 0x00007fff633c8000 	C:\Program Files\Android\Android Studio\jbr\bin\zip.dll
0x00007fffa34f0000 - 0x00007fffa3c78000 	C:\WINDOWS\System32\SHELL32.dll
0x00007fff9eff0000 - 0x00007fff9f88b000 	C:\WINDOWS\SYSTEM32\windows.storage.dll
0x00007fffa3f40000 - 0x00007fffa4039000 	C:\WINDOWS\System32\SHCORE.dll
0x00007fffa3c80000 - 0x00007fffa3ce6000 	C:\WINDOWS\System32\shlwapi.dll
0x00007fffa1490000 - 0x00007fffa14b9000 	C:\WINDOWS\SYSTEM32\profapi.dll
0x00007fff70950000 - 0x00007fff70960000 	C:\Program Files\Android\Android Studio\jbr\bin\net.dll
0x00007fff988d0000 - 0x00007fff989f8000 	C:\WINDOWS\SYSTEM32\WINHTTP.dll
0x00007fffa0810000 - 0x00007fffa087c000 	C:\WINDOWS\system32\mswsock.dll
0x00007fff5a770000 - 0x00007fff5a786000 	C:\Program Files\Android\Android Studio\jbr\bin\nio.dll
0x00007fff70b70000 - 0x00007fff70b80000 	C:\Program Files\Android\Android Studio\jbr\bin\verify.dll
0x00007fff71700000 - 0x00007fff71727000 	C:\Users\admoi\.gradle\native\1def1411415f61bf3af743bc5b6707747c0891f09f0c88961ee8f79bc544acac\windows-amd64\native-platform.dll
0x00007fff4ddd0000 - 0x00007fff4de48000 	C:\Users\admoi\.gradle\native\0.2.7\x86_64-windows-gnu\gradle-fileevents.dll
0x00007fff70b60000 - 0x00007fff70b69000 	C:\Program Files\Android\Android Studio\jbr\bin\management.dll
0x00007fff6cd90000 - 0x00007fff6cd9b000 	C:\Program Files\Android\Android Studio\jbr\bin\management_ext.dll
0x00007fffa41e0000 - 0x00007fffa41e8000 	C:\WINDOWS\System32\PSAPI.DLL
0x00007fff9fbe0000 - 0x00007fff9fc13000 	C:\WINDOWS\SYSTEM32\IPHLPAPI.DLL
0x00007fffa2560000 - 0x00007fffa256a000 	C:\WINDOWS\System32\NSI.dll
0x00007fff633a0000 - 0x00007fff633a9000 	C:\Program Files\Android\Android Studio\jbr\bin\extnet.dll
0x00007fffa0b00000 - 0x00007fffa0b1b000 	C:\WINDOWS\SYSTEM32\CRYPTSP.dll
0x00007fffa01c0000 - 0x00007fffa01f9000 	C:\WINDOWS\system32\rsaenh.dll
0x00007fffa08c0000 - 0x00007fffa08f2000 	C:\WINDOWS\SYSTEM32\USERENV.dll
0x00007fffa1460000 - 0x00007fffa148a000 	C:\WINDOWS\SYSTEM32\bcrypt.dll
0x00007fffa0b20000 - 0x00007fffa0b2c000 	C:\WINDOWS\SYSTEM32\CRYPTBASE.dll
0x00007fff94040000 - 0x00007fff94048000 	C:\WINDOWS\system32\wshunix.dll

JVMTI agents:
C:\Users\admoi\.gradle\wrapper\dists\gradle-8.14.3-all\10utluxaxniiv4wxiphsi49nj\gradle-8.14.3\lib\agents\gradle-instrumentation-agent-8.14.3.jar path:C:\Program Files\Android\Android Studio\jbr\bin\instrument.dll, loaded, initialized, instrumentlib options:none

dbghelp: loaded successfully - version: 4.0.5 - missing functions: none
symbol engine: initialized successfully - sym options: 0x614 - pdb path: .;C:\Program Files\Android\Android Studio\jbr\bin;C:\WINDOWS\SYSTEM32;C:\WINDOWS\WinSxS\amd64_microsoft.windows.common-controls_6595b64144ccf1df_6.0.26100.8972_none_3e0da176e32f9d4b;C:\Program Files\Android\Android Studio\jbr\bin\server;C:\Users\admoi\.gradle\native\1def1411415f61bf3af743bc5b6707747c0891f09f0c88961ee8f79bc544acac\windows-amd64;C:\Users\admoi\.gradle\native\0.2.7\x86_64-windows-gnu

VM Arguments:
jvm_args: --add-opens=java.base/java.lang=ALL-UNNAMED --add-opens=java.base/java.lang.invoke=ALL-UNNAMED --add-opens=java.base/java.util=ALL-UNNAMED --add-opens=java.prefs/java.util.prefs=ALL-UNNAMED --add-exports=jdk.compiler/com.sun.tools.javac.api=ALL-UNNAMED --add-exports=jdk.compiler/com.sun.tools.javac.util=ALL-UNNAMED --add-opens=java.base/java.util=ALL-UNNAMED --add-opens=java.prefs/java.util.prefs=ALL-UNNAMED --add-opens=java.base/java.nio.charset=ALL-UNNAMED --add-opens=java.base/java.net=ALL-UNNAMED --add-opens=java.base/java.util.concurrent.atomic=ALL-UNNAMED --add-opens=java.xml/javax.xml.namespace=ALL-UNNAMED -Xmx1536m -Dfile.encoding=UTF-8 -Duser.country=US -Duser.language=en -Duser.variant -javaagent:C:\Users\admoi\.gradle\wrapper\dists\gradle-8.14.3-all\10utluxaxniiv4wxiphsi49nj\gradle-8.14.3\lib\agents\gradle-instrumentation-agent-8.14.3.jar 
java_command: org.gradle.launcher.daemon.bootstrap.GradleDaemon 8.14.3
java_class_path (initial): C:\Users\admoi\.gradle\wrapper\dists\gradle-8.14.3-all\10utluxaxniiv4wxiphsi49nj\gradle-8.14.3\lib\gradle-daemon-main-8.14.3.jar
Launcher Type: SUN_STANDARD

[Global flags]
     intx CICompilerCount                          = 12                                        {product} {ergonomic}
     uint ConcGCThreads                            = 3                                         {product} {ergonomic}
     uint G1ConcRefinementThreads                  = 13                                        {product} {ergonomic}
   size_t G1HeapRegionSize                         = 1048576                                   {product} {ergonomic}
    uintx GCDrainStackTargetSize                   = 64                                        {product} {ergonomic}
   size_t InitialHeapSize                          = 264241152                                 {product} {ergonomic}
   size_t MarkStackSize                            = 4194304                                   {product} {ergonomic}
   size_t MaxHeapSize                              = 1610612736                                {product} {command line}
   size_t MaxNewSize                               = 965738496                                 {product} {ergonomic}
   size_t MinHeapDeltaBytes                        = 1048576                                   {product} {ergonomic}
   size_t MinHeapSize                              = 8388608                                   {product} {ergonomic}
    uintx NonNMethodCodeHeapSize                   = 7602480                                {pd product} {ergonomic}
    uintx NonProfiledCodeHeapSize                  = 122027880                              {pd product} {ergonomic}
    uintx ProfiledCodeHeapSize                     = 122027880                              {pd product} {ergonomic}
    uintx ReservedCodeCacheSize                    = 251658240                              {pd product} {ergonomic}
     bool SegmentedCodeCache                       = true                                      {product} {ergonomic}
   size_t SoftMaxHeapSize                          = 1610612736                             {manageable} {ergonomic}
     bool UseCompressedOops                        = true                           {product lp64_product} {ergonomic}
     bool UseG1GC                                  = true                                      {product} {ergonomic}
     bool UseLargePagesIndividualAllocation        = false                                  {pd product} {ergonomic}

Logging:
Log output configuration:
 #0: stdout all=warning uptime,level,tags foldmultilines=false
 #1: stderr all=off uptime,level,tags foldmultilines=false

Release file:
JAVA_VERSION="21.0.9" 
MODULES="java.base java.compiler java.datatransfer java.xml java.prefs java.desktop java.instrument java.logging java.management java.security.sasl java.naming java.rmi java.management.rmi java.net.http java.scripting java.security.jgss java.transaction.xa java.sql java.sql.rowset java.xml.crypto java.se java.smartcardio jdk.accessibility jdk.internal.jvmstat jdk.attach jdk.charsets jdk.internal.opt jdk.zipfs jdk.compiler jdk.crypto.ec jdk.crypto.cryptoki jdk.dynalink jdk.hotspot.agent jdk.httpserver jdk.internal.ed jdk.internal.le jdk.internal.vm.ci jdk.jartool jdk.javadoc jdk.jcmd jdk.jdeps jdk.jdwp.agent jdk.jdi jdk.jfr jdk.jlink jdk.jsobject jdk.localedata jdk.management jdk.management.agent jdk.management.jfr jdk.naming.dns jdk.naming.rmi jdk.net jdk.sctp jdk.security.auth jdk.security.jgss jdk.unsupported jdk.unsupported.desktop jdk.xml.dom" 
IMPLEMENTOR="JetBrains s.r.o." 
JAVA_RUNTIME_VERSION="21.0.9+-14787801-b1163.94" 
LIBC="default" 
OS_ARCH="x86_64" 
OS_NAME="Windows" 
SOURCE=".:git:0c757ddc9f2f" 

Environment Variables:
PATH=C:\Users\admoi\AppData\Local\cloud-code\installer\google-cloud-sdk\bin;C:\Python314\Scripts\;C:\Python314\;C:\Program Files\Common Files\Oracle\Java\javapath;C:\WINDOWS\system32;C:\WINDOWS;C:\WINDOWS\System32\Wbem;C:\WINDOWS\System32\WindowsPowerShell\v1.0\;C:\WINDOWS\System32\OpenSSH\;C:\Program Files\Microsoft SQL Server\150\Tools\Binn\;C:\Program Files\Microsoft SQL Server\Client SDK\ODBC\170\Tools\Binn\;C:\Program Files\dotnet\;C:\Program Files (x86)\Windows Kits\10\Windows Performance Toolkit\;C:\Program Files (x86)\Microsoft SQL Server\160\Tools\Binn\;C:\Program Files\Microsoft SQL Server\160\Tools\Binn\;C:\Program Files\Microsoft SQL Server\160\DTS\Binn\;C:\Program Files\Docker\Docker\resources\bin;C:\Program Files\nodejs\;C:\ProgramData\chocolatey\bin;C:\xampp\php;C:\composer;C:\Program Files\Git\cmd;C:\Program Files\GitHub CLI\;C:\Python314\Scripts\;C:\Python314\;C:\Program Files\Common Files\Oracle\Java\javapath;C:\WINDOWS\system32;C:\WINDOWS;C:\WINDOWS\System32\Wbem;C:\WINDOWS\System32\WindowsPowerShell\v1.0\;C:\WINDOWS\System32\OpenSSH\;C:\Program Files\Microsoft SQL Server\150\Tools\Binn\;C:\Program Files\Microsoft SQL Server\Client SDK\ODBC\170\Tools\Binn\;C:\Program Files\dotnet\;C:\Program Files (x86)\Windows Kits\10\Windows Performance Toolkit\;C:\Program Files (x86)\Microsoft SQL Server\160\Tools\Binn\;C:\Program Files\Microsoft SQL Server\160\Tools\Binn\;C:\Program Files\Microsoft SQL Server\160\DTS\Binn\;C:\Program Files\Arduino PLC IDE Tools\;C:\Program Files\Docker\Docker\resources\bin;C:\Program Files\nodejs\;C:\ProgramData\chocolatey\bin;C:\xampp\php;C:\composer;C:\Program Files\Git\cmd;C:\Program Files\GitHub CLI\;c:\Users\admoi\AppData\Roaming\Code\User\globalStorage\github.copilot-chat\debugCommand;c:\Users\admoi\AppData\Roaming\Code\User\globalStorage\github.copilot-chat\copilotCli;D:\Microsoft VS Code;C:\Python314\Scripts\;C:\Python314\;C:\Program Files\Common Files\Oracle\Java\javapath;C:\WINDOWS\system32;C:\WINDOWS;C:\WINDOWS\System32\Wbem;C:\WINDOWS\System32\WindowsPowerShell\v1.0\;C:\WINDOWS\System32\OpenSSH\;C:\Program Files\Microsoft SQL Server\150\Tools\Binn\;C:\Program Files\Microsoft SQL Server\Client SDK\ODBC\170\Tools\Binn\;C:\Program Files\dotnet\;C:\Program Files (x86)\Windows Kits\10\Windows Performance Toolkit\;C:\Program Files (x86)\Microsoft SQL Server\160\Tools\Binn\;C:\Program Files\Microsoft SQL Server\160\Tools\Binn\;C:\Program Files\Microsoft SQL Server\160\DTS\Binn\;C:\Program Files\Arduino PLC IDE Tools\;C:\Program Files\Docker\Docker\resources\bin;C:\Program Files\nodejs\;C:\ProgramData\chocolatey\bin;C:\xampp\php;C:\composer;C:\Program Files\Git\cmd;C:\Users\admoi\AppData\Local\Microsoft\WindowsApps;;D:\IntelliJ IDEA 2025.1.1.1\bin;;D:\Microsoft VS Code\bin;C:\Users\admoi\.dotnet\tools;C:\Users\admoi\AppData\Local\Programs\mongosh\;D:\Antigravity\bin;C:\Users\admoi\AppData\Roaming\npm;C:\Users\admoi\AppData\Roaming\Composer\vendor\bin;C:\Users\admoi\.local\bin;C:\flutter\flutter\bin;C:\flutter\flutter\bin;;C:\flutter\flutter\bin;C:\Program Files (x86)\NVIDIA Corporation\PhysX\Common;C:\Program Files\NVIDIA Corporation\NVIDIA App\NvDLISR;C:\Program Files (x86)\Microsoft SQL Server\160\DTS\Binn\;D:\bin;C:\Program Files (x86)\cloudflared\;C:\Program Files\Microsoft SQL Server\170\Tools\Binn\
USERNAME=admoi
OS=Windows_NT
PROCESSOR_IDENTIFIER=Intel64 Family 6 Model 154 Stepping 3, GenuineIntel
TMP=C:\Users\admoi\AppData\Local\Temp
TEMP=C:\Users\admoi\AppData\Local\Temp




Periodic native trim disabled

JNI global refs:
JNI global refs: 34, weak refs: 0

JNI global refs memory usage: 835, weak refs: 833

Process memory usage:
Resident Set Size: 179152K (1% of 16436640K total physical memory with 521800K free physical memory)

OOME stack traces (most recent first):
Classloader memory used:
Loader org.gradle.internal.classloader.VisitableURLClassLoader                         : 35987K
Loader bootstrap                                                                       : 26637K
Loader org.gradle.internal.classloader.VisitableURLClassLoader$InstrumentingVisitableURLClassLoader: 19228K
Loader org.gradle.initialization.MixInLegacyTypesClassLoader                           : 10247K
Loader jdk.internal.loader.ClassLoaders$PlatformClassLoader                            : 525K
Loader org.gradle.groovy.scripts.internal.DefaultScriptCompilationHandler$ScriptClassLoader: 488K
Loader jdk.internal.loader.ClassLoaders$AppClassLoader                                 : 235K
Loader jdk.internal.reflect.DelegatingClassLoader                                      : 53040B
Loader org.codehaus.groovy.runtime.callsite.CallSiteClassLoader                        : 43040B

Classes loaded by more than one classloader:
Class com.google.common.base.PairwiseEquivalence                                      : loaded 2 times (x 83B)
Class com.google.common.base.Equivalence$Identity                                     : loaded 2 times (x 82B)
Class com.google.common.collect.RegularImmutableMap$KeySet                            : loaded 2 times (x 152B)
Class org.gradle.internal.classloader.FilteringClassLoader                            : loaded 2 times (x 105B)
Class [Lcom.google.common.base.AbstractIterator$State;                                : loaded 2 times (x 69B)
Class com.google.common.base.CharMatcher$IsEither                                     : loaded 2 times (x 111B)
Class org.gradle.internal.classloader.ClassLoaderHierarchy                            : loaded 2 times (x 70B)
Class com.google.common.collect.ImmutableEnumSet                                      : loaded 2 times (x 146B)
Class com.google.common.util.concurrent.ExecutionError                                : loaded 2 times (x 82B)
Class com.google.common.collect.ImmutableList$1                                       : loaded 2 times (x 97B)
Class org.gradle.api.internal.classpath.ManifestUtil                                  : loaded 2 times (x 71B)
Class com.google.common.collect.RegularImmutableMap                                   : loaded 2 times (x 121B)
Class com.google.common.collect.ImmutableMap$MapViewOfValuesAsSingletonSets           : loaded 2 times (x 126B)
Class [Lorg.objectweb.asm.Symbol;                                                     : loaded 2 times (x 69B)
Class org.objectweb.asm.ClassVisitor                                                  : loaded 2 times (x 88B)
Class com.google.common.collect.UnmodifiableListIterator                              : loaded 2 times (x 95B)
Class com.google.common.base.Platform$JdkPatternCompiler                              : loaded 2 times (x 75B)
Class org.objectweb.asm.MethodTooLargeException                                       : loaded 2 times (x 83B)
Class [Lcom.google.common.cache.CacheBuilder$OneWeigher;                              : loaded 2 times (x 69B)
Class com.google.common.base.Suppliers                                                : loaded 2 times (x 71B)
Class org.gradle.internal.classloader.DefaultClassLoaderFactory                       : loaded 2 times (x 82B)
Class com.google.common.base.CharMatcher$None                                         : loaded 2 times (x 112B)
Class org.gradle.internal.classloader.ClassLoaderVisitor                              : loaded 2 times (x 76B)
Class [Lcom.google.common.collect.ImmutableMapEntry;                                  : loaded 2 times (x 69B)
Class org.gradle.api.internal.classpath.EffectiveClassPath                            : loaded 2 times (x 90B)
Class com.google.common.collect.ListMultimap                                          : loaded 2 times (x 70B)
Class com.google.common.collect.ImmutableEnumMap                                      : loaded 2 times (x 126B)
Class com.google.common.base.Splitter                                                 : loaded 2 times (x 72B)
Class com.google.common.collect.Sets$1                                                : loaded 2 times (x 139B)
Class org.objectweb.asm.AnnotationVisitor                                             : loaded 2 times (x 78B)
Class org.gradle.api.internal.DefaultClassPathProvider                                : loaded 2 times (x 76B)
Class com.google.common.collect.Sets$2                                                : loaded 2 times (x 139B)
Class [Lorg.gradle.api.internal.ClassPathProvider;                                    : loaded 2 times (x 69B)
Class org.gradle.api.internal.ClassPathProvider                                       : loaded 2 times (x 70B)
Class com.google.common.base.AbstractIterator$State                                   : loaded 2 times (x 79B)
Class [Lorg.objectweb.asm.AnnotationVisitor;                                          : loaded 2 times (x 69B)
Class com.google.common.collect.Sets$3                                                : loaded 2 times (x 139B)
Class com.google.common.cache.LocalCache$LocalLoadingCache                            : loaded 2 times (x 134B)
Class org.gradle.internal.service.UnknownServiceException                             : loaded 2 times (x 83B)
Class com.google.common.collect.Sets$4                                                : loaded 2 times (x 139B)
Class org.objectweb.asm.ModuleVisitor                                                 : loaded 2 times (x 81B)
Class com.google.common.cache.LocalCache$Strength$1                                   : loaded 2 times (x 81B)
Class com.google.common.util.concurrent.SettableFuture                                : loaded 2 times (x 114B)
Class com.google.common.cache.LocalCache$Strength$2                                   : loaded 2 times (x 81B)
Class com.google.common.base.Splitter$1                                               : loaded 2 times (x 77B)
Class com.google.common.cache.LocalCache$Strength$3                                   : loaded 2 times (x 81B)
Class com.google.common.collect.MapDifference                                         : loaded 2 times (x 70B)
Class org.objectweb.asm.FieldWriter                                                   : loaded 2 times (x 78B)
Class com.google.common.cache.CacheBuilder$NullListener                               : loaded 2 times (x 82B)
Class org.gradle.internal.classpath.TransformedClassPath                              : loaded 2 times (x 96B)
Class org.gradle.internal.classloader.InstrumentingClassLoader                        : loaded 2 times (x 70B)
Class com.google.common.cache.CacheLoader$FunctionToCacheLoader                       : loaded 2 times (x 75B)
Class com.google.common.collect.Iterators$ArrayItr                                    : loaded 2 times (x 97B)
Class com.google.common.collect.ImmutableCollection$Builder                           : loaded 2 times (x 76B)
Class com.google.common.base.Joiner                                                   : loaded 2 times (x 79B)
Class com.google.common.base.MoreObjects                                              : loaded 2 times (x 71B)
Class com.google.common.collect.Platform                                              : loaded 2 times (x 71B)
Class [Lorg.objectweb.asm.Type;                                                       : loaded 2 times (x 69B)
Class com.google.common.collect.UnmodifiableIterator                                  : loaded 2 times (x 80B)
Class org.gradle.internal.service.ServiceLocator                                      : loaded 2 times (x 70B)
Class com.google.common.base.Ascii                                                    : loaded 2 times (x 71B)
Class com.google.common.collect.SingletonImmutableBiMap                               : loaded 2 times (x 143B)
Class com.google.common.cache.LocalCache$1                                            : loaded 2 times (x 89B)
Class com.google.common.collect.Iterators$SingletonIterator                           : loaded 2 times (x 81B)
Class com.google.common.collect.AbstractMapEntry                                      : loaded 2 times (x 81B)
Class com.google.common.collect.Sets$ImprovedAbstractSet                              : loaded 2 times (x 135B)
Class com.google.common.collect.ImmutableList$Builder                                 : loaded 2 times (x 77B)
Class com.google.common.collect.AbstractMultimap                                      : loaded 2 times (x 123B)
Class com.google.common.cache.LocalCache$2                                            : loaded 2 times (x 142B)
Class com.google.common.collect.RegularImmutableAsList                                : loaded 2 times (x 217B)
Class com.google.common.util.concurrent.AbstractFuture$Trusted                        : loaded 2 times (x 70B)
Class com.google.common.collect.Iterators                                             : loaded 2 times (x 71B)
Class com.google.common.collect.Lists$StringAsImmutableList                           : loaded 2 times (x 207B)
Class com.google.common.util.concurrent.UncheckedExecutionException                   : loaded 2 times (x 82B)
Class org.gradle.internal.InternalTransformer                                         : loaded 2 times (x 70B)
Class com.google.common.collect.AbstractMapBasedMultimap$KeySet$1                     : loaded 2 times (x 82B)
Class org.objectweb.asm.ClassWriter                                                   : loaded 2 times (x 106B)
Class com.google.common.cache.CacheLoader$UnsupportedLoadingOperationException        : loaded 2 times (x 82B)
Class com.google.common.base.CharMatcher$And                                          : loaded 2 times (x 112B)
Class org.gradle.internal.classloader.ClasspathUtil$1                                 : loaded 2 times (x 76B)
Class org.objectweb.asm.FieldVisitor                                                  : loaded 2 times (x 77B)
Class com.google.common.collect.IndexedImmutableSet                                   : loaded 2 times (x 152B)
Class com.google.common.collect.ImmutableMap$1                                        : loaded 2 times (x 81B)
Class com.google.common.collect.BiMap                                                 : loaded 2 times (x 70B)
Class org.gradle.api.internal.classpath.DefaultModuleRegistry$DefaultModule           : loaded 2 times (x 86B)
Class com.google.common.primitives.Ints                                               : loaded 2 times (x 71B)
Class com.google.common.collect.AbstractIterator                                      : loaded 2 times (x 82B)
Class com.google.common.collect.ObjectArrays                                          : loaded 2 times (x 71B)
Class com.google.common.collect.Multiset                                              : loaded 2 times (x 70B)
Class com.google.common.collect.ArrayListMultimapGwtSerializationDependencies         : loaded 2 times (x 172B)
Class com.google.common.collect.AbstractIndexedListIterator                           : loaded 2 times (x 96B)
Class com.google.common.math.MathPreconditions                                        : loaded 2 times (x 71B)
Class com.google.common.collect.ImmutableMapEntrySet                                  : loaded 2 times (x 152B)
Class org.gradle.api.internal.classpath.Module                                        : loaded 2 times (x 70B)
Class com.google.common.cache.Weigher                                                 : loaded 2 times (x 70B)
Class org.gradle.api.internal.classpath.UnknownModuleException                        : loaded 2 times (x 82B)
Class build_pb5yo0u2lfltsct7l7n5yu72                                                  : loaded 2 times (x 180B)
Class com.google.common.base.Stopwatch                                                : loaded 2 times (x 72B)
Class com.google.common.cache.LocalCache$Strength                                     : loaded 2 times (x 81B)
Class com.google.common.cache.Cache                                                   : loaded 2 times (x 70B)
Class com.google.common.base.NullnessCasts                                            : loaded 2 times (x 71B)
Class com.google.common.util.concurrent.AbstractFuture$Cancellation                   : loaded 2 times (x 72B)
Class com.google.common.collect.ImmutableMap$Builder                                  : loaded 2 times (x 82B)
Class com.google.common.cache.RemovalListener                                         : loaded 2 times (x 70B)
Class org.gradle.api.internal.DefaultClassPathRegistry                                : loaded 2 times (x 76B)
Class com.google.common.primitives.IntsMethodsForWeb                                  : loaded 2 times (x 71B)
Class com.google.common.collect.Multimap                                              : loaded 2 times (x 70B)
Class org.gradle.api.internal.ClassPathRegistry                                       : loaded 2 times (x 70B)
Class org.gradle.internal.classpath.DefaultClassPath$ImmutableUniqueList              : loaded 2 times (x 199B)
Class build_pb5yo0u2lfltsct7l7n5yu72$_run_closure1                                    : loaded 2 times (x 139B)
Class com.google.common.cache.CacheBuilder                                            : loaded 2 times (x 72B)
Class com.google.common.collect.SingletonImmutableList                                : loaded 2 times (x 207B)
Class org.gradle.internal.classpath.ClassPath                                         : loaded 2 times (x 70B)
Class org.gradle.api.UncheckedIOException                                             : loaded 2 times (x 82B)
Class com.google.common.base.JdkPattern                                               : loaded 2 times (x 75B)
Class com.google.common.collect.ImmutableList$ReverseImmutableList                    : loaded 2 times (x 209B)
Class org.objectweb.asm.SymbolTable$Entry                                             : loaded 2 times (x 74B)
Class org.objectweb.asm.Edge                                                          : loaded 2 times (x 72B)
Class com.google.common.base.Suppliers$SupplierOfInstance                             : loaded 2 times (x 79B)
Class com.google.common.collect.Iterators$1                                           : loaded 2 times (x 81B)
Class com.google.common.cache.LocalCache$ComputingValueReference                      : loaded 2 times (x 96B)
Class com.google.common.collect.SingletonImmutableSet                                 : loaded 2 times (x 146B)
Class com.google.common.collect.ImmutableMap$IteratorBasedImmutableMap                : loaded 2 times (x 126B)
Class com.google.common.cache.LocalCache$Segment                                      : loaded 2 times (x 154B)
Class com.google.common.collect.AbstractListMultimap                                  : loaded 2 times (x 172B)
Class [Lorg.objectweb.asm.SymbolTable$Entry;                                          : loaded 2 times (x 69B)
Class com.google.common.cache.CacheLoader                                             : loaded 2 times (x 74B)
Class com.google.common.collect.Iterators$4                                           : loaded 2 times (x 82B)
Class com.google.common.collect.ImmutableBiMap                                        : loaded 2 times (x 143B)
Class org.gradle.internal.installation.GradleInstallation$1                           : loaded 2 times (x 75B)
Class org.gradle.api.internal.classpath.ModuleRegistry                                : loaded 2 times (x 70B)
Class com.google.common.base.Splitter$SplittingIterator                               : loaded 2 times (x 84B)
Class com.google.common.util.concurrent.internal.InternalFutureFailureAccess          : loaded 2 times (x 72B)
Class com.google.common.collect.Iterators$5                                           : loaded 2 times (x 82B)
Class com.google.common.collect.ImmutableSet$JdkBackedSetBuilderImpl                  : loaded 2 times (x 76B)
Class com.google.common.cache.LocalCache$LocalManualCache$1                           : loaded 2 times (x 75B)
Class com.google.common.base.CharMatcher$ForPredicate                                 : loaded 2 times (x 112B)
Class com.google.common.base.CharMatcher$AnyOf                                        : loaded 2 times (x 112B)
Class com.google.common.collect.ImmutableCollection                                   : loaded 2 times (x 125B)
Class org.gradle.api.internal.classpath.DefaultModuleRegistry                         : loaded 2 times (x 86B)
Class com.google.common.collect.Lists                                                 : loaded 2 times (x 71B)
Class com.google.common.util.concurrent.ListenableFuture                              : loaded 2 times (x 70B)
Class com.google.common.cache.ReferenceEntry                                          : loaded 2 times (x 70B)
Class com.google.common.base.Converter                                                : loaded 2 times (x 90B)
Class com.google.common.collect.ImmutableSet$CachingAsList                            : loaded 2 times (x 148B)
Class com.google.common.collect.AbstractMapBasedMultimap                              : loaded 2 times (x 139B)
Class com.google.common.util.concurrent.AbstractFuture                                : loaded 2 times (x 106B)
Class com.google.common.base.FunctionalEquivalence                                    : loaded 2 times (x 83B)
Class com.google.common.collect.Iterators$9                                           : loaded 2 times (x 81B)
Class com.google.common.collect.ImmutableAsList                                       : loaded 2 times (x 209B)
Class org.objectweb.asm.RecordComponentVisitor                                        : loaded 2 times (x 77B)
Class com.google.common.cache.CacheLoader$SupplierToCacheLoader                       : loaded 2 times (x 75B)
Class org.gradle.internal.service.ServiceLookupException                              : loaded 2 times (x 82B)
Class [Lcom.google.common.cache.LocalCache$EntryFactory;                              : loaded 2 times (x 69B)
Class org.gradle.internal.classloader.ClassLoaderFactory                              : loaded 2 times (x 70B)
Class com.google.common.base.CommonPattern                                            : loaded 2 times (x 74B)
Class com.google.common.cache.LocalCache$LocalManualCache                             : loaded 2 times (x 99B)
Class com.google.common.base.CharMatcher$IsNot                                        : loaded 2 times (x 111B)
Class org.gradle.internal.service.CachingServiceLocator                               : loaded 2 times (x 82B)
Class com.google.common.collect.AbstractMapBasedMultimap$KeySet                       : loaded 2 times (x 137B)
Class com.google.common.math.IntMath                                                  : loaded 2 times (x 71B)
Class com.google.common.collect.ImmutableMapEntry                                     : loaded 2 times (x 85B)
Class com.google.common.base.Equivalence                                              : loaded 2 times (x 82B)
Class com.google.common.base.Function                                                 : loaded 2 times (x 70B)
Class com.google.common.collect.ImmutableMapEntry$NonTerminalImmutableMapEntry        : loaded 2 times (x 85B)
Class com.google.common.cache.CacheBuilder$OneWeigher                                 : loaded 2 times (x 82B)
Class com.google.common.collect.RegularImmutableList                                  : loaded 2 times (x 213B)
Class org.gradle.internal.classloader.ClasspathUtil                                   : loaded 2 times (x 71B)
Class com.google.common.util.concurrent.Uninterruptibles                              : loaded 2 times (x 71B)
Class com.google.common.util.concurrent.LazyLogger                                    : loaded 2 times (x 72B)
Class com.google.common.collect.Maps                                                  : loaded 2 times (x 71B)
Class build_b1xgi21ie1mzz6pjwqt6busxq$_run_closure1$_closure3                         : loaded 2 times (x 139B)
Class org.gradle.api.specs.Spec                                                       : loaded 2 times (x 70B)
Class [Lcom.google.common.collect.ImmutableEntry;                                     : loaded 2 times (x 69B)
Class com.google.common.cache.LocalCache$LoadingValueReference                        : loaded 2 times (x 96B)
Class com.google.common.base.Platform                                                 : loaded 2 times (x 71B)
Class [Lorg.objectweb.asm.AnnotationWriter;                                           : loaded 2 times (x 69B)
Class com.google.common.collect.Maps$8                                                : loaded 2 times (x 82B)
Class com.google.common.collect.Sets$SetView                                          : loaded 2 times (x 138B)
Class com.google.common.cache.LocalCache$StrongValueReference                         : loaded 2 times (x 90B)
Class org.objectweb.asm.Type                                                          : loaded 2 times (x 72B)
Class org.gradle.internal.classloader.VisitableURLClassLoader$InstrumentingVisitableURLClassLoader: loaded 2 times (x 123B)
Class org.objectweb.asm.ByteVector                                                    : loaded 2 times (x 79B)
Class [Lcom.google.common.cache.CacheBuilder$NullListener;                            : loaded 2 times (x 69B)
Class com.google.common.math.IntMath$1                                                : loaded 2 times (x 71B)
Class org.gradle.internal.classloader.VisitableURLClassLoader$Spec                    : loaded 2 times (x 74B)
Class org.gradle.internal.classpath.DefaultClassPath                                  : loaded 2 times (x 90B)
Class com.google.common.base.AbstractIterator                                         : loaded 2 times (x 80B)
Class org.objectweb.asm.Symbol                                                        : loaded 2 times (x 73B)
Class build_b1xgi21ie1mzz6pjwqt6busxq                                                 : loaded 2 times (x 180B)
Class com.google.common.base.CharMatcher$BitSetMatcher                                : loaded 2 times (x 112B)
Class com.google.common.collect.RegularImmutableMap$Values                            : loaded 2 times (x 207B)
Class com.google.common.collect.ImmutableSet                                          : loaded 2 times (x 145B)
Class org.gradle.internal.classloader.ClassLoaderSpec                                 : loaded 2 times (x 71B)
Class org.objectweb.asm.AnnotationWriter                                              : loaded 2 times (x 79B)
Class com.google.common.cache.CacheStats                                              : loaded 2 times (x 71B)
Class org.objectweb.asm.RecordComponentWriter                                         : loaded 2 times (x 78B)
Class com.google.common.util.concurrent.AbstractFuture$Listener                       : loaded 2 times (x 72B)
Class com.google.common.base.CharMatcher$Or                                           : loaded 2 times (x 112B)
Class org.objectweb.asm.Attribute                                                     : loaded 2 times (x 77B)
Class com.google.common.base.Supplier                                                 : loaded 2 times (x 70B)
Class org.gradle.internal.classloader.VisitableURLClassLoader                         : loaded 2 times (x 117B)
Class org.gradle.internal.Cast                                                        : loaded 2 times (x 71B)
Class org.gradle.api.Action                                                           : loaded 2 times (x 70B)
Class com.google.common.base.Strings                                                  : loaded 2 times (x 71B)
Class com.google.common.collect.Sets                                                  : loaded 2 times (x 71B)
Class org.objectweb.asm.Handler                                                       : loaded 2 times (x 72B)
Class com.google.common.base.Ticker                                                   : loaded 2 times (x 72B)
Class com.google.common.base.CharMatcher$FastMatcher                                  : loaded 2 times (x 111B)
Class [Lcom.google.common.cache.LocalCache$Segment;                                   : loaded 2 times (x 69B)
Class [Lcom.google.common.cache.LocalCache$Strength;                                  : loaded 2 times (x 69B)
Class com.google.common.cache.CacheBuilder$1                                          : loaded 2 times (x 85B)
Class com.google.common.base.Predicate                                                : loaded 2 times (x 70B)
Class com.google.common.collect.ImmutableMap                                          : loaded 2 times (x 120B)
Class org.gradle.internal.classpath.DefaultClassPath$ImmutableUniqueList$Builder      : loaded 2 times (x 75B)
Class com.google.common.cache.LocalCache                                              : loaded 2 times (x 187B)
Class com.google.common.cache.CacheBuilder$2                                          : loaded 2 times (x 79B)
Class com.google.common.base.CharMatcher$NegatedFastMatcher                           : loaded 2 times (x 113B)
Class com.google.common.collect.ArrayListMultimap                                     : loaded 2 times (x 172B)
Class com.google.common.cache.CacheBuilder$3                                          : loaded 2 times (x 72B)
Class [Lcom.google.common.collect.AbstractMapEntry;                                   : loaded 2 times (x 69B)
Class com.google.common.collect.ImmutableEntry                                        : loaded 2 times (x 82B)
Class org.gradle.api.GradleException                                                  : loaded 2 times (x 82B)
Class com.google.common.collect.CollectPreconditions                                  : loaded 2 times (x 71B)
Class com.google.common.collect.SortedMapDifference                                   : loaded 2 times (x 70B)
Class com.google.common.cache.LocalCache$EntryFactory                                 : loaded 2 times (x 83B)
Class com.google.common.cache.LocalCache$AbstractReferenceEntry                       : loaded 2 times (x 107B)
Class org.gradle.internal.IoActions                                                   : loaded 2 times (x 71B)
Class org.objectweb.asm.SymbolTable                                                   : loaded 2 times (x 72B)
Class com.google.common.cache.CacheLoader$InvalidCacheLoadException                   : loaded 2 times (x 82B)
Class com.google.common.collect.ImmutableSet$RegularSetBuilderImpl                    : loaded 2 times (x 77B)
Class org.gradle.internal.classloader.SystemClassLoaderSpec                           : loaded 2 times (x 71B)
Class com.google.common.cache.LocalCache$StrongEntry                                  : loaded 2 times (x 108B)
Class com.google.common.util.concurrent.AbstractFuture$TrustedFuture                  : loaded 2 times (x 114B)
Class com.google.common.cache.LoadingCache                                            : loaded 2 times (x 70B)
Class org.objectweb.asm.MethodWriter                                                  : loaded 2 times (x 106B)
Class [Lcom.google.common.cache.Weigher;                                              : loaded 2 times (x 69B)
Class com.google.common.collect.RegularImmutableMap$BucketOverflowException           : loaded 2 times (x 82B)
Class build_b1xgi21ie1mzz6pjwqt6busxq$_run_closure1                                   : loaded 2 times (x 139B)
Class com.google.common.collect.RegularImmutableBiMap                                 : loaded 2 times (x 149B)
Class com.google.common.cache.LocalCache$ValueReference                               : loaded 2 times (x 70B)
Class com.google.common.base.CharMatcher$Negated                                      : loaded 2 times (x 113B)
Class com.google.common.base.CharMatcher$Is                                           : loaded 2 times (x 111B)
Class com.google.common.base.PatternCompiler                                          : loaded 2 times (x 70B)
Class com.google.common.util.concurrent.AbstractFuture$Failure                        : loaded 2 times (x 72B)
Class com.google.common.base.Equivalence$Equals                                       : loaded 2 times (x 82B)
Class com.google.common.collect.Hashing                                               : loaded 2 times (x 71B)
Class com.google.common.base.Preconditions                                            : loaded 2 times (x 71B)
Class com.google.common.base.Joiner$1                                                 : loaded 2 times (x 80B)
Class org.objectweb.asm.Label                                                         : loaded 2 times (x 73B)
Class org.objectweb.asm.CurrentFrame                                                  : loaded 2 times (x 73B)
Class org.objectweb.asm.ClassTooLargeException                                        : loaded 2 times (x 83B)
Class com.google.common.base.CharMatcher                                              : loaded 2 times (x 111B)
Class com.google.common.collect.PeekingIterator                                       : loaded 2 times (x 70B)
Class com.google.common.base.Joiner$2                                                 : loaded 2 times (x 79B)
Class org.objectweb.asm.Frame                                                         : loaded 2 times (x 73B)
Class org.objectweb.asm.MethodVisitor                                                 : loaded 2 times (x 105B)
Class com.google.common.cache.LocalCache$EntryFactory$1                               : loaded 2 times (x 83B)
Class [Lcom.google.common.cache.RemovalListener;                                      : loaded 2 times (x 69B)
Class com.google.common.base.CharMatcher$NamedFastMatcher                             : loaded 2 times (x 112B)
Class com.google.common.base.CharMatcher$1                                            : loaded 2 times (x 113B)
Class com.google.common.cache.LocalCache$EntryFactory$2                               : loaded 2 times (x 83B)
Class org.gradle.api.internal.classpath.GlobalCacheRootsProvider                      : loaded 2 times (x 70B)
Class build_12xsu18xhe4d8nz5uvs3awtsn                                                 : loaded 2 times (x 180B)
Class org.objectweb.asm.ModuleWriter                                                  : loaded 2 times (x 82B)
Class com.google.common.cache.LocalCache$EntryFactory$3                               : loaded 2 times (x 83B)
Class com.google.common.base.Ticker$1                                                 : loaded 2 times (x 72B)
Class com.google.common.collect.Maps$BiMapConverter                                   : loaded 2 times (x 90B)
Class com.google.common.collect.ImmutableMapEntrySet$RegularEntrySet                  : loaded 2 times (x 152B)
Class com.google.common.cache.LocalCache$EntryFactory$4                               : loaded 2 times (x 83B)
Class com.google.common.base.CharMatcher$InRange                                      : loaded 2 times (x 111B)
Class com.google.common.collect.ImmutableSet$Builder                                  : loaded 2 times (x 85B)
Class com.google.common.cache.LocalCache$EntryFactory$5                               : loaded 2 times (x 83B)
Class com.google.common.cache.LocalCache$EntryFactory$6                               : loaded 2 times (x 83B)
Class org.gradle.internal.installation.CurrentGradleInstallationLocator               : loaded 2 times (x 71B)
Class com.google.common.collect.Maps$KeySet                                           : loaded 2 times (x 137B)
Class com.google.common.cache.LocalCache$EntryFactory$7                               : loaded 2 times (x 83B)
Class com.google.common.collect.ImmutableSet$EmptySetBuilderImpl                      : loaded 2 times (x 76B)
Class com.google.common.collect.ImmutableList                                         : loaded 2 times (x 206B)
Class org.gradle.internal.service.DefaultServiceLocator                               : loaded 2 times (x 83B)
Class build_12xsu18xhe4d8nz5uvs3awtsn$_run_closure1                                   : loaded 2 times (x 139B)
Class com.google.common.cache.LocalCache$EntryFactory$8                               : loaded 2 times (x 83B)
Class com.google.common.collect.ImmutableSet$SetBuilderImpl                           : loaded 2 times (x 76B)
Class org.gradle.internal.installation.CurrentGradleInstallation                      : loaded 2 times (x 73B)
Class com.google.common.cache.CacheLoader$1                                           : loaded 2 times (x 75B)
Class com.google.common.collect.ImmutableList$SubList                                 : loaded 2 times (x 209B)
Class org.gradle.util.internal.GUtil                                                  : loaded 2 times (x 71B)
Class com.google.common.cache.AbstractCache$StatsCounter                              : loaded 2 times (x 70B)
Class com.google.common.collect.Iterators$MergingIterator                             : loaded 2 times (x 81B)
Class com.google.common.collect.RegularImmutableSet                                   : loaded 2 times (x 149B)
Class org.gradle.internal.installation.GradleInstallation                             : loaded 2 times (x 75B)
Class com.google.common.base.Splitter$Strategy                                        : loaded 2 times (x 70B)
Class com.google.common.collect.Iterables                                             : loaded 2 times (x 71B)

---------------  S Y S T E M  ---------------

OS:
 Windows 11 , 64 bit Build 26100 (10.0.26100.9168)
OS uptime: 0 days 0:43 hours
Hyper-V role detected

CPU: total 16 (initial active 16) (8 cores per cpu, 2 threads per core) family 6 model 154 stepping 3 microcode 0x435, cx8, cmov, fxsr, ht, mmx, 3dnowpref, sse, sse2, sse3, ssse3, sse4.1, sse4.2, popcnt, lzcnt, tsc, tscinvbit, avx, avx2, aes, erms, clmul, bmi1, bmi2, adx, sha, fma, vzeroupper, clflush, clflushopt, clwb, hv, serialize, rdtscp, rdpid, fsrm, f16c, cet_ibt, cet_ss
Processor Information for processor 0
  Max Mhz: 2500, Current Mhz: 2500, Mhz Limit: 2500
Processor Information for processor 1
  Max Mhz: 2500, Current Mhz: 2500, Mhz Limit: 2500
Processor Information for processor 2
  Max Mhz: 2500, Current Mhz: 2500, Mhz Limit: 2500
Processor Information for processor 3
  Max Mhz: 2500, Current Mhz: 2500, Mhz Limit: 2500
Processor Information for processor 4
  Max Mhz: 2500, Current Mhz: 2500, Mhz Limit: 2500
Processor Information for processor 5
  Max Mhz: 2500, Current Mhz: 2500, Mhz Limit: 2500
Processor Information for processor 6
  Max Mhz: 2500, Current Mhz: 2500, Mhz Limit: 2500
Processor Information for processor 7
  Max Mhz: 2500, Current Mhz: 2500, Mhz Limit: 2500
Processor Information for processor 8
  Max Mhz: 2500, Current Mhz: 1500, Mhz Limit: 1800
Processor Information for processor 9
  Max Mhz: 2500, Current Mhz: 1800, Mhz Limit: 1800
Processor Information for processor 10
  Max Mhz: 2500, Current Mhz: 1800, Mhz Limit: 1800
Processor Information for processor 11
  Max Mhz: 2500, Current Mhz: 1500, Mhz Limit: 1800
Processor Information for processor 12
  Max Mhz: 2500, Current Mhz: 1800, Mhz Limit: 1800
Processor Information for processor 13
  Max Mhz: 2500, Current Mhz: 1800, Mhz Limit: 1800
Processor Information for processor 14
  Max Mhz: 2500, Current Mhz: 1500, Mhz Limit: 1800
Processor Information for processor 15
  Max Mhz: 2500, Current Mhz: 1800, Mhz Limit: 1800

Memory: 4k page, system-wide physical 16051M (386M free)
TotalPageFile size 57324M (AvailPageFile size 5M)
current process WorkingSet (physical memory assigned to process): 192M, peak: 323M
current process commit charge ("private bytes"): 453M, peak: 460M

vm_info: OpenJDK 64-Bit Server VM (21.0.9+-14787801-b1163.94) for windows-amd64 JRE (21.0.9+-14787801-b1163.94), built on 2026-01-27T21:15:44Z by "builder" with MS VC++ 16.10 / 16.11 (VS2019)

END.
