#
# There is insufficient memory for the Java Runtime Environment to continue.
# Native memory allocation (malloc) failed to allocate 32744 bytes. Error detail: Chunk::new
# Possible reasons:
#   The system is out of physical RAM or swap space
#   This process is running with CompressedOops enabled, and the Java Heap may be blocking the growth of the native heap
# Possible solutions:
#   Reduce memory load on the system
#   Increase physical memory or swap space
#   Check if swap backing store is full
#   Decrease Java heap size (-Xmx/-Xms)
#   Decrease number of Java threads
#   Decrease Java thread stack sizes (-Xss)
#   Set larger code cache with -XX:ReservedCodeCacheSize=
#   JVM is running with Unscaled Compressed Oops mode in which the Java heap is
#     placed in the first 4GB address space. The Java Heap base address is the
#     maximum limit for the native heap growth. Please use -XX:HeapBaseMinAddress
#     to set the Java Heap base and to place the Java Heap above 4GB virtual address.
# This output file may be truncated or incomplete.
#
#  Out of Memory Error (arena.cpp:168), pid=28152, tid=24944
#
# JRE version: OpenJDK Runtime Environment Temurin-21.0.12.1+1 (21.0.12.1+1) (build 21.0.12.1+1-LTS)
# Java VM: OpenJDK 64-Bit Server VM Temurin-21.0.12.1+1 (21.0.12.1+1-LTS, mixed mode, sharing, tiered, compressed oops, compressed class ptrs, g1 gc, windows-amd64)
# No core dump will be written. Minidumps are not enabled by default on client versions of Windows
#

---------------  S U M M A R Y ------------

Command Line: --add-opens=java.base/java.util=ALL-UNNAMED --add-opens=java.base/java.lang=ALL-UNNAMED --add-opens=java.base/java.lang.invoke=ALL-UNNAMED --add-opens=java.prefs/java.util.prefs=ALL-UNNAMED --add-exports=jdk.compiler/com.sun.tools.javac.api=ALL-UNNAMED --add-exports=jdk.compiler/com.sun.tools.javac.util=ALL-UNNAMED --add-opens=java.base/java.nio.charset=ALL-UNNAMED --add-opens=java.base/java.net=ALL-UNNAMED --add-opens=java.base/java.util.concurrent.atomic=ALL-UNNAMED -XX:MaxMetaspaceSize=384m -XX:+HeapDumpOnOutOfMemoryError -Xms256m -Xmx512m -Dfile.encoding=utf8 -Duser.country=US -Duser.language=en -Duser.variant -javaagent:C:\Users\admoi\.gradle\wrapper\dists\gradle-8.9-bin\90cnw93cvbtalezasaz0blq0a\gradle-8.9\lib\agents\gradle-instrumentation-agent-8.9.jar org.gradle.launcher.daemon.bootstrap.GradleDaemon 8.9

Host: 12th Gen Intel(R) Core(TM) i5-12500H, 16 cores, 15G,  Windows 11 , 64 bit Build 26100 (10.0.26100.9444)
Time: Wed Sep  9 14:31:10 2026 SE Asia Standard Time elapsed time: 586.688696 seconds (0d 0h 9m 46s)

---------------  T H R E A D  ---------------

Current thread (0x000002a0510224f0):  JavaThread "C2 CompilerThread0" daemon [_thread_in_native, id=24944, stack(0x000000d3b9c00000,0x000000d3b9d00000) (1024K)]


Current CompileTask:
C2:586689 8850       4       org.gradle.cache.internal.DefaultFileLockManager$DefaultFileLock$1::run (252 bytes)

Stack: [0x000000d3b9c00000,0x000000d3b9d00000]
Native frames: (J=compiled Java code, j=interpreted, Vv=VM code, C=native code)
V  [jvm.dll+0x6d83e9]
V  [jvm.dll+0x8b5736]
V  [jvm.dll+0x8b7cee]
V  [jvm.dll+0x8b83d3]
V  [jvm.dll+0x284596]
V  [jvm.dll+0xc685d]
V  [jvm.dll+0xc6da1]
V  [jvm.dll+0x3c4488]
V  [jvm.dll+0x5e01c8]
V  [jvm.dll+0x5df2b6]
V  [jvm.dll+0x5dfb0c]
V  [jvm.dll+0x38b701]
V  [jvm.dll+0x38ab1a]
V  [jvm.dll+0x24c700]
V  [jvm.dll+0x24bce0]
V  [jvm.dll+0x1cb4ae]
V  [jvm.dll+0x25baad]
V  [jvm.dll+0x25a03a]
V  [jvm.dll+0x3f8aae]
V  [jvm.dll+0x8600cd]
V  [jvm.dll+0x6d6c1d]
C  [ucrtbase.dll+0x2cd30]
C  [KERNEL32.DLL+0x2cd87]
C  [ntdll.dll+0xacaec]


---------------  P R O C E S S  ---------------

Threads class SMR info:
_java_thread_list=0x000002a0511c3080, length=80, elements={
0x000002a025a39930, 0x000002a05101c370, 0x000002a05101cdd0, 0x000002a05101d830,
0x000002a0510202a0, 0x000002a051020d00, 0x000002a051021760, 0x000002a0510224f0,
0x000002a051022f90, 0x000002a051272370, 0x000002a0511e1420, 0x000002a0570f9070,
0x000002a051740290, 0x000002a051154f70, 0x000002a0564df0b0, 0x000002a051289b40,
0x000002a0517971e0, 0x000002a05644ddf0, 0x000002a05644e480, 0x000002a056450be0,
0x000002a056451270, 0x000002a05644eb10, 0x000002a05644f1a0, 0x000002a056450550,
0x000002a051b1b530, 0x000002a051b1a180, 0x000002a051b1c250, 0x000002a051b1cf70,
0x000002a051b1c8e0, 0x000002a051b1aea0, 0x000002a051b1d600, 0x000002a051b1a810,
0x000002a051b1f6d0, 0x000002a051b1e320, 0x000002a051b203f0, 0x000002a051b21110,
0x000002a051b217a0, 0x000002a05644f830, 0x000002a05123a5b0, 0x000002a051239f20,
0x000002a051238b70, 0x000002a051239890, 0x000002a051239200, 0x000002a0512384e0,
0x000002a051237130, 0x000002a05123ac40, 0x000002a0512377c0, 0x000002a05123b2d0,
0x000002a051237e50, 0x000002a05123e750, 0x000002a05123e0c0, 0x000002a05123b960,
0x000002a05123bff0, 0x000002a05123c680, 0x000002a05123cd10, 0x000002a05123d3a0,
0x000002a05123da30, 0x000002a058c8e640, 0x000002a058c8ecd0, 0x000002a058c8bee0,
0x000002a058c8f9f0, 0x000002a058c8d290, 0x000002a058c8c570, 0x000002a058c8f360,
0x000002a058c8d920, 0x000002a058c8dfb0, 0x000002a058c90080, 0x000002a058c8cc00,
0x000002a058c90da0, 0x000002a058c92150, 0x000002a058c927e0, 0x000002a058c91430,
0x000002a058c90710, 0x000002a058c91ac0, 0x000002a058c93500, 0x000002a058c92e70,
0x000002a059579610, 0x000002a059579ca0, 0x000002a05957b050, 0x000002a05957b6e0
}

Java Threads: ( => current thread )
  0x000002a025a39930 JavaThread "main"                              [_thread_blocked, id=38772, stack(0x000000d3b8e00000,0x000000d3b8f00000) (1024K)]
  0x000002a05101c370 JavaThread "Reference Handler"          daemon [_thread_blocked, id=35844, stack(0x000000d3b9600000,0x000000d3b9700000) (1024K)]
  0x000002a05101cdd0 JavaThread "Finalizer"                  daemon [_thread_blocked, id=32884, stack(0x000000d3b9700000,0x000000d3b9800000) (1024K)]
  0x000002a05101d830 JavaThread "Signal Dispatcher"          daemon [_thread_blocked, id=39732, stack(0x000000d3b9800000,0x000000d3b9900000) (1024K)]
  0x000002a0510202a0 JavaThread "Attach Listener"            daemon [_thread_blocked, id=28120, stack(0x000000d3b9900000,0x000000d3b9a00000) (1024K)]
  0x000002a051020d00 JavaThread "Service Thread"             daemon [_thread_blocked, id=39464, stack(0x000000d3b9a00000,0x000000d3b9b00000) (1024K)]
  0x000002a051021760 JavaThread "Monitor Deflation Thread"   daemon [_thread_blocked, id=7756, stack(0x000000d3b9b00000,0x000000d3b9c00000) (1024K)]
=>0x000002a0510224f0 JavaThread "C2 CompilerThread0"         daemon [_thread_in_native, id=24944, stack(0x000000d3b9c00000,0x000000d3b9d00000) (1024K)]
  0x000002a051022f90 JavaThread "C1 CompilerThread0"         daemon [_thread_blocked, id=33352, stack(0x000000d3b9d00000,0x000000d3b9e00000) (1024K)]
  0x000002a051272370 JavaThread "Common-Cleaner"             daemon [_thread_blocked, id=39740, stack(0x000000d3b9e00000,0x000000d3b9f00000) (1024K)]
  0x000002a0511e1420 JavaThread "Notification Thread"        daemon [_thread_blocked, id=33784, stack(0x000000d3b9f00000,0x000000d3ba000000) (1024K)]
  0x000002a0570f9070 JavaThread "Daemon health stats"               [_thread_blocked, id=38652, stack(0x000000d3ba500000,0x000000d3ba600000) (1024K)]
  0x000002a051740290 JavaThread "Incoming local TCP Connector on port 64175"        [_thread_in_native, id=8964, stack(0x000000d3ba600000,0x000000d3ba700000) (1024K)]
  0x000002a051154f70 JavaThread "Daemon periodic checks"            [_thread_blocked, id=27276, stack(0x000000d3ba700000,0x000000d3ba800000) (1024K)]
  0x000002a0564df0b0 JavaThread "Daemon"                            [_thread_blocked, id=29396, stack(0x000000d3ba800000,0x000000d3ba900000) (1024K)]
  0x000002a051289b40 JavaThread "Handler for socket connection from /127.0.0.1:64175 to /127.0.0.1:64176"        [_thread_in_native, id=28404, stack(0x000000d3ba900000,0x000000d3baa00000) (1024K)]
  0x000002a0517971e0 JavaThread "Cancel handler"                    [_thread_blocked, id=28424, stack(0x000000d3baa00000,0x000000d3bab00000) (1024K)]
  0x000002a05644ddf0 JavaThread "Daemon worker"                     [_thread_blocked, id=28436, stack(0x000000d3bab00000,0x000000d3bac00000) (1024K)]
  0x000002a05644e480 JavaThread "Asynchronous log dispatcher for DefaultDaemonConnection: socket connection from /127.0.0.1:64175 to /127.0.0.1:64176"        [_thread_blocked, id=28452, stack(0x000000d3bac00000,0x000000d3bad00000) (1024K)]
  0x000002a056450be0 JavaThread "Stdin handler"                     [_thread_blocked, id=28460, stack(0x000000d3bad00000,0x000000d3bae00000) (1024K)]
  0x000002a056451270 JavaThread "Daemon client event forwarder"        [_thread_blocked, id=28464, stack(0x000000d3bae00000,0x000000d3baf00000) (1024K)]
  0x000002a05644eb10 JavaThread "Cache worker for journal cache (C:\Users\admoi\.gradle\caches\journal-1)"        [_thread_blocked, id=33636, stack(0x000000d3baf00000,0x000000d3bb000000) (1024K)]
  0x000002a05644f1a0 JavaThread "File lock request listener"        [_thread_in_native, id=29676, stack(0x000000d3bb000000,0x000000d3bb100000) (1024K)]
  0x000002a056450550 JavaThread "Cache worker for file hash cache (C:\Users\admoi\.gradle\caches\8.9\fileHashes)"        [_thread_blocked, id=12840, stack(0x000000d3bb200000,0x000000d3bb300000) (1024K)]
  0x000002a051b1b530 JavaThread "Cache worker for file hash cache (D:\BankSystemApp\frontend\node_modules\@capacitor\android\capacitor\.gradle\8.9\fileHashes)"        [_thread_blocked, id=37304, stack(0x000000d3bbc00000,0x000000d3bbd00000) (1024K)]
  0x000002a051b1a180 JavaThread "Cache worker for Build Output Cleanup Cache (D:\BankSystemApp\frontend\node_modules\@capacitor\android\capacitor\.gradle\buildOutputCleanup)"        [_thread_blocked, id=39108, stack(0x000000d3bbd00000,0x000000d3bbe00000) (1024K)]
  0x000002a051b1c250 JavaThread "File watcher server"        daemon [_thread_in_native, id=12036, stack(0x000000d3bbe00000,0x000000d3bbf00000) (1024K)]
  0x000002a051b1cf70 JavaThread "File watcher consumer"      daemon [_thread_blocked, id=17112, stack(0x000000d3bbf00000,0x000000d3bc000000) (1024K)]
  0x000002a051b1c8e0 JavaThread "Cache worker for checksums cache (D:\BankSystemApp\frontend\node_modules\@capacitor\android\capacitor\.gradle\8.9\checksums)"        [_thread_blocked, id=13804, stack(0x000000d3bc000000,0x000000d3bc100000) (1024K)]
  0x000002a051b1aea0 JavaThread "Cache worker for file content cache (C:\Users\admoi\.gradle\caches\8.9\fileContent)"        [_thread_blocked, id=30060, stack(0x000000d3bc100000,0x000000d3bc200000) (1024K)]
  0x000002a051b1d600 JavaThread "Cache worker for cache directory md-rule (C:\Users\admoi\.gradle\caches\8.9\md-rule)"        [_thread_blocked, id=26900, stack(0x000000d3bc200000,0x000000d3bc300000) (1024K)]
  0x000002a051b1a810 JavaThread "Cache worker for cache directory md-supplier (C:\Users\admoi\.gradle\caches\8.9\md-supplier)"        [_thread_blocked, id=29100, stack(0x000000d3bc300000,0x000000d3bc400000) (1024K)]
  0x000002a051b1f6d0 JavaThread "jar transforms"                    [_thread_blocked, id=50468, stack(0x000000d3b8d00000,0x000000d3b8e00000) (1024K)]
  0x000002a051b1e320 JavaThread "jar transforms Thread 2"           [_thread_blocked, id=54612, stack(0x000000d3b8c00000,0x000000d3b8d00000) (1024K)]
  0x000002a051b203f0 JavaThread "jar transforms Thread 3"           [_thread_blocked, id=55496, stack(0x000000d3bb100000,0x000000d3bb200000) (1024K)]
  0x000002a051b21110 JavaThread "Unconstrained build operations"        [_thread_blocked, id=44976, stack(0x000000d3bc600000,0x000000d3bc700000) (1024K)]
  0x000002a051b217a0 JavaThread "Unconstrained build operations Thread 2"        [_thread_blocked, id=38604, stack(0x000000d3bc700000,0x000000d3bc800000) (1024K)]
  0x000002a05644f830 JavaThread "Unconstrained build operations Thread 3"        [_thread_blocked, id=22296, stack(0x000000d3bc800000,0x000000d3bc900000) (1024K)]
  0x000002a05123a5b0 JavaThread "Unconstrained build operations Thread 4"        [_thread_blocked, id=39552, stack(0x000000d3bc900000,0x000000d3bca00000) (1024K)]
  0x000002a051239f20 JavaThread "Unconstrained build operations Thread 5"        [_thread_blocked, id=42004, stack(0x000000d3bca00000,0x000000d3bcb00000) (1024K)]
  0x000002a051238b70 JavaThread "Unconstrained build operations Thread 6"        [_thread_blocked, id=31264, stack(0x000000d3bcb00000,0x000000d3bcc00000) (1024K)]
  0x000002a051239890 JavaThread "Unconstrained build operations Thread 7"        [_thread_blocked, id=12740, stack(0x000000d3bcc00000,0x000000d3bcd00000) (1024K)]
  0x000002a051239200 JavaThread "Unconstrained build operations Thread 8"        [_thread_blocked, id=44820, stack(0x000000d3bcd00000,0x000000d3bce00000) (1024K)]
  0x000002a0512384e0 JavaThread "Unconstrained build operations Thread 9"        [_thread_blocked, id=38516, stack(0x000000d3bce00000,0x000000d3bcf00000) (1024K)]
  0x000002a051237130 JavaThread "Unconstrained build operations Thread 10"        [_thread_blocked, id=10780, stack(0x000000d3bcf00000,0x000000d3bd000000) (1024K)]
  0x000002a05123ac40 JavaThread "Unconstrained build operations Thread 11"        [_thread_blocked, id=23692, stack(0x000000d3bd000000,0x000000d3bd100000) (1024K)]
  0x000002a0512377c0 JavaThread "Unconstrained build operations Thread 12"        [_thread_blocked, id=43016, stack(0x000000d3bd100000,0x000000d3bd200000) (1024K)]
  0x000002a05123b2d0 JavaThread "Unconstrained build operations Thread 13"        [_thread_blocked, id=56176, stack(0x000000d3bd200000,0x000000d3bd300000) (1024K)]
  0x000002a051237e50 JavaThread "Unconstrained build operations Thread 14"        [_thread_blocked, id=56288, stack(0x000000d3bd300000,0x000000d3bd400000) (1024K)]
  0x000002a05123e750 JavaThread "Unconstrained build operations Thread 15"        [_thread_blocked, id=47552, stack(0x000000d3bd400000,0x000000d3bd500000) (1024K)]
  0x000002a05123e0c0 JavaThread "Unconstrained build operations Thread 16"        [_thread_blocked, id=24476, stack(0x000000d3bd500000,0x000000d3bd600000) (1024K)]
  0x000002a05123b960 JavaThread "Unconstrained build operations Thread 17"        [_thread_blocked, id=33848, stack(0x000000d3bd600000,0x000000d3bd700000) (1024K)]
  0x000002a05123bff0 JavaThread "Unconstrained build operations Thread 18"        [_thread_blocked, id=37100, stack(0x000000d3bd700000,0x000000d3bd800000) (1024K)]
  0x000002a05123c680 JavaThread "Unconstrained build operations Thread 19"        [_thread_blocked, id=37112, stack(0x000000d3bd800000,0x000000d3bd900000) (1024K)]
  0x000002a05123cd10 JavaThread "Unconstrained build operations Thread 20"        [_thread_blocked, id=37116, stack(0x000000d3bd900000,0x000000d3bda00000) (1024K)]
  0x000002a05123d3a0 JavaThread "Unconstrained build operations Thread 21"        [_thread_blocked, id=48536, stack(0x000000d3bda00000,0x000000d3bdb00000) (1024K)]
  0x000002a05123da30 JavaThread "Unconstrained build operations Thread 22"        [_thread_blocked, id=38816, stack(0x000000d3bdb00000,0x000000d3bdc00000) (1024K)]
  0x000002a058c8e640 JavaThread "Unconstrained build operations Thread 23"        [_thread_blocked, id=45596, stack(0x000000d3bdc00000,0x000000d3bdd00000) (1024K)]
  0x000002a058c8ecd0 JavaThread "Unconstrained build operations Thread 24"        [_thread_blocked, id=26800, stack(0x000000d3bdd00000,0x000000d3bde00000) (1024K)]
  0x000002a058c8bee0 JavaThread "Unconstrained build operations Thread 25"        [_thread_blocked, id=13776, stack(0x000000d3bde00000,0x000000d3bdf00000) (1024K)]
  0x000002a058c8f9f0 JavaThread "Unconstrained build operations Thread 26"        [_thread_blocked, id=27760, stack(0x000000d3bdf00000,0x000000d3be000000) (1024K)]
  0x000002a058c8d290 JavaThread "Unconstrained build operations Thread 27"        [_thread_blocked, id=46420, stack(0x000000d3be000000,0x000000d3be100000) (1024K)]
  0x000002a058c8c570 JavaThread "Unconstrained build operations Thread 28"        [_thread_blocked, id=47288, stack(0x000000d3be100000,0x000000d3be200000) (1024K)]
  0x000002a058c8f360 JavaThread "Unconstrained build operations Thread 29"        [_thread_blocked, id=29200, stack(0x000000d3be200000,0x000000d3be300000) (1024K)]
  0x000002a058c8d920 JavaThread "Unconstrained build operations Thread 30"        [_thread_blocked, id=49292, stack(0x000000d3be300000,0x000000d3be400000) (1024K)]
  0x000002a058c8dfb0 JavaThread "Unconstrained build operations Thread 31"        [_thread_blocked, id=39100, stack(0x000000d3be400000,0x000000d3be500000) (1024K)]
  0x000002a058c90080 JavaThread "Unconstrained build operations Thread 32"        [_thread_blocked, id=53896, stack(0x000000d3be500000,0x000000d3be600000) (1024K)]
  0x000002a058c8cc00 JavaThread "Unconstrained build operations Thread 33"        [_thread_blocked, id=54200, stack(0x000000d3be600000,0x000000d3be700000) (1024K)]
  0x000002a058c90da0 JavaThread "Unconstrained build operations Thread 34"        [_thread_blocked, id=39512, stack(0x000000d3be700000,0x000000d3be800000) (1024K)]
  0x000002a058c92150 JavaThread "Unconstrained build operations Thread 35"        [_thread_blocked, id=55424, stack(0x000000d3be800000,0x000000d3be900000) (1024K)]
  0x000002a058c927e0 JavaThread "Unconstrained build operations Thread 36"        [_thread_blocked, id=55004, stack(0x000000d3be900000,0x000000d3bea00000) (1024K)]
  0x000002a058c91430 JavaThread "Unconstrained build operations Thread 37"        [_thread_blocked, id=51256, stack(0x000000d3bea00000,0x000000d3beb00000) (1024K)]
  0x000002a058c90710 JavaThread "Unconstrained build operations Thread 38"        [_thread_blocked, id=41708, stack(0x000000d3beb00000,0x000000d3bec00000) (1024K)]
  0x000002a058c91ac0 JavaThread "Unconstrained build operations Thread 39"        [_thread_blocked, id=55900, stack(0x000000d3bec00000,0x000000d3bed00000) (1024K)]
  0x000002a058c93500 JavaThread "Unconstrained build operations Thread 40"        [_thread_blocked, id=54824, stack(0x000000d3bed00000,0x000000d3bee00000) (1024K)]
  0x000002a058c92e70 JavaThread "Unconstrained build operations Thread 41"        [_thread_blocked, id=48976, stack(0x000000d3bee00000,0x000000d3bef00000) (1024K)]
  0x000002a059579610 JavaThread "Unconstrained build operations Thread 42"        [_thread_blocked, id=43544, stack(0x000000d3bef00000,0x000000d3bf000000) (1024K)]
  0x000002a059579ca0 JavaThread "Unconstrained build operations Thread 43"        [_thread_blocked, id=55040, stack(0x000000d3bf000000,0x000000d3bf100000) (1024K)]
  0x000002a05957b050 JavaThread "Unconstrained build operations Thread 44"        [_thread_blocked, id=25648, stack(0x000000d3bf100000,0x000000d3bf200000) (1024K)]
  0x000002a05957b6e0 JavaThread "Unconstrained build operations Thread 45"        [_thread_blocked, id=56048, stack(0x000000d3bf200000,0x000000d3bf300000) (1024K)]
Total: 80

Other Threads:
  0x000002a051001a70 VMThread "VM Thread"                           [id=25192, stack(0x000000d3b9500000,0x000000d3b9600000) (1024K)]
  0x000002a025a2e1d0 WatcherThread "VM Periodic Task Thread"        [id=2216, stack(0x000000d3b9400000,0x000000d3b9500000) (1024K)]
  0x000002a025a644a0 WorkerThread "GC Thread#0"                     [id=11300, stack(0x000000d3b8f00000,0x000000d3b9000000) (1024K)]
  0x000002a05141a090 WorkerThread "GC Thread#1"                     [id=5248, stack(0x000000d3ba000000,0x000000d3ba100000) (1024K)]
  0x000002a051ae9b00 WorkerThread "GC Thread#2"                     [id=40188, stack(0x000000d3ba100000,0x000000d3ba200000) (1024K)]
  0x000002a0518b8220 WorkerThread "GC Thread#3"                     [id=25528, stack(0x000000d3ba200000,0x000000d3ba300000) (1024K)]
  0x000002a0518b85d0 WorkerThread "GC Thread#4"                     [id=11672, stack(0x000000d3ba300000,0x000000d3ba400000) (1024K)]
  0x000002a051b85dc0 WorkerThread "GC Thread#5"                     [id=39424, stack(0x000000d3ba400000,0x000000d3ba500000) (1024K)]
  0x000002a0572ca760 WorkerThread "GC Thread#6"                     [id=16560, stack(0x000000d3bb300000,0x000000d3bb400000) (1024K)]
  0x000002a058afd1c0 WorkerThread "GC Thread#7"                     [id=38336, stack(0x000000d3bb400000,0x000000d3bb500000) (1024K)]
  0x000002a058afbba0 WorkerThread "GC Thread#8"                     [id=10432, stack(0x000000d3bb500000,0x000000d3bb600000) (1024K)]
  0x000002a058aface0 WorkerThread "GC Thread#9"                     [id=16348, stack(0x000000d3bb600000,0x000000d3bb700000) (1024K)]
  0x000002a058afa580 WorkerThread "GC Thread#10"                    [id=16344, stack(0x000000d3bb700000,0x000000d3bb800000) (1024K)]
  0x000002a058afb090 WorkerThread "GC Thread#11"                    [id=40232, stack(0x000000d3bb800000,0x000000d3bb900000) (1024K)]
  0x000002a058afca60 WorkerThread "GC Thread#12"                    [id=32156, stack(0x000000d3bb900000,0x000000d3bba00000) (1024K)]
  0x000002a025a693a0 ConcurrentGCThread "G1 Main Marker"            [id=31212, stack(0x000000d3b9000000,0x000000d3b9100000) (1024K)]
  0x000002a025a6ac40 WorkerThread "G1 Conc#0"                       [id=34364, stack(0x000000d3b9100000,0x000000d3b9200000) (1024K)]
  0x000002a058afce10 WorkerThread "G1 Conc#1"                       [id=24064, stack(0x000000d3bba00000,0x000000d3bbb00000) (1024K)]
  0x000002a058afd570 WorkerThread "G1 Conc#2"                       [id=38032, stack(0x000000d3bbb00000,0x000000d3bbc00000) (1024K)]
  0x000002a03bd49630 ConcurrentGCThread "G1 Refine#0"               [id=39820, stack(0x000000d3b9200000,0x000000d3b9300000) (1024K)]
  0x000002a03bd4be70 ConcurrentGCThread "G1 Service"                [id=25628, stack(0x000000d3b9300000,0x000000d3b9400000) (1024K)]
Total: 21

Threads with active compile tasks:
C2 CompilerThread0  586781 8850       4       org.gradle.cache.internal.DefaultFileLockManager$DefaultFileLock$1::run (252 bytes)
Total: 1

VM state: not at safepoint (normal execution)

VM Mutex/Monitor currently owned by a thread: None

Heap address: 0x00000000e0000000, size: 512 MB, Compressed Oops mode: 32-bit

CDS archive(s) mapped at: [0x000002a03c000000-0x000002a03cba0000-0x000002a03cba0000), size 12189696, SharedBaseAddress: 0x000002a03c000000, ArchiveRelocationMode: 1.
Compressed class space mapped at: 0x000002a03d000000-0x000002a051000000, reserved size: 335544320
Narrow klass base: 0x000002a03c000000, Narrow klass shift: 0, Narrow klass range: 0x100000000

GC Precious Log:
 CardTable entry size: 512
 Card Set container configuration: InlinePtr #cards 5 size 8 Array Of Cards #cards 12 size 40 Howl #buckets 4 coarsen threshold 1843 Howl Bitmap #cards 512 size 80 coarsen threshold 460 Card regions per heap region 1 cards per card region 2048
 CPUs: 16 total, 16 available
 Memory: 16051M
 Large Page Support: Disabled
 NUMA Support: Disabled
 Compressed Oops: Enabled (32-bit)
 Heap Region Size: 1M
 Heap Min Capacity: 256M
 Heap Initial Capacity: 256M
 Heap Max Capacity: 512M
 Pre-touch: Disabled
 Parallel Workers: 13
 Concurrent Workers: 3
 Concurrent Refinement Workers: 13
 Periodic GC: Disabled

Heap:
 garbage-first heap   total 262144K, used 160271K [0x00000000e0000000, 0x0000000100000000)
  region size 1024K, 134 young (137216K), 17 survivors (17408K)
 Metaspace       used 49919K, committed 51520K, reserved 393216K
  class space    used 7136K, committed 7936K, reserved 327680K

Heap Regions: E=young(eden), S=young(survivor), O=old, HS=humongous(starts), HC=humongous(continues), CS=collection set, F=free, TAMS=top-at-mark-start, PB=parsable bottom
|   0|0x00000000e0000000, 0x00000000e0100000, 0x00000000e0100000|100%|HS|  |TAMS 0x00000000e0000000| PB 0x00000000e0000000| Complete 
|   1|0x00000000e0100000, 0x00000000e0200000, 0x00000000e0200000|100%|HC|  |TAMS 0x00000000e0100000| PB 0x00000000e0100000| Complete 
|   2|0x00000000e0200000, 0x00000000e0300000, 0x00000000e0300000|100%|HC|  |TAMS 0x00000000e0200000| PB 0x00000000e0200000| Complete 
|   3|0x00000000e0300000, 0x00000000e0400000, 0x00000000e0400000|100%|HC|  |TAMS 0x00000000e0300000| PB 0x00000000e0300000| Complete 
|   4|0x00000000e0400000, 0x00000000e0500000, 0x00000000e0500000|100%| O|  |TAMS 0x00000000e0400000| PB 0x00000000e0400000| Untracked 
|   5|0x00000000e0500000, 0x00000000e0600000, 0x00000000e0600000|100%| O|  |TAMS 0x00000000e0500000| PB 0x00000000e0500000| Untracked 
|   6|0x00000000e0600000, 0x00000000e0700000, 0x00000000e0700000|100%| O|  |TAMS 0x00000000e0600000| PB 0x00000000e0600000| Untracked 
|   7|0x00000000e0700000, 0x00000000e0800000, 0x00000000e0800000|100%| O|  |TAMS 0x00000000e0700000| PB 0x00000000e0700000| Untracked 
|   8|0x00000000e0800000, 0x00000000e0800000, 0x00000000e0900000|  0%| F|  |TAMS 0x00000000e0800000| PB 0x00000000e0800000| Untracked 
|   9|0x00000000e0900000, 0x00000000e0a00000, 0x00000000e0a00000|100%| O|  |TAMS 0x00000000e0900000| PB 0x00000000e0900000| Untracked 
|  10|0x00000000e0a00000, 0x00000000e0b00000, 0x00000000e0b00000|100%| O|  |TAMS 0x00000000e0a00000| PB 0x00000000e0a00000| Untracked 
|  11|0x00000000e0b00000, 0x00000000e0c00000, 0x00000000e0c00000|100%|HS|  |TAMS 0x00000000e0b00000| PB 0x00000000e0b00000| Complete 
|  12|0x00000000e0c00000, 0x00000000e0d00000, 0x00000000e0d00000|100%| O|  |TAMS 0x00000000e0c00000| PB 0x00000000e0c00000| Untracked 
|  13|0x00000000e0d00000, 0x00000000e0e00000, 0x00000000e0e00000|100%| O|  |TAMS 0x00000000e0d00000| PB 0x00000000e0d00000| Untracked 
|  14|0x00000000e0e00000, 0x00000000e0f00000, 0x00000000e0f00000|100%| O|  |TAMS 0x00000000e0e00000| PB 0x00000000e0e00000| Untracked 
|  15|0x00000000e0f00000, 0x00000000e1000000, 0x00000000e1000000|100%| O|  |TAMS 0x00000000e0f00000| PB 0x00000000e0f00000| Untracked 
|  16|0x00000000e1000000, 0x00000000e1100000, 0x00000000e1100000|100%| O|  |TAMS 0x00000000e1000000| PB 0x00000000e1000000| Untracked 
|  17|0x00000000e1100000, 0x00000000e1200000, 0x00000000e1200000|100%| O|  |TAMS 0x00000000e1100000| PB 0x00000000e1100000| Untracked 
|  18|0x00000000e1200000, 0x00000000e1300000, 0x00000000e1300000|100%| O|  |TAMS 0x00000000e1200000| PB 0x00000000e1200000| Untracked 
|  19|0x00000000e1300000, 0x00000000e1400000, 0x00000000e1400000|100%| O|  |TAMS 0x00000000e1300000| PB 0x00000000e1300000| Untracked 
|  20|0x00000000e1400000, 0x00000000e1500000, 0x00000000e1500000|100%| O|  |TAMS 0x00000000e1400000| PB 0x00000000e1400000| Untracked 
|  21|0x00000000e1500000, 0x00000000e1600000, 0x00000000e1600000|100%| O|  |TAMS 0x00000000e1500000| PB 0x00000000e1500000| Untracked 
|  22|0x00000000e1600000, 0x00000000e1700000, 0x00000000e1700000|100%| O|  |TAMS 0x00000000e1600000| PB 0x00000000e1600000| Untracked 
|  23|0x00000000e1700000, 0x00000000e1800000, 0x00000000e1800000|100%| O|  |TAMS 0x00000000e1700000| PB 0x00000000e1700000| Untracked 
|  24|0x00000000e1800000, 0x00000000e1900000, 0x00000000e1900000|100%| O|Cm|TAMS 0x00000000e1800000| PB 0x00000000e1800000| Complete 
|  25|0x00000000e1900000, 0x00000000e19e1788, 0x00000000e1a00000| 88%| O|  |TAMS 0x00000000e1900000| PB 0x00000000e1900000| Untracked 
|  26|0x00000000e1a00000, 0x00000000e1a00000, 0x00000000e1b00000|  0%| F|  |TAMS 0x00000000e1a00000| PB 0x00000000e1a00000| Untracked 
|  27|0x00000000e1b00000, 0x00000000e1b00000, 0x00000000e1c00000|  0%| F|  |TAMS 0x00000000e1b00000| PB 0x00000000e1b00000| Untracked 
|  28|0x00000000e1c00000, 0x00000000e1c00000, 0x00000000e1d00000|  0%| F|  |TAMS 0x00000000e1c00000| PB 0x00000000e1c00000| Untracked 
|  29|0x00000000e1d00000, 0x00000000e1d00000, 0x00000000e1e00000|  0%| F|  |TAMS 0x00000000e1d00000| PB 0x00000000e1d00000| Untracked 
|  30|0x00000000e1e00000, 0x00000000e1e00000, 0x00000000e1f00000|  0%| F|  |TAMS 0x00000000e1e00000| PB 0x00000000e1e00000| Untracked 
|  31|0x00000000e1f00000, 0x00000000e1f00000, 0x00000000e2000000|  0%| F|  |TAMS 0x00000000e1f00000| PB 0x00000000e1f00000| Untracked 
|  32|0x00000000e2000000, 0x00000000e2000000, 0x00000000e2100000|  0%| F|  |TAMS 0x00000000e2000000| PB 0x00000000e2000000| Untracked 
|  33|0x00000000e2100000, 0x00000000e2100000, 0x00000000e2200000|  0%| F|  |TAMS 0x00000000e2100000| PB 0x00000000e2100000| Untracked 
|  34|0x00000000e2200000, 0x00000000e2200000, 0x00000000e2300000|  0%| F|  |TAMS 0x00000000e2200000| PB 0x00000000e2200000| Untracked 
|  35|0x00000000e2300000, 0x00000000e2300000, 0x00000000e2400000|  0%| F|  |TAMS 0x00000000e2300000| PB 0x00000000e2300000| Untracked 
|  36|0x00000000e2400000, 0x00000000e2400000, 0x00000000e2500000|  0%| F|  |TAMS 0x00000000e2400000| PB 0x00000000e2400000| Untracked 
|  37|0x00000000e2500000, 0x00000000e2500000, 0x00000000e2600000|  0%| F|  |TAMS 0x00000000e2500000| PB 0x00000000e2500000| Untracked 
|  38|0x00000000e2600000, 0x00000000e2600000, 0x00000000e2700000|  0%| F|  |TAMS 0x00000000e2600000| PB 0x00000000e2600000| Untracked 
|  39|0x00000000e2700000, 0x00000000e2700000, 0x00000000e2800000|  0%| F|  |TAMS 0x00000000e2700000| PB 0x00000000e2700000| Untracked 
|  40|0x00000000e2800000, 0x00000000e2800000, 0x00000000e2900000|  0%| F|  |TAMS 0x00000000e2800000| PB 0x00000000e2800000| Untracked 
|  41|0x00000000e2900000, 0x00000000e2900000, 0x00000000e2a00000|  0%| F|  |TAMS 0x00000000e2900000| PB 0x00000000e2900000| Untracked 
|  42|0x00000000e2a00000, 0x00000000e2a00000, 0x00000000e2b00000|  0%| F|  |TAMS 0x00000000e2a00000| PB 0x00000000e2a00000| Untracked 
|  43|0x00000000e2b00000, 0x00000000e2b00000, 0x00000000e2c00000|  0%| F|  |TAMS 0x00000000e2b00000| PB 0x00000000e2b00000| Untracked 
|  44|0x00000000e2c00000, 0x00000000e2c00000, 0x00000000e2d00000|  0%| F|  |TAMS 0x00000000e2c00000| PB 0x00000000e2c00000| Untracked 
|  45|0x00000000e2d00000, 0x00000000e2d00000, 0x00000000e2e00000|  0%| F|  |TAMS 0x00000000e2d00000| PB 0x00000000e2d00000| Untracked 
|  46|0x00000000e2e00000, 0x00000000e2e00000, 0x00000000e2f00000|  0%| F|  |TAMS 0x00000000e2e00000| PB 0x00000000e2e00000| Untracked 
|  47|0x00000000e2f00000, 0x00000000e2f00000, 0x00000000e3000000|  0%| F|  |TAMS 0x00000000e2f00000| PB 0x00000000e2f00000| Untracked 
|  48|0x00000000e3000000, 0x00000000e3000000, 0x00000000e3100000|  0%| F|  |TAMS 0x00000000e3000000| PB 0x00000000e3000000| Untracked 
|  49|0x00000000e3100000, 0x00000000e3100000, 0x00000000e3200000|  0%| F|  |TAMS 0x00000000e3100000| PB 0x00000000e3100000| Untracked 
|  50|0x00000000e3200000, 0x00000000e3200000, 0x00000000e3300000|  0%| F|  |TAMS 0x00000000e3200000| PB 0x00000000e3200000| Untracked 
|  51|0x00000000e3300000, 0x00000000e3300000, 0x00000000e3400000|  0%| F|  |TAMS 0x00000000e3300000| PB 0x00000000e3300000| Untracked 
|  52|0x00000000e3400000, 0x00000000e3400000, 0x00000000e3500000|  0%| F|  |TAMS 0x00000000e3400000| PB 0x00000000e3400000| Untracked 
|  53|0x00000000e3500000, 0x00000000e3500000, 0x00000000e3600000|  0%| F|  |TAMS 0x00000000e3500000| PB 0x00000000e3500000| Untracked 
|  54|0x00000000e3600000, 0x00000000e3600000, 0x00000000e3700000|  0%| F|  |TAMS 0x00000000e3600000| PB 0x00000000e3600000| Untracked 
|  55|0x00000000e3700000, 0x00000000e3700000, 0x00000000e3800000|  0%| F|  |TAMS 0x00000000e3700000| PB 0x00000000e3700000| Untracked 
|  56|0x00000000e3800000, 0x00000000e3800000, 0x00000000e3900000|  0%| F|  |TAMS 0x00000000e3800000| PB 0x00000000e3800000| Untracked 
|  57|0x00000000e3900000, 0x00000000e3900000, 0x00000000e3a00000|  0%| F|  |TAMS 0x00000000e3900000| PB 0x00000000e3900000| Untracked 
|  58|0x00000000e3a00000, 0x00000000e3a00000, 0x00000000e3b00000|  0%| F|  |TAMS 0x00000000e3a00000| PB 0x00000000e3a00000| Untracked 
|  59|0x00000000e3b00000, 0x00000000e3b00000, 0x00000000e3c00000|  0%| F|  |TAMS 0x00000000e3b00000| PB 0x00000000e3b00000| Untracked 
|  60|0x00000000e3c00000, 0x00000000e3c00000, 0x00000000e3d00000|  0%| F|  |TAMS 0x00000000e3c00000| PB 0x00000000e3c00000| Untracked 
|  61|0x00000000e3d00000, 0x00000000e3d00000, 0x00000000e3e00000|  0%| F|  |TAMS 0x00000000e3d00000| PB 0x00000000e3d00000| Untracked 
|  62|0x00000000e3e00000, 0x00000000e3e00000, 0x00000000e3f00000|  0%| F|  |TAMS 0x00000000e3e00000| PB 0x00000000e3e00000| Untracked 
|  63|0x00000000e3f00000, 0x00000000e3f00000, 0x00000000e4000000|  0%| F|  |TAMS 0x00000000e3f00000| PB 0x00000000e3f00000| Untracked 
|  64|0x00000000e4000000, 0x00000000e4000000, 0x00000000e4100000|  0%| F|  |TAMS 0x00000000e4000000| PB 0x00000000e4000000| Untracked 
|  65|0x00000000e4100000, 0x00000000e4100000, 0x00000000e4200000|  0%| F|  |TAMS 0x00000000e4100000| PB 0x00000000e4100000| Untracked 
|  66|0x00000000e4200000, 0x00000000e4200000, 0x00000000e4300000|  0%| F|  |TAMS 0x00000000e4200000| PB 0x00000000e4200000| Untracked 
|  67|0x00000000e4300000, 0x00000000e4300000, 0x00000000e4400000|  0%| F|  |TAMS 0x00000000e4300000| PB 0x00000000e4300000| Untracked 
|  68|0x00000000e4400000, 0x00000000e4400000, 0x00000000e4500000|  0%| F|  |TAMS 0x00000000e4400000| PB 0x00000000e4400000| Untracked 
|  69|0x00000000e4500000, 0x00000000e4500000, 0x00000000e4600000|  0%| F|  |TAMS 0x00000000e4500000| PB 0x00000000e4500000| Untracked 
|  70|0x00000000e4600000, 0x00000000e4600000, 0x00000000e4700000|  0%| F|  |TAMS 0x00000000e4600000| PB 0x00000000e4600000| Untracked 
|  71|0x00000000e4700000, 0x00000000e4700000, 0x00000000e4800000|  0%| F|  |TAMS 0x00000000e4700000| PB 0x00000000e4700000| Untracked 
|  72|0x00000000e4800000, 0x00000000e4800000, 0x00000000e4900000|  0%| F|  |TAMS 0x00000000e4800000| PB 0x00000000e4800000| Untracked 
|  73|0x00000000e4900000, 0x00000000e4900000, 0x00000000e4a00000|  0%| F|  |TAMS 0x00000000e4900000| PB 0x00000000e4900000| Untracked 
|  74|0x00000000e4a00000, 0x00000000e4a00000, 0x00000000e4b00000|  0%| F|  |TAMS 0x00000000e4a00000| PB 0x00000000e4a00000| Untracked 
|  75|0x00000000e4b00000, 0x00000000e4b00000, 0x00000000e4c00000|  0%| F|  |TAMS 0x00000000e4b00000| PB 0x00000000e4b00000| Untracked 
|  76|0x00000000e4c00000, 0x00000000e4c00000, 0x00000000e4d00000|  0%| F|  |TAMS 0x00000000e4c00000| PB 0x00000000e4c00000| Untracked 
|  77|0x00000000e4d00000, 0x00000000e4d00000, 0x00000000e4e00000|  0%| F|  |TAMS 0x00000000e4d00000| PB 0x00000000e4d00000| Untracked 
|  78|0x00000000e4e00000, 0x00000000e4e00000, 0x00000000e4f00000|  0%| F|  |TAMS 0x00000000e4e00000| PB 0x00000000e4e00000| Untracked 
|  79|0x00000000e4f00000, 0x00000000e4f00000, 0x00000000e5000000|  0%| F|  |TAMS 0x00000000e4f00000| PB 0x00000000e4f00000| Untracked 
|  80|0x00000000e5000000, 0x00000000e5000000, 0x00000000e5100000|  0%| F|  |TAMS 0x00000000e5000000| PB 0x00000000e5000000| Untracked 
|  81|0x00000000e5100000, 0x00000000e5100000, 0x00000000e5200000|  0%| F|  |TAMS 0x00000000e5100000| PB 0x00000000e5100000| Untracked 
|  82|0x00000000e5200000, 0x00000000e5200000, 0x00000000e5300000|  0%| F|  |TAMS 0x00000000e5200000| PB 0x00000000e5200000| Untracked 
|  83|0x00000000e5300000, 0x00000000e5300000, 0x00000000e5400000|  0%| F|  |TAMS 0x00000000e5300000| PB 0x00000000e5300000| Untracked 
|  84|0x00000000e5400000, 0x00000000e5400000, 0x00000000e5500000|  0%| F|  |TAMS 0x00000000e5400000| PB 0x00000000e5400000| Untracked 
|  85|0x00000000e5500000, 0x00000000e5500000, 0x00000000e5600000|  0%| F|  |TAMS 0x00000000e5500000| PB 0x00000000e5500000| Untracked 
|  86|0x00000000e5600000, 0x00000000e56a2800, 0x00000000e5700000| 63%| S|CS|TAMS 0x00000000e5600000| PB 0x00000000e5600000| Complete 
|  87|0x00000000e5700000, 0x00000000e5800000, 0x00000000e5800000|100%| S|CS|TAMS 0x00000000e5700000| PB 0x00000000e5700000| Complete 
|  88|0x00000000e5800000, 0x00000000e5900000, 0x00000000e5900000|100%| S|CS|TAMS 0x00000000e5800000| PB 0x00000000e5800000| Complete 
|  89|0x00000000e5900000, 0x00000000e5a00000, 0x00000000e5a00000|100%| S|CS|TAMS 0x00000000e5900000| PB 0x00000000e5900000| Complete 
|  90|0x00000000e5a00000, 0x00000000e5b00000, 0x00000000e5b00000|100%| S|CS|TAMS 0x00000000e5a00000| PB 0x00000000e5a00000| Complete 
|  91|0x00000000e5b00000, 0x00000000e5c00000, 0x00000000e5c00000|100%| S|CS|TAMS 0x00000000e5b00000| PB 0x00000000e5b00000| Complete 
|  92|0x00000000e5c00000, 0x00000000e5d00000, 0x00000000e5d00000|100%| S|CS|TAMS 0x00000000e5c00000| PB 0x00000000e5c00000| Complete 
|  93|0x00000000e5d00000, 0x00000000e5e00000, 0x00000000e5e00000|100%| S|CS|TAMS 0x00000000e5d00000| PB 0x00000000e5d00000| Complete 
|  94|0x00000000e5e00000, 0x00000000e5f00000, 0x00000000e5f00000|100%| S|CS|TAMS 0x00000000e5e00000| PB 0x00000000e5e00000| Complete 
|  95|0x00000000e5f00000, 0x00000000e6000000, 0x00000000e6000000|100%| S|CS|TAMS 0x00000000e5f00000| PB 0x00000000e5f00000| Complete 
|  96|0x00000000e6000000, 0x00000000e6100000, 0x00000000e6100000|100%| S|CS|TAMS 0x00000000e6000000| PB 0x00000000e6000000| Complete 
|  97|0x00000000e6100000, 0x00000000e6200000, 0x00000000e6200000|100%| S|CS|TAMS 0x00000000e6100000| PB 0x00000000e6100000| Complete 
|  98|0x00000000e6200000, 0x00000000e6300000, 0x00000000e6300000|100%| S|CS|TAMS 0x00000000e6200000| PB 0x00000000e6200000| Complete 
|  99|0x00000000e6300000, 0x00000000e6400000, 0x00000000e6400000|100%| S|CS|TAMS 0x00000000e6300000| PB 0x00000000e6300000| Complete 
| 100|0x00000000e6400000, 0x00000000e6500000, 0x00000000e6500000|100%| S|CS|TAMS 0x00000000e6400000| PB 0x00000000e6400000| Complete 
| 101|0x00000000e6500000, 0x00000000e6600000, 0x00000000e6600000|100%| S|CS|TAMS 0x00000000e6500000| PB 0x00000000e6500000| Complete 
| 102|0x00000000e6600000, 0x00000000e6700000, 0x00000000e6700000|100%| S|CS|TAMS 0x00000000e6600000| PB 0x00000000e6600000| Complete 
| 103|0x00000000e6700000, 0x00000000e6700000, 0x00000000e6800000|  0%| F|  |TAMS 0x00000000e6700000| PB 0x00000000e6700000| Untracked 
| 104|0x00000000e6800000, 0x00000000e6800000, 0x00000000e6900000|  0%| F|  |TAMS 0x00000000e6800000| PB 0x00000000e6800000| Untracked 
| 105|0x00000000e6900000, 0x00000000e6900000, 0x00000000e6a00000|  0%| F|  |TAMS 0x00000000e6900000| PB 0x00000000e6900000| Untracked 
| 106|0x00000000e6a00000, 0x00000000e6a00000, 0x00000000e6b00000|  0%| F|  |TAMS 0x00000000e6a00000| PB 0x00000000e6a00000| Untracked 
| 107|0x00000000e6b00000, 0x00000000e6b00000, 0x00000000e6c00000|  0%| F|  |TAMS 0x00000000e6b00000| PB 0x00000000e6b00000| Untracked 
| 108|0x00000000e6c00000, 0x00000000e6c00000, 0x00000000e6d00000|  0%| F|  |TAMS 0x00000000e6c00000| PB 0x00000000e6c00000| Untracked 
| 109|0x00000000e6d00000, 0x00000000e6d00000, 0x00000000e6e00000|  0%| F|  |TAMS 0x00000000e6d00000| PB 0x00000000e6d00000| Untracked 
| 110|0x00000000e6e00000, 0x00000000e6e00000, 0x00000000e6f00000|  0%| F|  |TAMS 0x00000000e6e00000| PB 0x00000000e6e00000| Untracked 
| 111|0x00000000e6f00000, 0x00000000e6f00000, 0x00000000e7000000|  0%| F|  |TAMS 0x00000000e6f00000| PB 0x00000000e6f00000| Untracked 
| 112|0x00000000e7000000, 0x00000000e7000000, 0x00000000e7100000|  0%| F|  |TAMS 0x00000000e7000000| PB 0x00000000e7000000| Untracked 
| 113|0x00000000e7100000, 0x00000000e7100000, 0x00000000e7200000|  0%| F|  |TAMS 0x00000000e7100000| PB 0x00000000e7100000| Untracked 
| 114|0x00000000e7200000, 0x00000000e7200000, 0x00000000e7300000|  0%| F|  |TAMS 0x00000000e7200000| PB 0x00000000e7200000| Untracked 
| 115|0x00000000e7300000, 0x00000000e7300000, 0x00000000e7400000|  0%| F|  |TAMS 0x00000000e7300000| PB 0x00000000e7300000| Untracked 
| 116|0x00000000e7400000, 0x00000000e7400000, 0x00000000e7500000|  0%| F|  |TAMS 0x00000000e7400000| PB 0x00000000e7400000| Untracked 
| 117|0x00000000e7500000, 0x00000000e7500000, 0x00000000e7600000|  0%| F|  |TAMS 0x00000000e7500000| PB 0x00000000e7500000| Untracked 
| 118|0x00000000e7600000, 0x00000000e7600000, 0x00000000e7700000|  0%| F|  |TAMS 0x00000000e7600000| PB 0x00000000e7600000| Untracked 
| 119|0x00000000e7700000, 0x00000000e7700000, 0x00000000e7800000|  0%| F|  |TAMS 0x00000000e7700000| PB 0x00000000e7700000| Untracked 
| 120|0x00000000e7800000, 0x00000000e7800000, 0x00000000e7900000|  0%| F|  |TAMS 0x00000000e7800000| PB 0x00000000e7800000| Untracked 
| 121|0x00000000e7900000, 0x00000000e7900000, 0x00000000e7a00000|  0%| F|  |TAMS 0x00000000e7900000| PB 0x00000000e7900000| Untracked 
| 122|0x00000000e7a00000, 0x00000000e7a00000, 0x00000000e7b00000|  0%| F|  |TAMS 0x00000000e7a00000| PB 0x00000000e7a00000| Untracked 
| 123|0x00000000e7b00000, 0x00000000e7b00000, 0x00000000e7c00000|  0%| F|  |TAMS 0x00000000e7b00000| PB 0x00000000e7b00000| Untracked 
| 124|0x00000000e7c00000, 0x00000000e7c00000, 0x00000000e7d00000|  0%| F|  |TAMS 0x00000000e7c00000| PB 0x00000000e7c00000| Untracked 
| 125|0x00000000e7d00000, 0x00000000e7d00000, 0x00000000e7e00000|  0%| F|  |TAMS 0x00000000e7d00000| PB 0x00000000e7d00000| Untracked 
| 126|0x00000000e7e00000, 0x00000000e7e00000, 0x00000000e7f00000|  0%| F|  |TAMS 0x00000000e7e00000| PB 0x00000000e7e00000| Untracked 
| 127|0x00000000e7f00000, 0x00000000e7f00000, 0x00000000e8000000|  0%| F|  |TAMS 0x00000000e7f00000| PB 0x00000000e7f00000| Untracked 
| 128|0x00000000e8000000, 0x00000000e8000000, 0x00000000e8100000|  0%| F|  |TAMS 0x00000000e8000000| PB 0x00000000e8000000| Untracked 
| 129|0x00000000e8100000, 0x00000000e8100000, 0x00000000e8200000|  0%| F|  |TAMS 0x00000000e8100000| PB 0x00000000e8100000| Untracked 
| 130|0x00000000e8200000, 0x00000000e8200000, 0x00000000e8300000|  0%| F|  |TAMS 0x00000000e8200000| PB 0x00000000e8200000| Untracked 
| 131|0x00000000e8300000, 0x00000000e8300000, 0x00000000e8400000|  0%| F|  |TAMS 0x00000000e8300000| PB 0x00000000e8300000| Untracked 
| 132|0x00000000e8400000, 0x00000000e8400000, 0x00000000e8500000|  0%| F|  |TAMS 0x00000000e8400000| PB 0x00000000e8400000| Untracked 
| 133|0x00000000e8500000, 0x00000000e8500000, 0x00000000e8600000|  0%| F|  |TAMS 0x00000000e8500000| PB 0x00000000e8500000| Untracked 
| 134|0x00000000e8600000, 0x00000000e8600000, 0x00000000e8700000|  0%| F|  |TAMS 0x00000000e8600000| PB 0x00000000e8600000| Untracked 
| 135|0x00000000e8700000, 0x00000000e8700000, 0x00000000e8800000|  0%| F|  |TAMS 0x00000000e8700000| PB 0x00000000e8700000| Untracked 
| 136|0x00000000e8800000, 0x00000000e8800000, 0x00000000e8900000|  0%| F|  |TAMS 0x00000000e8800000| PB 0x00000000e8800000| Untracked 
| 137|0x00000000e8900000, 0x00000000e8900000, 0x00000000e8a00000|  0%| F|  |TAMS 0x00000000e8900000| PB 0x00000000e8900000| Untracked 
| 138|0x00000000e8a00000, 0x00000000e8a00000, 0x00000000e8b00000|  0%| F|  |TAMS 0x00000000e8a00000| PB 0x00000000e8a00000| Untracked 
| 139|0x00000000e8b00000, 0x00000000e8b80000, 0x00000000e8c00000| 50%| E|  |TAMS 0x00000000e8b00000| PB 0x00000000e8b00000| Complete 
| 140|0x00000000e8c00000, 0x00000000e8d00000, 0x00000000e8d00000|100%| E|CS|TAMS 0x00000000e8c00000| PB 0x00000000e8c00000| Complete 
| 141|0x00000000e8d00000, 0x00000000e8e00000, 0x00000000e8e00000|100%| E|CS|TAMS 0x00000000e8d00000| PB 0x00000000e8d00000| Complete 
| 142|0x00000000e8e00000, 0x00000000e8f00000, 0x00000000e8f00000|100%| E|CS|TAMS 0x00000000e8e00000| PB 0x00000000e8e00000| Complete 
| 143|0x00000000e8f00000, 0x00000000e9000000, 0x00000000e9000000|100%| E|CS|TAMS 0x00000000e8f00000| PB 0x00000000e8f00000| Complete 
| 144|0x00000000e9000000, 0x00000000e9100000, 0x00000000e9100000|100%| E|CS|TAMS 0x00000000e9000000| PB 0x00000000e9000000| Complete 
| 145|0x00000000e9100000, 0x00000000e9200000, 0x00000000e9200000|100%| E|CS|TAMS 0x00000000e9100000| PB 0x00000000e9100000| Complete 
| 146|0x00000000e9200000, 0x00000000e9300000, 0x00000000e9300000|100%| E|CS|TAMS 0x00000000e9200000| PB 0x00000000e9200000| Complete 
| 147|0x00000000e9300000, 0x00000000e9400000, 0x00000000e9400000|100%| E|CS|TAMS 0x00000000e9300000| PB 0x00000000e9300000| Complete 
| 148|0x00000000e9400000, 0x00000000e9500000, 0x00000000e9500000|100%| E|CS|TAMS 0x00000000e9400000| PB 0x00000000e9400000| Complete 
| 149|0x00000000e9500000, 0x00000000e9600000, 0x00000000e9600000|100%| E|CS|TAMS 0x00000000e9500000| PB 0x00000000e9500000| Complete 
| 150|0x00000000e9600000, 0x00000000e9700000, 0x00000000e9700000|100%| E|CS|TAMS 0x00000000e9600000| PB 0x00000000e9600000| Complete 
| 151|0x00000000e9700000, 0x00000000e9800000, 0x00000000e9800000|100%| E|CS|TAMS 0x00000000e9700000| PB 0x00000000e9700000| Complete 
| 152|0x00000000e9800000, 0x00000000e9900000, 0x00000000e9900000|100%| E|CS|TAMS 0x00000000e9800000| PB 0x00000000e9800000| Complete 
| 153|0x00000000e9900000, 0x00000000e9a00000, 0x00000000e9a00000|100%| E|  |TAMS 0x00000000e9900000| PB 0x00000000e9900000| Complete 
| 154|0x00000000e9a00000, 0x00000000e9b00000, 0x00000000e9b00000|100%| E|CS|TAMS 0x00000000e9a00000| PB 0x00000000e9a00000| Complete 
| 155|0x00000000e9b00000, 0x00000000e9c00000, 0x00000000e9c00000|100%| E|CS|TAMS 0x00000000e9b00000| PB 0x00000000e9b00000| Complete 
| 156|0x00000000e9c00000, 0x00000000e9d00000, 0x00000000e9d00000|100%| E|CS|TAMS 0x00000000e9c00000| PB 0x00000000e9c00000| Complete 
| 157|0x00000000e9d00000, 0x00000000e9e00000, 0x00000000e9e00000|100%| E|CS|TAMS 0x00000000e9d00000| PB 0x00000000e9d00000| Complete 
| 158|0x00000000e9e00000, 0x00000000e9f00000, 0x00000000e9f00000|100%| E|CS|TAMS 0x00000000e9e00000| PB 0x00000000e9e00000| Complete 
| 159|0x00000000e9f00000, 0x00000000ea000000, 0x00000000ea000000|100%| E|CS|TAMS 0x00000000e9f00000| PB 0x00000000e9f00000| Complete 
| 160|0x00000000ea000000, 0x00000000ea100000, 0x00000000ea100000|100%| E|CS|TAMS 0x00000000ea000000| PB 0x00000000ea000000| Complete 
| 161|0x00000000ea100000, 0x00000000ea200000, 0x00000000ea200000|100%| E|CS|TAMS 0x00000000ea100000| PB 0x00000000ea100000| Complete 
| 162|0x00000000ea200000, 0x00000000ea300000, 0x00000000ea300000|100%| E|CS|TAMS 0x00000000ea200000| PB 0x00000000ea200000| Complete 
| 163|0x00000000ea300000, 0x00000000ea400000, 0x00000000ea400000|100%| E|CS|TAMS 0x00000000ea300000| PB 0x00000000ea300000| Complete 
| 164|0x00000000ea400000, 0x00000000ea500000, 0x00000000ea500000|100%| E|CS|TAMS 0x00000000ea400000| PB 0x00000000ea400000| Complete 
| 165|0x00000000ea500000, 0x00000000ea600000, 0x00000000ea600000|100%| E|CS|TAMS 0x00000000ea500000| PB 0x00000000ea500000| Complete 
| 166|0x00000000ea600000, 0x00000000ea700000, 0x00000000ea700000|100%| E|CS|TAMS 0x00000000ea600000| PB 0x00000000ea600000| Complete 
| 167|0x00000000ea700000, 0x00000000ea800000, 0x00000000ea800000|100%| E|CS|TAMS 0x00000000ea700000| PB 0x00000000ea700000| Complete 
| 168|0x00000000ea800000, 0x00000000ea900000, 0x00000000ea900000|100%| E|CS|TAMS 0x00000000ea800000| PB 0x00000000ea800000| Complete 
| 169|0x00000000ea900000, 0x00000000eaa00000, 0x00000000eaa00000|100%| E|CS|TAMS 0x00000000ea900000| PB 0x00000000ea900000| Complete 
| 170|0x00000000eaa00000, 0x00000000eab00000, 0x00000000eab00000|100%| E|CS|TAMS 0x00000000eaa00000| PB 0x00000000eaa00000| Complete 
| 171|0x00000000eab00000, 0x00000000eac00000, 0x00000000eac00000|100%| E|CS|TAMS 0x00000000eab00000| PB 0x00000000eab00000| Complete 
| 172|0x00000000eac00000, 0x00000000ead00000, 0x00000000ead00000|100%| E|CS|TAMS 0x00000000eac00000| PB 0x00000000eac00000| Complete 
| 173|0x00000000ead00000, 0x00000000eae00000, 0x00000000eae00000|100%| E|CS|TAMS 0x00000000ead00000| PB 0x00000000ead00000| Complete 
| 174|0x00000000eae00000, 0x00000000eaf00000, 0x00000000eaf00000|100%| E|CS|TAMS 0x00000000eae00000| PB 0x00000000eae00000| Complete 
| 175|0x00000000eaf00000, 0x00000000eb000000, 0x00000000eb000000|100%| E|CS|TAMS 0x00000000eaf00000| PB 0x00000000eaf00000| Complete 
| 176|0x00000000eb000000, 0x00000000eb100000, 0x00000000eb100000|100%| E|CS|TAMS 0x00000000eb000000| PB 0x00000000eb000000| Complete 
| 177|0x00000000eb100000, 0x00000000eb200000, 0x00000000eb200000|100%| E|CS|TAMS 0x00000000eb100000| PB 0x00000000eb100000| Complete 
| 178|0x00000000eb200000, 0x00000000eb300000, 0x00000000eb300000|100%| E|CS|TAMS 0x00000000eb200000| PB 0x00000000eb200000| Complete 
| 179|0x00000000eb300000, 0x00000000eb400000, 0x00000000eb400000|100%| E|CS|TAMS 0x00000000eb300000| PB 0x00000000eb300000| Complete 
| 180|0x00000000eb400000, 0x00000000eb500000, 0x00000000eb500000|100%| E|CS|TAMS 0x00000000eb400000| PB 0x00000000eb400000| Complete 
| 181|0x00000000eb500000, 0x00000000eb600000, 0x00000000eb600000|100%| E|CS|TAMS 0x00000000eb500000| PB 0x00000000eb500000| Complete 
| 182|0x00000000eb600000, 0x00000000eb700000, 0x00000000eb700000|100%| E|CS|TAMS 0x00000000eb600000| PB 0x00000000eb600000| Complete 
| 183|0x00000000eb700000, 0x00000000eb800000, 0x00000000eb800000|100%| E|CS|TAMS 0x00000000eb700000| PB 0x00000000eb700000| Complete 
| 184|0x00000000eb800000, 0x00000000eb900000, 0x00000000eb900000|100%| E|CS|TAMS 0x00000000eb800000| PB 0x00000000eb800000| Complete 
| 185|0x00000000eb900000, 0x00000000eba00000, 0x00000000eba00000|100%| E|CS|TAMS 0x00000000eb900000| PB 0x00000000eb900000| Complete 
| 186|0x00000000eba00000, 0x00000000ebb00000, 0x00000000ebb00000|100%| E|CS|TAMS 0x00000000eba00000| PB 0x00000000eba00000| Complete 
| 187|0x00000000ebb00000, 0x00000000ebc00000, 0x00000000ebc00000|100%| E|CS|TAMS 0x00000000ebb00000| PB 0x00000000ebb00000| Complete 
| 188|0x00000000ebc00000, 0x00000000ebd00000, 0x00000000ebd00000|100%| E|CS|TAMS 0x00000000ebc00000| PB 0x00000000ebc00000| Complete 
| 189|0x00000000ebd00000, 0x00000000ebe00000, 0x00000000ebe00000|100%| E|CS|TAMS 0x00000000ebd00000| PB 0x00000000ebd00000| Complete 
| 190|0x00000000ebe00000, 0x00000000ebf00000, 0x00000000ebf00000|100%| E|CS|TAMS 0x00000000ebe00000| PB 0x00000000ebe00000| Complete 
| 191|0x00000000ebf00000, 0x00000000ec000000, 0x00000000ec000000|100%| E|CS|TAMS 0x00000000ebf00000| PB 0x00000000ebf00000| Complete 
| 192|0x00000000ec000000, 0x00000000ec100000, 0x00000000ec100000|100%| E|CS|TAMS 0x00000000ec000000| PB 0x00000000ec000000| Complete 
| 193|0x00000000ec100000, 0x00000000ec200000, 0x00000000ec200000|100%| E|CS|TAMS 0x00000000ec100000| PB 0x00000000ec100000| Complete 
| 194|0x00000000ec200000, 0x00000000ec300000, 0x00000000ec300000|100%| E|CS|TAMS 0x00000000ec200000| PB 0x00000000ec200000| Complete 
| 195|0x00000000ec300000, 0x00000000ec400000, 0x00000000ec400000|100%| E|CS|TAMS 0x00000000ec300000| PB 0x00000000ec300000| Complete 
| 196|0x00000000ec400000, 0x00000000ec500000, 0x00000000ec500000|100%| E|CS|TAMS 0x00000000ec400000| PB 0x00000000ec400000| Complete 
| 197|0x00000000ec500000, 0x00000000ec600000, 0x00000000ec600000|100%| E|CS|TAMS 0x00000000ec500000| PB 0x00000000ec500000| Complete 
| 198|0x00000000ec600000, 0x00000000ec700000, 0x00000000ec700000|100%| E|CS|TAMS 0x00000000ec600000| PB 0x00000000ec600000| Complete 
| 199|0x00000000ec700000, 0x00000000ec800000, 0x00000000ec800000|100%| E|CS|TAMS 0x00000000ec700000| PB 0x00000000ec700000| Complete 
| 200|0x00000000ec800000, 0x00000000ec900000, 0x00000000ec900000|100%| E|CS|TAMS 0x00000000ec800000| PB 0x00000000ec800000| Complete 
| 201|0x00000000ec900000, 0x00000000eca00000, 0x00000000eca00000|100%| E|CS|TAMS 0x00000000ec900000| PB 0x00000000ec900000| Complete 
| 202|0x00000000eca00000, 0x00000000ecb00000, 0x00000000ecb00000|100%| E|CS|TAMS 0x00000000eca00000| PB 0x00000000eca00000| Complete 
| 203|0x00000000ecb00000, 0x00000000ecc00000, 0x00000000ecc00000|100%| E|CS|TAMS 0x00000000ecb00000| PB 0x00000000ecb00000| Complete 
| 204|0x00000000ecc00000, 0x00000000ecd00000, 0x00000000ecd00000|100%| E|CS|TAMS 0x00000000ecc00000| PB 0x00000000ecc00000| Complete 
| 205|0x00000000ecd00000, 0x00000000ece00000, 0x00000000ece00000|100%| E|CS|TAMS 0x00000000ecd00000| PB 0x00000000ecd00000| Complete 
| 206|0x00000000ece00000, 0x00000000ecf00000, 0x00000000ecf00000|100%| E|CS|TAMS 0x00000000ece00000| PB 0x00000000ece00000| Complete 
| 207|0x00000000ecf00000, 0x00000000ed000000, 0x00000000ed000000|100%| E|CS|TAMS 0x00000000ecf00000| PB 0x00000000ecf00000| Complete 
| 208|0x00000000ed000000, 0x00000000ed100000, 0x00000000ed100000|100%| E|CS|TAMS 0x00000000ed000000| PB 0x00000000ed000000| Complete 
| 209|0x00000000ed100000, 0x00000000ed200000, 0x00000000ed200000|100%| E|CS|TAMS 0x00000000ed100000| PB 0x00000000ed100000| Complete 
| 210|0x00000000ed200000, 0x00000000ed300000, 0x00000000ed300000|100%| E|CS|TAMS 0x00000000ed200000| PB 0x00000000ed200000| Complete 
| 211|0x00000000ed300000, 0x00000000ed400000, 0x00000000ed400000|100%| E|CS|TAMS 0x00000000ed300000| PB 0x00000000ed300000| Complete 
| 212|0x00000000ed400000, 0x00000000ed500000, 0x00000000ed500000|100%| E|CS|TAMS 0x00000000ed400000| PB 0x00000000ed400000| Complete 
| 213|0x00000000ed500000, 0x00000000ed600000, 0x00000000ed600000|100%| E|CS|TAMS 0x00000000ed500000| PB 0x00000000ed500000| Complete 
| 214|0x00000000ed600000, 0x00000000ed700000, 0x00000000ed700000|100%| E|CS|TAMS 0x00000000ed600000| PB 0x00000000ed600000| Complete 
| 215|0x00000000ed700000, 0x00000000ed800000, 0x00000000ed800000|100%| E|CS|TAMS 0x00000000ed700000| PB 0x00000000ed700000| Complete 
| 216|0x00000000ed800000, 0x00000000ed900000, 0x00000000ed900000|100%| E|CS|TAMS 0x00000000ed800000| PB 0x00000000ed800000| Complete 
| 217|0x00000000ed900000, 0x00000000eda00000, 0x00000000eda00000|100%| E|CS|TAMS 0x00000000ed900000| PB 0x00000000ed900000| Complete 
| 218|0x00000000eda00000, 0x00000000edb00000, 0x00000000edb00000|100%| E|CS|TAMS 0x00000000eda00000| PB 0x00000000eda00000| Complete 
| 219|0x00000000edb00000, 0x00000000edc00000, 0x00000000edc00000|100%| E|CS|TAMS 0x00000000edb00000| PB 0x00000000edb00000| Complete 
| 220|0x00000000edc00000, 0x00000000edd00000, 0x00000000edd00000|100%| E|CS|TAMS 0x00000000edc00000| PB 0x00000000edc00000| Complete 
| 221|0x00000000edd00000, 0x00000000ede00000, 0x00000000ede00000|100%| E|CS|TAMS 0x00000000edd00000| PB 0x00000000edd00000| Complete 
| 222|0x00000000ede00000, 0x00000000edf00000, 0x00000000edf00000|100%| E|CS|TAMS 0x00000000ede00000| PB 0x00000000ede00000| Complete 
| 223|0x00000000edf00000, 0x00000000ee000000, 0x00000000ee000000|100%| E|CS|TAMS 0x00000000edf00000| PB 0x00000000edf00000| Complete 
| 224|0x00000000ee000000, 0x00000000ee100000, 0x00000000ee100000|100%| E|CS|TAMS 0x00000000ee000000| PB 0x00000000ee000000| Complete 
| 225|0x00000000ee100000, 0x00000000ee200000, 0x00000000ee200000|100%| E|CS|TAMS 0x00000000ee100000| PB 0x00000000ee100000| Complete 
| 226|0x00000000ee200000, 0x00000000ee300000, 0x00000000ee300000|100%| E|CS|TAMS 0x00000000ee200000| PB 0x00000000ee200000| Complete 
| 227|0x00000000ee300000, 0x00000000ee400000, 0x00000000ee400000|100%| E|CS|TAMS 0x00000000ee300000| PB 0x00000000ee300000| Complete 
| 228|0x00000000ee400000, 0x00000000ee500000, 0x00000000ee500000|100%| E|CS|TAMS 0x00000000ee400000| PB 0x00000000ee400000| Complete 
| 229|0x00000000ee500000, 0x00000000ee600000, 0x00000000ee600000|100%| E|CS|TAMS 0x00000000ee500000| PB 0x00000000ee500000| Complete 
| 230|0x00000000ee600000, 0x00000000ee700000, 0x00000000ee700000|100%| E|CS|TAMS 0x00000000ee600000| PB 0x00000000ee600000| Complete 
| 231|0x00000000ee700000, 0x00000000ee800000, 0x00000000ee800000|100%| E|CS|TAMS 0x00000000ee700000| PB 0x00000000ee700000| Complete 
| 232|0x00000000ee800000, 0x00000000ee900000, 0x00000000ee900000|100%| E|CS|TAMS 0x00000000ee800000| PB 0x00000000ee800000| Complete 
| 233|0x00000000ee900000, 0x00000000eea00000, 0x00000000eea00000|100%| E|CS|TAMS 0x00000000ee900000| PB 0x00000000ee900000| Complete 
| 234|0x00000000eea00000, 0x00000000eeb00000, 0x00000000eeb00000|100%| E|CS|TAMS 0x00000000eea00000| PB 0x00000000eea00000| Complete 
| 235|0x00000000eeb00000, 0x00000000eec00000, 0x00000000eec00000|100%| E|CS|TAMS 0x00000000eeb00000| PB 0x00000000eeb00000| Complete 
| 236|0x00000000eec00000, 0x00000000eed00000, 0x00000000eed00000|100%| E|CS|TAMS 0x00000000eec00000| PB 0x00000000eec00000| Complete 
| 237|0x00000000eed00000, 0x00000000eee00000, 0x00000000eee00000|100%| E|CS|TAMS 0x00000000eed00000| PB 0x00000000eed00000| Complete 
| 238|0x00000000eee00000, 0x00000000eef00000, 0x00000000eef00000|100%| E|CS|TAMS 0x00000000eee00000| PB 0x00000000eee00000| Complete 
| 239|0x00000000eef00000, 0x00000000ef000000, 0x00000000ef000000|100%| E|CS|TAMS 0x00000000eef00000| PB 0x00000000eef00000| Complete 
| 240|0x00000000ef000000, 0x00000000ef100000, 0x00000000ef100000|100%| E|CS|TAMS 0x00000000ef000000| PB 0x00000000ef000000| Complete 
| 241|0x00000000ef100000, 0x00000000ef200000, 0x00000000ef200000|100%| E|CS|TAMS 0x00000000ef100000| PB 0x00000000ef100000| Complete 
| 242|0x00000000ef200000, 0x00000000ef300000, 0x00000000ef300000|100%| E|CS|TAMS 0x00000000ef200000| PB 0x00000000ef200000| Complete 
| 243|0x00000000ef300000, 0x00000000ef400000, 0x00000000ef400000|100%| E|CS|TAMS 0x00000000ef300000| PB 0x00000000ef300000| Complete 
| 244|0x00000000ef400000, 0x00000000ef500000, 0x00000000ef500000|100%| E|CS|TAMS 0x00000000ef400000| PB 0x00000000ef400000| Complete 
| 245|0x00000000ef500000, 0x00000000ef600000, 0x00000000ef600000|100%| E|CS|TAMS 0x00000000ef500000| PB 0x00000000ef500000| Complete 
| 246|0x00000000ef600000, 0x00000000ef700000, 0x00000000ef700000|100%| E|CS|TAMS 0x00000000ef600000| PB 0x00000000ef600000| Complete 
| 247|0x00000000ef700000, 0x00000000ef800000, 0x00000000ef800000|100%| E|CS|TAMS 0x00000000ef700000| PB 0x00000000ef700000| Complete 
| 248|0x00000000ef800000, 0x00000000ef900000, 0x00000000ef900000|100%| E|CS|TAMS 0x00000000ef800000| PB 0x00000000ef800000| Complete 
| 249|0x00000000ef900000, 0x00000000efa00000, 0x00000000efa00000|100%| E|CS|TAMS 0x00000000ef900000| PB 0x00000000ef900000| Complete 
| 250|0x00000000efa00000, 0x00000000efb00000, 0x00000000efb00000|100%| E|CS|TAMS 0x00000000efa00000| PB 0x00000000efa00000| Complete 
| 251|0x00000000efb00000, 0x00000000efc00000, 0x00000000efc00000|100%| E|CS|TAMS 0x00000000efb00000| PB 0x00000000efb00000| Complete 
| 252|0x00000000efc00000, 0x00000000efd00000, 0x00000000efd00000|100%| E|CS|TAMS 0x00000000efc00000| PB 0x00000000efc00000| Complete 
| 253|0x00000000efd00000, 0x00000000efe00000, 0x00000000efe00000|100%| E|CS|TAMS 0x00000000efd00000| PB 0x00000000efd00000| Complete 
| 254|0x00000000efe00000, 0x00000000eff00000, 0x00000000eff00000|100%| E|CS|TAMS 0x00000000efe00000| PB 0x00000000efe00000| Complete 
| 255|0x00000000eff00000, 0x00000000f0000000, 0x00000000f0000000|100%| E|CS|TAMS 0x00000000eff00000| PB 0x00000000eff00000| Complete 

Card table byte_map: [0x000002a0385c0000,0x000002a0386c0000] _byte_map_base: 0x000002a037ec0000

Marking Bits: (CMBitMap*) 0x000002a025a64ac0
 Bits: [0x000002a0386c0000, 0x000002a038ec0000)

Polling page: 0x000002a0237d0000

Metaspace:

Usage:
  Non-class:     41.78 MB used.
      Class:      6.97 MB used.
       Both:     48.75 MB used.

Virtual space:
  Non-class space:       64.00 MB reserved,      42.56 MB ( 67%) committed,  1 nodes.
      Class space:      320.00 MB reserved,       7.75 MB (  2%) committed,  1 nodes.
             Both:      384.00 MB reserved,      50.31 MB ( 13%) committed. 

Chunk freelists:
   Non-Class:  5.33 MB
       Class:  8.13 MB
        Both:  13.45 MB

MaxMetaspaceSize: 384.00 MB
CompressedClassSpaceSize: 320.00 MB
Initial GC threshold: 21.00 MB
Current GC threshold: 59.69 MB
CDS: on
 - commit_granule_bytes: 65536.
 - commit_granule_words: 8192.
 - virtual_space_node_default_size: 8388608.
 - enlarge_chunks_in_place: 1.
 - use_allocation_guard: 0.


Internal statistics:

num_allocs_failed_limit: 12.
num_arena_births: 2926.
num_arena_deaths: 0.
num_vsnodes_births: 2.
num_vsnodes_deaths: 0.
num_space_committed: 805.
num_space_uncommitted: 0.
num_chunks_returned_to_freelist: 12.
num_chunks_taken_from_freelist: 5296.
num_chunk_merges: 9.
num_chunk_splits: 3421.
num_chunks_enlarged: 2070.
num_inconsistent_stats: 0.

CodeHeap 'non-profiled nmethods': size=119168Kb used=4551Kb max_used=4551Kb free=114616Kb
 bounds [0x000002a0307d0000, 0x000002a030c50000, 0x000002a037c30000]
CodeHeap 'profiled nmethods': size=119104Kb used=16054Kb max_used=16054Kb free=103049Kb
 bounds [0x000002a028c30000, 0x000002a029be0000, 0x000002a030080000]
CodeHeap 'non-nmethods': size=7488Kb used=2591Kb max_used=3767Kb free=4897Kb
 bounds [0x000002a030080000, 0x000002a030440000, 0x000002a0307d0000]
CodeCache: size=245760Kb, used=23196Kb, max_used=24372Kb, free=222562Kb
 total_blobs=9145, nmethods=8286, adapters=763, full_count=0
Compilation: enabled, stopped_count=0, restarted_count=0

Compilation events (20 events):
Event: 556.046 Thread 0x000002a051022f90 nmethod 8840 0x000002a029bdd190 code [0x000002a029bdd360, 0x000002a029bdd570]
Event: 556.047 Thread 0x000002a051022f90 8841       3       org.gradle.internal.jvm.Jvm::getJavaExecutable (27 bytes)
Event: 556.048 Thread 0x000002a051022f90 nmethod 8841 0x000002a029bdd690 code [0x000002a029bdd840, 0x000002a029bdda40]
Event: 556.048 Thread 0x000002a051022f90 8842       1       org.gradle.launcher.daemon.context.DefaultDaemonContext::getDaemonOpts (5 bytes)
Event: 556.048 Thread 0x000002a051022f90 nmethod 8842 0x000002a030c1ff10 code [0x000002a030c200a0, 0x000002a030c20168]
Event: 556.048 Thread 0x000002a051022f90 8843       1       org.gradle.launcher.daemon.context.DaemonRequestContext::getDaemonOpts (5 bytes)
Event: 556.049 Thread 0x000002a051022f90 nmethod 8843 0x000002a030c20210 code [0x000002a030c203a0, 0x000002a030c20468]
Event: 556.049 Thread 0x000002a051022f90 8844       1       org.gradle.launcher.daemon.server.Daemon::getStateCoordinator (5 bytes)
Event: 556.049 Thread 0x000002a051022f90 nmethod 8844 0x000002a030c20510 code [0x000002a030c206a0, 0x000002a030c20768]
Event: 556.586 Thread 0x000002a0510224f0 8845       4       sun.nio.ch.FileDispatcherImpl::release (8 bytes)
Event: 556.586 Thread 0x000002a0510224f0 nmethod 8845 0x000002a030c20810 code [0x000002a030c209a0, 0x000002a030c20a58]
Event: 556.587 Thread 0x000002a0510224f0 8846       4       org.gradle.internal.time.ExponentialBackoff::retryUntil (65 bytes)
Event: 557.015 Thread 0x000002a0510224f0 nmethod 8846 0x000002a030c20b10 code [0x000002a030c21740, 0x000002a030c29600]
Event: 566.059 Thread 0x000002a0510224f0 8847       4       java.net.InetAddress::getByAddress (115 bytes)
Event: 566.083 Thread 0x000002a0510224f0 nmethod 8847 0x000002a030c30090 code [0x000002a030c30300, 0x000002a030c31110]
Event: 577.890 Thread 0x000002a0510224f0 8848       4       org.gradle.internal.time.ExponentialBackoff::retryUntil (65 bytes)
Event: 578.713 Thread 0x000002a0510224f0 nmethod 8848 0x000002a030c31790 code [0x000002a030c323c0, 0x000002a030c3a338]
Event: 583.795 Thread 0x000002a0510224f0 8849  s    4       sun.nio.ch.FileLockImpl::release (78 bytes)
Event: 583.807 Thread 0x000002a0510224f0 nmethod 8849 0x000002a030c40e10 code [0x000002a030c41020, 0x000002a030c41968]
Event: 586.195 Thread 0x000002a0510224f0 8850       4       org.gradle.cache.internal.DefaultFileLockManager$DefaultFileLock$1::run (252 bytes)

GC Heap History (14 events):
Event: 2.085 GC heap before
{Heap before GC invocations=0 (full 0):
 garbage-first heap   total 262144K, used 26624K [0x00000000e0000000, 0x0000000100000000)
  region size 1024K, 23 young (23552K), 0 survivors (0K)
 Metaspace       used 1136K, committed 1280K, reserved 393216K
  class space    used 80K, committed 128K, reserved 327680K
}
Event: 2.240 GC heap after
{Heap after GC invocations=1 (full 0):
 garbage-first heap   total 262144K, used 10378K [0x00000000e0000000, 0x0000000100000000)
  region size 1024K, 3 young (3072K), 3 survivors (3072K)
 Metaspace       used 1136K, committed 1280K, reserved 393216K
  class space    used 80K, committed 128K, reserved 327680K
}
Event: 3.825 GC heap before
{Heap before GC invocations=1 (full 0):
 garbage-first heap   total 262144K, used 41098K [0x00000000e0000000, 0x0000000100000000)
  region size 1024K, 33 young (33792K), 3 survivors (3072K)
 Metaspace       used 4348K, committed 4544K, reserved 393216K
  class space    used 545K, committed 640K, reserved 327680K
}
Event: 3.828 GC heap after
{Heap after GC invocations=2 (full 0):
 garbage-first heap   total 262144K, used 11991K [0x00000000e0000000, 0x0000000100000000)
  region size 1024K, 2 young (2048K), 2 survivors (2048K)
 Metaspace       used 4348K, committed 4544K, reserved 393216K
  class space    used 545K, committed 640K, reserved 327680K
}
Event: 12.479 GC heap before
{Heap before GC invocations=2 (full 0):
 garbage-first heap   total 262144K, used 143063K [0x00000000e0000000, 0x0000000100000000)
  region size 1024K, 130 young (133120K), 2 survivors (2048K)
 Metaspace       used 20868K, committed 21504K, reserved 393216K
  class space    used 3061K, committed 3328K, reserved 327680K
}
Event: 12.573 GC heap after
{Heap after GC invocations=3 (full 0):
 garbage-first heap   total 262144K, used 25055K [0x00000000e0000000, 0x0000000100000000)
  region size 1024K, 14 young (14336K), 14 survivors (14336K)
 Metaspace       used 20868K, committed 21504K, reserved 393216K
  class space    used 3061K, committed 3328K, reserved 327680K
}
Event: 477.942 GC heap before
{Heap before GC invocations=4 (full 0):
 garbage-first heap   total 262144K, used 162271K [0x00000000e0000000, 0x0000000100000000)
  region size 1024K, 150 young (153600K), 14 survivors (14336K)
 Metaspace       used 34747K, committed 35968K, reserved 393216K
  class space    used 5120K, committed 5696K, reserved 327680K
}
Event: 478.254 GC heap after
{Heap after GC invocations=5 (full 0):
 garbage-first heap   total 262144K, used 31262K [0x00000000e0000000, 0x0000000100000000)
  region size 1024K, 7 young (7168K), 7 survivors (7168K)
 Metaspace       used 34747K, committed 35968K, reserved 393216K
  class space    used 5120K, committed 5696K, reserved 327680K
}
Event: 478.318 GC heap before
{Heap before GC invocations=5 (full 0):
 garbage-first heap   total 262144K, used 32286K [0x00000000e0000000, 0x0000000100000000)
  region size 1024K, 9 young (9216K), 7 survivors (7168K)
 Metaspace       used 35086K, committed 36288K, reserved 393216K
  class space    used 5174K, committed 5760K, reserved 327680K
}
Event: 478.328 GC heap after
{Heap after GC invocations=6 (full 0):
 garbage-first heap   total 262144K, used 32012K [0x00000000e0000000, 0x0000000100000000)
  region size 1024K, 7 young (7168K), 7 survivors (7168K)
 Metaspace       used 35086K, committed 36288K, reserved 393216K
  class space    used 5174K, committed 5760K, reserved 327680K
}
Event: 478.382 GC heap before
{Heap before GC invocations=6 (full 0):
 garbage-first heap   total 262144K, used 33036K [0x00000000e0000000, 0x0000000100000000)
  region size 1024K, 10 young (10240K), 7 survivors (7168K)
 Metaspace       used 35412K, committed 36608K, reserved 393216K
  class space    used 5185K, committed 5760K, reserved 327680K
}
Event: 478.388 GC heap after
{Heap after GC invocations=7 (full 0):
 garbage-first heap   total 262144K, used 31985K [0x00000000e0000000, 0x0000000100000000)
  region size 1024K, 7 young (7168K), 7 survivors (7168K)
 Metaspace       used 35412K, committed 36608K, reserved 393216K
  class space    used 5185K, committed 5760K, reserved 327680K
}
Event: 509.006 GC heap before
{Heap before GC invocations=8 (full 0):
 garbage-first heap   total 262144K, used 187633K [0x00000000e0000000, 0x0000000100000000)
  region size 1024K, 153 young (156672K), 7 survivors (7168K)
 Metaspace       used 48212K, committed 49856K, reserved 393216K
  class space    used 6929K, committed 7744K, reserved 327680K
}
Event: 509.045 GC heap after
{Heap after GC invocations=9 (full 0):
 garbage-first heap   total 262144K, used 42511K [0x00000000e0000000, 0x0000000100000000)
  region size 1024K, 17 young (17408K), 17 survivors (17408K)
 Metaspace       used 48212K, committed 49856K, reserved 393216K
  class space    used 6929K, committed 7744K, reserved 327680K
}

Dll operation events (20 events):
Event: 0.622 Attempting to load shared library C:\Users\admoi\.antigravity-ide\extensions\redhat.java-1.56.0-win32-x64\jre\21.0.12.1-win32-x86_64\bin\nio.dll
Event: 0.640 Loaded shared library C:\Users\admoi\.antigravity-ide\extensions\redhat.java-1.56.0-win32-x64\jre\21.0.12.1-win32-x86_64\bin\nio.dll
Event: 0.643 Attempting to load shared library C:\Users\admoi\.antigravity-ide\extensions\redhat.java-1.56.0-win32-x64\jre\21.0.12.1-win32-x86_64\bin\zip.dll
Event: 0.643 Loaded shared library C:\Users\admoi\.antigravity-ide\extensions\redhat.java-1.56.0-win32-x64\jre\21.0.12.1-win32-x86_64\bin\zip.dll
Event: 1.091 Attempting to load shared library C:\Users\admoi\.antigravity-ide\extensions\redhat.java-1.56.0-win32-x64\jre\21.0.12.1-win32-x86_64\bin\jimage.dll
Event: 1.091 Loaded shared library C:\Users\admoi\.antigravity-ide\extensions\redhat.java-1.56.0-win32-x64\jre\21.0.12.1-win32-x86_64\bin\jimage.dll
Event: 2.254 Attempting to load shared library C:\Users\admoi\.antigravity-ide\extensions\redhat.java-1.56.0-win32-x64\jre\21.0.12.1-win32-x86_64\bin\verify.dll
Event: 2.256 Loaded shared library C:\Users\admoi\.antigravity-ide\extensions\redhat.java-1.56.0-win32-x64\jre\21.0.12.1-win32-x86_64\bin\verify.dll
Event: 2.606 Attempting to load shared library C:\Users\admoi\.gradle\native\c067742578af261105cb4f569cf0c3c89f3d7b1fecec35dd04571415982c5e48\windows-amd64\native-platform.dll
Event: 2.607 Loaded shared library C:\Users\admoi\.gradle\native\c067742578af261105cb4f569cf0c3c89f3d7b1fecec35dd04571415982c5e48\windows-amd64\native-platform.dll
Event: 2.628 Attempting to load shared library C:\Users\admoi\.gradle\native\100fb08df4bc3b14c8652ba06237920a3bd2aa13389f12d3474272988ae205f9\windows-amd64\native-platform-file-events.dll
Event: 2.630 Loaded shared library C:\Users\admoi\.gradle\native\100fb08df4bc3b14c8652ba06237920a3bd2aa13389f12d3474272988ae205f9\windows-amd64\native-platform-file-events.dll
Event: 4.984 Attempting to load shared library C:\Users\admoi\.antigravity-ide\extensions\redhat.java-1.56.0-win32-x64\jre\21.0.12.1-win32-x86_64\bin\management.dll
Event: 4.986 Loaded shared library C:\Users\admoi\.antigravity-ide\extensions\redhat.java-1.56.0-win32-x64\jre\21.0.12.1-win32-x86_64\bin\management.dll
Event: 4.991 Attempting to load shared library C:\Users\admoi\.antigravity-ide\extensions\redhat.java-1.56.0-win32-x64\jre\21.0.12.1-win32-x86_64\bin\management_ext.dll
Event: 4.993 Loaded shared library C:\Users\admoi\.antigravity-ide\extensions\redhat.java-1.56.0-win32-x64\jre\21.0.12.1-win32-x86_64\bin\management_ext.dll
Event: 5.679 Attempting to load shared library C:\Users\admoi\.antigravity-ide\extensions\redhat.java-1.56.0-win32-x64\jre\21.0.12.1-win32-x86_64\bin\extnet.dll
Event: 5.680 Loaded shared library C:\Users\admoi\.antigravity-ide\extensions\redhat.java-1.56.0-win32-x64\jre\21.0.12.1-win32-x86_64\bin\extnet.dll
Event: 6.042 Attempting to load shared library C:\Users\admoi\.antigravity-ide\extensions\redhat.java-1.56.0-win32-x64\jre\21.0.12.1-win32-x86_64\bin\sunmscapi.dll
Event: 6.047 Loaded shared library C:\Users\admoi\.antigravity-ide\extensions\redhat.java-1.56.0-win32-x64\jre\21.0.12.1-win32-x86_64\bin\sunmscapi.dll

Deoptimization events (20 events):
Event: 513.992 Thread 0x000002a05644ddf0 DEOPT PACKING pc=0x000002a0296ec7f8 sp=0x000000d3babf8da0
Event: 513.992 Thread 0x000002a05644ddf0 DEOPT UNPACKING pc=0x000002a0300d4bc2 sp=0x000000d3babf8288 mode 0
Event: 513.997 Thread 0x000002a05644ddf0 DEOPT PACKING pc=0x000002a0296ec7f8 sp=0x000000d3babf8da0
Event: 513.997 Thread 0x000002a05644ddf0 DEOPT UNPACKING pc=0x000002a0300d4bc2 sp=0x000000d3babf8288 mode 0
Event: 557.498 Thread 0x000002a05644ddf0 Uncommon trap: trap_request=0xffffffbe fr.pc=0x000002a030c26a6c relative=0x000000000000532c
Event: 557.498 Thread 0x000002a05644ddf0 Uncommon trap: reason=profile_predicate action=maybe_recompile pc=0x000002a030c26a6c method=org.gradle.internal.time.ExponentialBackoff.retryUntil(Lorg/gradle/internal/time/ExponentialBackoff$Query;)Ljava/lang/Object; @ 13 c2
Event: 557.498 Thread 0x000002a05644ddf0 DEOPT PACKING pc=0x000002a030c26a6c sp=0x000000d3babf8fb0
Event: 557.499 Thread 0x000002a05644ddf0 DEOPT UNPACKING pc=0x000002a0300d4422 sp=0x000000d3babf8fd8 mode 2
Event: 562.005 Thread 0x000002a05644ddf0 Uncommon trap: trap_request=0xffffffbe fr.pc=0x000002a030c26a6c relative=0x000000000000532c
Event: 562.005 Thread 0x000002a05644ddf0 Uncommon trap: reason=profile_predicate action=maybe_recompile pc=0x000002a030c26a6c method=org.gradle.internal.time.ExponentialBackoff.retryUntil(Lorg/gradle/internal/time/ExponentialBackoff$Query;)Ljava/lang/Object; @ 13 c2
Event: 562.005 Thread 0x000002a05644ddf0 DEOPT PACKING pc=0x000002a030c26a6c sp=0x000000d3babf8fb0
Event: 562.006 Thread 0x000002a05644ddf0 DEOPT UNPACKING pc=0x000002a0300d4422 sp=0x000000d3babf8fd8 mode 2
Event: 563.292 Thread 0x000002a05644ddf0 Uncommon trap: trap_request=0xffffffbe fr.pc=0x000002a030c26a6c relative=0x000000000000532c
Event: 563.292 Thread 0x000002a05644ddf0 Uncommon trap: reason=profile_predicate action=maybe_recompile pc=0x000002a030c26a6c method=org.gradle.internal.time.ExponentialBackoff.retryUntil(Lorg/gradle/internal/time/ExponentialBackoff$Query;)Ljava/lang/Object; @ 13 c2
Event: 563.292 Thread 0x000002a05644ddf0 DEOPT PACKING pc=0x000002a030c26a6c sp=0x000000d3babf8fb0
Event: 563.292 Thread 0x000002a05644ddf0 DEOPT UNPACKING pc=0x000002a0300d4422 sp=0x000000d3babf8fd8 mode 2
Event: 564.599 Thread 0x000002a05644ddf0 Uncommon trap: trap_request=0xffffffbe fr.pc=0x000002a030c26a6c relative=0x000000000000532c
Event: 564.599 Thread 0x000002a05644ddf0 Uncommon trap: reason=profile_predicate action=maybe_recompile pc=0x000002a030c26a6c method=org.gradle.internal.time.ExponentialBackoff.retryUntil(Lorg/gradle/internal/time/ExponentialBackoff$Query;)Ljava/lang/Object; @ 13 c2
Event: 564.599 Thread 0x000002a05644ddf0 DEOPT PACKING pc=0x000002a030c26a6c sp=0x000000d3babf8fb0
Event: 564.599 Thread 0x000002a05644ddf0 DEOPT UNPACKING pc=0x000002a0300d4422 sp=0x000000d3babf8fd8 mode 2

Classes loaded (20 events):
Event: 510.245 Loading class jdk/internal/reflect/SerializationConstructorAccessorImpl
Event: 510.245 Loading class jdk/internal/reflect/SerializationConstructorAccessorImpl done
Event: 510.868 Loading class java/nio/channels/Channels
Event: 510.873 Loading class java/nio/channels/Channels done
Event: 510.873 Loading class sun/nio/ch/Streams
Event: 510.875 Loading class sun/nio/ch/Streams done
Event: 510.875 Loading class sun/nio/ch/ChannelInputStream
Event: 510.878 Loading class sun/nio/ch/ChannelInputStream done
Event: 512.526 Loading class java/util/Collections$2
Event: 512.528 Loading class java/util/Collections$2 done
Event: 513.339 Loading class java/lang/foreign/MemorySegment
Event: 513.358 Loading class java/lang/foreign/MemorySegment done
Event: 513.864 Loading class java/util/stream/SortedOps
Event: 513.866 Loading class java/util/stream/SortedOps done
Event: 513.866 Loading class java/util/stream/SortedOps$OfRef
Event: 513.869 Loading class java/util/stream/SortedOps$OfRef done
Event: 513.872 Loading class java/util/stream/SortedOps$SizedRefSortingSink
Event: 513.873 Loading class java/util/stream/SortedOps$AbstractRefSortingSink
Event: 513.873 Loading class java/util/stream/SortedOps$AbstractRefSortingSink done
Event: 513.873 Loading class java/util/stream/SortedOps$SizedRefSortingSink done

Classes unloaded (0 events):
No events

Classes redefined (0 events):
No events

Internal exceptions (20 events):
Event: 498.571 Thread 0x000002a05644ddf0 Exception <a 'java/lang/NoSuchMethodError'{0x00000000e9612a60}: 'java.lang.Object java.lang.invoke.DirectMethodHandle$Holder.newInvokeSpecial(java.lang.Object, java.lang.Object, java.lang.Object, long)'> (0x00000000e9612a60) 
thrown [s\src\hotspot\share\interpreter\linkResolver.cpp, line 773]
Event: 498.573 Thread 0x000002a05644ddf0 Exception <a 'java/lang/NoSuchMethodError'{0x00000000e96179a8}: 'java.lang.Object java.lang.invoke.DirectMethodHandle$Holder.invokeSpecial(java.lang.Object, java.lang.Object, java.lang.Object, java.lang.Object, long)'> (0x00000000e96179a8) 
thrown [s\src\hotspot\share\interpreter\linkResolver.cpp, line 773]
Event: 498.574 Thread 0x000002a05644ddf0 Exception <a 'java/lang/NoSuchMethodError'{0x00000000e961c090}: 'java.lang.Object java.lang.invoke.Invokers$Holder.linkToTargetMethod(java.lang.Object, java.lang.Object, long, java.lang.Object)'> (0x00000000e961c090) 
thrown [s\src\hotspot\share\interpreter\linkResolver.cpp, line 773]
Event: 498.812 Thread 0x000002a05644ddf0 Exception <a 'java/lang/NoSuchMethodError'{0x00000000e9430c90}: 'java.lang.Object java.lang.invoke.DirectMethodHandle$Holder.newInvokeSpecial(java.lang.Object, java.lang.Object, java.lang.Object, java.lang.Object, java.lang.Object, java.lang.Object, java.lang.Object, java.lang.Object, java.lang.Object, java.lang.Object, java.lang.Object, java.lang.Object, java.lang.Object, java.lang.Object, java.lang.Object, java.lang.Object, java.lang.Object, java.lang.Object, java.lang.Object, java.lang.Object, java.lang
Event: 498.813 Thread 0x000002a05644ddf0 Exception <a 'java/lang/NoSuchMethodError'{0x00000000e9438d08}: 'java.lang.Object java.lang.invoke.DirectMethodHandle$Holder.invokeSpecial(java.lang.Object, java.lang.Object, java.lang.Object, java.lang.Object, java.lang.Object, java.lang.Object, java.lang.Object, java.lang.Object, java.lang.Object, java.lang.Object, java.lang.Object, java.lang.Object, java.lang.Object, java.lang.Object, java.lang.Object, java.lang.Object, java.lang.Object, java.lang.Object, java.lang.Object, java.lang.Object, java.lang.Ob
Event: 498.813 Thread 0x000002a05644ddf0 Exception <a 'java/lang/NoSuchMethodError'{0x00000000e943f4c0}: 'java.lang.Object java.lang.invoke.DelegatingMethodHandle$Holder.reinvoke_L(java.lang.Object, java.lang.Object, java.lang.Object, java.lang.Object, java.lang.Object, java.lang.Object, java.lang.Object, java.lang.Object, java.lang.Object, java.lang.Object, java.lang.Object, java.lang.Object, java.lang.Object, java.lang.Object, java.lang.Object, java.lang.Object, java.lang.Object, java.lang.Object, java.lang.Object, java.lang.Object, java.lang.O
Event: 499.349 Thread 0x000002a05644ddf0 Exception <a 'java/lang/ClassNotFoundException'{0x00000000e916b938}: org/gradle/api/internal/artifacts/dsl/dependencies/DefaultDependencyHandler_DecoratedBeanInfo> (0x00000000e916b938) 
thrown [s\src\hotspot\share\classfile\systemDictionary.cpp, line 313]
Event: 499.360 Thread 0x000002a05644ddf0 Exception <a 'java/lang/ClassNotFoundException'{0x00000000e917f5f8}: org/gradle/api/internal/artifacts/dsl/dependencies/DefaultDependencyHandlerBeanInfo> (0x00000000e917f5f8) 
thrown [s\src\hotspot\share\classfile\systemDictionary.cpp, line 313]
Event: 499.367 Thread 0x000002a05644ddf0 Exception <a 'java/lang/ClassNotFoundException'{0x00000000e9193558}: org/gradle/api/internal/artifacts/dsl/dependencies/DefaultDependencyHandlerCustomizer> (0x00000000e9193558) 
thrown [s\src\hotspot\share\classfile\systemDictionary.cpp, line 313]
Event: 499.411 Thread 0x000002a05644ddf0 Exception <a 'java/lang/ClassNotFoundException'{0x00000000e91ea660}: org/gradle/api/internal/artifacts/dsl/dependencies/DefaultDependencyHandler_DecoratedCustomizer> (0x00000000e91ea660) 
thrown [s\src\hotspot\share\classfile\systemDictionary.cpp, line 313]
Event: 499.555 Thread 0x000002a05644ddf0 Exception <a 'java/lang/NoSuchMethodError'{0x00000000e8d03d18}: 'java.lang.Object java.lang.invoke.DirectMethodHandle$Holder.newInvokeSpecial(java.lang.Object, int, java.lang.Object)'> (0x00000000e8d03d18) 
thrown [s\src\hotspot\share\interpreter\linkResolver.cpp, line 773]
Event: 500.105 Thread 0x000002a05644ddf0 Exception <a 'java/lang/NoSuchMethodError'{0x00000000e896ddf8}: 'java.lang.Object java.lang.invoke.DirectMethodHandle$Holder.newInvokeSpecial(java.lang.Object, java.lang.Object, java.lang.Object, int)'> (0x00000000e896ddf8) 
thrown [s\src\hotspot\share\interpreter\linkResolver.cpp, line 773]
Event: 500.105 Thread 0x000002a05644ddf0 Exception <a 'java/lang/NoSuchMethodError'{0x00000000e8972450}: 'java.lang.Object java.lang.invoke.Invokers$Holder.linkToTargetMethod(java.lang.Object, java.lang.Object, int, java.lang.Object)'> (0x00000000e8972450) 
thrown [s\src\hotspot\share\interpreter\linkResolver.cpp, line 773]
Event: 500.202 Thread 0x000002a05644ddf0 Exception <a 'java/lang/NoSuchMethodError'{0x00000000e879bd78}: 'java.lang.Object java.lang.invoke.DirectMethodHandle$Holder.invokeSpecial(java.lang.Object, java.lang.Object, long, java.lang.Object, java.lang.Object)'> (0x00000000e879bd78) 
thrown [s\src\hotspot\share\interpreter\linkResolver.cpp, line 773]
Event: 500.764 Thread 0x000002a05644ddf0 Exception <a 'java/lang/NoSuchMethodError'{0x00000000e812eff0}: 'int java.lang.invoke.DirectMethodHandle$Holder.invokeSpecialIFC(java.lang.Object, java.lang.Object, java.lang.Object)'> (0x00000000e812eff0) 
thrown [s\src\hotspot\share\interpreter\linkResolver.cpp, line 773]
Event: 508.635 Thread 0x000002a05644ddf0 Exception <a 'java/lang/NoSuchMethodError'{0x00000000e6bf6948}: 'java.lang.Object java.lang.invoke.DirectMethodHandle$Holder.invokeSpecial(java.lang.Object, java.lang.Object, java.lang.Object, java.lang.Object, java.lang.Object, long)'> (0x00000000e6bf6948) 
thrown [s\src\hotspot\share\interpreter\linkResolver.cpp, line 773]
Event: 508.718 Thread 0x000002a05644ddf0 Exception <a 'java/lang/NoSuchMethodError'{0x00000000e6a1b960}: 'void java.lang.invoke.DirectMethodHandle$Holder.invokeStatic(java.lang.Object, java.lang.Object, java.lang.Object, int, java.lang.Object)'> (0x00000000e6a1b960) 
thrown [s\src\hotspot\share\interpreter\linkResolver.cpp, line 773]
Event: 510.255 Thread 0x000002a05644ddf0 Exception <a 'java/lang/NoSuchMethodError'{0x00000000ef6e8d60}: 'java.lang.Object java.lang.invoke.DirectMethodHandle$Holder.newInvokeSpecial(java.lang.Object, java.lang.Object, java.lang.Object, java.lang.Object, int, java.lang.Object)'> (0x00000000ef6e8d60) 
thrown [s\src\hotspot\share\interpreter\linkResolver.cpp, line 773]
Event: 510.256 Thread 0x000002a05644ddf0 Exception <a 'java/lang/NoSuchMethodError'{0x00000000ef6f13b0}: 'java.lang.Object java.lang.invoke.Invokers$Holder.linkToTargetMethod(java.lang.Object, java.lang.Object, java.lang.Object, int, java.lang.Object, java.lang.Object)'> (0x00000000ef6f13b0) 
thrown [s\src\hotspot\share\interpreter\linkResolver.cpp, line 773]
Event: 512.046 Thread 0x000002a05644ddf0 Exception <a 'java/lang/NoSuchMethodError'{0x00000000edc550b0}: 'java.lang.Object java.lang.invoke.DirectMethodHandle$Holder.invokeSpecialIFC(java.lang.Object, java.lang.Object, java.lang.Object)'> (0x00000000edc550b0) 
thrown [s\src\hotspot\share\interpreter\linkResolver.cpp, line 773]

ZGC Phase Switch (0 events):
No events

VM Operations (20 events):
Event: 513.602 Executing safepoint VM operation: ICBufferFull
Event: 513.602 Executing safepoint VM operation: ICBufferFull done
Event: 513.901 Executing non-safepoint VM operation: HandshakeAllThreads (Deoptimize)
Event: 513.902 Executing non-safepoint VM operation: HandshakeAllThreads (Deoptimize) done
Event: 514.913 Executing safepoint VM operation: Cleanup
Event: 514.914 Executing safepoint VM operation: Cleanup done
Event: 517.013 Executing safepoint VM operation: Cleanup
Event: 517.014 Executing safepoint VM operation: Cleanup done
Event: 532.176 Executing safepoint VM operation: Cleanup
Event: 532.188 Executing safepoint VM operation: Cleanup done
Event: 541.347 Executing non-safepoint VM operation: HandshakeAllThreads (HandshakeForDeflation)
Event: 541.347 Executing non-safepoint VM operation: HandshakeAllThreads (HandshakeForDeflation) done
Event: 541.351 Executing non-safepoint VM operation: RendezvousGCThreads
Event: 541.351 Executing non-safepoint VM operation: RendezvousGCThreads done
Event: 552.431 Executing safepoint VM operation: Cleanup
Event: 552.431 Executing safepoint VM operation: Cleanup done
Event: 558.468 Executing safepoint VM operation: Cleanup
Event: 558.468 Executing safepoint VM operation: Cleanup done
Event: 577.610 Executing safepoint VM operation: Cleanup
Event: 577.610 Executing safepoint VM operation: Cleanup done

Memory protections (0 events):
No events

Nmethod flushes (20 events):
Event: 478.451 Thread 0x000002a051001a70 flushing  nmethod 0x000002a028db7890
Event: 478.451 Thread 0x000002a051001a70 flushing  nmethod 0x000002a028db9810
Event: 478.451 Thread 0x000002a051001a70 flushing  nmethod 0x000002a028db9e90
Event: 478.451 Thread 0x000002a051001a70 flushing  nmethod 0x000002a028dbaf10
Event: 478.451 Thread 0x000002a051001a70 flushing  nmethod 0x000002a028dbb390
Event: 478.451 Thread 0x000002a051001a70 flushing  nmethod 0x000002a028dbbc90
Event: 478.451 Thread 0x000002a051001a70 flushing  nmethod 0x000002a028dbca10
Event: 478.451 Thread 0x000002a051001a70 flushing  nmethod 0x000002a028dbd810
Event: 478.451 Thread 0x000002a051001a70 flushing  nmethod 0x000002a028dd3e10
Event: 478.451 Thread 0x000002a051001a70 flushing  nmethod 0x000002a028dd4b10
Event: 478.451 Thread 0x000002a051001a70 flushing  nmethod 0x000002a028dd6210
Event: 478.451 Thread 0x000002a051001a70 flushing  nmethod 0x000002a028df9210
Event: 478.451 Thread 0x000002a051001a70 flushing  nmethod 0x000002a028df9b90
Event: 478.451 Thread 0x000002a051001a70 flushing  nmethod 0x000002a028dfaa90
Event: 478.451 Thread 0x000002a051001a70 flushing  nmethod 0x000002a028dffb10
Event: 478.451 Thread 0x000002a051001a70 flushing  nmethod 0x000002a028eb2190
Event: 478.451 Thread 0x000002a051001a70 flushing  nmethod 0x000002a028eb3590
Event: 478.451 Thread 0x000002a051001a70 flushing  nmethod 0x000002a028eb3e90
Event: 478.451 Thread 0x000002a051001a70 flushing  nmethod 0x000002a028eb4710
Event: 478.451 Thread 0x000002a051001a70 flushing  nmethod 0x000002a028eb4d90

Events (20 events):
Event: 510.459 Thread 0x000002a05644ddf0 Thread added: 0x000002a058c8f360
Event: 510.464 Thread 0x000002a05644ddf0 Thread added: 0x000002a058c8d920
Event: 512.055 Thread 0x000002a05644ddf0 Thread added: 0x000002a058c8dfb0
Event: 512.056 Thread 0x000002a05644ddf0 Thread added: 0x000002a058c90080
Event: 512.058 Thread 0x000002a05644ddf0 Thread added: 0x000002a058c8cc00
Event: 512.060 Thread 0x000002a05644ddf0 Thread added: 0x000002a058c90da0
Event: 512.062 Thread 0x000002a05644ddf0 Thread added: 0x000002a058c92150
Event: 512.063 Thread 0x000002a05644ddf0 Thread added: 0x000002a058c927e0
Event: 512.064 Thread 0x000002a05644ddf0 Thread added: 0x000002a058c91430
Event: 512.065 Thread 0x000002a05644ddf0 Thread added: 0x000002a058c90710
Event: 512.067 Thread 0x000002a05644ddf0 Thread added: 0x000002a058c91ac0
Event: 512.069 Thread 0x000002a05644ddf0 Thread added: 0x000002a058c93500
Event: 512.073 Thread 0x000002a05644ddf0 Thread added: 0x000002a058c92e70
Event: 512.074 Thread 0x000002a05644ddf0 Thread added: 0x000002a059579610
Event: 512.075 Thread 0x000002a05644ddf0 Thread added: 0x000002a059579ca0
Event: 512.076 Thread 0x000002a05644ddf0 Thread added: 0x000002a05957b050
Event: 512.077 Thread 0x000002a05644ddf0 Thread added: 0x000002a05957b6e0
Event: 513.692 Thread 0x000002a0591aaf50 Thread exited: 0x000002a0591aaf50
Event: 516.086 Thread 0x000002a0591a9880 Thread exited: 0x000002a0591a9880
Event: 576.937 Thread 0x000002a051b1dc90 Thread exited: 0x000002a051b1dc90


Dynamic libraries:
0x00007ff73c960000 - 0x00007ff73c96e000 	C:\Users\admoi\.antigravity-ide\extensions\redhat.java-1.56.0-win32-x64\jre\21.0.12.1-win32-x86_64\bin\java.exe
0x00007ffd17b40000 - 0x00007ffd17da7000 	C:\WINDOWS\SYSTEM32\ntdll.dll
0x00007ffd16800000 - 0x00007ffd168cb000 	C:\WINDOWS\System32\KERNEL32.DLL
0x00007ffd14d70000 - 0x00007ffd15172000 	C:\WINDOWS\System32\KERNELBASE.dll
0x00007ffd155b0000 - 0x00007ffd156fc000 	C:\WINDOWS\System32\ucrtbase.dll
0x00007ffce6a70000 - 0x00007ffce6a88000 	C:\Users\admoi\.antigravity-ide\extensions\redhat.java-1.56.0-win32-x64\jre\21.0.12.1-win32-x86_64\bin\jli.dll
0x00007ffce6a90000 - 0x00007ffce6aae000 	C:\Users\admoi\.antigravity-ide\extensions\redhat.java-1.56.0-win32-x64\jre\21.0.12.1-win32-x86_64\bin\VCRUNTIME140.dll
0x00007ffd16170000 - 0x00007ffd1633f000 	C:\WINDOWS\System32\USER32.dll
0x00007ffcf76b0000 - 0x00007ffcf7940000 	C:\WINDOWS\WinSxS\amd64_microsoft.windows.common-controls_6595b64144ccf1df_6.0.26100.9278_none_3e0d1ba8e3303201\COMCTL32.dll
0x00007ffd14d40000 - 0x00007ffd14d67000 	C:\WINDOWS\System32\win32u.dll
0x00007ffd16a80000 - 0x00007ffd16aab000 	C:\WINDOWS\System32\GDI32.dll
0x00007ffd171d0000 - 0x00007ffd17279000 	C:\WINDOWS\System32\msvcrt.dll
0x00007ffd153c0000 - 0x00007ffd154e9000 	C:\WINDOWS\System32\gdi32full.dll
0x00007ffd15180000 - 0x00007ffd15223000 	C:\WINDOWS\System32\msvcp_win.dll
0x00007ffd17100000 - 0x00007ffd17131000 	C:\WINDOWS\System32\IMM32.DLL
0x00007ffd0cc30000 - 0x00007ffd0cc3c000 	C:\Users\admoi\.antigravity-ide\extensions\redhat.java-1.56.0-win32-x64\jre\21.0.12.1-win32-x86_64\bin\vcruntime140_1.dll
0x00007ffc8d740000 - 0x00007ffc8d7cd000 	C:\Users\admoi\.antigravity-ide\extensions\redhat.java-1.56.0-win32-x64\jre\21.0.12.1-win32-x86_64\bin\msvcp140.dll
0x00007ffc4c8a0000 - 0x00007ffc4d642000 	C:\Users\admoi\.antigravity-ide\extensions\redhat.java-1.56.0-win32-x64\jre\21.0.12.1-win32-x86_64\bin\server\jvm.dll
0x00007ffd17280000 - 0x00007ffd1733c000 	C:\WINDOWS\System32\ADVAPI32.dll
0x00007ffd168e0000 - 0x00007ffd16989000 	C:\WINDOWS\System32\sechost.dll
0x00007ffd16050000 - 0x00007ffd16168000 	C:\WINDOWS\System32\RPCRT4.dll
0x00007ffd17140000 - 0x00007ffd171c0000 	C:\WINDOWS\System32\WS2_32.dll
0x00007ffd14ba0000 - 0x00007ffd14bfe000 	C:\WINDOWS\SYSTEM32\POWRPROF.dll
0x00007ffd06600000 - 0x00007ffd06636000 	C:\WINDOWS\SYSTEM32\WINMM.dll
0x00007ffd0aa20000 - 0x00007ffd0aa2b000 	C:\WINDOWS\SYSTEM32\VERSION.dll
0x00007ffd14b80000 - 0x00007ffd14b95000 	C:\WINDOWS\SYSTEM32\UMPDC.dll
0x00007ffd139f0000 - 0x00007ffd13a0b000 	C:\WINDOWS\SYSTEM32\kernel.appcore.dll
0x00007ffd0b540000 - 0x00007ffd0b54a000 	C:\Users\admoi\.antigravity-ide\extensions\redhat.java-1.56.0-win32-x64\jre\21.0.12.1-win32-x86_64\bin\jimage.dll
0x00007ffd12350000 - 0x00007ffd1259c000 	C:\WINDOWS\SYSTEM32\DBGHELP.DLL
0x00007ffd16450000 - 0x00007ffd167d5000 	C:\WINDOWS\System32\combase.dll
0x00007ffd16b20000 - 0x00007ffd16bf9000 	C:\WINDOWS\System32\OLEAUT32.dll
0x00007ffcfa1c0000 - 0x00007ffcfa1fb000 	C:\WINDOWS\SYSTEM32\dbgcore.DLL
0x00007ffd157a0000 - 0x00007ffd1584c000 	C:\WINDOWS\System32\bcryptPrimitives.dll
0x00007ffce4d20000 - 0x00007ffce4d2f000 	C:\Users\admoi\.antigravity-ide\extensions\redhat.java-1.56.0-win32-x64\jre\21.0.12.1-win32-x86_64\bin\instrument.dll
0x00007ffce6a50000 - 0x00007ffce6a70000 	C:\Users\admoi\.antigravity-ide\extensions\redhat.java-1.56.0-win32-x64\jre\21.0.12.1-win32-x86_64\bin\java.dll
0x00007ffd158b0000 - 0x00007ffd16048000 	C:\WINDOWS\System32\SHELL32.dll
0x00007ffd12760000 - 0x00007ffd1300e000 	C:\WINDOWS\SYSTEM32\windows.storage.dll
0x00007ffd17a00000 - 0x00007ffd17afb000 	C:\WINDOWS\System32\SHCORE.dll
0x00007ffd16350000 - 0x00007ffd163b6000 	C:\WINDOWS\System32\shlwapi.dll
0x00007ffd14c60000 - 0x00007ffd14c89000 	C:\WINDOWS\SYSTEM32\profapi.dll
0x00007ffce6a30000 - 0x00007ffce6a48000 	C:\Users\admoi\.antigravity-ide\extensions\redhat.java-1.56.0-win32-x64\jre\21.0.12.1-win32-x86_64\bin\zip.dll
0x00007ffcf68e0000 - 0x00007ffcf68f0000 	C:\Users\admoi\.antigravity-ide\extensions\redhat.java-1.56.0-win32-x64\jre\21.0.12.1-win32-x86_64\bin\net.dll
0x00007ffd0b920000 - 0x00007ffd0ba4a000 	C:\WINDOWS\SYSTEM32\WINHTTP.dll
0x00007ffd13fd0000 - 0x00007ffd1403c000 	C:\WINDOWS\system32\mswsock.dll
0x00007ffc8d720000 - 0x00007ffc8d736000 	C:\Users\admoi\.antigravity-ide\extensions\redhat.java-1.56.0-win32-x64\jre\21.0.12.1-win32-x86_64\bin\nio.dll
0x00007ffcdcdb0000 - 0x00007ffcdcdc0000 	C:\Users\admoi\.antigravity-ide\extensions\redhat.java-1.56.0-win32-x64\jre\21.0.12.1-win32-x86_64\bin\verify.dll
0x00007ffcf6240000 - 0x00007ffcf6267000 	C:\Users\admoi\.gradle\native\c067742578af261105cb4f569cf0c3c89f3d7b1fecec35dd04571415982c5e48\windows-amd64\native-platform.dll
0x00007ffc3a790000 - 0x00007ffc3a8d4000 	C:\Users\admoi\.gradle\native\100fb08df4bc3b14c8652ba06237920a3bd2aa13389f12d3474272988ae205f9\windows-amd64\native-platform-file-events.dll
0x00007ffc38ea0000 - 0x00007ffc38eaa000 	C:\Users\admoi\.antigravity-ide\extensions\redhat.java-1.56.0-win32-x64\jre\21.0.12.1-win32-x86_64\bin\management.dll
0x00007ffc3a3d0000 - 0x00007ffc3a3dc000 	C:\Users\admoi\.antigravity-ide\extensions\redhat.java-1.56.0-win32-x64\jre\21.0.12.1-win32-x86_64\bin\management_ext.dll
0x00007ffd16ac0000 - 0x00007ffd16ac8000 	C:\WINDOWS\System32\PSAPI.DLL
0x00007ffd142c0000 - 0x00007ffd142db000 	C:\WINDOWS\SYSTEM32\CRYPTSP.dll
0x00007ffd13940000 - 0x00007ffd13979000 	C:\WINDOWS\system32\rsaenh.dll
0x00007ffd14080000 - 0x00007ffd140b4000 	C:\WINDOWS\SYSTEM32\USERENV.dll
0x00007ffd14c30000 - 0x00007ffd14c5a000 	C:\WINDOWS\SYSTEM32\bcrypt.dll
0x00007ffd142e0000 - 0x00007ffd142ec000 	C:\WINDOWS\SYSTEM32\CRYPTBASE.dll
0x00007ffd13380000 - 0x00007ffd133b3000 	C:\WINDOWS\SYSTEM32\IPHLPAPI.DLL
0x00007ffd168d0000 - 0x00007ffd168da000 	C:\WINDOWS\System32\NSI.dll
0x00007ffca1850000 - 0x00007ffca1859000 	C:\Users\admoi\.antigravity-ide\extensions\redhat.java-1.56.0-win32-x64\jre\21.0.12.1-win32-x86_64\bin\extnet.dll
0x00007ffcf79d0000 - 0x00007ffcf79de000 	C:\Users\admoi\.antigravity-ide\extensions\redhat.java-1.56.0-win32-x64\jre\21.0.12.1-win32-x86_64\bin\sunmscapi.dll
0x00007ffd15230000 - 0x00007ffd153ae000 	C:\WINDOWS\System32\CRYPT32.dll
0x00007ffd14500000 - 0x00007ffd14530000 	C:\WINDOWS\SYSTEM32\ncrypt.dll
0x00007ffd144b0000 - 0x00007ffd144ef000 	C:\WINDOWS\SYSTEM32\NTASN1.dll
0x00007ffcf5400000 - 0x00007ffcf5408000 	C:\WINDOWS\system32\wshunix.dll

JVMTI agents:
C:\Users\admoi\.gradle\wrapper\dists\gradle-8.9-bin\90cnw93cvbtalezasaz0blq0a\gradle-8.9\lib\agents\gradle-instrumentation-agent-8.9.jar path:C:\Users\admoi\.antigravity-ide\extensions\redhat.java-1.56.0-win32-x64\jre\21.0.12.1-win32-x86_64\bin\instrument.dll, loaded, initialized, instrumentlib options:none

dbghelp: loaded successfully - version: 4.0.5 - missing functions: none
symbol engine: initialized successfully - sym options: 0x614 - pdb path: .;C:\Users\admoi\.antigravity-ide\extensions\redhat.java-1.56.0-win32-x64\jre\21.0.12.1-win32-x86_64\bin;C:\WINDOWS\SYSTEM32;C:\WINDOWS\WinSxS\amd64_microsoft.windows.common-controls_6595b64144ccf1df_6.0.26100.9278_none_3e0d1ba8e3303201;C:\Users\admoi\.antigravity-ide\extensions\redhat.java-1.56.0-win32-x64\jre\21.0.12.1-win32-x86_64\bin\server;C:\Users\admoi\.gradle\native\c067742578af261105cb4f569cf0c3c89f3d7b1fecec35dd04571415982c5e48\windows-amd64;C:\Users\admoi\.gradle\native\100fb08df4bc3b14c8652ba06237920a3bd2aa13389f12d3474272988ae205f9\windows-amd64

VM Arguments:
jvm_args: --add-opens=java.base/java.util=ALL-UNNAMED --add-opens=java.base/java.lang=ALL-UNNAMED --add-opens=java.base/java.lang.invoke=ALL-UNNAMED --add-opens=java.prefs/java.util.prefs=ALL-UNNAMED --add-exports=jdk.compiler/com.sun.tools.javac.api=ALL-UNNAMED --add-exports=jdk.compiler/com.sun.tools.javac.util=ALL-UNNAMED --add-opens=java.base/java.nio.charset=ALL-UNNAMED --add-opens=java.base/java.net=ALL-UNNAMED --add-opens=java.base/java.util.concurrent.atomic=ALL-UNNAMED -XX:MaxMetaspaceSize=384m -XX:+HeapDumpOnOutOfMemoryError -Xms256m -Xmx512m -Dfile.encoding=utf8 -Duser.country=US -Duser.language=en -Duser.variant -javaagent:C:\Users\admoi\.gradle\wrapper\dists\gradle-8.9-bin\90cnw93cvbtalezasaz0blq0a\gradle-8.9\lib\agents\gradle-instrumentation-agent-8.9.jar 
java_command: org.gradle.launcher.daemon.bootstrap.GradleDaemon 8.9
java_class_path (initial): C:\Users\admoi\.gradle\wrapper\dists\gradle-8.9-bin\90cnw93cvbtalezasaz0blq0a\gradle-8.9\lib\gradle-daemon-main-8.9.jar
Launcher Type: SUN_STANDARD

[Global flags]
     intx CICompilerCount                          = 12                                        {product} {ergonomic}
   size_t CompressedClassSpaceSize                 = 335544320                                 {product} {ergonomic}
     uint ConcGCThreads                            = 3                                         {product} {ergonomic}
     uint G1ConcRefinementThreads                  = 13                                        {product} {ergonomic}
   size_t G1HeapRegionSize                         = 1048576                                   {product} {ergonomic}
    uintx GCDrainStackTargetSize                   = 64                                        {product} {ergonomic}
     bool HeapDumpOnOutOfMemoryError               = true                                   {manageable} {command line}
   size_t InitialHeapSize                          = 268435456                                 {product} {command line}
   size_t MarkStackSize                            = 4194304                                   {product} {ergonomic}
   size_t MaxHeapSize                              = 536870912                                 {product} {command line}
   size_t MaxMetaspaceSize                         = 402653184                                 {product} {command line}
   size_t MaxNewSize                               = 321912832                                 {product} {ergonomic}
   size_t MinHeapDeltaBytes                        = 1048576                                   {product} {ergonomic}
   size_t MinHeapSize                              = 268435456                                 {product} {command line}
    uintx NonNMethodCodeHeapSize                   = 7602480                                {pd product} {ergonomic}
    uintx NonProfiledCodeHeapSize                  = 122027880                              {pd product} {ergonomic}
    uintx ProfiledCodeHeapSize                     = 122027880                              {pd product} {ergonomic}
    uintx ReservedCodeCacheSize                    = 251658240                              {pd product} {ergonomic}
     bool SegmentedCodeCache                       = true                                      {product} {ergonomic}
   size_t SoftMaxHeapSize                          = 536870912                              {manageable} {ergonomic}
     bool UseCompressedOops                        = true                           {product lp64_product} {ergonomic}
     bool UseG1GC                                  = true                                      {product} {ergonomic}
     bool UseLargePagesIndividualAllocation        = false                                  {pd product} {ergonomic}

Logging:
Log output configuration:
 #0: stdout all=warning uptime,level,tags foldmultilines=false
 #1: stderr all=off uptime,level,tags foldmultilines=false

Release file:
JAVA_VERSION="21.0.12.1" 
MODULES="java.base java.compiler java.datatransfer java.xml java.prefs java.desktop java.instrument java.logging java.management java.security.sasl java.naming java.rmi java.management.rmi java.net.http java.scripting java.security.jgss java.transaction.xa java.sql java.sql.rowset java.xml.crypto java.se java.smartcardio jdk.accessibility jdk.internal.jvmstat jdk.attach jdk.charsets jdk.internal.opt jdk.zipfs jdk.compiler jdk.crypto.ec jdk.crypto.cryptoki jdk.crypto.mscapi jdk.dynalink jdk.internal.ed jdk.editpad jdk.hotspot.agent jdk.httpserver jdk.internal.le jdk.internal.vm.ci jdk.internal.vm.compiler jdk.internal.vm.compiler.management jdk.jartool jdk.javadoc jdk.jcmd jdk.management jdk.management.agent jdk.jconsole jdk.jdeps jdk.jdwp.agent jdk.jdi jdk.jfr jdk.jshell jdk.jsobject jdk.jstatd jdk.localedata jdk.management.jfr jdk.naming.dns jdk.naming.rmi jdk.net jdk.nio.mapmode jdk.random jdk.sctp jdk.security.auth jdk.security.jgss jdk.unsupported jdk.unsupported.desktop jdk.xml.dom" 

Environment Variables:
PATH=C:\Users\admoi\AppData\Local\cloud-code\installer\google-cloud-sdk\bin;C:\Python314\Scripts\;C:\Python314\;C:\Program Files\Common Files\Oracle\Java\javapath;C:\WINDOWS\system32;C:\WINDOWS;C:\WINDOWS\System32\Wbem;C:\WINDOWS\System32\WindowsPowerShell\v1.0\;C:\WINDOWS\System32\OpenSSH\;C:\Program Files\Microsoft SQL Server\150\Tools\Binn\;C:\Program Files\Microsoft SQL Server\Client SDK\ODBC\170\Tools\Binn\;C:\Program Files\dotnet\;C:\Program Files (x86)\Windows Kits\10\Windows Performance Toolkit\;C:\Program Files (x86)\Microsoft SQL Server\160\Tools\Binn\;C:\Program Files\Microsoft SQL Server\160\Tools\Binn\;C:\Program Files\Microsoft SQL Server\160\DTS\Binn\;C:\Program Files\Docker\Docker\resources\bin;C:\Program Files\nodejs\;C:\ProgramData\chocolatey\bin;C:\xampp\php;C:\composer;C:\Program Files\Git\cmd;C:\Program Files\GitHub CLI\;C:\Python314\Scripts\;C:\Python314\;C:\Program Files\Common Files\Oracle\Java\javapath;C:\WINDOWS\system32;C:\WINDOWS;C:\WINDOWS\System32\Wbem;C:\WINDOWS\System32\WindowsPowerShell\v1.0\;C:\WINDOWS\System32\OpenSSH\;C:\Program Files\Microsoft SQL Server\150\Tools\Binn\;C:\Program Files\Microsoft SQL Server\Client SDK\ODBC\170\Tools\Binn\;C:\Program Files\dotnet\;C:\Program Files (x86)\Windows Kits\10\Windows Performance Toolkit\;C:\Program Files (x86)\Microsoft SQL Server\160\Tools\Binn\;C:\Program Files\Microsoft SQL Server\160\Tools\Binn\;C:\Program Files\Microsoft SQL Server\160\DTS\Binn\;C:\Program Files\Arduino PLC IDE Tools\;C:\Program Files\Docker\Docker\resources\bin;C:\Program Files\nodejs\;C:\ProgramData\chocolatey\bin;C:\xampp\php;C:\composer;C:\Program Files\Git\cmd;C:\Program Files\GitHub CLI\;c:\Users\admoi\AppData\Roaming\Code\User\globalStorage\github.copilot-chat\debugCommand;c:\Users\admoi\AppData\Roaming\Code\User\globalStorage\github.copilot-chat\copilotCli;D:\Microsoft VS Code;C:\Python314\Scripts\;C:\Python314\;C:\Program Files\Common Files\Oracle\Java\javapath;C:\WINDOWS\system32;C:\WINDOWS;C:\WINDOWS\System32\Wbem;C:\WINDOWS\System32\WindowsPowerShell\v1.0\;C:\WINDOWS\System32\OpenSSH\;C:\Program Files\Microsoft SQL Server\150\Tools\Binn\;C:\Program Files\Microsoft SQL Server\Client SDK\ODBC\170\Tools\Binn\;C:\Program Files\dotnet\;C:\Program Files (x86)\Windows Kits\10\Windows Performance Toolkit\;C:\Program Files (x86)\Microsoft SQL Server\160\Tools\Binn\;C:\Program Files\Microsoft SQL Server\160\Tools\Binn\;C:\Program Files\Microsoft SQL Server\160\DTS\Binn\;C:\Program Files\Arduino PLC IDE Tools\;C:\Program Files\Docker\Docker\resources\bin;C:\Program Files\nodejs\;C:\ProgramData\chocolatey\bin;C:\xampp\php;C:\composer;C:\Program Files\Git\cmd;C:\Users\admoi\AppData\Local\Microsoft\WindowsApps;;D:\IntelliJ IDEA 2025.1.1.1\bin;;D:\Microsoft VS Code\bin;C:\Users\admoi\.dotnet\tools;C:\Users\admoi\AppData\Local\Programs\mongosh\;D:\Antigravity\bin;C:\Users\admoi\AppData\Roaming\npm;C:\Users\admoi\AppData\Roaming\Composer\vendor\bin;C:\Users\admoi\.local\bin;C:\flutter\flutter\bin;C:\flutter\flutter\bin;;C:\flutter\flutter\bin;C:\Program Files (x86)\NVIDIA Corporation\PhysX\Common;C:\Program Files\NVIDIA Corporation\NVIDIA App\NvDLISR;C:\Program Files (x86)\Microsoft SQL Server\160\DTS\Binn\;D:\bin;C:\Program Files (x86)\cloudflared\;C:\Program Files\Microsoft SQL Server\170\Tools\Binn\;C:\Users\admoi\.local\bin;C:\Python314\Scripts\;C:\Python314\;C:\Program Files\Common Files\Oracle\Java\javapath;C:\WINDOWS\system32;C:\WINDOWS;C:\WINDOWS\System32\Wbem;C:\WINDOWS\System32\WindowsPowerShell\v1.0\;C:\WINDOWS\System32\OpenSSH\;C:\Program Files\Microsoft SQL Server\150\Tools\Binn\;C:\Program Files\Microsoft SQL Server\Client SDK\ODBC\170\Tools\Binn\;C:\Program Files\dotnet\;C:\Program Files (x86)\Windows Kits\10\Windows Performance Toolkit\;C:\Program Files (x86)\Microsoft SQL Server\160\Tools\Binn\;C:\Program Files\Microsoft SQL Server\160\Tools\Binn\;C:\Program Files\Microsoft SQL Server\160\DTS\Binn\;C:\Program Files\Docker\Docker\resources\bin;C:\Program Files\nodejs\;C:\ProgramData\chocolatey\bin;C:\xampp\php;C:\composer;C:\Program Files\Git\cmd;C:\Program Files\GitHub CLI\;C:\Python314\Scripts\;C:\Python314\;C:\Program Files\Common Files\Oracle\Java\javapath;C:\WINDOWS\system32;C:\WINDOWS;C:\WINDOWS\System32\Wbem;C:\WINDOWS\System32\WindowsPowerShell\v1.0\;C:\WINDOWS\System32\OpenSSH\;C:\Program Files\Microsoft SQL;C:\Users\admoi\AppData\Local\Programs\Antigravity IDE\bin;C:\Users\admoi\.dotnet\tools;E:\Microsoft VS Code\bin;C:\Users\admoi\AppData\Local\Microsoft\WinGet\Links;
USERNAME=admoi
OS=Windows_NT
PROCESSOR_IDENTIFIER=Intel64 Family 6 Model 154 Stepping 3, GenuineIntel
TMP=C:\Users\admoi\AppData\Local\Temp
TEMP=C:\Users\admoi\AppData\Local\Temp




Periodic native trim disabled

---------------  S Y S T E M  ---------------

OS:
 Windows 11 , 64 bit Build 26100 (10.0.26100.9444)
OS uptime: 0 days 0:18 hours
Hyper-V role detected

CPU: total 16 (initial active 16) (8 cores per cpu, 2 threads per core) family 6 model 154 stepping 3 microcode 0x435, cx8, cmov, fxsr, ht, mmx, 3dnowpref, sse, sse2, sse3, ssse3, sse4.1, sse4.2, popcnt, lzcnt, tsc, tscinvbit, avx, avx2, aes, erms, clmul, bmi1, bmi2, adx, sha, fma, vzeroupper, clflush, clflushopt, clwb, hv, serialize, rdtscp, rdpid, fsrm, f16c, cet_ibt, cet_ss
Processor Information for processor 0
  Max Mhz: 2500, Current Mhz: 2500, Mhz Limit: 2500
Processor Information for processor 1
  Max Mhz: 2500, Current Mhz: 2500, Mhz Limit: 2500
Processor Information for processor 2
  Max Mhz: 2500, Current Mhz: 2500, Mhz Limit: 2500
Processor Information for processor 3
  Max Mhz: 2500, Current Mhz: 2500, Mhz Limit: 2500
Processor Information for processor 4
  Max Mhz: 2500, Current Mhz: 2500, Mhz Limit: 2500
Processor Information for processor 5
  Max Mhz: 2500, Current Mhz: 2500, Mhz Limit: 2500
Processor Information for processor 6
  Max Mhz: 2500, Current Mhz: 2500, Mhz Limit: 2500
Processor Information for processor 7
  Max Mhz: 2500, Current Mhz: 2500, Mhz Limit: 2500
Processor Information for processor 8
  Max Mhz: 2500, Current Mhz: 1800, Mhz Limit: 1800
Processor Information for processor 9
  Max Mhz: 2500, Current Mhz: 1800, Mhz Limit: 1800
Processor Information for processor 10
  Max Mhz: 2500, Current Mhz: 1800, Mhz Limit: 1800
Processor Information for processor 11
  Max Mhz: 2500, Current Mhz: 1800, Mhz Limit: 1800
Processor Information for processor 12
  Max Mhz: 2500, Current Mhz: 1800, Mhz Limit: 1800
Processor Information for processor 13
  Max Mhz: 2500, Current Mhz: 1800, Mhz Limit: 1800
Processor Information for processor 14
  Max Mhz: 2500, Current Mhz: 1800, Mhz Limit: 1800
Processor Information for processor 15
  Max Mhz: 2500, Current Mhz: 1800, Mhz Limit: 1800

Memory: 4k page, system-wide physical 16051M (10M free)
TotalPageFile size 57195M (AvailPageFile size 26M)
current process WorkingSet (physical memory assigned to process): 33M, peak: 259M
current process commit charge ("private bytes"): 485M, peak: 497M

vm_info: OpenJDK 64-Bit Server VM (21.0.12.1+1-LTS) for windows-amd64 JRE (21.0.12.1+1-LTS), built on 2026-08-18T00:00:00Z by "admin" with MS VC++ 17.12 (VS2022)

END.
