#
# There is insufficient memory for the Java Runtime Environment to continue.
# Native memory allocation (malloc) failed to allocate 1852592 bytes. Error detail: Chunk::new
# Possible reasons:
#   The system is out of physical RAM or swap space
#   This process is running with CompressedOops enabled, and the Java Heap may be blocking the growth of the native heap
# Possible solutions:
#   Reduce memory load on the system
#   Increase physical memory or swap space
#   Check if swap backing store is full
#   Decrease Java heap size (-Xmx/-Xms)
#   Decrease number of Java threads
#   Decrease Java thread stack sizes (-Xss)
#   Set larger code cache with -XX:ReservedCodeCacheSize=
#   JVM is running with Unscaled Compressed Oops mode in which the Java heap is
#     placed in the first 4GB address space. The Java Heap base address is the
#     maximum limit for the native heap growth. Please use -XX:HeapBaseMinAddress
#     to set the Java Heap base and to place the Java Heap above 4GB virtual address.
# This output file may be truncated or incomplete.
#
#  Out of Memory Error (arena.cpp:168), pid=44220, tid=23272
#
# JRE version: OpenJDK Runtime Environment Temurin-21.0.12.1+1 (21.0.12.1+1) (build 21.0.12.1+1-LTS)
# Java VM: OpenJDK 64-Bit Server VM Temurin-21.0.12.1+1 (21.0.12.1+1-LTS, mixed mode, sharing, tiered, compressed oops, compressed class ptrs, parallel gc, windows-amd64)
# No core dump will be written. Minidumps are not enabled by default on client versions of Windows
#

---------------  S U M M A R Y ------------

Command Line: --add-modules=ALL-SYSTEM --add-opens=java.base/java.util=ALL-UNNAMED --add-opens=java.base/java.lang=ALL-UNNAMED --add-opens=java.base/sun.nio.fs=ALL-UNNAMED -Declipse.application=org.eclipse.jdt.ls.core.id1 -Dosgi.bundles.defaultStartLevel=4 -Declipse.product=org.eclipse.jdt.ls.core.product -Djava.import.generatesMetadataFilesAtProjectRoot=false -Dm2e.project.cache.size=50 -DDetectVMInstallationsJob.disabled=true -Dfile.encoding=utf8 -XX:+UseParallelGC -XX:GCTimeRatio=4 -XX:AdaptiveSizePolicyWeight=90 -Dsun.zip.disableMemoryMapping=true -Xmx2G -Xms100m -Xlog:disable -javaagent:c:\Users\admoi\.antigravity-ide\extensions\redhat.java-1.56.0-win32-x64\lombok\lombok-1.18.39-4050.jar -XX:+HeapDumpOnOutOfMemoryError -XX:HeapDumpPath=c:\Users\admoi\AppData\Roaming\Antigravity IDE\User\workspaceStorage\623676c495f6796973e32ae85f3dc6aa\redhat.java -Daether.dependencyCollector.impl=bf c:\Users\admoi\.antigravity-ide\extensions\redhat.java-1.56.0-win32-x64\server\plugins\org.eclipse.equinox.launcher_1.8.0.v20260804-1928.jar -configuration c:\Users\admoi\AppData\Roaming\Antigravity IDE\User\globalStorage\redhat.java\1.56.0\config_win -data c:\Users\admoi\AppData\Roaming\Antigravity IDE\User\workspaceStorage\623676c495f6796973e32ae85f3dc6aa\redhat.java\jdt_ws --stdio

Host: 12th Gen Intel(R) Core(TM) i5-12500H, 16 cores, 15G,  Windows 11 , 64 bit Build 26100 (10.0.26100.9168)
Time: Sat Sep  5 16:55:08 2026 SE Asia Standard Time elapsed time: 1090.747577 seconds (0d 0h 18m 10s)

---------------  T H R E A D  ---------------

Current thread (0x000001fd6385dfd0):  JavaThread "C2 CompilerThread0" daemon [_thread_in_native, id=23272, stack(0x0000000c72300000,0x0000000c72400000) (1024K)]


Current CompileTask:
C2:1090747 24178   !   4       org.eclipse.jdt.internal.core.DeltaProcessor::createExternalArchiveDelta (1186 bytes)

Stack: [0x0000000c72300000,0x0000000c72400000]
Native frames: (J=compiled Java code, j=interpreted, Vv=VM code, C=native code)
V  [jvm.dll+0x6d83e9]
V  [jvm.dll+0x8b5736]
V  [jvm.dll+0x8b7cee]
V  [jvm.dll+0x8b83d3]
V  [jvm.dll+0x284596]
V  [jvm.dll+0xc685d]
V  [jvm.dll+0xc6da1]
V  [jvm.dll+0x3bf18b]
V  [jvm.dll+0x1e4149]
V  [jvm.dll+0x24c853]
V  [jvm.dll+0x24bce0]
V  [jvm.dll+0x1cb4ae]
V  [jvm.dll+0x25baad]
V  [jvm.dll+0x25a03a]
V  [jvm.dll+0x3f8aae]
V  [jvm.dll+0x8600cd]
V  [jvm.dll+0x6d6c1d]
C  [ucrtbase.dll+0x2cd30]
C  [KERNEL32.DLL+0x2ccb7]
C  [ntdll.dll+0xaad6c]


---------------  P R O C E S S  ---------------

Threads class SMR info:
_java_thread_list=0x000001fd46e8fb40, length=337, elements={
0x000001fd637a2900, 0x000001fd6384b2c0, 0x000001fd6384bfe0, 0x000001fd6384ffb0,
0x000001fd63850a10, 0x000001fd63852230, 0x000001fd63853dd0, 0x000001fd6385dfd0,
0x000001fd7b507ae0, 0x000001fd7b752ea0, 0x000001fd7b86bb20, 0x000001fd7d5c49d0,
0x000001fd7b589d90, 0x000001fd7d438aa0, 0x000001fd7d4394e0, 0x000001fd7b6081e0,
0x000001fd7d1868d0, 0x000001fd7cf718a0, 0x000001fd7daa5af0, 0x000001fd7daa4740,
0x000001fd7daa40b0, 0x000001fd7daa4dd0, 0x000001fd7daa6180, 0x000001fd7daa2d00,
0x000001fd7daa3390, 0x000001fd7daa3a20, 0x000001fd450227f0, 0x000001fd45022e80,
0x000001fd45020720, 0x000001fd45023ba0, 0x000001fd45022160, 0x000001fd45024230,
0x000001fd45020db0, 0x000001fd45027020, 0x000001fd45026300, 0x000001fd450248c0,
0x000001fd45024f50, 0x000001fd45026990, 0x000001fd450276b0, 0x000001fd450255e0,
0x000001fd45025c70, 0x000001fd7e37bfe0, 0x000001fd7e37c670, 0x000001fd7e37cd00,
0x000001fd7e37ac30, 0x000001fd7e381530, 0x000001fd4c2fe410, 0x000001fd48d0f600,
0x000001fd4a8f7f90, 0x000001fd465d3810, 0x000001fd48d0dbc0, 0x000001fd48d0c180,
0x000001fd497bdaa0, 0x000001fd7ede3f20, 0x000001fd4a730910, 0x000001fd497bb9d0,
0x000001fd47633de0, 0x000001fd7cec0850, 0x000001fd7cec01c0, 0x000001fd465d6c90,
0x000001fd465d5250, 0x000001fd457bced0, 0x000001fd46e68c40, 0x000001fd457bc840,
0x000001fd457bd560, 0x000001fd4c301200, 0x000001fd4a465ea0, 0x000001fd45116100,
0x000001fd46e685b0, 0x000001fd4be92c30, 0x000001fd47750cf0, 0x000001fd4525e7c0,
0x000001fd4aa7c460, 0x000001fd7f6f6560, 0x000001fd478ea070, 0x000001fd4a467250,
0x000001fd4525e130, 0x000001fd4525f4e0, 0x000001fd4525d410, 0x000001fd47751380,
0x000001fd4798f400, 0x000001fd46e6ad10, 0x000001fd4525ee50, 0x000001fd4865c4e0,
0x000001fd7cebc840, 0x000001fd5bc3f860, 0x000001fd47752730, 0x000001fd5bc3f1d0,
0x000001fd46e6a680, 0x000001fd46e6ba30, 0x000001fd7cebe910, 0x000001fd5e1a9280,
0x000001fd4865be50, 0x000001fd4a64d7c0, 0x000001fd7f6f8630, 0x000001fd481adef0,
0x000001fd5d2c2700, 0x000001fd5bc40580, 0x000001fd5bc3fef0, 0x000001fd4525daa0,
0x000001fd7cebced0, 0x000001fd7f6f51b0, 0x000001fd47753450, 0x000001fd7cebdbf0,
0x000001fd7cebe280, 0x000001fd4525cd80, 0x000001fd5e1a7840, 0x000001fd5bfb1280,
0x000001fd5bfb3350, 0x000001fd7f6f7280, 0x000001fd5d2c2070, 0x000001fd481ad1d0,
0x000001fd477520a0, 0x000001fd7cebefa0, 0x000001fd607de8a0, 0x000001fd481ab790,
0x000001fd5d2c4140, 0x000001fd5e1a6490, 0x000001fd4a64de50, 0x000001fd5e1a7ed0,
0x000001fd5e1a6b20, 0x000001fd5d2c2d90, 0x000001fd7f6f5ed0, 0x000001fd5d2c54f0,
0x000001fd7cebbb20, 0x000001fd607ddb80, 0x000001fd5bfb0bf0, 0x000001fd5e1a71b0,
0x000001fd4a650c40, 0x000001fd4a64eb70, 0x000001fd607dc140, 0x000001fd4a64f200,
0x000001fd478eb420, 0x000001fd7cebc1b0, 0x000001fd5bfb39e0, 0x000001fd5e1a8bf0,
0x000001fd5d2c4e60, 0x000001fd5d2c3420, 0x000001fd810878f0, 0x000001fd81084470,
0x000001fd7f6f7910, 0x000001fd81086bd0, 0x000001fd5d2c3ab0, 0x000001fd5bfb1fa0,
0x000001fd46e6b3a0, 0x000001fd7f6f5840, 0x000001fd478ea700, 0x000001fd481ad860,
0x000001fd81084b00, 0x000001fd81085190, 0x000001fd46e692d0, 0x000001fd478ead90,
0x000001fd46e69960, 0x000001fd5bfb2630, 0x000001fd7f6f7fa0, 0x000001fd46e69ff0,
0x000001fd5e1a5e00, 0x000001fd4865d200, 0x000001fd5bfb1910, 0x000001fd47990120,
0x000001fd5bfb0560, 0x000001fd4aa7aa20, 0x000001fd481abe20, 0x000001fd5631e700,
0x000001fd4aa78fe0, 0x000001fd479907b0, 0x000001fd48029fb0, 0x000001fd5631e070,
0x000001fd7ede3200, 0x000001fd479914d0, 0x000001fd48d0fc90, 0x000001fd5d2c47d0,
0x000001fd4be925a0, 0x000001fd4a6505b0, 0x000001fd4aa7b740, 0x000001fd5bfb2cc0,
0x000001fd7ede45b0, 0x000001fd4a730fa0, 0x000001fd47e82be0, 0x000001fd4aa79670,
0x000001fd457bc1b0, 0x000001fd47e7f760, 0x000001fd497bc6f0, 0x000001fd48580560,
0x000001fd4be91f10, 0x000001fd4be93950, 0x000001fd4be911f0, 0x000001fd4857f840,
0x000001fd497be130, 0x000001fd4922ff50, 0x000001fd81085eb0, 0x000001fd4a466530,
0x000001fd4922d7f0, 0x000001fd497bacb0, 0x000001fd4a4678e0, 0x000001fd4798ed70,
0x000001fd48580bf0, 0x000001fd56320140, 0x000001fd454e3090, 0x000001fd47635190,
0x000001fd492305e0, 0x000001fd56320e60, 0x000001fd607de210, 0x000001fd4aa79d00,
0x000001fd4857de00, 0x000001fd49230c70, 0x000001fd4a731cc0, 0x000001fd5631fab0,
0x000001fd4857fed0, 0x000001fd497bc060, 0x000001fd48d0c810, 0x000001fd4a466bc0,
0x000001fd5c0ee070, 0x000001fd454e3720, 0x000001fd497bb340, 0x000001fd4c3004e0,
0x000001fd48d0ef70, 0x000001fd48d0cea0, 0x000001fd4a731630, 0x000001fd48d0e250,
0x000001fd81086540, 0x000001fd81085820, 0x000001fd4922de80, 0x000001fd48d0d530,
0x000001fd4826d4f0, 0x000001fd563214f0, 0x000001fd5631ed90, 0x000001fd4be90b60,
0x000001fd4a8f8620, 0x000001fd465d3ea0, 0x000001fd48d123f0, 0x000001fd4c059e80,
0x000001fd4802b9f0, 0x000001fd454e3db0, 0x000001fd5631f420, 0x000001fd4c2ff130,
0x000001fd4922e510, 0x000001fd5c0ef420, 0x000001fd4826c140, 0x000001fd465d4530,
0x000001fd476dfe90, 0x000001fd4abf9e90, 0x000001fd4774ffd0, 0x000001fd4981a130,
0x000001fd4922eba0, 0x000001fd4abfabb0, 0x000001fd48581280, 0x000001fd465d5f70,
0x000001fd4922f230, 0x000001fd607dd4f0, 0x000001fd7f149d40, 0x000001fd4c2feaa0,
0x000001fd7cebfb30, 0x000001fd4c05bf50, 0x000001fd47750660, 0x000001fd476df170,
0x000001fd465d4bc0, 0x000001fd5c0eed90, 0x000001fd47634b00, 0x000001fd55c2f430,
0x000001fd465d58e0, 0x000001fd55c2e710, 0x000001fd45115a70, 0x000001fd45214770,
0x000001fd47e811a0, 0x000001fd47e81830, 0x000001fd4857e490, 0x000001fd4857eb20,
0x000001fd4aa7bdd0, 0x000001fd4c05a510, 0x000001fd5f0f2ee0, 0x000001fd4981a7c0,
0x000001fd60107260, 0x000001fd4c058ad0, 0x000001fd81309f00, 0x000001fd60107f80,
0x000001fd4c2ffe50, 0x000001fd7ede3890, 0x000001fd60108610, 0x000001fd4857f1b0,
0x000001fd4c2ff7c0, 0x000001fd48d116d0, 0x000001fd55c30150, 0x000001fd46b0adc0,
0x000001fd5b483920, 0x000001fd55c2eda0, 0x000001fd48d137a0, 0x000001fd5b481850,
0x000001fd4c059160, 0x000001fd7f14be10, 0x000001fd4abfb240, 0x000001fd5b482c00,
0x000001fd7f14b780, 0x000001fd60109330, 0x000001fd4826a700, 0x000001fd4abf9800,
0x000001fd601099c0, 0x000001fd4826b420, 0x000001fd4802c080, 0x000001fd48d10320,
0x000001fd4922f8c0, 0x000001fd45214e00, 0x000001fd4be91880, 0x000001fd5698f5f0,
0x000001fd5b483fb0, 0x000001fd55c2fac0, 0x000001fd55c31500, 0x000001fd48d11040,
0x000001fd4981b4e0, 0x000001fd476e0520, 0x000001fd476df800, 0x000001fd48d11d60,
0x000001fd4abfb8d0, 0x000001fd7f14a3d0, 0x000001fd55a91b50, 0x000001fd55a92870,
0x000001fd55c30e70, 0x000001fd55c2e080, 0x000001fd569909a0, 0x000001fd47e80480,
0x000001fd46b0d520, 0x000001fd5b483290, 0x000001fd5b4811c0, 0x000001fd4826c7d0,
0x000001fd4826ce60, 0x000001fd4c05aba0, 0x000001fd7e37da20, 0x000001fd56991030,
0x000001fd49819aa0, 0x000001fd5b481ee0, 0x000001fd5698ef60, 0x000001fd46b0c800,
0x000001fd7f149020, 0x000001fd7e37e0b0, 0x000001fd8130a590, 0x000001fd4c05b230,
0x000001fd813077a0
}

Java Threads: ( => current thread )
  0x000001fd637a2900 JavaThread "main"                              [_thread_blocked, id=42320, stack(0x0000000c71900000,0x0000000c71a00000) (1024K)]
  0x000001fd6384b2c0 JavaThread "Reference Handler"          daemon [_thread_blocked, id=52564, stack(0x0000000c71d00000,0x0000000c71e00000) (1024K)]
  0x000001fd6384bfe0 JavaThread "Finalizer"                  daemon [_thread_blocked, id=52668, stack(0x0000000c71e00000,0x0000000c71f00000) (1024K)]
  0x000001fd6384ffb0 JavaThread "Signal Dispatcher"          daemon [_thread_blocked, id=14764, stack(0x0000000c71f00000,0x0000000c72000000) (1024K)]
  0x000001fd63850a10 JavaThread "Attach Listener"            daemon [_thread_blocked, id=36840, stack(0x0000000c72000000,0x0000000c72100000) (1024K)]
  0x000001fd63852230 JavaThread "Service Thread"             daemon [_thread_blocked, id=23460, stack(0x0000000c72100000,0x0000000c72200000) (1024K)]
  0x000001fd63853dd0 JavaThread "Monitor Deflation Thread"   daemon [_thread_blocked, id=48992, stack(0x0000000c72200000,0x0000000c72300000) (1024K)]
=>0x000001fd6385dfd0 JavaThread "C2 CompilerThread0"         daemon [_thread_in_native, id=23272, stack(0x0000000c72300000,0x0000000c72400000) (1024K)]
  0x000001fd7b507ae0 JavaThread "C1 CompilerThread0"         daemon [_thread_blocked, id=52020, stack(0x0000000c72400000,0x0000000c72500000) (1024K)]
  0x000001fd7b752ea0 JavaThread "Common-Cleaner"             daemon [_thread_blocked, id=41712, stack(0x0000000c72800000,0x0000000c72900000) (1024K)]
  0x000001fd7b86bb20 JavaThread "Notification Thread"        daemon [_thread_blocked, id=24720, stack(0x0000000c72900000,0x0000000c72a00000) (1024K)]
  0x000001fd7d5c49d0 JavaThread "Active Thread: Equinox Container: 5f923c1c-340f-46fd-a42d-d663ba3a066b"        [_thread_blocked, id=48224, stack(0x0000000c73100000,0x0000000c73200000) (1024K)]
  0x000001fd7b589d90 JavaThread "Refresh Thread: Equinox Container: 5f923c1c-340f-46fd-a42d-d663ba3a066b" daemon [_thread_blocked, id=8760, stack(0x0000000c72600000,0x0000000c72700000) (1024K)]
  0x000001fd7d438aa0 JavaThread "Framework Event Dispatcher: Equinox Container: 5f923c1c-340f-46fd-a42d-d663ba3a066b" daemon [_thread_blocked, id=15336, stack(0x0000000c72700000,0x0000000c72800000) (1024K)]
  0x000001fd7d4394e0 JavaThread "Start Level: Equinox Container: 5f923c1c-340f-46fd-a42d-d663ba3a066b" daemon [_thread_blocked, id=6796, stack(0x0000000c72a00000,0x0000000c72b00000) (1024K)]
  0x000001fd7b6081e0 JavaThread "Bundle File Closer"         daemon [_thread_blocked, id=35172, stack(0x0000000c73600000,0x0000000c73700000) (1024K)]
  0x000001fd7d1868d0 JavaThread "SCR Component Actor"        daemon [_thread_blocked, id=42828, stack(0x0000000c73500000,0x0000000c73600000) (1024K)]
  0x000001fd7cf718a0 JavaThread "Worker-JM"                         [_thread_blocked, id=45204, stack(0x0000000c73b00000,0x0000000c73c00000) (1024K)]
  0x000001fd7daa5af0 JavaThread "JNA Cleaner"                daemon [_thread_blocked, id=35908, stack(0x0000000c73c00000,0x0000000c73d00000) (1024K)]
  0x000001fd7daa4740 JavaThread "Worker-0: Initialize workspace"        [_thread_blocked, id=12088, stack(0x0000000c73d00000,0x0000000c73e00000) (1024K)]
  0x000001fd7daa40b0 JavaThread "Worker-1: Initialize workspace"        [_thread_blocked, id=53492, stack(0x0000000c73f00000,0x0000000c74000000) (1024K)]
  0x000001fd7daa4dd0 JavaThread "Java indexing"              daemon [_thread_blocked, id=54528, stack(0x0000000c74400000,0x0000000c74500000) (1024K)]
  0x000001fd7daa6180 JavaThread "Worker-2: Initialize workspace"        [_thread_blocked, id=35388, stack(0x0000000c74700000,0x0000000c74800000) (1024K)]
  0x000001fd7daa2d00 JavaThread "Worker-3: Initialize workspace"        [_thread_blocked, id=42228, stack(0x0000000c74b00000,0x0000000c74c00000) (1024K)]
  0x000001fd7daa3390 JavaThread "Worker-4: Initialize workspace"        [_thread_blocked, id=53952, stack(0x0000000c74c00000,0x0000000c74d00000) (1024K)]
  0x000001fd7daa3a20 JavaThread "pool-2-thread-1"                   [_thread_blocked, id=7612, stack(0x0000000c74d00000,0x0000000c74e00000) (1024K)]
  0x000001fd450227f0 JavaThread "WorkspaceEventsHandler"            [_thread_blocked, id=50220, stack(0x0000000c74e00000,0x0000000c74f00000) (1024K)]
  0x000001fd45022e80 JavaThread "pool-1-thread-1"                   [_thread_blocked, id=55484, stack(0x0000000c74f00000,0x0000000c75000000) (1024K)]
  0x000001fd45020720 JavaThread "Worker-5: Initialize workspace"        [_thread_blocked, id=26540, stack(0x0000000c74000000,0x0000000c74100000) (1024K)]
  0x000001fd45023ba0 JavaThread "PatternSearchJob-worker-2"  daemon [_thread_blocked, id=35152, stack(0x0000000c74100000,0x0000000c74200000) (1024K)]
  0x000001fd45022160 JavaThread "PatternSearchJob-worker-1"  daemon [_thread_blocked, id=22052, stack(0x0000000c74200000,0x0000000c74300000) (1024K)]
  0x000001fd45024230 JavaThread "PatternSearchJob-worker-3"  daemon [_thread_blocked, id=16444, stack(0x0000000c74300000,0x0000000c74400000) (1024K)]
  0x000001fd45020db0 JavaThread "PatternSearchJob-worker-4"  daemon [_thread_blocked, id=17400, stack(0x0000000c74800000,0x0000000c74900000) (1024K)]
  0x000001fd45027020 JavaThread "PatternSearchJob-worker-5"  daemon [_thread_blocked, id=51940, stack(0x0000000c74900000,0x0000000c74a00000) (1024K)]
  0x000001fd45026300 JavaThread "PatternSearchJob-worker-6"  daemon [_thread_blocked, id=7784, stack(0x0000000c74a00000,0x0000000c74b00000) (1024K)]
  0x000001fd450248c0 JavaThread "PatternSearchJob-worker-7"  daemon [_thread_blocked, id=25816, stack(0x0000000c75000000,0x0000000c75100000) (1024K)]
  0x000001fd45024f50 JavaThread "PatternSearchJob-worker-8"  daemon [_thread_blocked, id=7660, stack(0x0000000c75100000,0x0000000c75200000) (1024K)]
  0x000001fd45026990 JavaThread "PatternSearchJob-worker-9"  daemon [_thread_blocked, id=42756, stack(0x0000000c75200000,0x0000000c75300000) (1024K)]
  0x000001fd450276b0 JavaThread "PatternSearchJob-worker-10" daemon [_thread_blocked, id=22304, stack(0x0000000c75300000,0x0000000c75400000) (1024K)]
  0x000001fd450255e0 JavaThread "PatternSearchJob-worker-11" daemon [_thread_blocked, id=46140, stack(0x0000000c75400000,0x0000000c75500000) (1024K)]
  0x000001fd45025c70 JavaThread "PatternSearchJob-worker-12" daemon [_thread_blocked, id=25368, stack(0x0000000c75500000,0x0000000c75600000) (1024K)]
  0x000001fd7e37bfe0 JavaThread "PatternSearchJob-worker-13" daemon [_thread_blocked, id=48856, stack(0x0000000c75600000,0x0000000c75700000) (1024K)]
  0x000001fd7e37c670 JavaThread "PatternSearchJob-worker-14" daemon [_thread_blocked, id=53820, stack(0x0000000c75700000,0x0000000c75800000) (1024K)]
  0x000001fd7e37cd00 JavaThread "PatternSearchJob-worker-15" daemon [_thread_blocked, id=54572, stack(0x0000000c75800000,0x0000000c75900000) (1024K)]
  0x000001fd7e37ac30 JavaThread "Worker-7: Initialize workspace"        [_thread_blocked, id=2956, stack(0x0000000c73700000,0x0000000c73800000) (1024K)]
  0x000001fd7e381530 JavaThread "Worker-9: Initialize workspace"        [_thread_blocked, id=5364, stack(0x0000000c76000000,0x0000000c76100000) (1024K)]
  0x000001fd4c2fe410 JavaThread "Worker-10: Initialize workspace"        [_thread_blocked, id=9668, stack(0x0000000c75a00000,0x0000000c75b00000) (1024K)]
  0x000001fd48d0f600 JavaThread "Worker-11: Initialize workspace"        [_thread_blocked, id=38920, stack(0x0000000c77f00000,0x0000000c78000000) (1024K)]
  0x000001fd4a8f7f90 JavaThread "Worker-12: Initialize workspace"        [_thread_blocked, id=30236, stack(0x0000000c76600000,0x0000000c76700000) (1024K)]
  0x000001fd465d3810 JavaThread "Worker-13: Initialize workspace"        [_thread_blocked, id=46552, stack(0x0000000c73a00000,0x0000000c73b00000) (1024K)]
  0x000001fd48d0dbc0 JavaThread "Worker-14: Initialize workspace"        [_thread_blocked, id=32020, stack(0x0000000c77b00000,0x0000000c77c00000) (1024K)]
  0x000001fd48d0c180 JavaThread "Worker-15: Initialize workspace"        [_thread_blocked, id=42792, stack(0x0000000c78200000,0x0000000c78300000) (1024K)]
  0x000001fd497bdaa0 JavaThread "Worker-16: Initialize workspace"        [_thread_blocked, id=38336, stack(0x0000000c78800000,0x0000000c78900000) (1024K)]
  0x000001fd7ede3f20 JavaThread "Worker-17: Initialize workspace"        [_thread_blocked, id=22552, stack(0x0000000c78400000,0x0000000c78500000) (1024K)]
  0x000001fd4a730910 JavaThread "Worker-18: Initialize workspace"        [_thread_blocked, id=49284, stack(0x0000000c78900000,0x0000000c78a00000) (1024K)]
  0x000001fd497bb9d0 JavaThread "Worker-20: Initialize workspace"        [_thread_blocked, id=37780, stack(0x0000000c79400000,0x0000000c79500000) (1024K)]
  0x000001fd47633de0 JavaThread "Worker-21: Initialize workspace"        [_thread_blocked, id=41124, stack(0x0000000c79600000,0x0000000c79700000) (1024K)]
  0x000001fd7cec0850 JavaThread "Worker-23: Initialize workspace"        [_thread_blocked, id=37420, stack(0x0000000c79a00000,0x0000000c79b00000) (1024K)]
  0x000001fd7cec01c0 JavaThread "Worker-24: Initialize workspace"        [_thread_blocked, id=53956, stack(0x0000000c71600000,0x0000000c71700000) (1024K)]
  0x000001fd465d6c90 JavaThread "Worker-25: Initialize workspace"        [_thread_blocked, id=52972, stack(0x0000000c71700000,0x0000000c71800000) (1024K)]
  0x000001fd465d5250 JavaThread "Worker-26: Initialize workspace"        [_thread_blocked, id=11912, stack(0x0000000c71800000,0x0000000c71900000) (1024K)]
  0x000001fd457bced0 JavaThread "Worker-27: Initialize workspace"        [_thread_blocked, id=52500, stack(0x0000000c7ac00000,0x0000000c7ad00000) (1024K)]
  0x000001fd46e68c40 JavaThread "Worker-28: Initialize workspace"        [_thread_blocked, id=17436, stack(0x0000000c76900000,0x0000000c76a00000) (1024K)]
  0x000001fd457bc840 JavaThread "Worker-29: Initialize workspace"        [_thread_blocked, id=13088, stack(0x0000000c79d00000,0x0000000c79e00000) (1024K)]
  0x000001fd457bd560 JavaThread "Worker-30: Initialize workspace"        [_thread_blocked, id=29484, stack(0x0000000c7a000000,0x0000000c7a100000) (1024K)]
  0x000001fd4c301200 JavaThread "Worker-31: Initialize workspace"        [_thread_blocked, id=42300, stack(0x0000000c76d00000,0x0000000c76e00000) (1024K)]
  0x000001fd4a465ea0 JavaThread "Worker-33: Initialize workspace"        [_thread_blocked, id=33528, stack(0x0000000c77100000,0x0000000c77200000) (1024K)]
  0x000001fd45116100 JavaThread "Worker-34: Initialize workspace"        [_thread_blocked, id=21012, stack(0x0000000c77200000,0x0000000c77300000) (1024K)]
  0x000001fd46e685b0 JavaThread "Worker-35: Initialize workspace"        [_thread_blocked, id=5772, stack(0x0000000c77300000,0x0000000c77400000) (1024K)]
  0x000001fd4be92c30 JavaThread "Worker-36: Initialize workspace"        [_thread_blocked, id=19732, stack(0x0000000c7af00000,0x0000000c7b000000) (1024K)]
  0x000001fd47750cf0 JavaThread "Worker-37: Initialize workspace"        [_thread_blocked, id=476, stack(0x0000000c7b600000,0x0000000c7b700000) (1024K)]
  0x000001fd4525e7c0 JavaThread "Worker-38: Initialize workspace"        [_thread_blocked, id=11280, stack(0x0000000c7b700000,0x0000000c7b800000) (1024K)]
  0x000001fd4aa7c460 JavaThread "Worker-39: Initialize workspace"        [_thread_blocked, id=45884, stack(0x0000000c74600000,0x0000000c74700000) (1024K)]
  0x000001fd7f6f6560 JavaThread "Worker-40: Initialize workspace"        [_thread_blocked, id=41860, stack(0x0000000c7bb00000,0x0000000c7bc00000) (1024K)]
  0x000001fd478ea070 JavaThread "Worker-41: Initialize workspace"        [_thread_blocked, id=52996, stack(0x0000000c7be00000,0x0000000c7bf00000) (1024K)]
  0x000001fd4a467250 JavaThread "Worker-42: Initialize workspace"        [_thread_blocked, id=42552, stack(0x0000000c7c600000,0x0000000c7c700000) (1024K)]
  0x000001fd4525e130 JavaThread "Worker-43: Initialize workspace"        [_thread_blocked, id=48456, stack(0x0000000c7c500000,0x0000000c7c600000) (1024K)]
  0x000001fd4525f4e0 JavaThread "Worker-44: Initialize workspace"        [_thread_blocked, id=36724, stack(0x0000000c77700000,0x0000000c77800000) (1024K)]
  0x000001fd4525d410 JavaThread "Connection worker"                 [_thread_in_native, id=44260, stack(0x0000000c76500000,0x0000000c76600000) (1024K)]
  0x000001fd47751380 JavaThread "pool-138-thread-1"                 [_thread_blocked, id=44716, stack(0x0000000c76a00000,0x0000000c76b00000) (1024K)]
  0x000001fd4798f400 JavaThread "Worker-45: Initialize workspace"        [_thread_blocked, id=54312, stack(0x0000000c76200000,0x0000000c76300000) (1024K)]
  0x000001fd46e6ad10 JavaThread "Connection worker"                 [_thread_in_native, id=27636, stack(0x0000000c77600000,0x0000000c77700000) (1024K)]
  0x000001fd4525ee50 JavaThread "pool-189-thread-1"                 [_thread_blocked, id=33908, stack(0x0000000c78500000,0x0000000c78600000) (1024K)]
  0x000001fd4865c4e0 JavaThread "Connection worker"                 [_thread_in_native, id=19848, stack(0x0000000c76400000,0x0000000c76500000) (1024K)]
  0x000001fd7cebc840 JavaThread "pool-192-thread-1"                 [_thread_blocked, id=40508, stack(0x0000000c77d00000,0x0000000c77e00000) (1024K)]
  0x000001fd5bc3f860 JavaThread "Connection worker"                 [_thread_in_native, id=42308, stack(0x0000000c78f00000,0x0000000c79000000) (1024K)]
  0x000001fd47752730 JavaThread "pool-194-thread-1"                 [_thread_blocked, id=30096, stack(0x0000000c79100000,0x0000000c79200000) (1024K)]
  0x000001fd5bc3f1d0 JavaThread "Connection worker"                 [_thread_in_native, id=12520, stack(0x0000000c77400000,0x0000000c77500000) (1024K)]
  0x000001fd46e6a680 JavaThread "pool-196-thread-1"                 [_thread_blocked, id=11744, stack(0x0000000c77500000,0x0000000c77600000) (1024K)]
  0x000001fd46e6ba30 JavaThread "Connection worker"                 [_thread_in_native, id=23012, stack(0x0000000c79b00000,0x0000000c79c00000) (1024K)]
  0x000001fd7cebe910 JavaThread "pool-197-thread-1"                 [_thread_blocked, id=11624, stack(0x0000000c7ae00000,0x0000000c7af00000) (1024K)]
  0x000001fd5e1a9280 JavaThread "Connection worker"                 [_thread_in_native, id=40256, stack(0x0000000c78000000,0x0000000c78100000) (1024K)]
  0x000001fd4865be50 JavaThread "pool-200-thread-1"                 [_thread_blocked, id=38000, stack(0x0000000c78100000,0x0000000c78200000) (1024K)]
  0x000001fd4a64d7c0 JavaThread "Connection worker"                 [_thread_in_native, id=32376, stack(0x0000000c7b200000,0x0000000c7b300000) (1024K)]
  0x000001fd7f6f8630 JavaThread "pool-203-thread-1"                 [_thread_blocked, id=54804, stack(0x0000000c7b300000,0x0000000c7b400000) (1024K)]
  0x000001fd481adef0 JavaThread "Connection worker"                 [_thread_in_native, id=8248, stack(0x0000000c75e00000,0x0000000c75f00000) (1024K)]
  0x000001fd5d2c2700 JavaThread "pool-204-thread-1"                 [_thread_blocked, id=53732, stack(0x0000000c75f00000,0x0000000c76000000) (1024K)]
  0x000001fd5bc40580 JavaThread "Connection worker"                 [_thread_in_native, id=36508, stack(0x0000000c77e00000,0x0000000c77f00000) (1024K)]
  0x000001fd5bc3fef0 JavaThread "pool-206-thread-1"                 [_thread_blocked, id=50588, stack(0x0000000c7aa00000,0x0000000c7ab00000) (1024K)]
  0x000001fd4525daa0 JavaThread "Connection worker"                 [_thread_in_native, id=52000, stack(0x0000000c74500000,0x0000000c74600000) (1024K)]
  0x000001fd7cebced0 JavaThread "Connection worker"                 [_thread_in_native, id=54648, stack(0x0000000c76c00000,0x0000000c76d00000) (1024K)]
  0x000001fd7f6f51b0 JavaThread "pool-215-thread-1"                 [_thread_blocked, id=8776, stack(0x0000000c77800000,0x0000000c77900000) (1024K)]
  0x000001fd47753450 JavaThread "pool-216-thread-1"                 [_thread_blocked, id=51704, stack(0x0000000c78300000,0x0000000c78400000) (1024K)]
  0x000001fd7cebdbf0 JavaThread "Connection worker"                 [_thread_in_native, id=40360, stack(0x0000000c75d00000,0x0000000c75e00000) (1024K)]
  0x000001fd7cebe280 JavaThread "pool-218-thread-1"                 [_thread_blocked, id=11076, stack(0x0000000c77a00000,0x0000000c77b00000) (1024K)]
  0x000001fd4525cd80 JavaThread "Connection worker"                 [_thread_in_native, id=35892, stack(0x0000000c76700000,0x0000000c76800000) (1024K)]
  0x000001fd5e1a7840 JavaThread "Connection worker"                 [_thread_in_native, id=39408, stack(0x0000000c77900000,0x0000000c77a00000) (1024K)]
  0x000001fd5bfb1280 JavaThread "pool-220-thread-1"                 [_thread_blocked, id=44448, stack(0x0000000c78600000,0x0000000c78700000) (1024K)]
  0x000001fd5bfb3350 JavaThread "Connection worker"                 [_thread_in_native, id=10416, stack(0x0000000c78a00000,0x0000000c78b00000) (1024K)]
  0x000001fd7f6f7280 JavaThread "pool-221-thread-1"                 [_thread_blocked, id=3596, stack(0x0000000c78b00000,0x0000000c78c00000) (1024K)]
  0x000001fd5d2c2070 JavaThread "Connection worker"                 [_thread_in_native, id=30808, stack(0x0000000c75b00000,0x0000000c75c00000) (1024K)]
  0x000001fd481ad1d0 JavaThread "pool-222-thread-1"                 [_thread_blocked, id=21984, stack(0x0000000c75c00000,0x0000000c75d00000) (1024K)]
  0x000001fd477520a0 JavaThread "Connection worker"                 [_thread_in_native, id=46616, stack(0x0000000c76800000,0x0000000c76900000) (1024K)]
  0x000001fd7cebefa0 JavaThread "pool-223-thread-1"                 [_thread_blocked, id=26508, stack(0x0000000c78d00000,0x0000000c78e00000) (1024K)]
  0x000001fd607de8a0 JavaThread "Connection worker"                 [_thread_in_native, id=42992, stack(0x0000000c79300000,0x0000000c79400000) (1024K)]
  0x000001fd481ab790 JavaThread "pool-224-thread-1"                 [_thread_blocked, id=47408, stack(0x0000000c79700000,0x0000000c79800000) (1024K)]
  0x000001fd5d2c4140 JavaThread "Connection worker"                 [_thread_in_native, id=32944, stack(0x0000000c78e00000,0x0000000c78f00000) (1024K)]
  0x000001fd5e1a6490 JavaThread "pool-225-thread-1"                 [_thread_blocked, id=35072, stack(0x0000000c79500000,0x0000000c79600000) (1024K)]
  0x000001fd4a64de50 JavaThread "Connection worker"                 [_thread_in_native, id=30372, stack(0x0000000c79000000,0x0000000c79100000) (1024K)]
  0x000001fd5e1a7ed0 JavaThread "pool-226-thread-1"                 [_thread_blocked, id=55136, stack(0x0000000c79200000,0x0000000c79300000) (1024K)]
  0x000001fd5e1a6b20 JavaThread "Connection worker"                 [_thread_in_native, id=43588, stack(0x0000000c79f00000,0x0000000c7a000000) (1024K)]
  0x000001fd5d2c2d90 JavaThread "pool-227-thread-1"                 [_thread_blocked, id=20116, stack(0x0000000c7a100000,0x0000000c7a200000) (1024K)]
  0x000001fd7f6f5ed0 JavaThread "Connection worker"                 [_thread_in_native, id=31072, stack(0x0000000c7a600000,0x0000000c7a700000) (1024K)]
  0x000001fd5d2c54f0 JavaThread "pool-228-thread-1"                 [_thread_blocked, id=42136, stack(0x0000000c7a400000,0x0000000c7a500000) (1024K)]
  0x000001fd7cebbb20 JavaThread "Connection worker"                 [_thread_in_native, id=38472, stack(0x0000000c77000000,0x0000000c77100000) (1024K)]
  0x000001fd607ddb80 JavaThread "pool-229-thread-1"                 [_thread_blocked, id=26920, stack(0x0000000c78700000,0x0000000c78800000) (1024K)]
  0x000001fd5bfb0bf0 JavaThread "Connection worker"                 [_thread_in_native, id=38592, stack(0x0000000c7a500000,0x0000000c7a600000) (1024K)]
  0x000001fd5e1a71b0 JavaThread "pool-230-thread-1"                 [_thread_blocked, id=38504, stack(0x0000000c7a900000,0x0000000c7aa00000) (1024K)]
  0x000001fd4a650c40 JavaThread "Exec process Thread 27"            [_thread_blocked, id=40236, stack(0x0000000c7b000000,0x0000000c7b100000) (1024K)]
  0x000001fd4a64eb70 JavaThread "Connection worker"                 [_thread_in_native, id=19528, stack(0x0000000c79800000,0x0000000c79900000) (1024K)]
  0x000001fd607dc140 JavaThread "pool-232-thread-1"                 [_thread_blocked, id=37080, stack(0x0000000c79900000,0x0000000c79a00000) (1024K)]
  0x000001fd4a64f200 JavaThread "Connection worker"                 [_thread_in_native, id=15980, stack(0x0000000c76100000,0x0000000c76200000) (1024K)]
  0x000001fd478eb420 JavaThread "pool-233-thread-1"                 [_thread_blocked, id=7648, stack(0x0000000c7a200000,0x0000000c7a300000) (1024K)]
  0x000001fd7cebc1b0 JavaThread "Connection worker"                 [_thread_in_native, id=8028, stack(0x0000000c7a800000,0x0000000c7a900000) (1024K)]
  0x000001fd5bfb39e0 JavaThread "Connection worker"                 [_thread_in_native, id=48168, stack(0x0000000c79c00000,0x0000000c79d00000) (1024K)]
  0x000001fd5e1a8bf0 JavaThread "pool-234-thread-1"                 [_thread_blocked, id=38072, stack(0x0000000c79e00000,0x0000000c79f00000) (1024K)]
  0x000001fd5d2c4e60 JavaThread "pool-235-thread-1"                 [_thread_blocked, id=49784, stack(0x0000000c7b100000,0x0000000c7b200000) (1024K)]
  0x000001fd5d2c3420 JavaThread "Connection worker"                 [_thread_in_native, id=27464, stack(0x0000000c76300000,0x0000000c76400000) (1024K)]
  0x000001fd810878f0 JavaThread "Connection worker"                 [_thread_in_native, id=43332, stack(0x0000000c7b900000,0x0000000c7ba00000) (1024K)]
  0x000001fd81084470 JavaThread "pool-236-thread-1"                 [_thread_blocked, id=1332, stack(0x0000000c7bd00000,0x0000000c7be00000) (1024K)]
  0x000001fd7f6f7910 JavaThread "pool-237-thread-1"                 [_thread_blocked, id=49524, stack(0x0000000c7bf00000,0x0000000c7c000000) (1024K)]
  0x000001fd81086bd0 JavaThread "Connection worker"                 [_thread_in_native, id=44692, stack(0x0000000c7bc00000,0x0000000c7bd00000) (1024K)]
  0x000001fd5d2c3ab0 JavaThread "Connection worker"                 [_thread_in_native, id=27988, stack(0x0000000c76e00000,0x0000000c76f00000) (1024K)]
  0x000001fd5bfb1fa0 JavaThread "Connection worker"                 [_thread_in_native, id=35132, stack(0x0000000c7c700000,0x0000000c7c800000) (1024K)]
  0x000001fd46e6b3a0 JavaThread "pool-238-thread-1"                 [_thread_blocked, id=34456, stack(0x0000000c7b500000,0x0000000c7b600000) (1024K)]
  0x000001fd7f6f5840 JavaThread "Connection worker"                 [_thread_in_native, id=1748, stack(0x0000000c7b400000,0x0000000c7b500000) (1024K)]
  0x000001fd478ea700 JavaThread "pool-239-thread-1"                 [_thread_blocked, id=38272, stack(0x0000000c7b800000,0x0000000c7b900000) (1024K)]
  0x000001fd481ad860 JavaThread "Connection worker"                 [_thread_in_native, id=27300, stack(0x0000000c7a300000,0x0000000c7a400000) (1024K)]
  0x000001fd81084b00 JavaThread "pool-240-thread-1"                 [_thread_blocked, id=29516, stack(0x0000000c7ba00000,0x0000000c7bb00000) (1024K)]
  0x000001fd81085190 JavaThread "Connection worker"                 [_thread_in_native, id=29908, stack(0x0000000c7c000000,0x0000000c7c100000) (1024K)]
  0x000001fd46e692d0 JavaThread "pool-241-thread-1"                 [_thread_blocked, id=28932, stack(0x0000000c7c200000,0x0000000c7c300000) (1024K)]
  0x000001fd478ead90 JavaThread "Connection worker"                 [_thread_in_native, id=10964, stack(0x0000000c7c400000,0x0000000c7c500000) (1024K)]
  0x000001fd46e69960 JavaThread "pool-242-thread-1"                 [_thread_blocked, id=41352, stack(0x0000000c7c800000,0x0000000c7c900000) (1024K)]
  0x000001fd5bfb2630 JavaThread "Connection worker"                 [_thread_in_native, id=9860, stack(0x0000000c7c900000,0x0000000c7ca00000) (1024K)]
  0x000001fd7f6f7fa0 JavaThread "pool-243-thread-1"                 [_thread_blocked, id=5504, stack(0x0000000c7ca00000,0x0000000c7cb00000) (1024K)]
  0x000001fd46e69ff0 JavaThread "Connection worker"                 [_thread_in_native, id=54332, stack(0x0000000c7d100000,0x0000000c7d200000) (1024K)]
  0x000001fd5e1a5e00 JavaThread "pool-246-thread-1"                 [_thread_blocked, id=13124, stack(0x0000000c7d200000,0x0000000c7d300000) (1024K)]
  0x000001fd4865d200 JavaThread "Worker-48: Initialize workspace"        [_thread_blocked, id=27364, stack(0x0000000c7d400000,0x0000000c7d500000) (1024K)]
  0x000001fd5bfb1910 JavaThread "Worker-49: Initialize workspace"        [_thread_blocked, id=53308, stack(0x0000000c7d300000,0x0000000c7d400000) (1024K)]
  0x000001fd47990120 JavaThread "Connection worker"                 [_thread_in_native, id=10180, stack(0x0000000c7d800000,0x0000000c7d900000) (1024K)]
  0x000001fd5bfb0560 JavaThread "pool-248-thread-1"                 [_thread_blocked, id=50600, stack(0x0000000c7da00000,0x0000000c7db00000) (1024K)]
  0x000001fd4aa7aa20 JavaThread "Worker-51: Initialize workspace"        [_thread_blocked, id=50052, stack(0x0000000c7c100000,0x0000000c7c200000) (1024K)]
  0x000001fd481abe20 JavaThread "Connection worker"                 [_thread_in_native, id=17264, stack(0x0000000c7d700000,0x0000000c7d800000) (1024K)]
  0x000001fd5631e700 JavaThread "pool-250-thread-1"                 [_thread_blocked, id=18060, stack(0x0000000c7db00000,0x0000000c7dc00000) (1024K)]
  0x000001fd4aa78fe0 JavaThread "Worker-55: Initialize workspace"        [_thread_blocked, id=52308, stack(0x0000000c7c300000,0x0000000c7c400000) (1024K)]
  0x000001fd479907b0 JavaThread "Connection worker"                 [_thread_in_native, id=46892, stack(0x0000000c7de00000,0x0000000c7df00000) (1024K)]
  0x000001fd48029fb0 JavaThread "pool-251-thread-1"                 [_thread_blocked, id=35736, stack(0x0000000c7dd00000,0x0000000c7de00000) (1024K)]
  0x000001fd5631e070 JavaThread "Worker-62: Initialize workspace"        [_thread_blocked, id=29016, stack(0x0000000c76f00000,0x0000000c77000000) (1024K)]
  0x000001fd7ede3200 JavaThread "Connection worker"                 [_thread_in_native, id=37452, stack(0x0000000c7e200000,0x0000000c7e300000) (1024K)]
  0x000001fd479914d0 JavaThread "pool-252-thread-1"                 [_thread_blocked, id=52636, stack(0x0000000c7e300000,0x0000000c7e400000) (1024K)]
  0x000001fd48d0fc90 JavaThread "Worker-72: Initialize workspace"        [_thread_blocked, id=47088, stack(0x0000000c7ce00000,0x0000000c7cf00000) (1024K)]
  0x000001fd5d2c47d0 JavaThread "Connection worker"                 [_thread_in_native, id=54996, stack(0x0000000c7e100000,0x0000000c7e200000) (1024K)]
  0x000001fd4be925a0 JavaThread "pool-253-thread-1"                 [_thread_blocked, id=44012, stack(0x0000000c7e400000,0x0000000c7e500000) (1024K)]
  0x000001fd4a6505b0 JavaThread "Worker-85: Initialize workspace"        [_thread_blocked, id=48056, stack(0x0000000c7e000000,0x0000000c7e100000) (1024K)]
  0x000001fd4aa7b740 JavaThread "Connection worker"                 [_thread_in_native, id=32312, stack(0x0000000c7e800000,0x0000000c7e900000) (1024K)]
  0x000001fd5bfb2cc0 JavaThread "pool-254-thread-1"                 [_thread_blocked, id=29592, stack(0x0000000c7e900000,0x0000000c7ea00000) (1024K)]
  0x000001fd7ede45b0 JavaThread "Worker-97: Initialize workspace"        [_thread_blocked, id=6684, stack(0x0000000c7e500000,0x0000000c7e600000) (1024K)]
  0x000001fd4a730fa0 JavaThread "Connection worker"                 [_thread_in_native, id=38732, stack(0x0000000c7e700000,0x0000000c7e800000) (1024K)]
  0x000001fd47e82be0 JavaThread "pool-255-thread-1"                 [_thread_blocked, id=45344, stack(0x0000000c7eb00000,0x0000000c7ec00000) (1024K)]
  0x000001fd4aa79670 JavaThread "Worker-109: Initialize workspace"        [_thread_blocked, id=54144, stack(0x0000000c7e600000,0x0000000c7e700000) (1024K)]
  0x000001fd457bc1b0 JavaThread "Connection worker"                 [_thread_in_native, id=28144, stack(0x0000000c7ec00000,0x0000000c7ed00000) (1024K)]
  0x000001fd47e7f760 JavaThread "pool-256-thread-1"                 [_thread_blocked, id=44064, stack(0x0000000c7ee00000,0x0000000c7ef00000) (1024K)]
  0x000001fd497bc6f0 JavaThread "Worker-121: Initialize workspace"        [_thread_blocked, id=38120, stack(0x0000000c7ea00000,0x0000000c7eb00000) (1024K)]
  0x000001fd48580560 JavaThread "Connection worker"                 [_thread_in_native, id=34052, stack(0x0000000c7f100000,0x0000000c7f200000) (1024K)]
  0x000001fd4be91f10 JavaThread "pool-257-thread-1"                 [_thread_blocked, id=45112, stack(0x0000000c7f200000,0x0000000c7f300000) (1024K)]
  0x000001fd4be93950 JavaThread "Worker-136: Initialize workspace"        [_thread_blocked, id=52364, stack(0x0000000c7df00000,0x0000000c7e000000) (1024K)]
  0x000001fd4be911f0 JavaThread "Connection worker"                 [_thread_in_native, id=8744, stack(0x0000000c7f000000,0x0000000c7f100000) (1024K)]
  0x000001fd4857f840 JavaThread "pool-258-thread-1"                 [_thread_blocked, id=30876, stack(0x0000000c7f300000,0x0000000c7f400000) (1024K)]
  0x000001fd497be130 JavaThread "Worker-146: Initialize workspace"        [_thread_blocked, id=48336, stack(0x0000000c7ef00000,0x0000000c7f000000) (1024K)]
  0x000001fd4922ff50 JavaThread "Connection worker"                 [_thread_in_native, id=53688, stack(0x0000000c7f700000,0x0000000c7f800000) (1024K)]
  0x000001fd81085eb0 JavaThread "pool-259-thread-1"                 [_thread_blocked, id=42732, stack(0x0000000c7f800000,0x0000000c7f900000) (1024K)]
  0x000001fd4a466530 JavaThread "Worker-157: Initialize workspace"        [_thread_blocked, id=34900, stack(0x0000000c7ed00000,0x0000000c7ee00000) (1024K)]
  0x000001fd4922d7f0 JavaThread "Connection worker"                 [_thread_in_native, id=49908, stack(0x0000000c7fa00000,0x0000000c7fb00000) (1024K)]
  0x000001fd497bacb0 JavaThread "pool-260-thread-1"                 [_thread_blocked, id=53484, stack(0x0000000c7fb00000,0x0000000c7fc00000) (1024K)]
  0x000001fd4a4678e0 JavaThread "Connection worker"                 [_thread_in_native, id=32864, stack(0x0000000c7f500000,0x0000000c7f600000) (1024K)]
  0x000001fd4798ed70 JavaThread "pool-261-thread-1"                 [_thread_blocked, id=44816, stack(0x0000000c7fc00000,0x0000000c7fd00000) (1024K)]
  0x000001fd48580bf0 JavaThread "Worker-182: Initialize workspace"        [_thread_blocked, id=47836, stack(0x0000000c7f900000,0x0000000c7fa00000) (1024K)]
  0x000001fd56320140 JavaThread "Worker-194: Initialize workspace"        [_thread_blocked, id=41292, stack(0x0000000c00300000,0x0000000c00400000) (1024K)]
  0x000001fd454e3090 JavaThread "Worker-206: Initialize workspace"        [_thread_blocked, id=50936, stack(0x0000000c00400000,0x0000000c00500000) (1024K)]
  0x000001fd47635190 JavaThread "Connection worker"                 [_thread_in_native, id=20724, stack(0x0000000c00800000,0x0000000c00900000) (1024K)]
  0x000001fd492305e0 JavaThread "pool-264-thread-1"                 [_thread_blocked, id=23492, stack(0x0000000c00b00000,0x0000000c00c00000) (1024K)]
  0x000001fd56320e60 JavaThread "Worker-218: Initialize workspace"        [_thread_blocked, id=22800, stack(0x0000000c00900000,0x0000000c00a00000) (1024K)]
  0x000001fd607de210 JavaThread "Worker-223: Initialize workspace"        [_thread_blocked, id=29956, stack(0x0000000c00200000,0x0000000c00300000) (1024K)]
  0x000001fd4aa79d00 JavaThread "Connection worker"                 [_thread_in_native, id=35192, stack(0x0000000c00c00000,0x0000000c00d00000) (1024K)]
  0x000001fd4857de00 JavaThread "pool-266-thread-1"                 [_thread_blocked, id=8632, stack(0x0000000c00f00000,0x0000000c01000000) (1024K)]
  0x000001fd49230c70 JavaThread "Worker-240: Initialize workspace"        [_thread_blocked, id=29244, stack(0x0000000c00700000,0x0000000c00800000) (1024K)]
  0x000001fd4a731cc0 JavaThread "Connection worker"                 [_thread_in_native, id=43160, stack(0x0000000c01300000,0x0000000c01400000) (1024K)]
  0x000001fd5631fab0 JavaThread "pool-267-thread-1"                 [_thread_blocked, id=45040, stack(0x0000000c01400000,0x0000000c01500000) (1024K)]
  0x000001fd4857fed0 JavaThread "Worker-255: Initialize workspace"        [_thread_blocked, id=49104, stack(0x0000000c01100000,0x0000000c01200000) (1024K)]
  0x000001fd497bc060 JavaThread "Connection worker"                 [_thread_in_native, id=36108, stack(0x0000000c01600000,0x0000000c01700000) (1024K)]
  0x000001fd48d0c810 JavaThread "pool-268-thread-1"                 [_thread_blocked, id=37000, stack(0x0000000c01700000,0x0000000c01800000) (1024K)]
  0x000001fd4a466bc0 JavaThread "Worker-270: Initialize workspace"        [_thread_blocked, id=37960, stack(0x0000000c01200000,0x0000000c01300000) (1024K)]
  0x000001fd5c0ee070 JavaThread "Connection worker"                 [_thread_in_native, id=35832, stack(0x0000000c01900000,0x0000000c01a00000) (1024K)]
  0x000001fd454e3720 JavaThread "pool-269-thread-1"                 [_thread_blocked, id=47312, stack(0x0000000c01d00000,0x0000000c01e00000) (1024K)]
  0x000001fd497bb340 JavaThread "Worker-284: Initialize workspace"        [_thread_blocked, id=11520, stack(0x0000000c01000000,0x0000000c01100000) (1024K)]
  0x000001fd4c3004e0 JavaThread "Worker-295: Initialize workspace"        [_thread_blocked, id=20592, stack(0x0000000c00a00000,0x0000000c00b00000) (1024K)]
  0x000001fd48d0ef70 JavaThread "Connection worker"                 [_thread_in_native, id=19252, stack(0x0000000c02100000,0x0000000c02200000) (1024K)]
  0x000001fd48d0cea0 JavaThread "pool-271-thread-1"                 [_thread_blocked, id=26672, stack(0x0000000c02200000,0x0000000c02300000) (1024K)]
  0x000001fd4a731630 JavaThread "Worker-308: Initialize workspace"        [_thread_blocked, id=38728, stack(0x0000000c01500000,0x0000000c01600000) (1024K)]
  0x000001fd48d0e250 JavaThread "Connection worker"                 [_thread_in_native, id=46596, stack(0x0000000c02000000,0x0000000c02100000) (1024K)]
  0x000001fd81086540 JavaThread "pool-272-thread-1"                 [_thread_blocked, id=41888, stack(0x0000000c02400000,0x0000000c02500000) (1024K)]
  0x000001fd81085820 JavaThread "Worker-319: Initialize workspace"        [_thread_blocked, id=8032, stack(0x0000000c01f00000,0x0000000c02000000) (1024K)]
  0x000001fd4922de80 JavaThread "Connection worker"                 [_thread_in_native, id=43560, stack(0x0000000c02500000,0x0000000c02600000) (1024K)]
  0x000001fd48d0d530 JavaThread "pool-273-thread-1"                 [_thread_blocked, id=43652, stack(0x0000000c02800000,0x0000000c02900000) (1024K)]
  0x000001fd4826d4f0 JavaThread "Connection worker"                 [_thread_in_native, id=29924, stack(0x0000000c02700000,0x0000000c02800000) (1024K)]
  0x000001fd563214f0 JavaThread "pool-274-thread-1"                 [_thread_blocked, id=55080, stack(0x0000000c02900000,0x0000000c02a00000) (1024K)]
  0x000001fd5631ed90 JavaThread "Worker-345: Initialize workspace"        [_thread_blocked, id=51244, stack(0x0000000c02600000,0x0000000c02700000) (1024K)]
  0x000001fd4be90b60 JavaThread "Connection worker"                 [_thread_in_native, id=41360, stack(0x0000000c02d00000,0x0000000c02e00000) (1024K)]
  0x000001fd4a8f8620 JavaThread "pool-276-thread-1"                 [_thread_blocked, id=28076, stack(0x0000000c03200000,0x0000000c03300000) (1024K)]
  0x000001fd465d3ea0 JavaThread "Worker-370: Initialize workspace"        [_thread_blocked, id=48880, stack(0x0000000c02a00000,0x0000000c02b00000) (1024K)]
  0x000001fd48d123f0 JavaThread "Connection worker"                 [_thread_in_native, id=27504, stack(0x0000000c03400000,0x0000000c03500000) (1024K)]
  0x000001fd4c059e80 JavaThread "pool-278-thread-1"                 [_thread_blocked, id=48252, stack(0x0000000c03500000,0x0000000c03600000) (1024K)]
  0x000001fd4802b9f0 JavaThread "Worker-398: Initialize workspace"        [_thread_blocked, id=5804, stack(0x0000000c02f00000,0x0000000c03000000) (1024K)]
  0x000001fd454e3db0 JavaThread "Worker-403: Initialize workspace"        [_thread_blocked, id=35300, stack(0x0000000c01e00000,0x0000000c01f00000) (1024K)]
  0x000001fd5631f420 JavaThread "Worker-420: Initialize workspace"        [_thread_blocked, id=28412, stack(0x0000000c03600000,0x0000000c03700000) (1024K)]
  0x000001fd4c2ff130 JavaThread "Connection worker"                 [_thread_in_native, id=35712, stack(0x0000000c03d00000,0x0000000c03e00000) (1024K)]
  0x000001fd4922e510 JavaThread "pool-281-thread-1"                 [_thread_blocked, id=44884, stack(0x0000000c03e00000,0x0000000c03f00000) (1024K)]
  0x000001fd5c0ef420 JavaThread "Worker-435: Initialize workspace"        [_thread_blocked, id=52228, stack(0x0000000c03700000,0x0000000c03800000) (1024K)]
  0x000001fd4826c140 JavaThread "Connection worker"                 [_thread_in_native, id=42764, stack(0x0000000c04000000,0x0000000c04100000) (1024K)]
  0x000001fd465d4530 JavaThread "pool-282-thread-1"                 [_thread_blocked, id=48124, stack(0x0000000c04100000,0x0000000c04200000) (1024K)]
  0x000001fd476dfe90 JavaThread "Worker-449: Initialize workspace"        [_thread_blocked, id=54540, stack(0x0000000c03c00000,0x0000000c03d00000) (1024K)]
  0x000001fd4abf9e90 JavaThread "Connection worker"                 [_thread_in_native, id=27732, stack(0x0000000c04500000,0x0000000c04600000) (1024K)]
  0x000001fd4774ffd0 JavaThread "pool-283-thread-1"                 [_thread_blocked, id=27728, stack(0x0000000c04600000,0x0000000c04700000) (1024K)]
  0x000001fd4981a130 JavaThread "Worker-463: Initialize workspace"        [_thread_blocked, id=43912, stack(0x0000000c04300000,0x0000000c04400000) (1024K)]
  0x000001fd4922eba0 JavaThread "Connection worker"                 [_thread_in_native, id=42160, stack(0x0000000c04400000,0x0000000c04500000) (1024K)]
  0x000001fd4abfabb0 JavaThread "pool-284-thread-1"                 [_thread_blocked, id=41580, stack(0x0000000c04700000,0x0000000c04800000) (1024K)]
  0x000001fd48581280 JavaThread "Worker-475: Initialize workspace"        [_thread_blocked, id=40908, stack(0x0000000c04200000,0x0000000c04300000) (1024K)]
  0x000001fd465d5f70 JavaThread "Connection worker"                 [_thread_in_native, id=11596, stack(0x0000000c04b00000,0x0000000c04c00000) (1024K)]
  0x000001fd4922f230 JavaThread "pool-285-thread-1"                 [_thread_blocked, id=43988, stack(0x0000000c04c00000,0x0000000c04d00000) (1024K)]
  0x000001fd607dd4f0 JavaThread "Worker-488: Initialize workspace"        [_thread_blocked, id=50652, stack(0x0000000c04900000,0x0000000c04a00000) (1024K)]
  0x000001fd7f149d40 JavaThread "Connection worker"                 [_thread_in_native, id=42940, stack(0x0000000c04e00000,0x0000000c04f00000) (1024K)]
  0x000001fd4c2feaa0 JavaThread "pool-286-thread-1"                 [_thread_blocked, id=44432, stack(0x0000000c04f00000,0x0000000c05000000) (1024K)]
  0x000001fd7cebfb30 JavaThread "Worker-502: Initialize workspace"        [_thread_blocked, id=45268, stack(0x0000000c04a00000,0x0000000c04b00000) (1024K)]
  0x000001fd4c05bf50 JavaThread "Connection worker"                 [_thread_in_native, id=35108, stack(0x0000000c04800000,0x0000000c04900000) (1024K)]
  0x000001fd47750660 JavaThread "pool-287-thread-1"                 [_thread_blocked, id=56308, stack(0x0000000c05000000,0x0000000c05100000) (1024K)]
  0x000001fd476df170 JavaThread "Worker-515: Initialize workspace"        [_thread_blocked, id=49772, stack(0x0000000c03f00000,0x0000000c04000000) (1024K)]
  0x000001fd465d4bc0 JavaThread "Connection worker"                 [_thread_in_native, id=32148, stack(0x0000000c05200000,0x0000000c05300000) (1024K)]
  0x000001fd5c0eed90 JavaThread "pool-288-thread-1"                 [_thread_blocked, id=40408, stack(0x0000000c05300000,0x0000000c05400000) (1024K)]
  0x000001fd47634b00 JavaThread "Worker-526: Initialize workspace"        [_thread_blocked, id=34580, stack(0x0000000c04d00000,0x0000000c04e00000) (1024K)]
  0x000001fd55c2f430 JavaThread "Connection worker"                 [_thread_in_native, id=27380, stack(0x0000000c05700000,0x0000000c05800000) (1024K)]
  0x000001fd465d58e0 JavaThread "pool-290-thread-1"                 [_thread_blocked, id=26932, stack(0x0000000c05900000,0x0000000c05a00000) (1024K)]
  0x000001fd55c2e710 JavaThread "Connection worker"                 [_thread_in_native, id=29768, stack(0x0000000c05500000,0x0000000c05600000) (1024K)]
  0x000001fd45115a70 JavaThread "pool-292-thread-1"                 [_thread_blocked, id=36444, stack(0x0000000c05600000,0x0000000c05700000) (1024K)]
  0x000001fd45214770 JavaThread "Worker-597: Initialize workspace"        [_thread_blocked, id=47856, stack(0x0000000c06100000,0x0000000c06200000) (1024K)]
  0x000001fd47e811a0 JavaThread "Exec process Thread 29"            [_thread_blocked, id=29052, stack(0x0000000c06200000,0x0000000c06300000) (1024K)]
  0x000001fd47e81830 JavaThread "Exec process Thread 30"            [_thread_blocked, id=40168, stack(0x0000000c06300000,0x0000000c06400000) (1024K)]
  0x000001fd4857e490 JavaThread "Exec process Thread 32"            [_thread_blocked, id=29164, stack(0x0000000c06900000,0x0000000c06a00000) (1024K)]
  0x000001fd4857eb20 JavaThread "Exec process Thread 33"            [_thread_blocked, id=48924, stack(0x0000000c06a00000,0x0000000c06b00000) (1024K)]
  0x000001fd4aa7bdd0 JavaThread "Connection worker"                 [_thread_in_native, id=20008, stack(0x0000000c05100000,0x0000000c05200000) (1024K)]
  0x000001fd4c05a510 JavaThread "pool-307-thread-1"                 [_thread_blocked, id=32012, stack(0x0000000c05800000,0x0000000c05900000) (1024K)]
  0x000001fd5f0f2ee0 JavaThread "Exec process Thread 34"            [_thread_blocked, id=31984, stack(0x0000000c05e00000,0x0000000c05f00000) (1024K)]
  0x000001fd4981a7c0 JavaThread "Worker-658: Initialize workspace"        [_thread_blocked, id=29748, stack(0x0000000c07200000,0x0000000c07300000) (1024K)]
  0x000001fd60107260 JavaThread "Connection worker"                 [_thread_in_native, id=36336, stack(0x0000000c07f00000,0x0000000c08000000) (1024K)]
  0x000001fd4c058ad0 JavaThread "pool-321-thread-1"                 [_thread_blocked, id=28992, stack(0x0000000c08100000,0x0000000c08200000) (1024K)]
  0x000001fd81309f00 JavaThread "Worker-697: Initialize workspace"        [_thread_blocked, id=36252, stack(0x0000000c06b00000,0x0000000c06c00000) (1024K)]
  0x000001fd60107f80 JavaThread "Worker-712: Initialize workspace"        [_thread_blocked, id=30692, stack(0x0000000c07300000,0x0000000c07400000) (1024K)]
  0x000001fd4c2ffe50 JavaThread "Connection worker"                 [_thread_in_native, id=36256, stack(0x0000000c07700000,0x0000000c07800000) (1024K)]
  0x000001fd7ede3890 JavaThread "pool-333-thread-1"                 [_thread_blocked, id=54440, stack(0x0000000c07800000,0x0000000c07900000) (1024K)]
  0x000001fd60108610 JavaThread "Connection worker"                 [_thread_in_native, id=4408, stack(0x0000000c05400000,0x0000000c05500000) (1024K)]
  0x000001fd4857f1b0 JavaThread "pool-334-thread-1"                 [_thread_blocked, id=41128, stack(0x0000000c02b00000,0x0000000c02c00000) (1024K)]
  0x000001fd4c2ff7c0 JavaThread "Worker-722: Initialize workspace"        [_thread_blocked, id=55876, stack(0x0000000c03a00000,0x0000000c03b00000) (1024K)]
  0x000001fd48d116d0 JavaThread "Connection worker"                 [_thread_in_native, id=29772, stack(0x0000000c06c00000,0x0000000c06d00000) (1024K)]
  0x000001fd55c30150 JavaThread "pool-338-thread-1"                 [_thread_blocked, id=21784, stack(0x0000000c05a00000,0x0000000c05b00000) (1024K)]
  0x000001fd46b0adc0 JavaThread "Connection worker"                 [_thread_in_native, id=32276, stack(0x0000000c06500000,0x0000000c06600000) (1024K)]
  0x000001fd5b483920 JavaThread "pool-339-thread-1"                 [_thread_blocked, id=40948, stack(0x0000000c06e00000,0x0000000c06f00000) (1024K)]
  0x000001fd55c2eda0 JavaThread "Worker-744: Initialize workspace"        [_thread_blocked, id=49688, stack(0x0000000c06600000,0x0000000c06700000) (1024K)]
  0x000001fd48d137a0 JavaThread "Connection worker"                 [_thread_in_native, id=39280, stack(0x0000000c07500000,0x0000000c07600000) (1024K)]
  0x000001fd5b481850 JavaThread "pool-342-thread-1"                 [_thread_blocked, id=56208, stack(0x0000000c07600000,0x0000000c07700000) (1024K)]
  0x000001fd4c059160 JavaThread "Worker-783: Initialize workspace"        [_thread_blocked, id=31124, stack(0x0000000c07900000,0x0000000c07a00000) (1024K)]
  0x000001fd7f14be10 JavaThread "Worker-796: Initialize workspace"        [_thread_blocked, id=48144, stack(0x0000000c07c00000,0x0000000c07d00000) (1024K)]
  0x000001fd4abfb240 JavaThread "Connection worker"                 [_thread_in_native, id=10072, stack(0x0000000c05b00000,0x0000000c05c00000) (1024K)]
  0x000001fd5b482c00 JavaThread "pool-350-thread-1"                 [_thread_blocked, id=8524, stack(0x0000000c06700000,0x0000000c06800000) (1024K)]
  0x000001fd7f14b780 JavaThread "Worker-809: Initialize workspace"        [_thread_blocked, id=9736, stack(0x0000000c07a00000,0x0000000c07b00000) (1024K)]
  0x000001fd60109330 JavaThread "Connection worker"                 [_thread_in_native, id=27004, stack(0x0000000c00000000,0x0000000c00100000) (1024K)]
  0x000001fd4826a700 JavaThread "pool-354-thread-1"                 [_thread_blocked, id=23796, stack(0x0000000c06000000,0x0000000c06100000) (1024K)]
  0x000001fd4abf9800 JavaThread "Connection worker"                 [_thread_in_native, id=47084, stack(0x0000000c00100000,0x0000000c00200000) (1024K)]
  0x000001fd601099c0 JavaThread "pool-357-thread-1"                 [_thread_blocked, id=25696, stack(0x0000000c00600000,0x0000000c00700000) (1024K)]
  0x000001fd4826b420 JavaThread "Connection worker"                 [_thread_in_native, id=27816, stack(0x0000000c08000000,0x0000000c08100000) (1024K)]
  0x000001fd4802c080 JavaThread "pool-358-thread-1"                 [_thread_blocked, id=41636, stack(0x0000000c08200000,0x0000000c08300000) (1024K)]
  0x000001fd48d10320 JavaThread "Connection worker"                 [_thread_in_native, id=39828, stack(0x0000000c00d00000,0x0000000c00e00000) (1024K)]
  0x000001fd4922f8c0 JavaThread "pool-359-thread-1"                 [_thread_blocked, id=33424, stack(0x0000000c00e00000,0x0000000c00f00000) (1024K)]
  0x000001fd45214e00 JavaThread "Exec process Thread 37"            [_thread_blocked, id=53504, stack(0x0000000c08e00000,0x0000000c08f00000) (1024K)]
  0x000001fd4be91880 JavaThread "Exec process Thread 38"            [_thread_blocked, id=51972, stack(0x0000000c08b00000,0x0000000c08c00000) (1024K)]
  0x000001fd5698f5f0 JavaThread "Exec process Thread 39"            [_thread_blocked, id=38448, stack(0x0000000c08d00000,0x0000000c08e00000) (1024K)]
  0x000001fd5b483fb0 JavaThread "Exec process Thread 40"            [_thread_blocked, id=52136, stack(0x0000000c08900000,0x0000000c08a00000) (1024K)]
  0x000001fd55c2fac0 JavaThread "Exec process Thread 41"            [_thread_blocked, id=19616, stack(0x0000000c09200000,0x0000000c09300000) (1024K)]
  0x000001fd55c31500 JavaThread "Exec process Thread 42"            [_thread_blocked, id=29284, stack(0x0000000c09500000,0x0000000c09600000) (1024K)]
  0x000001fd48d11040 JavaThread "Worker-967: Initialize workspace"        [_thread_blocked, id=8020, stack(0x0000000c08700000,0x0000000c08800000) (1024K)]
  0x000001fd4981b4e0 JavaThread "Exec process Thread 43"            [_thread_blocked, id=28568, stack(0x0000000c08f00000,0x0000000c09000000) (1024K)]
  0x000001fd476e0520 JavaThread "Exec process Thread 44"            [_thread_blocked, id=14232, stack(0x0000000c09700000,0x0000000c09800000) (1024K)]
  0x000001fd476df800 JavaThread "Exec process Thread 45"            [_thread_blocked, id=2792, stack(0x0000000c09800000,0x0000000c09900000) (1024K)]
  0x000001fd48d11d60 JavaThread "Worker-984: Initialize workspace"        [_thread_blocked, id=24780, stack(0x0000000c06f00000,0x0000000c07000000) (1024K)]
  0x000001fd4abfb8d0 JavaThread "Worker-994: Initialize workspace"        [_thread_blocked, id=36124, stack(0x0000000c07d00000,0x0000000c07e00000) (1024K)]
  0x000001fd7f14a3d0 JavaThread "Exec process Thread 46"            [_thread_blocked, id=6580, stack(0x0000000c06400000,0x0000000c06500000) (1024K)]
  0x000001fd55a91b50 JavaThread "Exec process Thread 47"            [_thread_blocked, id=29412, stack(0x0000000c06d00000,0x0000000c06e00000) (1024K)]
  0x000001fd55a92870 JavaThread "Exec process Thread 48"            [_thread_blocked, id=43204, stack(0x0000000c07000000,0x0000000c07100000) (1024K)]
  0x000001fd55c30e70 JavaThread "Connection worker"                 [_thread_in_native, id=12120, stack(0x0000000c06800000,0x0000000c06900000) (1024K)]
  0x000001fd55c2e080 JavaThread "pool-402-thread-1"                 [_thread_blocked, id=6328, stack(0x0000000c07b00000,0x0000000c07c00000) (1024K)]
  0x000001fd569909a0 JavaThread "Worker-1009: Initialize workspace"        [_thread_blocked, id=39348, stack(0x0000000c05f00000,0x0000000c06000000) (1024K)]
  0x000001fd47e80480 JavaThread "Connection worker"                 [_thread_in_native, id=50084, stack(0x0000000c03000000,0x0000000c03100000) (1024K)]
  0x000001fd46b0d520 JavaThread "pool-403-thread-1"                 [_thread_blocked, id=6936, stack(0x0000000c05d00000,0x0000000c05e00000) (1024K)]
  0x000001fd5b483290 JavaThread "Worker-1031: Initialize workspace"        [_thread_blocked, id=25504, stack(0x0000000c07400000,0x0000000c07500000) (1024K)]
  0x000001fd5b4811c0 JavaThread "Connection worker"                 [_thread_blocked, id=53796, stack(0x0000000c08300000,0x0000000c08400000) (1024K)]
  0x000001fd4826c7d0 JavaThread "pool-405-thread-1"                 [_thread_blocked, id=15928, stack(0x0000000c08400000,0x0000000c08500000) (1024K)]
  0x000001fd4826ce60 JavaThread "Exec process"                      [_thread_in_native, id=26536, stack(0x0000000c08500000,0x0000000c08600000) (1024K)]
  0x000001fd4c05aba0 JavaThread "Exec process Thread 2"             [_thread_blocked, id=36372, stack(0x0000000c08a00000,0x0000000c08b00000) (1024K)]
  0x000001fd7e37da20 JavaThread "Connection worker"                 [_thread_in_native, id=19476, stack(0x0000000c01800000,0x0000000c01900000) (1024K)]
  0x000001fd56991030 JavaThread "Worker-1050: Initialize workspace"        [_thread_blocked, id=44776, stack(0x0000000c03300000,0x0000000c03400000) (1024K)]
  0x000001fd49819aa0 JavaThread "Worker-1061: Initialize workspace"        [_thread_blocked, id=34292, stack(0x0000000c07e00000,0x0000000c07f00000) (1024K)]
  0x000001fd5b481ee0 JavaThread "Worker-1068: Initialize Workspace"        [_thread_in_native, id=44268, stack(0x0000000c07100000,0x0000000c07200000) (1024K)]
  0x000001fd5698ef60 JavaThread "Connection worker"                 [_thread_in_native, id=11916, stack(0x0000000c08600000,0x0000000c08700000) (1024K)]
  0x000001fd46b0c800 JavaThread "ProjectImportProgressReporter" daemon [_thread_blocked, id=30556, stack(0x0000000c01c00000,0x0000000c01d00000) (1024K)]
  0x000001fd7f149020 JavaThread "Connection worker"                 [_thread_blocked, id=35128, stack(0x0000000c02300000,0x0000000c02400000) (1024K)]
  0x000001fd7e37e0b0 JavaThread "pool-417-thread-1"                 [_thread_blocked, id=34008, stack(0x0000000c02c00000,0x0000000c02d00000) (1024K)]
  0x000001fd8130a590 JavaThread "pool-418-thread-1"                 [_thread_blocked, id=30868, stack(0x0000000c02e00000,0x0000000c02f00000) (1024K)]
  0x000001fd4c05b230 JavaThread "Connection worker"                 [_thread_blocked, id=55684, stack(0x0000000c00500000,0x0000000c00600000) (1024K)]
  0x000001fd813077a0 JavaThread "Connection worker"                 [_thread_blocked, id=44516, stack(0x0000000c03100000,0x0000000c03200000) (1024K)]
Total: 337

Other Threads:
  0x000001fd63843760 VMThread "VM Thread"                           [id=49128, stack(0x0000000c71c00000,0x0000000c71d00000) (1024K)]
  0x000001fd6362ca00 WatcherThread "VM Periodic Task Thread"        [id=17672, stack(0x0000000c71b00000,0x0000000c71c00000) (1024K)]
  0x000001fd637bfed0 WorkerThread "GC Thread#0"                     [id=19332, stack(0x0000000c71a00000,0x0000000c71b00000) (1024K)]
  0x000001fd7d3fe220 WorkerThread "GC Thread#1"                     [id=22936, stack(0x0000000c72b00000,0x0000000c72c00000) (1024K)]
  0x000001fd7d3faad0 WorkerThread "GC Thread#2"                     [id=48988, stack(0x0000000c72c00000,0x0000000c72d00000) (1024K)]
  0x000001fd7d119150 WorkerThread "GC Thread#3"                     [id=15976, stack(0x0000000c72d00000,0x0000000c72e00000) (1024K)]
  0x000001fd7d119500 WorkerThread "GC Thread#4"                     [id=6300, stack(0x0000000c72e00000,0x0000000c72f00000) (1024K)]
  0x000001fd7d35bbd0 WorkerThread "GC Thread#5"                     [id=51552, stack(0x0000000c72f00000,0x0000000c73000000) (1024K)]
  0x000001fd7d3a4d00 WorkerThread "GC Thread#6"                     [id=2380, stack(0x0000000c73000000,0x0000000c73100000) (1024K)]
  0x000001fd7d5b66d0 WorkerThread "GC Thread#7"                     [id=43116, stack(0x0000000c73200000,0x0000000c73300000) (1024K)]
  0x000001fd7b5896e0 WorkerThread "GC Thread#8"                     [id=35676, stack(0x0000000c72500000,0x0000000c72600000) (1024K)]
  0x000001fd7d9c23d0 WorkerThread "GC Thread#9"                     [id=35228, stack(0x0000000c73300000,0x0000000c73400000) (1024K)]
  0x000001fd7d9c2780 WorkerThread "GC Thread#10"                    [id=30660, stack(0x0000000c73400000,0x0000000c73500000) (1024K)]
  0x000001fd7ceec7f0 WorkerThread "GC Thread#11"                    [id=44848, stack(0x0000000c73800000,0x0000000c73900000) (1024K)]
  0x000001fd7d241820 WorkerThread "GC Thread#12"                    [id=49792, stack(0x0000000c73900000,0x0000000c73a00000) (1024K)]
Total: 15

Threads with active compile tasks:
C2 CompilerThread0  1090811 24178   !   4       org.eclipse.jdt.internal.core.DeltaProcessor::createExternalArchiveDelta (1186 bytes)
Total: 1

VM state: not at safepoint (normal execution)

VM Mutex/Monitor currently owned by a thread: None

Heap address: 0x0000000080000000, size: 2048 MB, Compressed Oops mode: 32-bit

CDS archive(s) mapped at: [0x000001fd00000000-0x000001fd00ba0000-0x000001fd00ba0000), size 12189696, SharedBaseAddress: 0x000001fd00000000, ArchiveRelocationMode: 1.
Compressed class space mapped at: 0x000001fd01000000-0x000001fd41000000, reserved size: 1073741824
Narrow klass base: 0x000001fd00000000, Narrow klass shift: 0, Narrow klass range: 0x100000000

GC Precious Log:
 CardTable entry size: 512
 CPUs: 16 total, 16 available
 Memory: 16051M
 Large Page Support: Disabled
 NUMA Support: Disabled
 Compressed Oops: Enabled (32-bit)
 Alignments: Space 512K, Generation 512K, Heap 2M
 Heap Min Capacity: 100M
 Heap Initial Capacity: 100M
 Heap Max Capacity: 2G
 Pre-touch: Disabled
 Parallel Workers: 13

Heap:
 PSYoungGen      total 14848K, used 5452K [0x00000000d5580000, 0x00000000d6600000, 0x0000000100000000)
  eden space 14336K, 34% used [0x00000000d5580000,0x00000000d5a53308,0x00000000d6380000)
  from space 512K, 100% used [0x00000000d6580000,0x00000000d6600000,0x00000000d6600000)
  to   space 1024K, 0% used [0x00000000d6400000,0x00000000d6400000,0x00000000d6500000)
 ParOldGen       total 219648K, used 219514K [0x0000000080000000, 0x000000008d680000, 0x00000000d5580000)
  object space 219648K, 99% used [0x0000000080000000,0x000000008d65eae0,0x000000008d680000)
 Metaspace       used 92122K, committed 94720K, reserved 1179648K
  class space    used 10677K, committed 11904K, reserved 1048576K

Card table byte_map: [0x000001fd63140000,0x000001fd63550000] _byte_map_base: 0x000001fd62d40000

Marking Bits: (ParMarkBitMap*) 0x00007ffe5f8544a0
 Begin Bits: [0x000001fd75c50000, 0x000001fd77c50000)
 End Bits:   [0x000001fd77c50000, 0x000001fd79c50000)

Polling page: 0x000001fd61580000

Metaspace:

Usage:
  Non-class:     79.54 MB used.
      Class:     10.43 MB used.
       Both:     89.96 MB used.

Virtual space:
  Non-class space:      128.00 MB reserved,      80.88 MB ( 63%) committed,  2 nodes.
      Class space:        1.00 GB reserved,      11.62 MB (  1%) committed,  1 nodes.
             Both:        1.12 GB reserved,      92.50 MB (  8%) committed. 

Chunk freelists:
   Non-Class:  15.07 MB
       Class:  4.34 MB
        Both:  19.41 MB

MaxMetaspaceSize: unlimited
CompressedClassSpaceSize: 1.00 GB
Initial GC threshold: 21.00 MB
Current GC threshold: 153.75 MB
CDS: on
 - commit_granule_bytes: 65536.
 - commit_granule_words: 8192.
 - virtual_space_node_default_size: 8388608.
 - enlarge_chunks_in_place: 1.
 - use_allocation_guard: 0.


Internal statistics:

num_allocs_failed_limit: 9.
num_arena_births: 3762.
num_arena_deaths: 516.
num_vsnodes_births: 3.
num_vsnodes_deaths: 0.
num_space_committed: 1480.
num_space_uncommitted: 0.
num_chunks_returned_to_freelist: 758.
num_chunks_taken_from_freelist: 8950.
num_chunk_merges: 280.
num_chunk_splits: 5275.
num_chunks_enlarged: 2776.
num_inconsistent_stats: 0.

CodeHeap 'non-profiled nmethods': size=119168Kb used=19040Kb max_used=20815Kb free=100127Kb
 bounds [0x000001fd6e540000, 0x000001fd6f9a0000, 0x000001fd759a0000]
CodeHeap 'profiled nmethods': size=119104Kb used=35127Kb max_used=45800Kb free=83976Kb
 bounds [0x000001fd669a0000, 0x000001fd69660000, 0x000001fd6ddf0000]
CodeHeap 'non-nmethods': size=7488Kb used=1440Kb max_used=3178Kb free=6048Kb
 bounds [0x000001fd6ddf0000, 0x000001fd6e160000, 0x000001fd6e540000]
CodeCache: size=245760Kb, used=55607Kb, max_used=69793Kb, free=190151Kb
 total_blobs=18663, nmethods=17914, adapters=653, full_count=0
Compilation: enabled, stopped_count=0, restarted_count=0

Compilation events (20 events):
Event: 1088.341 Thread 0x000001fd7b507ae0 nmethod 24177 0x000001fd670a3310 code [0x000001fd670a34c0, 0x000001fd670a3698]
Event: 1089.393 Thread 0x000001fd6385dfd0 24178   !   4       org.eclipse.jdt.internal.core.DeltaProcessor::createExternalArchiveDelta (1186 bytes)
Event: 1089.568 Thread 0x000001fd7b507ae0 24180       3       jdk.internal.math.DoubleToDecimal::removeTrailingZeroes (52 bytes)
Event: 1089.569 Thread 0x000001fd7b507ae0 nmethod 24180 0x000001fd66ed2e10 code [0x000001fd66ed2fc0, 0x000001fd66ed31d0]
Event: 1089.897 Thread 0x000001fd7b507ae0 24181       3       java.nio.file.Files::newOutputStream (10 bytes)
Event: 1089.897 Thread 0x000001fd7b507ae0 nmethod 24181 0x000001fd66c8d090 code [0x000001fd66c8d260, 0x000001fd66c8d618]
Event: 1089.897 Thread 0x000001fd7b507ae0 24182       3       java.nio.file.spi.FileSystemProvider::newOutputStream (129 bytes)
Event: 1089.899 Thread 0x000001fd7b507ae0 nmethod 24182 0x000001fd66b72b10 code [0x000001fd66b72e20, 0x000001fd66b743f0]
Event: 1089.900 Thread 0x000001fd7b507ae0 24187       3       sun.nio.ch.ChannelOutputStream::writeFully (36 bytes)
Event: 1089.900 Thread 0x000001fd7b507ae0 nmethod 24187 0x000001fd66cadd90 code [0x000001fd66cadf80, 0x000001fd66cae3c0]
Event: 1089.900 Thread 0x000001fd7b507ae0 24183       3       java.nio.channels.Channels::newOutputStream (12 bytes)
Event: 1089.900 Thread 0x000001fd7b507ae0 nmethod 24183 0x000001fd6722af90 code [0x000001fd6722b1a0, 0x000001fd6722b8c0]
Event: 1089.900 Thread 0x000001fd7b507ae0 24184       3       sun.nio.ch.Streams::of (30 bytes)
Event: 1089.900 Thread 0x000001fd7b507ae0 nmethod 24184 0x000001fd67217e10 code [0x000001fd67218000, 0x000001fd67218538]
Event: 1089.900 Thread 0x000001fd7b507ae0 24185       3       sun.nio.ch.ChannelOutputStream::<init> (10 bytes)
Event: 1089.900 Thread 0x000001fd7b507ae0 nmethod 24185 0x000001fd670d7790 code [0x000001fd670d7940, 0x000001fd670d7b28]
Event: 1089.900 Thread 0x000001fd7b507ae0 24186  s!   3       sun.nio.ch.ChannelOutputStream::write (145 bytes)
Event: 1089.902 Thread 0x000001fd7b507ae0 nmethod 24186 0x000001fd669ad090 code [0x000001fd669ad320, 0x000001fd669adff8]
Event: 1089.902 Thread 0x000001fd7b507ae0 24188   !   3       sun.nio.ch.FileChannelImpl::write (288 bytes)
Event: 1089.904 Thread 0x000001fd7b507ae0 nmethod 24188 0x000001fd66ad8b10 code [0x000001fd66ad8e80, 0x000001fd66ada010]

GC Heap History (20 events):
Event: 1085.773 GC heap before
{Heap before GC invocations=9168 (full 6):
 PSYoungGen      total 15872K, used 12531K [0x00000000d5580000, 0x00000000d6800000, 0x0000000100000000)
  eden space 11264K, 100% used [0x00000000d5580000,0x00000000d6080000,0x00000000d6080000)
  from space 4608K, 27% used [0x00000000d6080000,0x00000000d61bcf28,0x00000000d6500000)
  to   space 2560K, 0% used [0x00000000d6580000,0x00000000d6580000,0x00000000d6800000)
 ParOldGen       total 214528K, used 214420K [0x0000000080000000, 0x000000008d180000, 0x00000000d5580000)
  object space 214528K, 99% used [0x0000000080000000,0x000000008d165238,0x000000008d180000)
 Metaspace       used 92113K, committed 94720K, reserved 1179648K
  class space    used 10677K, committed 11904K, reserved 1048576K
}
Event: 1086.783 GC heap after
{Heap after GC invocations=9168 (full 6):
 PSYoungGen      total 14336K, used 384K [0x00000000d5580000, 0x00000000d6600000, 0x0000000100000000)
  eden space 13824K, 0% used [0x00000000d5580000,0x00000000d5580000,0x00000000d6300000)
  from space 512K, 75% used [0x00000000d6580000,0x00000000d65e0000,0x00000000d6600000)
  to   space 1024K, 0% used [0x00000000d6400000,0x00000000d6400000,0x00000000d6500000)
 ParOldGen       total 215552K, used 215364K [0x0000000080000000, 0x000000008d280000, 0x00000000d5580000)
  object space 215552K, 99% used [0x0000000080000000,0x000000008d251268,0x000000008d280000)
 Metaspace       used 92113K, committed 94720K, reserved 1179648K
  class space    used 10677K, committed 11904K, reserved 1048576K
}
Event: 1086.951 GC heap before
{Heap before GC invocations=9169 (full 6):
 PSYoungGen      total 14336K, used 14208K [0x00000000d5580000, 0x00000000d6600000, 0x0000000100000000)
  eden space 13824K, 100% used [0x00000000d5580000,0x00000000d6300000,0x00000000d6300000)
  from space 512K, 75% used [0x00000000d6580000,0x00000000d65e0000,0x00000000d6600000)
  to   space 1024K, 0% used [0x00000000d6400000,0x00000000d6400000,0x00000000d6500000)
 ParOldGen       total 215552K, used 215364K [0x0000000080000000, 0x000000008d280000, 0x00000000d5580000)
  object space 215552K, 99% used [0x0000000080000000,0x000000008d251268,0x000000008d280000)
 Metaspace       used 92113K, committed 94720K, reserved 1179648K
  class space    used 10677K, committed 11904K, reserved 1048576K
}
Event: 1087.489 GC heap after
{Heap after GC invocations=9169 (full 6):
 PSYoungGen      total 15872K, used 448K [0x00000000d5580000, 0x00000000d6700000, 0x0000000100000000)
  eden space 14848K, 0% used [0x00000000d5580000,0x00000000d5580000,0x00000000d6400000)
  from space 1024K, 43% used [0x00000000d6400000,0x00000000d6470000,0x00000000d6500000)
  to   space 512K, 0% used [0x00000000d6680000,0x00000000d6680000,0x00000000d6700000)
 ParOldGen       total 215552K, used 215544K [0x0000000080000000, 0x000000008d280000, 0x00000000d5580000)
  object space 215552K, 99% used [0x0000000080000000,0x000000008d27e298,0x000000008d280000)
 Metaspace       used 92113K, committed 94720K, reserved 1179648K
  class space    used 10677K, committed 11904K, reserved 1048576K
}
Event: 1087.759 GC heap before
{Heap before GC invocations=9170 (full 6):
 PSYoungGen      total 15872K, used 15296K [0x00000000d5580000, 0x00000000d6700000, 0x0000000100000000)
  eden space 14848K, 100% used [0x00000000d5580000,0x00000000d6400000,0x00000000d6400000)
  from space 1024K, 43% used [0x00000000d6400000,0x00000000d6470000,0x00000000d6500000)
  to   space 512K, 0% used [0x00000000d6680000,0x00000000d6680000,0x00000000d6700000)
 ParOldGen       total 215552K, used 215544K [0x0000000080000000, 0x000000008d280000, 0x00000000d5580000)
  object space 215552K, 99% used [0x0000000080000000,0x000000008d27e298,0x000000008d280000)
 Metaspace       used 92113K, committed 94720K, reserved 1179648K
  class space    used 10677K, committed 11904K, reserved 1048576K
}
Event: 1087.761 GC heap after
{Heap after GC invocations=9170 (full 6):
 PSYoungGen      total 17408K, used 448K [0x00000000d5580000, 0x00000000d6800000, 0x0000000100000000)
  eden space 16896K, 0% used [0x00000000d5580000,0x00000000d5580000,0x00000000d6600000)
  from space 512K, 87% used [0x00000000d6680000,0x00000000d66f0000,0x00000000d6700000)
  to   space 512K, 0% used [0x00000000d6600000,0x00000000d6600000,0x00000000d6680000)
 ParOldGen       total 216064K, used 215736K [0x0000000080000000, 0x000000008d300000, 0x00000000d5580000)
  object space 216064K, 99% used [0x0000000080000000,0x000000008d2ae2a8,0x000000008d300000)
 Metaspace       used 92113K, committed 94720K, reserved 1179648K
  class space    used 10677K, committed 11904K, reserved 1048576K
}
Event: 1087.980 GC heap before
{Heap before GC invocations=9171 (full 6):
 PSYoungGen      total 17408K, used 17344K [0x00000000d5580000, 0x00000000d6800000, 0x0000000100000000)
  eden space 16896K, 100% used [0x00000000d5580000,0x00000000d6600000,0x00000000d6600000)
  from space 512K, 87% used [0x00000000d6680000,0x00000000d66f0000,0x00000000d6700000)
  to   space 512K, 0% used [0x00000000d6600000,0x00000000d6600000,0x00000000d6680000)
 ParOldGen       total 216064K, used 215736K [0x0000000080000000, 0x000000008d300000, 0x00000000d5580000)
  object space 216064K, 99% used [0x0000000080000000,0x000000008d2ae2a8,0x000000008d300000)
 Metaspace       used 92113K, committed 94720K, reserved 1179648K
  class space    used 10677K, committed 11904K, reserved 1048576K
}
Event: 1087.981 GC heap after
{Heap after GC invocations=9171 (full 6):
 PSYoungGen      total 17408K, used 480K [0x00000000d5580000, 0x00000000d6700000, 0x0000000100000000)
  eden space 16896K, 0% used [0x00000000d5580000,0x00000000d5580000,0x00000000d6600000)
  from space 512K, 93% used [0x00000000d6600000,0x00000000d6678000,0x00000000d6680000)
  to   space 512K, 0% used [0x00000000d6680000,0x00000000d6680000,0x00000000d6700000)
 ParOldGen       total 216064K, used 216000K [0x0000000080000000, 0x000000008d300000, 0x00000000d5580000)
  object space 216064K, 99% used [0x0000000080000000,0x000000008d2f02c8,0x000000008d300000)
 Metaspace       used 92113K, committed 94720K, reserved 1179648K
  class space    used 10677K, committed 11904K, reserved 1048576K
}
Event: 1088.346 GC heap before
{Heap before GC invocations=9172 (full 6):
 PSYoungGen      total 17408K, used 17376K [0x00000000d5580000, 0x00000000d6700000, 0x0000000100000000)
  eden space 16896K, 100% used [0x00000000d5580000,0x00000000d6600000,0x00000000d6600000)
  from space 512K, 93% used [0x00000000d6600000,0x00000000d6678000,0x00000000d6680000)
  to   space 512K, 0% used [0x00000000d6680000,0x00000000d6680000,0x00000000d6700000)
 ParOldGen       total 216064K, used 216000K [0x0000000080000000, 0x000000008d300000, 0x00000000d5580000)
  object space 216064K, 99% used [0x0000000080000000,0x000000008d2f02c8,0x000000008d300000)
 Metaspace       used 92113K, committed 94720K, reserved 1179648K
  class space    used 10677K, committed 11904K, reserved 1048576K
}
Event: 1088.348 GC heap after
{Heap after GC invocations=9172 (full 6):
 PSYoungGen      total 17408K, used 416K [0x00000000d5580000, 0x00000000d6700000, 0x0000000100000000)
  eden space 16896K, 0% used [0x00000000d5580000,0x00000000d5580000,0x00000000d6600000)
  from space 512K, 81% used [0x00000000d6680000,0x00000000d66e8000,0x00000000d6700000)
  to   space 512K, 0% used [0x00000000d6600000,0x00000000d6600000,0x00000000d6680000)
 ParOldGen       total 216576K, used 216312K [0x0000000080000000, 0x000000008d380000, 0x00000000d5580000)
  object space 216576K, 99% used [0x0000000080000000,0x000000008d33e348,0x000000008d380000)
 Metaspace       used 92113K, committed 94720K, reserved 1179648K
  class space    used 10677K, committed 11904K, reserved 1048576K
}
Event: 1088.616 GC heap before
{Heap before GC invocations=9173 (full 6):
 PSYoungGen      total 17408K, used 17312K [0x00000000d5580000, 0x00000000d6700000, 0x0000000100000000)
  eden space 16896K, 100% used [0x00000000d5580000,0x00000000d6600000,0x00000000d6600000)
  from space 512K, 81% used [0x00000000d6680000,0x00000000d66e8000,0x00000000d6700000)
  to   space 512K, 0% used [0x00000000d6600000,0x00000000d6600000,0x00000000d6680000)
 ParOldGen       total 216576K, used 216312K [0x0000000080000000, 0x000000008d380000, 0x00000000d5580000)
  object space 216576K, 99% used [0x0000000080000000,0x000000008d33e348,0x000000008d380000)
 Metaspace       used 92113K, committed 94720K, reserved 1179648K
  class space    used 10677K, committed 11904K, reserved 1048576K
}
Event: 1088.617 GC heap after
{Heap after GC invocations=9173 (full 6):
 PSYoungGen      total 17408K, used 416K [0x00000000d5580000, 0x00000000d6700000, 0x0000000100000000)
  eden space 16896K, 0% used [0x00000000d5580000,0x00000000d5580000,0x00000000d6600000)
  from space 512K, 81% used [0x00000000d6600000,0x00000000d6668000,0x00000000d6680000)
  to   space 512K, 0% used [0x00000000d6680000,0x00000000d6680000,0x00000000d6700000)
 ParOldGen       total 216576K, used 216424K [0x0000000080000000, 0x000000008d380000, 0x00000000d5580000)
  object space 216576K, 99% used [0x0000000080000000,0x000000008d35a358,0x000000008d380000)
 Metaspace       used 92113K, committed 94720K, reserved 1179648K
  class space    used 10677K, committed 11904K, reserved 1048576K
}
Event: 1088.885 GC heap before
{Heap before GC invocations=9174 (full 6):
 PSYoungGen      total 17408K, used 17312K [0x00000000d5580000, 0x00000000d6700000, 0x0000000100000000)
  eden space 16896K, 100% used [0x00000000d5580000,0x00000000d6600000,0x00000000d6600000)
  from space 512K, 81% used [0x00000000d6600000,0x00000000d6668000,0x00000000d6680000)
  to   space 512K, 0% used [0x00000000d6680000,0x00000000d6680000,0x00000000d6700000)
 ParOldGen       total 216576K, used 216424K [0x0000000080000000, 0x000000008d380000, 0x00000000d5580000)
  object space 216576K, 99% used [0x0000000080000000,0x000000008d35a358,0x000000008d380000)
 Metaspace       used 92113K, committed 94720K, reserved 1179648K
  class space    used 10677K, committed 11904K, reserved 1048576K
}
Event: 1088.886 GC heap after
{Heap after GC invocations=9174 (full 6):
 PSYoungGen      total 17408K, used 352K [0x00000000d5580000, 0x00000000d6700000, 0x0000000100000000)
  eden space 16896K, 0% used [0x00000000d5580000,0x00000000d5580000,0x00000000d6600000)
  from space 512K, 68% used [0x00000000d6680000,0x00000000d66d8000,0x00000000d6700000)
  to   space 512K, 0% used [0x00000000d6600000,0x00000000d6600000,0x00000000d6680000)
 ParOldGen       total 216576K, used 216528K [0x0000000080000000, 0x000000008d380000, 0x00000000d5580000)
  object space 216576K, 99% used [0x0000000080000000,0x000000008d374378,0x000000008d380000)
 Metaspace       used 92113K, committed 94720K, reserved 1179648K
  class space    used 10677K, committed 11904K, reserved 1048576K
}
Event: 1089.124 GC heap before
{Heap before GC invocations=9175 (full 6):
 PSYoungGen      total 17408K, used 17248K [0x00000000d5580000, 0x00000000d6700000, 0x0000000100000000)
  eden space 16896K, 100% used [0x00000000d5580000,0x00000000d6600000,0x00000000d6600000)
  from space 512K, 68% used [0x00000000d6680000,0x00000000d66d8000,0x00000000d6700000)
  to   space 512K, 0% used [0x00000000d6600000,0x00000000d6600000,0x00000000d6680000)
 ParOldGen       total 216576K, used 216528K [0x0000000080000000, 0x000000008d380000, 0x00000000d5580000)
  object space 216576K, 99% used [0x0000000080000000,0x000000008d374378,0x000000008d380000)
 Metaspace       used 92113K, committed 94720K, reserved 1179648K
  class space    used 10677K, committed 11904K, reserved 1048576K
}
Event: 1089.125 GC heap after
{Heap after GC invocations=9175 (full 6):
 PSYoungGen      total 17408K, used 384K [0x00000000d5580000, 0x00000000d6700000, 0x0000000100000000)
  eden space 16896K, 0% used [0x00000000d5580000,0x00000000d5580000,0x00000000d6600000)
  from space 512K, 75% used [0x00000000d6600000,0x00000000d6660000,0x00000000d6680000)
  to   space 512K, 0% used [0x00000000d6680000,0x00000000d6680000,0x00000000d6700000)
 ParOldGen       total 217088K, used 216608K [0x0000000080000000, 0x000000008d400000, 0x00000000d5580000)
  object space 217088K, 99% used [0x0000000080000000,0x000000008d388378,0x000000008d400000)
 Metaspace       used 92113K, committed 94720K, reserved 1179648K
  class space    used 10677K, committed 11904K, reserved 1048576K
}
Event: 1089.432 GC heap before
{Heap before GC invocations=9176 (full 6):
 PSYoungGen      total 17408K, used 17280K [0x00000000d5580000, 0x00000000d6700000, 0x0000000100000000)
  eden space 16896K, 100% used [0x00000000d5580000,0x00000000d6600000,0x00000000d6600000)
  from space 512K, 75% used [0x00000000d6600000,0x00000000d6660000,0x00000000d6680000)
  to   space 512K, 0% used [0x00000000d6680000,0x00000000d6680000,0x00000000d6700000)
 ParOldGen       total 217088K, used 216608K [0x0000000080000000, 0x000000008d400000, 0x00000000d5580000)
  object space 217088K, 99% used [0x0000000080000000,0x000000008d388378,0x000000008d400000)
 Metaspace       used 92113K, committed 94720K, reserved 1179648K
  class space    used 10677K, committed 11904K, reserved 1048576K
}
Event: 1089.435 GC heap after
{Heap after GC invocations=9176 (full 6):
 PSYoungGen      total 14848K, used 489K [0x00000000d5580000, 0x00000000d6c00000, 0x0000000100000000)
  eden space 14336K, 0% used [0x00000000d5580000,0x00000000d5580000,0x00000000d6380000)
  from space 512K, 95% used [0x00000000d6680000,0x00000000d66fa728,0x00000000d6700000)
  to   space 3072K, 0% used [0x00000000d6380000,0x00000000d6380000,0x00000000d6680000)
 ParOldGen       total 219136K, used 218762K [0x0000000080000000, 0x000000008d600000, 0x00000000d5580000)
  object space 219136K, 99% used [0x0000000080000000,0x000000008d5a2aa0,0x000000008d600000)
 Metaspace       used 92113K, committed 94720K, reserved 1179648K
  class space    used 10677K, committed 11904K, reserved 1048576K
}
Event: 1089.611 GC heap before
{Heap before GC invocations=9177 (full 6):
 PSYoungGen      total 14848K, used 14708K [0x00000000d5580000, 0x00000000d6c00000, 0x0000000100000000)
  eden space 14336K, 99% used [0x00000000d5580000,0x00000000d63628f0,0x00000000d6380000)
  from space 512K, 95% used [0x00000000d6680000,0x00000000d66fa728,0x00000000d6700000)
  to   space 3072K, 0% used [0x00000000d6380000,0x00000000d6380000,0x00000000d6680000)
 ParOldGen       total 219136K, used 218762K [0x0000000080000000, 0x000000008d600000, 0x00000000d5580000)
  object space 219136K, 99% used [0x0000000080000000,0x000000008d5a2aa0,0x000000008d600000)
 Metaspace       used 92113K, committed 94720K, reserved 1179648K
  class space    used 10677K, committed 11904K, reserved 1048576K
}
Event: 1089.614 GC heap after
{Heap after GC invocations=9177 (full 6):
 PSYoungGen      total 15360K, used 768K [0x00000000d5580000, 0x00000000d6700000, 0x0000000100000000)
  eden space 14336K, 0% used [0x00000000d5580000,0x00000000d5580000,0x00000000d6380000)
  from space 1024K, 75% used [0x00000000d6380000,0x00000000d6440020,0x00000000d6480000)
  to   space 1536K, 0% used [0x00000000d6580000,0x00000000d6580000,0x00000000d6700000)
 ParOldGen       total 219136K, used 219010K [0x0000000080000000, 0x000000008d600000, 0x00000000d5580000)
  object space 219136K, 99% used [0x0000000080000000,0x000000008d5e0ab0,0x000000008d600000)
 Metaspace       used 92113K, committed 94720K, reserved 1179648K
  class space    used 10677K, committed 11904K, reserved 1048576K
}

Dll operation events (20 events):
Event: 3.038 Attempting to load shared library C:\Users\admoi\.antigravity-ide\extensions\redhat.java-1.56.0-win32-x64\jre\21.0.12.1-win32-x86_64\bin\jimage.dll
Event: 3.038 Loaded shared library C:\Users\admoi\.antigravity-ide\extensions\redhat.java-1.56.0-win32-x64\jre\21.0.12.1-win32-x86_64\bin\jimage.dll
Event: 4.052 Attempting to load shared library c:\Users\admoi\.antigravity-ide\extensions\redhat.java-1.56.0-win32-x64\jre\21.0.12.1-win32-x86_64\bin\verify.dll
Event: 4.092 Loaded shared library c:\Users\admoi\.antigravity-ide\extensions\redhat.java-1.56.0-win32-x64\jre\21.0.12.1-win32-x86_64\bin\verify.dll
Event: 15.658 Attempting to load shared library C:\Users\admoi\AppData\Roaming\Antigravity IDE\User\globalStorage\redhat.java\1.56.0\config_win\org.eclipse.equinox.launcher\org.eclipse.equinox.launcher.win32.win32.x86_64_1.3.100.v20260804-1928\eclipse_11924.dll
Event: 15.668 Loaded shared library C:\Users\admoi\AppData\Roaming\Antigravity IDE\User\globalStorage\redhat.java\1.56.0\config_win\org.eclipse.equinox.launcher\org.eclipse.equinox.launcher.win32.win32.x86_64_1.3.100.v20260804-1928\eclipse_11924.dll
Event: 21.017 Attempting to load shared library C:\Users\admoi\AppData\Local\Temp\jna-92668932\jna10124307838324894036.dll
Event: 21.590 Loaded shared library C:\Users\admoi\AppData\Local\Temp\jna-92668932\jna10124307838324894036.dll
Event: 44.788 Attempting to load shared library C:\Users\admoi\.gradle\native\1def1411415f61bf3af743bc5b6707747c0891f09f0c88961ee8f79bc544acac\windows-amd64\native-platform.dll
Event: 44.789 Loaded shared library C:\Users\admoi\.gradle\native\1def1411415f61bf3af743bc5b6707747c0891f09f0c88961ee8f79bc544acac\windows-amd64\native-platform.dll
Event: 46.240 Attempting to load shared library C:\Users\admoi\.antigravity-ide\extensions\redhat.java-1.56.0-win32-x64\jre\21.0.12.1-win32-x86_64\bin\management.dll
Event: 46.241 Loaded shared library C:\Users\admoi\.antigravity-ide\extensions\redhat.java-1.56.0-win32-x64\jre\21.0.12.1-win32-x86_64\bin\management.dll
Event: 46.245 Attempting to load shared library C:\Users\admoi\.antigravity-ide\extensions\redhat.java-1.56.0-win32-x64\jre\21.0.12.1-win32-x86_64\bin\management_ext.dll
Event: 46.246 Loaded shared library C:\Users\admoi\.antigravity-ide\extensions\redhat.java-1.56.0-win32-x64\jre\21.0.12.1-win32-x86_64\bin\management_ext.dll
Event: 46.396 Attempting to load shared library C:\Users\admoi\.antigravity-ide\extensions\redhat.java-1.56.0-win32-x64\jre\21.0.12.1-win32-x86_64\bin\extnet.dll
Event: 46.397 Loaded shared library C:\Users\admoi\.antigravity-ide\extensions\redhat.java-1.56.0-win32-x64\jre\21.0.12.1-win32-x86_64\bin\extnet.dll
Event: 51.087 Attempting to load shared library C:\Users\admoi\.antigravity-ide\extensions\redhat.java-1.56.0-win32-x64\jre\21.0.12.1-win32-x86_64\bin\sunmscapi.dll
Event: 51.091 Loaded shared library C:\Users\admoi\.antigravity-ide\extensions\redhat.java-1.56.0-win32-x64\jre\21.0.12.1-win32-x86_64\bin\sunmscapi.dll
Event: 99.721 Attempting to load shared library C:\Users\admoi\.gradle\native\c067742578af261105cb4f569cf0c3c89f3d7b1fecec35dd04571415982c5e48\windows-amd64\native-platform.dll
Event: 99.722 Loaded shared library C:\Users\admoi\.gradle\native\c067742578af261105cb4f569cf0c3c89f3d7b1fecec35dd04571415982c5e48\windows-amd64\native-platform.dll

Deoptimization events (20 events):
Event: 1071.102 Thread 0x000001fd4cd52b50 DEOPT PACKING pc=0x000001fd6ef23cd0 sp=0x0000000c07efe8b0
Event: 1071.102 Thread 0x000001fd4cd52b50 DEOPT UNPACKING pc=0x000001fd6de43aa2 sp=0x0000000c07efe6b8 mode 2
Event: 1079.088 Thread 0x000001fd4802acd0 Uncommon trap: trap_request=0xffffffb5 fr.pc=0x000001fd6f83cd20 relative=0x00000000000015e0
Event: 1079.088 Thread 0x000001fd4802acd0 Uncommon trap: reason=unloaded action=reinterpret pc=0x000001fd6f83cd20 method=sun.nio.ch.SocketChannelImpl.read(Ljava/nio/ByteBuffer;)I @ 198 c2
Event: 1079.088 Thread 0x000001fd4802acd0 DEOPT PACKING pc=0x000001fd6f83cd20 sp=0x0000000c031fe680
Event: 1079.088 Thread 0x000001fd4802acd0 DEOPT UNPACKING pc=0x000001fd6de43aa2 sp=0x0000000c031fe5d0 mode 2
Event: 1079.088 Thread 0x000001fd4802acd0 Uncommon trap: trap_request=0xffffff45 fr.pc=0x000001fd6f853078 relative=0x0000000000000618
Event: 1079.088 Thread 0x000001fd4802acd0 Uncommon trap: reason=unstable_if action=reinterpret pc=0x000001fd6f853078 method=com.esotericsoftware.kryo.io.Input.require(I)I @ 180 c2
Event: 1079.088 Thread 0x000001fd4802acd0 DEOPT PACKING pc=0x000001fd6f853078 sp=0x0000000c031fe730
Event: 1079.088 Thread 0x000001fd4802acd0 DEOPT UNPACKING pc=0x000001fd6de43aa2 sp=0x0000000c031fe3f8 mode 2
Event: 1085.438 Thread 0x000001fd47e81ec0 Uncommon trap: trap_request=0xffffffb5 fr.pc=0x000001fd6f83cd20 relative=0x00000000000015e0
Event: 1085.438 Thread 0x000001fd47e81ec0 Uncommon trap: reason=unloaded action=reinterpret pc=0x000001fd6f83cd20 method=sun.nio.ch.SocketChannelImpl.read(Ljava/nio/ByteBuffer;)I @ 198 c2
Event: 1085.438 Thread 0x000001fd47e81ec0 DEOPT PACKING pc=0x000001fd6f83cd20 sp=0x0000000c038fe580
Event: 1085.438 Thread 0x000001fd47e81ec0 DEOPT UNPACKING pc=0x000001fd6de43aa2 sp=0x0000000c038fe4d0 mode 2
Event: 1085.438 Thread 0x000001fd47e81ec0 Uncommon trap: trap_request=0xffffff45 fr.pc=0x000001fd6f853078 relative=0x0000000000000618
Event: 1085.438 Thread 0x000001fd47e81ec0 Uncommon trap: reason=unstable_if action=reinterpret pc=0x000001fd6f853078 method=com.esotericsoftware.kryo.io.Input.require(I)I @ 180 c2
Event: 1085.438 Thread 0x000001fd47e81ec0 DEOPT PACKING pc=0x000001fd6f853078 sp=0x0000000c038fe630
Event: 1085.438 Thread 0x000001fd47e81ec0 DEOPT UNPACKING pc=0x000001fd6de43aa2 sp=0x0000000c038fe2f8 mode 2
Event: 1089.393 Thread 0x000001fd49819aa0 DEOPT PACKING pc=0x000001fd67eaee22 sp=0x0000000c07eff000
Event: 1089.393 Thread 0x000001fd49819aa0 DEOPT UNPACKING pc=0x000001fd6de44242 sp=0x0000000c07efe588 mode 0

Classes loaded (20 events):
Event: 152.852 Loading class java/util/stream/ReferencePipeline$4$1
Event: 152.852 Loading class java/util/stream/ReferencePipeline$4$1 done
Event: 153.281 Loading class java/util/Hashtable$ValueCollection
Event: 153.282 Loading class java/util/Hashtable$ValueCollection done
Event: 154.168 Loading class java/lang/StringUTF16$LinesSpliterator
Event: 154.172 Loading class java/lang/StringUTF16$LinesSpliterator done
Event: 154.272 Loading class java/lang/StringLatin1$LinesSpliterator
Event: 154.273 Loading class java/lang/StringLatin1$LinesSpliterator done
Event: 155.385 Loading class java/util/regex/Pattern$End
Event: 155.385 Loading class java/util/regex/Pattern$End done
Event: 865.630 Loading class sun/net/ConnectionResetException
Event: 865.644 Loading class sun/net/ConnectionResetException done
Event: 865.722 Loading class java/nio/file/FileChannelLinesSpliterator
Event: 865.739 Loading class java/nio/file/FileChannelLinesSpliterator done
Event: 865.774 Loading class java/util/stream/Streams$1
Event: 865.777 Loading class java/util/stream/Streams$1 done
Event: 865.848 Loading class java/nio/file/FileChannelLinesSpliterator$1
Event: 865.852 Loading class java/nio/file/FileChannelLinesSpliterator$1 done
Event: 1060.610 Loading class java/nio/file/FileSystemLoopException
Event: 1060.612 Loading class java/nio/file/FileSystemLoopException done

Classes unloaded (20 events):
Event: 240.440 Thread 0x000001fd63843760 Unloading class 0x000001fd017c7800 'java/lang/invoke/LambdaForm$DMH+0x000001fd017c7800'
Event: 240.440 Thread 0x000001fd63843760 Unloading class 0x000001fd017c7400 'java/lang/invoke/LambdaForm$DMH+0x000001fd017c7400'
Event: 240.440 Thread 0x000001fd63843760 Unloading class 0x000001fd017c6c00 'java/lang/invoke/LambdaForm$DMH+0x000001fd017c6c00'
Event: 240.440 Thread 0x000001fd63843760 Unloading class 0x000001fd017c7000 'java/lang/invoke/LambdaForm$DMH+0x000001fd017c7000'
Event: 240.440 Thread 0x000001fd63843760 Unloading class 0x000001fd017c6000 'java/lang/invoke/LambdaForm$MH+0x000001fd017c6000'
Event: 240.440 Thread 0x000001fd63843760 Unloading class 0x000001fd017c5c00 'java/lang/invoke/LambdaForm$MH+0x000001fd017c5c00'
Event: 240.440 Thread 0x000001fd63843760 Unloading class 0x000001fd017c5800 'java/lang/invoke/LambdaForm$MH+0x000001fd017c5800'
Event: 240.440 Thread 0x000001fd63843760 Unloading class 0x000001fd017c5400 'java/lang/invoke/LambdaForm$MH+0x000001fd017c5400'
Event: 240.440 Thread 0x000001fd63843760 Unloading class 0x000001fd017c4c00 'java/lang/invoke/LambdaForm$MH+0x000001fd017c4c00'
Event: 240.440 Thread 0x000001fd63843760 Unloading class 0x000001fd017c4800 'java/lang/invoke/LambdaForm$MH+0x000001fd017c4800'
Event: 240.440 Thread 0x000001fd63843760 Unloading class 0x000001fd017c4400 'java/lang/invoke/LambdaForm$MH+0x000001fd017c4400'
Event: 240.440 Thread 0x000001fd63843760 Unloading class 0x000001fd017c4000 'java/lang/invoke/LambdaForm$MH+0x000001fd017c4000'
Event: 240.440 Thread 0x000001fd63843760 Unloading class 0x000001fd017aac00 'java/lang/invoke/LambdaForm$MH+0x000001fd017aac00'
Event: 240.440 Thread 0x000001fd63843760 Unloading class 0x000001fd017aa800 'java/lang/invoke/LambdaForm$MH+0x000001fd017aa800'
Event: 240.440 Thread 0x000001fd63843760 Unloading class 0x000001fd017aa000 'java/lang/invoke/LambdaForm$MH+0x000001fd017aa000'
Event: 240.440 Thread 0x000001fd63843760 Unloading class 0x000001fd017a9c00 'java/lang/invoke/LambdaForm$MH+0x000001fd017a9c00'
Event: 240.440 Thread 0x000001fd63843760 Unloading class 0x000001fd017a9400 'java/lang/invoke/LambdaForm$MH+0x000001fd017a9400'
Event: 240.440 Thread 0x000001fd63843760 Unloading class 0x000001fd017a9000 'java/lang/invoke/LambdaForm$MH+0x000001fd017a9000'
Event: 240.440 Thread 0x000001fd63843760 Unloading class 0x000001fd017a8c00 'java/lang/invoke/LambdaForm$MH+0x000001fd017a8c00'
Event: 240.440 Thread 0x000001fd63843760 Unloading class 0x000001fd017a8800 'java/lang/invoke/LambdaForm$MH+0x000001fd017a8800'

Classes redefined (0 events):
No events

Internal exceptions (20 events):
Event: 1089.375 Thread 0x000001fd49819aa0 Exception <a 'sun/nio/fs/WindowsException'{0x00000000d5f62ec0}> (0x00000000d5f62ec0) 
thrown [s\src\hotspot\share\prims\jni.cpp, line 520]
Event: 1089.376 Thread 0x000001fd49819aa0 Exception <a 'sun/nio/fs/WindowsException'{0x00000000d5f68c30}> (0x00000000d5f68c30) 
thrown [s\src\hotspot\share\prims\jni.cpp, line 520]
Event: 1089.376 Thread 0x000001fd49819aa0 Exception <a 'sun/nio/fs/WindowsException'{0x00000000d5f6e4b0}> (0x00000000d5f6e4b0) 
thrown [s\src\hotspot\share\prims\jni.cpp, line 520]
Event: 1089.376 Thread 0x000001fd49819aa0 Exception <a 'sun/nio/fs/WindowsException'{0x00000000d5f73a50}> (0x00000000d5f73a50) 
thrown [s\src\hotspot\share\prims\jni.cpp, line 520]
Event: 1089.377 Thread 0x000001fd49819aa0 Exception <a 'sun/nio/fs/WindowsException'{0x00000000d5f79718}> (0x00000000d5f79718) 
thrown [s\src\hotspot\share\prims\jni.cpp, line 520]
Event: 1089.381 Thread 0x000001fd49819aa0 Exception <a 'sun/nio/fs/WindowsException'{0x00000000d5f7f440}> (0x00000000d5f7f440) 
thrown [s\src\hotspot\share\prims\jni.cpp, line 520]
Event: 1089.382 Thread 0x000001fd49819aa0 Exception <a 'sun/nio/fs/WindowsException'{0x00000000d5f856c0}> (0x00000000d5f856c0) 
thrown [s\src\hotspot\share\prims\jni.cpp, line 520]
Event: 1089.383 Thread 0x000001fd49819aa0 Exception <a 'sun/nio/fs/WindowsException'{0x00000000d5f8b4c0}> (0x00000000d5f8b4c0) 
thrown [s\src\hotspot\share\prims\jni.cpp, line 520]
Event: 1089.385 Thread 0x000001fd49819aa0 Exception <a 'sun/nio/fs/WindowsException'{0x00000000d5f91a20}> (0x00000000d5f91a20) 
thrown [s\src\hotspot\share\prims\jni.cpp, line 520]
Event: 1089.392 Thread 0x000001fd49819aa0 Exception <a 'sun/nio/fs/WindowsException'{0x00000000d5feaef0}> (0x00000000d5feaef0) 
thrown [s\src\hotspot\share\prims\jni.cpp, line 520]
Event: 1089.392 Thread 0x000001fd49819aa0 Exception <a 'sun/nio/fs/WindowsException'{0x00000000d5feb258}> (0x00000000d5feb258) 
thrown [s\src\hotspot\share\prims\jni.cpp, line 520]
Event: 1089.424 Thread 0x000001fd56991030 Exception <a 'sun/nio/fs/WindowsException'{0x00000000d62756d8}> (0x00000000d62756d8) 
thrown [s\src\hotspot\share\prims\jni.cpp, line 520]
Event: 1089.424 Thread 0x000001fd56991030 Exception <a 'sun/nio/fs/WindowsException'{0x00000000d6275b80}> (0x00000000d6275b80) 
thrown [s\src\hotspot\share\prims\jni.cpp, line 520]
Event: 1089.424 Thread 0x000001fd56991030 Exception <a 'sun/nio/fs/WindowsException'{0x00000000d62763a8}> (0x00000000d62763a8) 
thrown [s\src\hotspot\share\prims\jni.cpp, line 520]
Event: 1089.424 Thread 0x000001fd56991030 Exception <a 'sun/nio/fs/WindowsException'{0x00000000d6276830}> (0x00000000d6276830) 
thrown [s\src\hotspot\share\prims\jni.cpp, line 520]
Event: 1089.425 Thread 0x000001fd56991030 Exception <a 'sun/nio/fs/WindowsException'{0x00000000d6277a88}> (0x00000000d6277a88) 
thrown [s\src\hotspot\share\prims\jni.cpp, line 520]
Event: 1089.425 Thread 0x000001fd56991030 Exception <a 'sun/nio/fs/WindowsException'{0x00000000d6277f10}> (0x00000000d6277f10) 
thrown [s\src\hotspot\share\prims\jni.cpp, line 520]
Event: 1089.429 Thread 0x000001fd56991030 Exception <a 'sun/nio/fs/WindowsException'{0x00000000d64035f0}> (0x00000000d64035f0) 
thrown [s\src\hotspot\share\prims\jni.cpp, line 520]
Event: 1089.429 Thread 0x000001fd56991030 Exception <a 'sun/nio/fs/WindowsException'{0x00000000d6450d10}> (0x00000000d6450d10) 
thrown [s\src\hotspot\share\prims\jni.cpp, line 520]
Event: 1089.569 Thread 0x000001fd4802b9f0 Exception <a 'sun/nio/fs/WindowsException'{0x00000000d5fd2528}> (0x00000000d5fd2528) 
thrown [s\src\hotspot\share\prims\jni.cpp, line 520]

ZGC Phase Switch (0 events):
No events

VM Operations (20 events):
Event: 1085.773 Executing safepoint VM operation: ParallelGCFailedAllocation (Allocation Failure)
Event: 1086.783 Executing safepoint VM operation: ParallelGCFailedAllocation (Allocation Failure) done
Event: 1086.951 Executing safepoint VM operation: ParallelGCFailedAllocation (Allocation Failure)
Event: 1087.490 Executing safepoint VM operation: ParallelGCFailedAllocation (Allocation Failure) done
Event: 1087.759 Executing safepoint VM operation: ParallelGCFailedAllocation (Allocation Failure)
Event: 1087.761 Executing safepoint VM operation: ParallelGCFailedAllocation (Allocation Failure) done
Event: 1087.980 Executing safepoint VM operation: ParallelGCFailedAllocation (Allocation Failure)
Event: 1087.982 Executing safepoint VM operation: ParallelGCFailedAllocation (Allocation Failure) done
Event: 1088.346 Executing safepoint VM operation: ParallelGCFailedAllocation (Allocation Failure)
Event: 1088.348 Executing safepoint VM operation: ParallelGCFailedAllocation (Allocation Failure) done
Event: 1088.616 Executing safepoint VM operation: ParallelGCFailedAllocation (Allocation Failure)
Event: 1088.617 Executing safepoint VM operation: ParallelGCFailedAllocation (Allocation Failure) done
Event: 1088.885 Executing safepoint VM operation: ParallelGCFailedAllocation (Allocation Failure)
Event: 1088.886 Executing safepoint VM operation: ParallelGCFailedAllocation (Allocation Failure) done
Event: 1089.124 Executing safepoint VM operation: ParallelGCFailedAllocation (Allocation Failure)
Event: 1089.125 Executing safepoint VM operation: ParallelGCFailedAllocation (Allocation Failure) done
Event: 1089.432 Executing safepoint VM operation: ParallelGCFailedAllocation (Allocation Failure)
Event: 1089.435 Executing safepoint VM operation: ParallelGCFailedAllocation (Allocation Failure) done
Event: 1089.611 Executing safepoint VM operation: ParallelGCFailedAllocation (Allocation Failure)
Event: 1089.614 Executing safepoint VM operation: ParallelGCFailedAllocation (Allocation Failure) done

Memory protections (0 events):
No events

Nmethod flushes (20 events):
Event: 1054.342 Thread 0x000001fd63843760 flushing  nmethod 0x000001fd69246d90
Event: 1054.342 Thread 0x000001fd63843760 flushing  nmethod 0x000001fd69247b10
Event: 1054.342 Thread 0x000001fd63843760 flushing  nmethod 0x000001fd6924d390
Event: 1054.342 Thread 0x000001fd63843760 flushing  nmethod 0x000001fd6924f690
Event: 1054.342 Thread 0x000001fd63843760 flushing  nmethod 0x000001fd69252990
Event: 1054.342 Thread 0x000001fd63843760 flushing  nmethod 0x000001fd69253410
Event: 1054.342 Thread 0x000001fd63843760 flushing  nmethod 0x000001fd69269390
Event: 1054.342 Thread 0x000001fd63843760 flushing  nmethod 0x000001fd69269990
Event: 1054.342 Thread 0x000001fd63843760 flushing  nmethod 0x000001fd692bd490
Event: 1054.342 Thread 0x000001fd63843760 flushing  nmethod 0x000001fd692c5810
Event: 1054.342 Thread 0x000001fd63843760 flushing  nmethod 0x000001fd69306290
Event: 1054.342 Thread 0x000001fd63843760 flushing  nmethod 0x000001fd69309b10
Event: 1054.342 Thread 0x000001fd63843760 flushing  nmethod 0x000001fd6930af90
Event: 1054.342 Thread 0x000001fd63843760 flushing  nmethod 0x000001fd69373390
Event: 1054.342 Thread 0x000001fd63843760 flushing  nmethod 0x000001fd69389e10
Event: 1054.342 Thread 0x000001fd63843760 flushing  nmethod 0x000001fd69398990
Event: 1054.342 Thread 0x000001fd63843760 flushing  nmethod 0x000001fd69399e10
Event: 1054.342 Thread 0x000001fd63843760 flushing  nmethod 0x000001fd693bf090
Event: 1054.342 Thread 0x000001fd63843760 flushing  nmethod 0x000001fd6947eb90
Event: 1054.342 Thread 0x000001fd63843760 flushing  nmethod 0x000001fd695fbc90

Events (20 events):
Event: 1089.589 Thread 0x000001fd47e80b10 Thread added: 0x000001fd4802a640
Event: 1089.648 Thread 0x000001fd45c9e700 Thread exited: 0x000001fd45c9e700
Event: 1089.649 Thread 0x000001fd7e3ca000 Thread exited: 0x000001fd7e3ca000
Event: 1089.653 Thread 0x000001fd4abfb8d0 Thread added: 0x000001fd569923e0
Event: 1089.670 Thread 0x000001fd569923e0 Thread added: 0x000001fd46b0bae0
Event: 1089.772 Thread 0x000001fd49819410 Thread exited: 0x000001fd49819410
Event: 1089.772 Thread 0x000001fd48029290 Thread exited: 0x000001fd48029290
Event: 1090.724 Thread 0x000001fd56991030 Thread added: 0x000001fd5b481ee0
Event: 1090.724 Thread 0x000001fd49818060 Thread exited: 0x000001fd49818060
Event: 1090.724 Thread 0x000001fd7f14b0f0 Thread exited: 0x000001fd7f14b0f0
Event: 1090.724 Thread 0x000001fd498186f0 Thread exited: 0x000001fd498186f0
Event: 1090.724 Thread 0x000001fd4981ae50 Thread exited: 0x000001fd4981ae50
Event: 1090.724 Thread 0x000001fd5b483290 Thread added: 0x000001fd5698ef60
Event: 1090.724 Thread 0x000001fd7e37b2c0 Thread exited: 0x000001fd7e37b2c0
Event: 1090.724 Thread 0x000001fd48134e50 Thread exited: 0x000001fd48134e50
Event: 1090.724 Thread 0x000001fd569916c0 Thread exited: 0x000001fd569916c0
Event: 1090.725 Thread 0x000001fd5b482570 Thread exited: 0x000001fd5b482570
Event: 1090.725 Thread 0x000001fd56991d50 Thread exited: 0x000001fd56991d50
Event: 1090.725 Thread 0x000001fd7e37e0b0 Thread exited: 0x000001fd7e37e0b0
Event: 1090.726 Thread 0x000001fd5b481ee0 Thread added: 0x000001fd46b0b450


Dynamic libraries:
0x00007ff70d610000 - 0x00007ff70d61e000 	c:\Users\admoi\.antigravity-ide\extensions\redhat.java-1.56.0-win32-x64\jre\21.0.12.1-win32-x86_64\bin\java.exe
0x00007fff32da0000 - 0x00007fff33006000 	C:\WINDOWS\SYSTEM32\ntdll.dll
0x00007fff30ad0000 - 0x00007fff30b99000 	C:\WINDOWS\System32\KERNEL32.DLL
0x00007fff30440000 - 0x00007fff3083f000 	C:\WINDOWS\System32\KERNELBASE.dll
0x00007fff302e0000 - 0x00007fff3042c000 	C:\WINDOWS\System32\ucrtbase.dll
0x00007ffeb4420000 - 0x00007ffeb443e000 	c:\Users\admoi\.antigravity-ide\extensions\redhat.java-1.56.0-win32-x64\jre\21.0.12.1-win32-x86_64\bin\VCRUNTIME140.dll
0x00007ffeb4980000 - 0x00007ffeb4998000 	c:\Users\admoi\.antigravity-ide\extensions\redhat.java-1.56.0-win32-x64\jre\21.0.12.1-win32-x86_64\bin\jli.dll
0x00007fff32ad0000 - 0x00007fff32c96000 	C:\WINDOWS\System32\USER32.dll
0x00007fff2ffb0000 - 0x00007fff2ffd7000 	C:\WINDOWS\System32\win32u.dll
0x00007fff12db0000 - 0x00007fff13041000 	C:\WINDOWS\WinSxS\amd64_microsoft.windows.common-controls_6595b64144ccf1df_6.0.26100.8972_none_3e0da176e32f9d4b\COMCTL32.dll
0x00007fff31bb0000 - 0x00007fff31c59000 	C:\WINDOWS\System32\msvcrt.dll
0x00007fff32000000 - 0x00007fff3202b000 	C:\WINDOWS\System32\GDI32.dll
0x00007fff309a0000 - 0x00007fff30ac9000 	C:\WINDOWS\System32\gdi32full.dll
0x00007fff30230000 - 0x00007fff302d3000 	C:\WINDOWS\System32\msvcp_win.dll
0x00007fff32180000 - 0x00007fff321b2000 	C:\WINDOWS\System32\IMM32.DLL
0x00007fff11640000 - 0x00007fff1164c000 	c:\Users\admoi\.antigravity-ide\extensions\redhat.java-1.56.0-win32-x64\jre\21.0.12.1-win32-x86_64\bin\vcruntime140_1.dll
0x00007ffe5f940000 - 0x00007ffe5f9cd000 	c:\Users\admoi\.antigravity-ide\extensions\redhat.java-1.56.0-win32-x64\jre\21.0.12.1-win32-x86_64\bin\msvcp140.dll
0x00007ffe5eb90000 - 0x00007ffe5f932000 	c:\Users\admoi\.antigravity-ide\extensions\redhat.java-1.56.0-win32-x64\jre\21.0.12.1-win32-x86_64\bin\server\jvm.dll
0x00007fff31dd0000 - 0x00007fff31e8c000 	C:\WINDOWS\System32\ADVAPI32.dll
0x00007fff320d0000 - 0x00007fff3217a000 	C:\WINDOWS\System32\sechost.dll
0x00007fff31a90000 - 0x00007fff31ba8000 	C:\WINDOWS\System32\RPCRT4.dll
0x00007fff31a00000 - 0x00007fff31a82000 	C:\WINDOWS\System32\WS2_32.dll
0x00007fff25d60000 - 0x00007fff25d6b000 	C:\WINDOWS\SYSTEM32\VERSION.dll
0x00007fff2fe10000 - 0x00007fff2fe6e000 	C:\WINDOWS\SYSTEM32\POWRPROF.dll
0x00007fff218b0000 - 0x00007fff218e6000 	C:\WINDOWS\SYSTEM32\WINMM.dll
0x00007fff2fdf0000 - 0x00007fff2fe05000 	C:\WINDOWS\SYSTEM32\UMPDC.dll
0x00007fff2eca0000 - 0x00007fff2ecbb000 	C:\WINDOWS\SYSTEM32\kernel.appcore.dll
0x00007fff0edf0000 - 0x00007fff0edfa000 	c:\Users\admoi\.antigravity-ide\extensions\redhat.java-1.56.0-win32-x64\jre\21.0.12.1-win32-x86_64\bin\jimage.dll
0x00007fff2d430000 - 0x00007fff2d672000 	C:\WINDOWS\SYSTEM32\DBGHELP.DLL
0x00007fff32250000 - 0x00007fff325d5000 	C:\WINDOWS\System32\combase.dll
0x00007fff31ea0000 - 0x00007fff31f79000 	C:\WINDOWS\System32\OLEAUT32.dll
0x00007fff11ce0000 - 0x00007fff11d1b000 	C:\WINDOWS\SYSTEM32\dbgcore.DLL
0x00007fff2ffe0000 - 0x00007fff3008c000 	C:\WINDOWS\System32\bcryptPrimitives.dll
0x00007fff0df00000 - 0x00007fff0df0f000 	c:\Users\admoi\.antigravity-ide\extensions\redhat.java-1.56.0-win32-x64\jre\21.0.12.1-win32-x86_64\bin\instrument.dll
0x00007ffeb1e50000 - 0x00007ffeb1e70000 	c:\Users\admoi\.antigravity-ide\extensions\redhat.java-1.56.0-win32-x64\jre\21.0.12.1-win32-x86_64\bin\java.dll
0x00007fff30ba0000 - 0x00007fff31328000 	C:\WINDOWS\System32\SHELL32.dll
0x00007fff2da30000 - 0x00007fff2e2cb000 	C:\WINDOWS\SYSTEM32\windows.storage.dll
0x00007fff313c0000 - 0x00007fff314b9000 	C:\WINDOWS\System32\SHCORE.dll
0x00007fff321d0000 - 0x00007fff32236000 	C:\WINDOWS\System32\shlwapi.dll
0x00007fff2fed0000 - 0x00007fff2fef9000 	C:\WINDOWS\SYSTEM32\profapi.dll
0x00007ffea79d0000 - 0x00007ffea79e8000 	c:\Users\admoi\.antigravity-ide\extensions\redhat.java-1.56.0-win32-x64\jre\21.0.12.1-win32-x86_64\bin\zip.dll
0x00007fff04b20000 - 0x00007fff04b30000 	C:\Users\admoi\.antigravity-ide\extensions\redhat.java-1.56.0-win32-x64\jre\21.0.12.1-win32-x86_64\bin\net.dll
0x00007fff27410000 - 0x00007fff27538000 	C:\WINDOWS\SYSTEM32\WINHTTP.dll
0x00007fff2f250000 - 0x00007fff2f2bc000 	C:\WINDOWS\system32\mswsock.dll
0x00007ffe85d40000 - 0x00007ffe85d56000 	C:\Users\admoi\.antigravity-ide\extensions\redhat.java-1.56.0-win32-x64\jre\21.0.12.1-win32-x86_64\bin\nio.dll
0x00007fff00830000 - 0x00007fff00840000 	c:\Users\admoi\.antigravity-ide\extensions\redhat.java-1.56.0-win32-x64\jre\21.0.12.1-win32-x86_64\bin\verify.dll
0x00007ffee5360000 - 0x00007ffee53a5000 	C:\Users\admoi\AppData\Roaming\Antigravity IDE\User\globalStorage\redhat.java\1.56.0\config_win\org.eclipse.equinox.launcher\org.eclipse.equinox.launcher.win32.win32.x86_64_1.3.100.v20260804-1928\eclipse_11924.dll
0x00007fff31860000 - 0x00007fff319f9000 	C:\WINDOWS\System32\ole32.dll
0x00007fff2f540000 - 0x00007fff2f55b000 	C:\WINDOWS\SYSTEM32\CRYPTSP.dll
0x00007fff2ec00000 - 0x00007fff2ec39000 	C:\WINDOWS\system32\rsaenh.dll
0x00007fff2f300000 - 0x00007fff2f332000 	C:\WINDOWS\SYSTEM32\USERENV.dll
0x00007fff2fea0000 - 0x00007fff2feca000 	C:\WINDOWS\SYSTEM32\bcrypt.dll
0x00007fff2f560000 - 0x00007fff2f56c000 	C:\WINDOWS\SYSTEM32\CRYPTBASE.dll
0x00007fff2e670000 - 0x00007fff2e6a3000 	C:\WINDOWS\SYSTEM32\IPHLPAPI.DLL
0x00007fff321c0000 - 0x00007fff321ca000 	C:\WINDOWS\System32\NSI.dll
0x00007fff21810000 - 0x00007fff21859000 	C:\Users\admoi\AppData\Local\Temp\jna-92668932\jna10124307838324894036.dll
0x00007fff32240000 - 0x00007fff32248000 	C:\WINDOWS\System32\PSAPI.DLL
0x00007fff27940000 - 0x00007fff2795d000 	C:\WINDOWS\SYSTEM32\dhcpcsvc6.DLL
0x00007fff278f0000 - 0x00007fff27915000 	C:\WINDOWS\SYSTEM32\dhcpcsvc.DLL
0x00007ffed9aa0000 - 0x00007ffed9ac7000 	C:\Users\admoi\.gradle\native\1def1411415f61bf3af743bc5b6707747c0891f09f0c88961ee8f79bc544acac\windows-amd64\native-platform.dll
0x00007ffeffc80000 - 0x00007ffeffc8a000 	C:\Users\admoi\.antigravity-ide\extensions\redhat.java-1.56.0-win32-x64\jre\21.0.12.1-win32-x86_64\bin\management.dll
0x00007ffeff7c0000 - 0x00007ffeff7cc000 	C:\Users\admoi\.antigravity-ide\extensions\redhat.java-1.56.0-win32-x64\jre\21.0.12.1-win32-x86_64\bin\management_ext.dll
0x00007fff11530000 - 0x00007fff11539000 	C:\Users\admoi\.antigravity-ide\extensions\redhat.java-1.56.0-win32-x64\jre\21.0.12.1-win32-x86_64\bin\extnet.dll
0x00007fff2c980000 - 0x00007fff2c98e000 	C:\Users\admoi\.antigravity-ide\extensions\redhat.java-1.56.0-win32-x64\jre\21.0.12.1-win32-x86_64\bin\sunmscapi.dll
0x00007fff300a0000 - 0x00007fff3021e000 	C:\WINDOWS\System32\CRYPT32.dll
0x00007fff2f780000 - 0x00007fff2f7b0000 	C:\WINDOWS\SYSTEM32\ncrypt.dll
0x00007fff2f730000 - 0x00007fff2f76f000 	C:\WINDOWS\SYSTEM32\NTASN1.dll
0x00007fff23670000 - 0x00007fff23678000 	C:\WINDOWS\system32\wshunix.dll
0x00007fff2c8d0000 - 0x00007fff2c8f7000 	C:\Users\admoi\.gradle\native\c067742578af261105cb4f569cf0c3c89f3d7b1fecec35dd04571415982c5e48\windows-amd64\native-platform.dll

JVMTI agents:
c:\Users\admoi\.antigravity-ide\extensions\redhat.java-1.56.0-win32-x64\lombok\lombok-1.18.39-4050.jar path:c:\Users\admoi\.antigravity-ide\extensions\redhat.java-1.56.0-win32-x64\jre\21.0.12.1-win32-x86_64\bin\instrument.dll, loaded, initialized, instrumentlib options:none

dbghelp: loaded successfully - version: 4.0.5 - missing functions: none
symbol engine: initialized successfully - sym options: 0x614 - pdb path: .;c:\Users\admoi\.antigravity-ide\extensions\redhat.java-1.56.0-win32-x64\jre\21.0.12.1-win32-x86_64\bin;C:\WINDOWS\SYSTEM32;C:\WINDOWS\WinSxS\amd64_microsoft.windows.common-controls_6595b64144ccf1df_6.0.26100.8972_none_3e0da176e32f9d4b;c:\Users\admoi\.antigravity-ide\extensions\redhat.java-1.56.0-win32-x64\jre\21.0.12.1-win32-x86_64\bin\server;C:\Users\admoi\AppData\Roaming\Antigravity IDE\User\globalStorage\redhat.java\1.56.0\config_win\org.eclipse.equinox.launcher\org.eclipse.equinox.launcher.win32.win32.x86_64_1.3.100.v20260804-1928;C:\Users\admoi\AppData\Local\Temp\jna-92668932;C:\Users\admoi\.gradle\native\1def1411415f61bf3af743bc5b6707747c0891f09f0c88961ee8f79bc544acac\windows-amd64;C:\Users\admoi\.gradle\native\c067742578af261105cb4f569cf0c3c89f3d7b1fecec35dd04571415982c5e48\windows-amd64

VM Arguments:
jvm_args: --add-modules=ALL-SYSTEM --add-opens=java.base/java.util=ALL-UNNAMED --add-opens=java.base/java.lang=ALL-UNNAMED --add-opens=java.base/sun.nio.fs=ALL-UNNAMED -Declipse.application=org.eclipse.jdt.ls.core.id1 -Dosgi.bundles.defaultStartLevel=4 -Declipse.product=org.eclipse.jdt.ls.core.product -Djava.import.generatesMetadataFilesAtProjectRoot=false -Dm2e.project.cache.size=50 -DDetectVMInstallationsJob.disabled=true -Dfile.encoding=utf8 -XX:+UseParallelGC -XX:GCTimeRatio=4 -XX:AdaptiveSizePolicyWeight=90 -Dsun.zip.disableMemoryMapping=true -Xmx2G -Xms100m -Xlog:disable -javaagent:c:\Users\admoi\.antigravity-ide\extensions\redhat.java-1.56.0-win32-x64\lombok\lombok-1.18.39-4050.jar -XX:+HeapDumpOnOutOfMemoryError -XX:HeapDumpPath=c:\Users\admoi\AppData\Roaming\Antigravity IDE\User\workspaceStorage\623676c495f6796973e32ae85f3dc6aa\redhat.java -Daether.dependencyCollector.impl=bf 
java_command: c:\Users\admoi\.antigravity-ide\extensions\redhat.java-1.56.0-win32-x64\server\plugins\org.eclipse.equinox.launcher_1.8.0.v20260804-1928.jar -configuration c:\Users\admoi\AppData\Roaming\Antigravity IDE\User\globalStorage\redhat.java\1.56.0\config_win -data c:\Users\admoi\AppData\Roaming\Antigravity IDE\User\workspaceStorage\623676c495f6796973e32ae85f3dc6aa\redhat.java\jdt_ws --stdio
java_class_path (initial): c:\Users\admoi\.antigravity-ide\extensions\redhat.java-1.56.0-win32-x64\server\plugins\org.eclipse.equinox.launcher_1.8.0.v20260804-1928.jar
Launcher Type: SUN_STANDARD

[Global flags]
    uintx AdaptiveSizePolicyWeight                 = 90                                        {product} {command line}
     intx CICompilerCount                          = 12                                        {product} {ergonomic}
    uintx GCTimeRatio                              = 4                                         {product} {command line}
     bool HeapDumpOnOutOfMemoryError               = true                                   {manageable} {command line}
    ccstr HeapDumpPath                             = c:\Users\admoi\AppData\Roaming\Antigravity IDE\User\workspaceStorage\623676c495f6796973e32ae85f3dc6aa\redhat.java         {manageable} {command line}
   size_t InitialHeapSize                          = 104857600                                 {product} {command line}
   size_t MaxHeapSize                              = 2147483648                                {product} {command line}
   size_t MaxNewSize                               = 715653120                                 {product} {ergonomic}
   size_t MinHeapDeltaBytes                        = 524288                                    {product} {ergonomic}
   size_t MinHeapSize                              = 104857600                                 {product} {command line}
   size_t NewSize                                  = 34603008                                  {product} {ergonomic}
    uintx NonNMethodCodeHeapSize                   = 7602480                                {pd product} {ergonomic}
    uintx NonProfiledCodeHeapSize                  = 122027880                              {pd product} {ergonomic}
   size_t OldSize                                  = 70254592                                  {product} {ergonomic}
    uintx ProfiledCodeHeapSize                     = 122027880                              {pd product} {ergonomic}
    uintx ReservedCodeCacheSize                    = 251658240                              {pd product} {ergonomic}
     bool SegmentedCodeCache                       = true                                      {product} {ergonomic}
   size_t SoftMaxHeapSize                          = 2147483648                             {manageable} {ergonomic}
     bool UseCompressedOops                        = true                           {product lp64_product} {ergonomic}
     bool UseLargePagesIndividualAllocation        = false                                  {pd product} {ergonomic}
     bool UseParallelGC                            = true                                      {product} {command line}

Logging:
Log output configuration:
 #0: stdout all=off uptime,level,tags foldmultilines=false
 #1: stderr all=off uptime,level,tags foldmultilines=false

Release file:
JAVA_VERSION="21.0.12.1" 
MODULES="java.base java.compiler java.datatransfer java.xml java.prefs java.desktop java.instrument java.logging java.management java.security.sasl java.naming java.rmi java.management.rmi java.net.http java.scripting java.security.jgss java.transaction.xa java.sql java.sql.rowset java.xml.crypto java.se java.smartcardio jdk.accessibility jdk.internal.jvmstat jdk.attach jdk.charsets jdk.internal.opt jdk.zipfs jdk.compiler jdk.crypto.ec jdk.crypto.cryptoki jdk.crypto.mscapi jdk.dynalink jdk.internal.ed jdk.editpad jdk.hotspot.agent jdk.httpserver jdk.internal.le jdk.internal.vm.ci jdk.internal.vm.compiler jdk.internal.vm.compiler.management jdk.jartool jdk.javadoc jdk.jcmd jdk.management jdk.management.agent jdk.jconsole jdk.jdeps jdk.jdwp.agent jdk.jdi jdk.jfr jdk.jshell jdk.jsobject jdk.jstatd jdk.localedata jdk.management.jfr jdk.naming.dns jdk.naming.rmi jdk.net jdk.nio.mapmode jdk.random jdk.sctp jdk.security.auth jdk.security.jgss jdk.unsupported jdk.unsupported.desktop jdk.xml.dom" 

Environment Variables:
PATH=C:\Users\admoi\AppData\Local\cloud-code\installer\google-cloud-sdk\bin;C:\Python314\Scripts\;C:\Python314\;C:\Program Files\Common Files\Oracle\Java\javapath;C:\WINDOWS\system32;C:\WINDOWS;C:\WINDOWS\System32\Wbem;C:\WINDOWS\System32\WindowsPowerShell\v1.0\;C:\WINDOWS\System32\OpenSSH\;C:\Program Files\Microsoft SQL Server\150\Tools\Binn\;C:\Program Files\Microsoft SQL Server\Client SDK\ODBC\170\Tools\Binn\;C:\Program Files\dotnet\;C:\Program Files (x86)\Windows Kits\10\Windows Performance Toolkit\;C:\Program Files (x86)\Microsoft SQL Server\160\Tools\Binn\;C:\Program Files\Microsoft SQL Server\160\Tools\Binn\;C:\Program Files\Microsoft SQL Server\160\DTS\Binn\;C:\Program Files\Docker\Docker\resources\bin;C:\Program Files\nodejs\;C:\ProgramData\chocolatey\bin;C:\xampp\php;C:\composer;C:\Program Files\Git\cmd;C:\Program Files\GitHub CLI\;C:\Python314\Scripts\;C:\Python314\;C:\Program Files\Common Files\Oracle\Java\javapath;C:\WINDOWS\system32;C:\WINDOWS;C:\WINDOWS\System32\Wbem;C:\WINDOWS\System32\WindowsPowerShell\v1.0\;C:\WINDOWS\System32\OpenSSH\;C:\Program Files\Microsoft SQL Server\150\Tools\Binn\;C:\Program Files\Microsoft SQL Server\Client SDK\ODBC\170\Tools\Binn\;C:\Program Files\dotnet\;C:\Program Files (x86)\Windows Kits\10\Windows Performance Toolkit\;C:\Program Files (x86)\Microsoft SQL Server\160\Tools\Binn\;C:\Program Files\Microsoft SQL Server\160\Tools\Binn\;C:\Program Files\Microsoft SQL Server\160\DTS\Binn\;C:\Program Files\Arduino PLC IDE Tools\;C:\Program Files\Docker\Docker\resources\bin;C:\Program Files\nodejs\;C:\ProgramData\chocolatey\bin;C:\xampp\php;C:\composer;C:\Program Files\Git\cmd;C:\Program Files\GitHub CLI\;c:\Users\admoi\AppData\Roaming\Code\User\globalStorage\github.copilot-chat\debugCommand;c:\Users\admoi\AppData\Roaming\Code\User\globalStorage\github.copilot-chat\copilotCli;D:\Microsoft VS Code;C:\Python314\Scripts\;C:\Python314\;C:\Program Files\Common Files\Oracle\Java\javapath;C:\WINDOWS\system32;C:\WINDOWS;C:\WINDOWS\System32\Wbem;C:\WINDOWS\System32\WindowsPowerShell\v1.0\;C:\WINDOWS\System32\OpenSSH\;C:\Program Files\Microsoft SQL Server\150\Tools\Binn\;C:\Program Files\Microsoft SQL Server\Client SDK\ODBC\170\Tools\Binn\;C:\Program Files\dotnet\;C:\Program Files (x86)\Windows Kits\10\Windows Performance Toolkit\;C:\Program Files (x86)\Microsoft SQL Server\160\Tools\Binn\;C:\Program Files\Microsoft SQL Server\160\Tools\Binn\;C:\Program Files\Microsoft SQL Server\160\DTS\Binn\;C:\Program Files\Arduino PLC IDE Tools\;C:\Program Files\Docker\Docker\resources\bin;C:\Program Files\nodejs\;C:\ProgramData\chocolatey\bin;C:\xampp\php;C:\composer;C:\Program Files\Git\cmd;C:\Users\admoi\AppData\Local\Microsoft\WindowsApps;;D:\IntelliJ IDEA 2025.1.1.1\bin;;D:\Microsoft VS Code\bin;C:\Users\admoi\.dotnet\tools;C:\Users\admoi\AppData\Local\Programs\mongosh\;D:\Antigravity\bin;C:\Users\admoi\AppData\Roaming\npm;C:\Users\admoi\AppData\Roaming\Composer\vendor\bin;C:\Users\admoi\.local\bin;C:\flutter\flutter\bin;C:\flutter\flutter\bin;;C:\flutter\flutter\bin;C:\Program Files (x86)\NVIDIA Corporation\PhysX\Common;C:\Program Files\NVIDIA Corporation\NVIDIA App\NvDLISR;C:\Program Files (x86)\Microsoft SQL Server\160\DTS\Binn\;D:\bin;C:\Program Files (x86)\cloudflared\;C:\Program Files\Microsoft SQL Server\170\Tools\Binn\
USERNAME=admoi
OS=Windows_NT
PROCESSOR_IDENTIFIER=Intel64 Family 6 Model 154 Stepping 3, GenuineIntel
TMP=C:\Users\admoi\AppData\Local\Temp
TEMP=C:\Users\admoi\AppData\Local\Temp




Periodic native trim disabled

---------------  S Y S T E M  ---------------

OS:
 Windows 11 , 64 bit Build 26100 (10.0.26100.9168)
OS uptime: 0 days 4:13 hours
Hyper-V role detected

CPU: total 16 (initial active 16) (8 cores per cpu, 2 threads per core) family 6 model 154 stepping 3 microcode 0x435, cx8, cmov, fxsr, ht, mmx, 3dnowpref, sse, sse2, sse3, ssse3, sse4.1, sse4.2, popcnt, lzcnt, tsc, tscinvbit, avx, avx2, aes, erms, clmul, bmi1, bmi2, adx, sha, fma, vzeroupper, clflush, clflushopt, clwb, hv, serialize, rdtscp, rdpid, fsrm, f16c, cet_ibt, cet_ss
Processor Information for processor 0
  Max Mhz: 2500, Current Mhz: 2500, Mhz Limit: 2500
Processor Information for processor 1
  Max Mhz: 2500, Current Mhz: 2500, Mhz Limit: 2500
Processor Information for processor 2
  Max Mhz: 2500, Current Mhz: 2500, Mhz Limit: 2500
Processor Information for processor 3
  Max Mhz: 2500, Current Mhz: 2500, Mhz Limit: 2500
Processor Information for processor 4
  Max Mhz: 2500, Current Mhz: 2500, Mhz Limit: 2500
Processor Information for processor 5
  Max Mhz: 2500, Current Mhz: 2500, Mhz Limit: 2500
Processor Information for processor 6
  Max Mhz: 2500, Current Mhz: 2500, Mhz Limit: 2500
Processor Information for processor 7
  Max Mhz: 2500, Current Mhz: 2500, Mhz Limit: 2500
Processor Information for processor 8
  Max Mhz: 2500, Current Mhz: 1800, Mhz Limit: 1800
Processor Information for processor 9
  Max Mhz: 2500, Current Mhz: 1800, Mhz Limit: 1800
Processor Information for processor 10
  Max Mhz: 2500, Current Mhz: 1800, Mhz Limit: 1800
Processor Information for processor 11
  Max Mhz: 2500, Current Mhz: 1800, Mhz Limit: 1800
Processor Information for processor 12
  Max Mhz: 2500, Current Mhz: 1800, Mhz Limit: 1800
Processor Information for processor 13
  Max Mhz: 2500, Current Mhz: 1500, Mhz Limit: 1800
Processor Information for processor 14
  Max Mhz: 2500, Current Mhz: 1800, Mhz Limit: 1800
Processor Information for processor 15
  Max Mhz: 2500, Current Mhz: 1500, Mhz Limit: 1800

Memory: 4k page, system-wide physical 16051M (358M free)
TotalPageFile size 57324M (AvailPageFile size 270M)
current process WorkingSet (physical memory assigned to process): 444M, peak: 649M
current process commit charge ("private bytes"): 860M, peak: 1999M

vm_info: OpenJDK 64-Bit Server VM (21.0.12.1+1-LTS) for windows-amd64 JRE (21.0.12.1+1-LTS), built on 2026-08-18T00:00:00Z by "admin" with MS VC++ 17.12 (VS2022)

END.
